418039.0,Herspiegel
93254.0,MyMichigan Health
71131832.0,Ochsner Lafayette General
474443.0,"U.S. Tsubaki Power Transmission, LLC"
27549.0,National Bank of Arizona
10545600.0,ektello
418440.0,SAM
3175.0,Ingersoll Rand
81003123.0,Finfare
10425374.0,"Millennium Recruiting, Inc."
2203697.0,Experis
165472.0,Pilot Flying J
4037.0,TIAA
2504462.0,PrideStaff Financial
89770803.0,"Besunder Consulting, LLC"
14379449.0,Niktor
3084.0,University of Southern California
1235.0,Wells Fargo
110287.0,Allegheny Financial Group
163828.0,First Citizens Bank
11056.0,Insight Global
1773.0,Bristol Myers Squibb
163019.0,"Chico's FAS, Inc."
1235.0,Wells Fargo
90978563.0,Miller Family Agency
141640.0,CONTECH CONTROL SERVICES
6849.0,Dice
3552395.0,HealthTrust Workforce Solutions
4060.0,Cushman & Wakefield
296148.0,Golden Valley Health Centers
16690.0,Compunnel Inc.
964248.0,Gordian
18860134.0,Jobot
6234.0,Schwan's Company
1953635.0,WaferWire Cloud Technologies
7962296.0,Accord Group Holdings LLC
37405727.0,Newmont Corporation
3570660.0,City Lifestyle
166551.0,Tyson Foods
164664.0,Labcorp
11805291.0,Exyte
11655.0,Open Systems Technologies
10371941.0,LexisNexis Risk Solutions
18691.0,Legacy Health
88236.0,Amerit Consulting
2203697.0,Experis
14631354.0,TEKGENCE INC
13345578.0,Centraprise
1480987.0,Mandel JCC of Cleveland
50711.0,Williams
164926.0,MedStar Health
288365.0,Collibra
2474662.0,Planet Pharma
10769.0,CHRISTUS Health
1072429.0,Bravens Inc.
2562128.0,"Tanisha Systems, Inc"
12135.0,Towson University
14631.0,Eastern Bank
115116.0,Eclaro
10638654.0,Ciena Healthcare
167757.0,The Job Network
2491896.0,"AND Law Offices, PLLC"
3915.0,The Goodyear Tire & Rubber Company
10696913.0,Allied Universal
4128.0,"Lowe's Companies, Inc."
164414.0,Intermountain Health
53224713.0,Grand Mere Restaurant Group
1703027.0,"Prince George's County, Maryland"
5229910.0,Fort Point LLC
92615017.0,The Puckett Agency
126600.0,Numotion
68706047.0,Pinnacle Way of Life
4798.0,Hallmark Cards
9220290.0,Precision
1283.0,Infosys
11427160.0,"QCR Holdings, Inc."
42069.0,CPL
91652182.0,Haraka Headhunters
36649.0,Targa Resources
808034.0,Aya Healthcare
8737.0,City of Atlanta
27170977.0,KLDiscovery
19472.0,BAYADA Home Health Care
25522.0,Ochsner Health
10235986.0,Captivated Business Texting
601919.0,Genesys
9214987.0,Blackdragon
73013724.0,J. Galt
7147.0,NYS Department of Transportation
44278.0,Epic Travel Staffing
1544.0,Mars
1007957.0,ClearanceJobs
2158708.0,Thriveworks
2152.0,TEKsystems
10520737.0,Ardurra
83028127.0,National LED
25371.0,White Cap
1108764.0,Circle Graphics
457885.0,MedPro Healthcare Staffing
77601.0,"TechnoSphere, Inc."
12446.0,Circle K
26425.0,Menlo Church
3411.0,Georgia-Pacific LLC
61677.0,eTeam
84551.0,New York Technology Partners
18509910.0,Claire Myers Consulting
14317.0,Cascades
33242739.0,Confidential
5749.0,Kohl's
79482021.0,Ehub Global Inc
11777511.0,Keurig Dr Pepper Inc.
32478.0,Smithfield Foods
3180238.0,McLaren Health Care
9552085.0,TEGNA
42069.0,CPL
24649.0,SSOE Group
7488.0,RUSH University Medical Center
157340.0,University of Miami
33218437.0,VIO Med Spa
10883.0,David's Bridal
273755.0,L+M Development Partners LLC
7260.0,Ultimate Staffing
143906.0,Forest Electric New Jersey
29352.0,ServiceNow
22456.0,Beacon Hill Staffing Group
5870.0,IFF
96888599.0,Endeavor Health
1028.0,Oracle
7952659.0,Shield AI
47040.0,Mindlance
29121514.0,RightPro Staffing
11229.0,Vaco
11777418.0,Bank OZK
53820026.0,KENNEBEC VALLEY COMMUNITY ACTION PROGRAM
13153.0,Aston Carter
7795.0,Petco
931495.0,Macrospect
109004.0,Turning the Page
100936641.0,University of Michigan Health-Sparrow
37269899.0,Paradigm Oral Health
1415.0,CGI
37486.0,Greystar
3848.0,MITRE
22503.0,VolunteerMatch
103486.0,Integrated Talent Strategies (ITS)
68230250.0,The Bridger Group
821065.0,Infomatics Corp
11552592.0,Allogene Therapeutics
95747044.0,San Diego Granite Inc.
10425374.0,"Millennium Recruiting, Inc."
74104582.0,Klarity Health
74477.0,Health eCareers
4060.0,Cushman & Wakefield
81753049.0,Onyx Health Care Staffing LLC.
2652476.0,"PSA Airlines, Inc."
53345529.0,Liberty Healthcare and Rehabilitation Services
1441.0,Google
399999.0,360 Customer Inc.
165938.0,Sharp HealthCare
3690.0,Micron Technology
51586544.0,MUSC Health
9359127.0,ARMStaffing
37516.0,Halff
214960.0,Compassus
6464080.0,Martindale-Nolo
232381.0,Pandora
30498.0,Claire's
2240218.0,Strategic Employment Partners (SEP)
165381.0,PacifiCorp
1666.0,Intuit
3757.0,University of North Carolina at Chapel Hill
46338.0,City of Baltimore
611131.0,US LBM
19117852.0,Fiducial North America
11777511.0,Keurig Dr Pepper Inc.
16167895.0,Agility Partners
165359.0,Oswald Companies
18090.0,Jefferson County Public Schools
205018.0,Helen Woodward Animal Center
935956.0,AllSaints
167757.0,The Job Network
457885.0,MedPro Healthcare Staffing
239222.0,CSI DMC
10071781.0,"Omniskope, Inc"
1016.0,GE HealthCare
3589.0,Walgreens
2440656.0,Mend.io
687779.0,"Truenorth Executive Search, Inc."
291044.0,U-Haul
431617.0,St. Joseph's Health
53345529.0,Liberty Healthcare and Rehabilitation Services
26638644.0,VYZE INC
63439.0,FirstHealth of the Carolinas
1986967.0,"Style Crest, Inc."
1486.0,Merck
531693.0,American Tire Distributors
1678.0,Banana Republic
96477027.0,PAM Health Rehabilitation Hospital of Miamisburg
21337.0,NYC Health + Hospitals
10516296.0,Flocksy
33210974.0,Recovery Alliance Initiative 
1841.0,Medtronic
1805509.0,Summit Materials
13334.0,"McLane Company, Inc."
307886.0,Canadian Solar Inc.
750072.0,E-Solutions
18424190.0,One Step GPS
3221675.0,Acima
23383.0,Langan Engineering & Environmental Services
35504.0,VCA Animal Hospitals
40693052.0,FirstChoice Hiring
18691.0,Legacy Health
259589.0,"IDR, Inc."
7413.0,Boston Medical Center (BMC)
12686.0,CompHealth
102847.0,Infobahn Softworld Inc
420856.0,KIPP SoCal Public Schools
75652254.0,Qualibar
134081.0,Price Chopper Supermarkets-Market 32
5756.0,Penske Truck Leasing
166751.0,Valley Medical Center
28978143.0,Beth Israel Lahey Health
49648345.0,Adecco Permanent Recruitment
5749.0,Kohl's
3135.0,Hyatt Regency
10769.0,CHRISTUS Health
35647080.0,Staples Stores
2278924.0,Lorimar Winery
4501.0,USAA
88405569.0,BizCoder AI
3175.0,Ingersoll Rand
163139.0,Cogent Communications
1248.0,Unilever
3638332.0,Alchemy Software Solutions
77768564.0,"LuxWall, Inc."
1728091.0,Phaidon International
3081.0,Thermo Fisher Scientific
508963.0,Veolia North America
28923.0,Harbor Freight Tools
46018.0,"C² Technologies, Inc."
14822.0,Scripps Health
2107.0,Toyota North America
18151.0,Altium Packaging
14822.0,Scripps Health
76788.0,QSC
813166.0,Blossom Tech Solutions
6636.0,Pro Staff
9124.0,"Universal Technical Institute, Inc."
10021.0,AMN Healthcare
1104359.0,Adecco
3657.0,Penn State University
98396367.0,Own Company
3841186.0,CCMC
53345529.0,Liberty Healthcare and Rehabilitation Services
2396310.0,Randstad USA
5274.0,Northeastern University
11713929.0,Oldcastle Infrastructure
5260693.0,Hunter Bond
2227.0,Novo Nordisk
3589.0,Walgreens
11054.0,Heartland
12861.0,Sargent & Lundy
1468.0,SLB
1681.0,Robert Half
7788794.0,Green Thumb Industries (GTI)
105843.0,Pape-Dawson Engineers
18851732.0,Metropolis Technologies
86639237.0,Kapital Bank Life
15656.0,AECOM
2371.0,Baxter International Inc.
73013724.0,J. Galt
9189272.0,Nexus Staff Inc.
13333.0,Ledgent
5071.0,Intelsat
2155566.0,LSI 
5095714.0,Sante Group Companies
63330.0,Hawthorne Executive Search
40659990.0,"NCA, Inc"
2272.0,Delta Air Lines
2204084.0,Talentify.io
5706805.0,Shasta Regional Medical Center
10696913.0,Allied Universal
1304385.0,AbbVie
101478385.0,A Hiring Company
2183946.0,Living Spaces Furniture
87117542.0,Aurubis Richmond
123591.0,Smart Choice®
79315975.0,Annonymous
10062279.0,lloyd
3271761.0,Loma Linda University Health
256744.0,SiriusXM
5887.0,Motion Recruitment
967220.0,Tactile Medical
4592.0,SKF Group
40777799.0,The Ekeo Group
164956.0,Metro Nashville Public Schools
2666164.0,Adena Corporation
131880.0,MI Windows and Doors
14798.0,Butler University
2555454.0,Community Choice Financial Family of Brands
2345404.0,Security National Life Insurance Company
4501.0,USAA
2379156.0,Energy Jobline
6825.0,Bitdefender
3498.0,Safeway
582024.0,Integral Ad Science
913665.0,Mariner Finance
265869.0,Trinity Health
90823.0,Novolex
1388547.0,Asian Americans Advancing Justice - Asian Law Caucus
11075.0,Swissport
9857.0,Aveda
124560.0,Toyon Research Corporation
9552085.0,TEGNA
166209.0,Sutter Health
165784.0,RS&H
7175.0,CEI
40056.0,ATI Physical Therapy
4237.0,"EMD Serono, Inc."
584683.0,FEI Systems
96888599.0,Endeavor Health
67297740.0,SQAIRZ
280699.0,New York Air Brake
6146.0,County of Santa Clara
4060.0,Cushman & Wakefield
82070.0,Gosiger
165295.0,Old Navy
94355.0,RECARO Aircraft Seating
27063436.0,St. Christopher's Hospital for Children
164664.0,Labcorp
2379156.0,Energy Jobline
13658.0,Portland General Electric
18041236.0,Tlingit Haida Tribal Business Corporation
37759.0,Paycom
252398.0,ICE
96157285.0,HireOne Staffing
22313360.0,Right Choice Resources
167757.0,The Job Network
11062133.0,Procession Systems
43325.0,Solugenix
90398003.0,Swooped
53688.0,Walker & Dunlop
10940355.0,CAES
3524548.0,Juniper Communities
2913.0,Shaw's Supermarkets
2081025.0,Rexel USA
14699670.0,Amtex Systems Inc.
4501.0,USAA
2868856.0,WiredHive
74345698.0,Inn at Cape Kiwanda
10854676.0,Integer Holdings Corporation
147875.0,Protouch Staffing
21836.0,CyberCoders
3281403.0,Premise Health
10559.0,CooperVision
29014871.0,Alchemy
412695.0,Ampirical
124759.0,Uncommon Schools
347685.0,"TotalMed, Inc."
6922425.0,ofi
9422557.0,Quality Media and Laminating Solutions
10769.0,CHRISTUS Health
8434.0,CEVA Logistics
2204084.0,Talentify.io
1485063.0,Bell Environmental
10035810.0,WestRock Company
1415.0,CGI
32469.0,St. Elizabeth Healthcare
4713.0,Ecolab
75809.0,MityLite
33232018.0,PHM Brands
12820.0,Altec
74767633.0,Anja Health
1038.0,Deloitte
13076.0,New Resources Consulting
71678949.0,NavSav Insurance
23441.0,Camping World
386756.0,Maropost
17226.0,UniFirst Corporation
570550.0,GE Aerospace
5378847.0,Colonna's Shipyard
51701268.0,Talent Groups
10261.0,QinetiQ US
164041.0,Graybar
16127.0,Matlen Silver
17969878.0,Pursuit Collection
54814820.0,Barcadia Bar & Grill
23789.0,U.S. Department of Veterans Affairs
2041.0,Aon
71611.0,Tundra Technical Solutions
4128.0,"Lowe's Companies, Inc."
1419.0,Capital One
7412.0,AutoZone
436931.0,Free People
164159.0,H-E-B
51701268.0,Talent Groups
18348487.0,Confidential
10976.0,Alzheimer's Association®
696365.0,HireLevel.
85947.0,Southwest Behavioral & Health Services
1660010.0,MOD Pizza
2371.0,Baxter International Inc.
3135.0,Hyatt Regency
3025557.0,Centria Autism
164159.0,H-E-B
14529906.0,POP MART
61482.0,Tire Rack
4787.0,Apex Systems
2152.0,TEKsystems
1642.0,Sanofi
6849.0,Dice
2531104.0,"Connect Search, LLC"
1015745.0,iHire
2584492.0,HCA Florida Osceola Hospital​
6487.0,DaVita Kidney Care
3175.0,Ingersoll Rand
15215815.0,Hudson Technologies
7973087.0,TEK Inspirations LLC
32818.0,Lighthouse
8031.0,Mount Sinai Health System
3081.0,Thermo Fisher Scientific
81886402.0,CenterWell Home Health
157262.0,First Horizon Bank
10638654.0,Ciena Healthcare
20374.0,Olsson
32469.0,St. Elizabeth Healthcare
3766239.0,Allen Institute for AI (AI2)
99248566.0,RCG Infosoft Incorporation
167757.0,The Job Network
164664.0,Labcorp
44278.0,Epic Travel Staffing
89720211.0,Canopus IT Solutions LLC
2300.0,Macy's
11250876.0,Vecna Robotics 
72483.0,Aimbridge Hospitality
4128.0,"Lowe's Companies, Inc."
611131.0,US LBM
2987778.0,Ideal Building Solutions
2899266.0,Rootshell Inc
3672.0,CACI International Inc
16127.0,Matlen Silver
15233868.0,Vistra Corp.
54814820.0,Barcadia Bar & Grill
22456.0,Beacon Hill Staffing Group
1811868.0,First American
10667.0,Meta
137350.0,Career Systems Development Corp
76532383.0,Indigo Tech
37500.0,H&H
2203697.0,Experis
8493.0,YASH Technologies
63439.0,FirstHealth of the Carolinas
30820.0,The Eli and Edythe Broad Foundation
11925.0,Novanta Inc.
164159.0,H-E-B
2204084.0,Talentify.io
5840.0,Arcadis
35451544.0,Diasorin 
1523.0,UPS
16255691.0,FIG Talent Solutions
1216446.0,Save the Sound
30498.0,Claire's
4501.0,USAA
10617084.0,SOLA Pharmaceuticals
3671.0,H&R Block
29639.0,Centra Health
5472.0,Ferrero
11016612.0,Formation Bio
1308355.0,Chenega Security SBU
1603501.0,"Sessions, Israel & Shartle, LLC"
1668.0,FedEx Ground
12446.0,Circle K
49105.0,Forward Air Corporation
12770.0,UST
4787.0,Apex Systems
77752302.0,Samsung Semiconductor
4307.0,Lincoln Financial Group
166153.0,Steelcase
3671.0,H&R Block
26083.0,Headway Technologies
3631.0,MassMutual
164159.0,H-E-B
164152.0,HDR
1140722.0,CB Insights
16267822.0,Viral Growth Media
215656.0,Byrne
162443.0,EisnerAmper
163828.0,First Citizens Bank
3432.0,New York Life Insurance Company
102146714.0,SimplyApply
2300.0,Macy's
86424393.0,Yours Resources LLC
86860077.0,Harris Global Business Services (GBS)
163864.0,Foot Locker
61400.0,The Reserves Network
10169.0,Baker Tilly US
101478385.0,A Hiring Company
14064.0,Builders FirstSource
2775.0,TD
61400.0,The Reserves Network
457885.0,MedPro Healthcare Staffing
15022.0,"FUJIFILM Sonosite, Inc."
65294553.0,Brightpath Associates LLC
11827982.0,NYC Department of Social Services
9089.0,World Wide Technology
3570660.0,City Lifestyle
261023.0,Soccer Shots Franchising
18581753.0,Mover Search Marketing
589247.0,DSST Public Schools
77143708.0,Cignitix Global
16158590.0,Corvus Robotics
3254263.0,Robinhood
1311272.0,University Health Services
44095.0,FYI Solutions
165970.0,Sika
20573.0,Life Care Centers of America
1339209.0,Topgolf
4787.0,Apex Systems
67190926.0,CodeMonk
92499424.0,ConsultStaff
10489655.0,Monarch Healthcare Management
166921.0,Westinghouse Electric Company
65294553.0,Brightpath Associates LLC
2476.0,Children's Hospital Los Angeles (CHLA)
1185.0,Pfizer
28978143.0,Beth Israel Lahey Health
1756.0,HCLTech
7164249.0,Frank & Eileen
8086.0,AMETEK
18043.0,Addison Group
3029525.0,Oak Street Health
164159.0,H-E-B
1412.0,Northrop Grumman
1307.0,Fidelity Investments
1156293.0,CGS Business Solutions | INC 5000 Company
2247.0,Johnson Controls
3642491.0,Sunglass Hut
1125676.0,Shake Shack
37538.0,"Gardner Resources Consulting, LLC"
18281968.0,"K&A Engineering Consulting, P.C."
89520.0,Caliber Collision
10425374.0,"Millennium Recruiting, Inc."
2650.0,University of Illinois Urbana-Champaign
6608050.0,"Griffin Global Systems, Inc."
1612.0,Abbott
27064924.0,Tufts Medicine
16940.0,Grifols
14528.0,East West Bank
206226.0,The Aerospace Corporation
1377.0,Fujitsu Network Communications
4296.0,DISH Network
9185.0,Advance Auto Parts
219963.0,Metropolitan Council of the Twin Cities
4501.0,USAA
7412.0,AutoZone
3409.0,Yum! Brands
2058838.0,Employ-Temps Staffing Services
14966.0,Hannaford Supermarkets
1419.0,Capital One
9286450.0,UF Health
334661.0,Projectmates by Systemates Inc.
164126.0,BMO U.S.
3088.0,Travelers
7941225.0,Swift Strategic Solutions Inc
15221948.0,JSR Tech Consulting
62901.0,CRG
136123.0,Delta Staffing
157329.0,T. Rowe Price
27179912.0,Arrow Search Partners
7614.0,Lennox
2379156.0,Energy Jobline
140342.0,Brixey & Meyer
3311723.0,Times Media Group
166127.0,SP+ (SP Plus)
564586.0,Automation-X
53345529.0,Liberty Healthcare and Rehabilitation Services
457885.0,MedPro Healthcare Staffing
4128.0,"Lowe's Companies, Inc."
163139.0,Cogent Communications
9123.0,Advantage Solutions
18263887.0,Rehab Medical
69192017.0,dot. cards
92923415.0,VX Media LLC
11009726.0,RightWorks
162255.0,R1 RCM
2171947.0,Google Fiber
23656.0,LaSalle Network
418440.0,SAM
104493.0,MD&A
14570.0,"EMCOR Group, Inc."
19241.0,"Global Technical Talent, an Inc. 5000 Company"
18496735.0,Form Energy
1614.0,SAIC
12446.0,Circle K
81886402.0,CenterWell Home Health
61677.0,eTeam
1286891.0,W3Global
5379.0,Sandia National Laboratories
9452485.0,PAS Research
11152.0,"Berry Global, Inc."
2152.0,TEKsystems
12050.0,UT Health San Antonio
25019.0,SiriusPoint
6492.0,Tetra Tech
11471407.0,Groundworks
30498.0,Claire's
100348910.0,CM Medical Recruitment
1358653.0,TravelNurseSource
688958.0,Commonwealth of Pennsylvania
5312630.0,SportsMed Physical Therapy
97413228.0,Electria Group
7795.0,Petco
49646802.0,CW Talent Solutions
16157480.0,"Alera Group, Inc."
17877112.0,Banyan Health Systems
16388.0,"LanceSoft, Inc."
2756204.0,Medasource
2091531.0,Lawyers On Demand
9370513.0,"Serta Simmons Bedding, LLC"
72483.0,Aimbridge Hospitality
4128.0,"Lowe's Companies, Inc."
3042775.0,Mondo
5674.0,Cooper University Health Care
81886402.0,CenterWell Home Health
54814820.0,Barcadia Bar & Grill
4257.0,Humana
11246635.0,#twiceasnice Recruiting
164860.0,Martin Marietta
732400.0,Workiva
5235.0,LHH
162419.0,American Electric Power
17132.0,Terracon
21870.0,Ping Identity
35451544.0,Diasorin 
1079.0,KPMG US
10267542.0,Appzlogic 
2623352.0,Mamsys World
614775.0,blueStone Staffing
2329618.0,Pronto Insurance
6593.0,Live Nation Entertainment
1419.0,Capital One
14594141.0,Wise Skulls
21836.0,CyberCoders
15472.0,La Petite Academy
91409934.0,Calframe Construction Inc.
84108929.0,Bread Financial
49151727.0,Publicis Collective
1038.0,Deloitte
20372.0,LA Clippers
33246798.0,TikTok
2213829.0,Pride Health
9488240.0,Muckleshoot Casino Resort
2433416.0,Chewy
115116.0,Eclaro
1007957.0,ClearanceJobs
98225016.0,Conoscera Foundation
7952.0,Texas Health Resources
2847472.0,AM Retail Group
1703.0,Comcast
167757.0,The Job Network
64894256.0,Universal Health Corporation
80976980.0,Zobility
6369.0,Tata Technologies
31437587.0,Pembury Partners Household Consultancy
80660977.0,FlexPro Meals
11369433.0,ANDRITZ Feed and Biofuel
22313360.0,Right Choice Resources
19637.0,Motion
1600946.0,NYS Office for People With Developmental Disabilities
479939.0,Matrix Finance and Accounting
35428876.0,Wellpath
40777799.0,The Ekeo Group
48171.0,Alnylam Pharmaceuticals
79135.0,AltaMed Health Services
11137552.0,Veracity Software Inc
29352.0,ServiceNow
3029.0,UCSF Health
856720.0,Spirit Halloween
1929.0,The Adecco Group
981244.0,Dechra
1211063.0,National Staffing Solutions
21971.0,Kastle Systems
82788172.0,Fastwyre Broadband
47905.0,Westlake
14242.0,Carters Inc.
6738.0,WVU Medicine
16279.0,Party City
266132.0,On-Demand Group
165725.0,RH
952788.0,National Youth Advocate Program (NYAP)
33264.0,Associa
127010.0,"Two Point Conversions, Inc."
165221.0,Northwestern Memorial Hospital
132861.0,KBI Biopharma
2615835.0,Piper Companies
8737.0,City of Atlanta
13074.0,MultiCare Health System
86365742.0,RemoteWorker US
90606311.0,Amaroc Inc.
20009.0,Bimbo Bakeries USA
86712.0,Toyo Tires
10599040.0,gridX
6849.0,Dice
5235.0,LHH
5291361.0,Vida Group International
7260.0,Ultimate Staffing
102146714.0,SimplyApply
371641.0,"REMPREX, LLC"
410499.0,Men's Wearhouse
10147.0,Famous Footwear
6137.0,NetSuite
166572.0,Ulta Beauty
66126.0,"UGI Utilities, Inc."
1068.0,JPMorgan Chase & Co.
6849.0,Dice
165938.0,Sharp HealthCare
1472.0,General Motors
3081.0,Thermo Fisher Scientific
3498.0,Safeway
107457.0,Stars Behavioral Health Group
6487.0,DaVita Kidney Care
17069.0,INTEGRIS Health
11246635.0,#twiceasnice Recruiting
164197.0,Kraft Heinz
265869.0,Trinity Health
2511837.0,Vastika Inc
73646.0,Communities Foundation of Texas
22456.0,Beacon Hill Staffing Group
81886402.0,CenterWell Home Health
144240.0,"Kiss Products, Inc."
33242739.0,Confidential
86785685.0,Elite Acquisitions
7045554.0,Comprehensive Community Health Centers
70540300.0,Vantage Risk Companies
556799.0,"Gateway Technical Services, dba DSN"
9328925.0,PriceSenz
3175.0,Ingersoll Rand
1028.0,Oracle
9404886.0,Moore
1387626.0,RPM Living
78704121.0,"NoeCee Global, Inc"
69088863.0,NielsenIQ
331509.0,Ztek Consulting
1063.0,Cisco
93271550.0,The Maples
18888538.0,IMG ARENA
87879.0,Bohan & Bradstreet
72162876.0,Kodi Inc
3672.0,CACI International Inc
303109.0,The Mike's Hard Lemonade Company
35224.0,Scientific Search
451961.0,The Phoenix Group
53345529.0,Liberty Healthcare and Rehabilitation Services
20573.0,Life Care Centers of America
3750699.0,Cohesity
56833.0,SSi People
30498.0,Claire's
167757.0,The Job Network
252398.0,ICE
9372.0,Redwood Software
34674669.0,Hornblower Group
4099.0,University of Wisconsin-Madison
1392051.0,Movement Search & Delivery
52310.0,KUKA
25030011.0,Accenture Federal Services
9867.0,Mintel
21611.0,ActionLink
42134.0,Visionworks of America
12605993.0,Mauser Packaging Solutions
413796.0,Synectics Inc.
29352.0,ServiceNow
15633.0,SEGULA Technologies
1867264.0,Integritus Healthcare
434982.0,"Encon Safety Products, Inc."
1320056.0,"Pappas Restaurants, Inc."
163188.0,Con Edison
18583501.0,Stealth Startup
15179827.0,"Alpine Immune Sciences, Inc."
15656.0,AECOM
3175.0,Ingersoll Rand
46648.0,Hydrogen Group
2203697.0,Experis
4896.0,Blue Shield of California
6487.0,DaVita Kidney Care
2204084.0,Talentify.io
2379156.0,Energy Jobline
35135.0,"Metasys Technologies, Inc."
2564995.0,Hyatt House
3735584.0,Velocity Black
5756.0,Penske Truck Leasing
1550.0,Kaiser Permanente
73013724.0,J. Galt
283560.0,"NEP Group, Inc."
3013882.0,Retail Options
74161427.0,Apopka Health and Rehabilitation Center
162556.0,ASSA ABLOY Group
10522.0,Webster Bank
1770776.0,CareersInFood.com
612698.0,Department of Behavioral Health and Developmental Services
61453.0,The QTI Group
3625.0,Cummins Inc.
688958.0,Commonwealth of Pennsylvania
102146714.0,SimplyApply
79560.0,Bob's Discount Furniture
21835.0,CoreLogic
164159.0,H-E-B
64546676.0,xtype.io
162556.0,ASSA ABLOY Group
2080230.0,Agenus
73246410.0,Gilgamesh Pharmaceuticals
34616.0,Avesta Computer Services
2272.0,Delta Air Lines
4764.0,BlackRock
120078.0,"PMX Industries, Inc."
232394.0,Brewer Morris
10527806.0,BrightView Landscapes
1441.0,Google
9732.0,VSE Corporation
166796.0,"Vizient, Inc"
9254907.0,Crash Champions
3175.0,Ingersoll Rand
267430.0,"ActiveSoft, Inc"
18043.0,Addison Group
164860.0,Martin Marietta
840874.0,JAB Recruitment
5274161.0,"Advanced Recovery Systems, LLC"
11054.0,Heartland
3671.0,H&R Block
18373129.0,Generis Tek Inc
16182.0,Northside Hospital
3671.0,H&R Block
115590.0,Hogan & Associates Construction
50625.0,PointClickCare
10593599.0,TriSource
4215.0,Ohio Department of Transportation
3651935.0,BetterHelp
2506549.0,HireArt
7064.0,Mercy
2230.0,Hanesbrands Inc.
3081.0,Thermo Fisher Scientific
114761.0,Dimerco Express Group
76788.0,QSC
11009726.0,RightWorks
1742506.0,INSPYR Solutions
1946139.0,Hawaii State Department of Education
91380986.0,Hiltons of Chicago
18613.0,Dollar Tree Stores
24629.0,Applicantz
1281852.0,Asta Crs Inc
10769.0,CHRISTUS Health
89520.0,Caliber Collision
16264.0,Curia
1758830.0,Bond Consulting Services
3549.0,IHG Hotels & Resorts
95051597.0,PAM Health Specialty Hospital of Tulsa
3498.0,Safeway
11457596.0,Vituity
2754376.0,Aeyon
150048.0,VIZIO
1403805.0,Fruition IT
42962.0,Outsource
3690.0,Micron Technology
73013724.0,J. Galt
1845876.0,USA Compression
7952.0,Texas Health Resources
74374474.0,The Jewish Leadership Academy
3758715.0,"Savvy Search Solutions, LLC"
11831.0,Bank of Hawaii
71910.0,Vanir
42134.0,Visionworks of America
167757.0,The Job Network
601509.0,State Board of Administration of Florida
35541411.0,Staffmark Group
14088.0,LensCrafters
1681.0,Robert Half
5812.0,Gensler
436939.0,BBA Consultants
18331125.0,Charm Industrial
104405.0,National Veterinary Associates
28053.0,Sanford Health
1977915.0,"Aphena Pharma Solutions, Inc."
40777799.0,The Ekeo Group
1658561.0,Columbia Forest Products
457885.0,MedPro Healthcare Staffing
12908540.0,California Department of Human Resources (CalHR)
1052.0,AT&T
89930893.0,Energy Savings United
1235.0,Wells Fargo
164891.0,McGuireWoods LLP
28506315.0,Retrofête
3651935.0,BetterHelp
12727.0,Food Lion
280603.0,Harnham
629227.0,Coca-Cola Consolidated
53345529.0,Liberty Healthcare and Rehabilitation Services
5235.0,LHH
33242739.0,Confidential
9552085.0,TEGNA
10599076.0,Soni
35570367.0,Peace Evolution
40783.0,Inceed
77061828.0,CornerUp
73013724.0,J. Galt
64877765.0,Visionary Innovative Technology Solutions LLC
42431701.0,Complete Care Centers
80214879.0,Veritas Legal Recruiting & Advising
2300.0,Macy's
2601226.0,Crescens Inc.
167757.0,The Job Network
78730039.0,Tasty Brands
54178.0,Box
7508.0,Cedars-Sinai
11229.0,Vaco
7886.0,"TRC Companies, Inc."
74989.0,Harbor Group Management Company
15728183.0,Corpus Christi Medical Center
163079.0,City of Hope
2379156.0,Energy Jobline
14379449.0,Niktor
1210593.0,Lids
1151626.0,Avidia Bank
5138121.0,MacFawn Fire & Flood Restoration
100231844.0,Manufacturing
15218920.0,Akumin®
153531.0,Left Right
142560.0,First Search Inc.
399999.0,360 Customer Inc.
10831504.0,UK HealthCare
90548177.0,Eviden
2152.0,TEKsystems
22503.0,VolunteerMatch
243711.0,JCW
6487.0,DaVita Kidney Care
38961.0,Good Samaritan Society
6083.0,Lands'​ End
100538681.0,HyperThinkUS
96816728.0,Allure Staffing and Recruitment
101169414.0,Henry Schein Dental Recruitment Services
3770145.0,Veritas Steel LLC
122942.0,Sonetics
5887.0,Motion Recruitment
2379156.0,Energy Jobline
53345529.0,Liberty Healthcare and Rehabilitation Services
60751.0,ProService Hawaii
78631.0,Ulteig
81930872.0,Midwest Textiles & Supplies
18425303.0,Spectrum
485407.0,The Learning Experience
612698.0,Department of Behavioral Health and Developmental Services
17069.0,INTEGRIS Health
23337.0,Sally Beauty
25351.0,Atria Senior Living
1028.0,Oracle
1841.0,Medtronic
5750.0,"CPS, Inc."
103416722.0,Guidant Measurement
1367563.0,National Indemnity Company
90398003.0,Swooped
33874.0,Lexington Medical Center
50861.0,Acro Service Corp
422503.0,TIC - The Industrial Company
941488.0,"Nugget Market, Inc."
46338.0,City of Baltimore
15798.0,Stericycle
279570.0,Strava
78378114.0,Paramount
63730.0,Cognosante
1035.0,Microsoft
77115616.0,Netforce Solutions
49042.0,Five Star Senior Living
45537.0,Washington Performing Arts
3029.0,UCSF Health
163019.0,"Chico's FAS, Inc."
163085.0,City of Seattle
1681.0,Robert Half
73013724.0,J. Galt
9223341.0,Planet Healthcare
27064924.0,Tufts Medicine
73013724.0,J. Galt
42431701.0,Complete Care Centers
14363.0,RWJBarnabas Health
5045.0,Cintas
14699670.0,Amtex Systems Inc.
150203.0,TriMark USA
30755.0,Tillys
105390.0,Pine Rest Christian Mental Health Services
3221752.0,Ohio BWC (official)
96128782.0,DoubleTree by Hilton Abilene Downtown Convention Center
88236.0,Amerit Consulting
61400.0,The Reserves Network
1052.0,AT&T
71904349.0,Actalent
3607929.0,ALTEN Technology USA
18483.0,Douglas County School District
86041588.0,Tandym Group
209610.0,The Mosaic Company
3658.0,Penn State Health
33248.0,Bumble Bee Foods
1900.0,McKesson
439723.0,Medical Services of America
10696913.0,Allied Universal
917742.0,Spear Physical Therapy
1908.0,General Dynamics Mission Systems
46000.0,Aspen Dental
89520.0,Caliber Collision
60955.0,The Connor Group
2985733.0,Aditi Consulting
1235.0,Wells Fargo
4593.0,Western Digital
777243.0,Ascendo Resources
96209108.0,PAM Health Specialty Hospital of Heritage Valley
744453.0,SAGE IT 
92750.0,NFI
457885.0,MedPro Healthcare Staffing
10778.0,Rent-A-Center
28014.0,Nesco Resource
79098.0,Allied OneSource
4060.0,Cushman & Wakefield
7207.0,CHS Inc.
11091426.0,Prime Video & Amazon Studios
795709.0,Staffing Solutions of Hawaii
15080.0,Delaware North
75530431.0,Interwell Health
1083489.0,Sherman Oaks Hospital
15155405.0,Rexus Group
3658.0,Penn State Health
10330889.0,Pelago
2214607.0,Cardinal Group Companies
30291.0,Ledcor
22503.0,VolunteerMatch
78747640.0,CBase Inc
2213829.0,Pride Health
9972.0,Lexar
16182.0,Northside Hospital
71602553.0,SecureKloud Technologies
8359.0,The Guitar Center Company
162322.0,AeroVironment
7542.0,Lockton
43367961.0,Spotnana
1052.0,AT&T
12446.0,Circle K
221519.0,Contract Land Staff
2003.0,NASA - National Aeronautics and Space Administration
23902.0,Wisdom Infotech
49041.0,Five Below
80911138.0,Regal Rexnord
2151278.0,Portage District Library
60993269.0,PFG Customized 
12686.0,CompHealth
79098.0,Allied OneSource
143796.0,Godshall Recruiting
10284360.0,Consonus Healthcare
71646241.0,ExaTech Inc
18483.0,Douglas County School District
96366777.0,Cencora
22434.0,MVP Health Care
105063.0,MileOne Autogroup
2247.0,Johnson Controls
14966.0,Hannaford Supermarkets
164664.0,Labcorp
93942.0,PRI Technology
163019.0,"Chico's FAS, Inc."
31534680.0,YourEliteMortgage
10769.0,CHRISTUS Health
3677.0,Edward Jones
29285202.0,HCA Florida Kendall Hospital
3271761.0,Loma Linda University Health
8097.0,Acosta
2908367.0,gpac
115116.0,Eclaro
67997480.0,Bluebird Staffing
1471368.0,Vacasa
22456.0,Beacon Hill Staffing Group
9804.0,Mercury Insurance
4787.0,Apex Systems
7684.0,SS&C Technologies
9499.0,Belk
23982.0,Krispy Kreme
21292.0,Boyd Gaming
3294602.0,Covetus
1235.0,Wells Fargo
2889.0,Aerotek
11243687.0,Intellyk Inc.
5887.0,Motion Recruitment
273698.0,Olympic Medical Center
2168893.0,Truity Partners
25027079.0,Relativity
122451.0,"TalentBurst, an Inc 5000 company"
27127.0,Remington Hospitality
4057.0,IQVIA
2474662.0,Planet Pharma
11056.0,Insight Global
1207.0,Johnson & Johnson
688958.0,Commonwealth of Pennsylvania
61908602.0,EYE CAN SEE EYEWEAR INC.
6234.0,Schwan's Company
12787.0,Federal Bureau of Prisons - Career Connections
22803.0,Paycor
20573.0,Life Care Centers of America
6684.0,Rockstar Games
16233284.0,Experience Columbia SC
7602005.0,InstantServe LLC
66379.0,"Wood, Smith, Henning & Berman LLP"
1678.0,Banana Republic
74985.0,Goodwin Recruiting
1107795.0,Labatt Food Service
74582.0,Helix Electric
77758478.0,Careers @ Graham Packaging
4898.0,Parsons Corporation
10135152.0,Commonwealth of Kentucky
127228.0,Western Forest Products
2361831.0,AmericanAg
165944.0,Sherwin-Williams
11009726.0,RightWorks
8024.0,State of Missouri
783611.0,MongoDB
14352.0,Solomon Page
501361.0,Black Diamond Group Inc.
1292.0,The Walt Disney Company
462369.0,"CHA Consulting, Inc."
2532.0,U.S. Bank
3915.0,The Goodyear Tire & Rubber Company
23337.0,Sally Beauty
9201883.0,The Jonus Group
162750.0,BNY Mellon
77766673.0,Vertex Hospitality Group
2152.0,TEKsystems
18287.0,Unitek Learning
3038230.0,California Correctional Health Care Services
72483.0,Aimbridge Hospitality
540808.0,Plymouth Rock Assurance
18145879.0,PETADATA
78747640.0,CBase Inc
39897.0,Utica National Insurance Group
4128.0,"Lowe's Companies, Inc."
57189496.0,"PSYNERGY PROGRAMS, INC"
2198856.0,"Swire Coca-Cola, USA"
6849.0,Dice
3379.0,Nordstrom
959877.0,DAOU
162241.0,Abt Global
73013724.0,J. Galt
6449564.0,Landsea Homes
1043.0,Siemens
407222.0,Cloudflare
4128.0,"Lowe's Companies, Inc."
2429568.0,Chamber of Commerce Hawaii
206800.0,Visionaire Partners
6487.0,DaVita Kidney Care
96888599.0,Endeavor Health
2152.0,TEKsystems
37942.0,Professional Sports Publications
28923.0,Harbor Freight Tools
58195.0,CSI
14352.0,Solomon Page
46970.0,"Integrated Resources, Inc ( IRI )"
14088.0,LensCrafters
2252.0,Bath & Body Works
3734129.0,"Nicole Yvette Signature Events, LLC"
3858569.0,Gulfstream Strategic Placements
11211.0,"Matson, Inc."
78148.0,Trustaff
88820.0,Chemaxon
157327.0,GEICO
18860134.0,Jobot
163139.0,Cogent Communications
15602.0,Abiomed
5887.0,Motion Recruitment
10469473.0,MC Recruiting
3342169.0,Radiant Systems Inc
73013724.0,J. Galt
7147.0,NYS Department of Transportation
18939015.0,Demetrio and Associates
3411.0,Georgia-Pacific LLC
155764.0,Stratacuity: Proven Scientific Placement
64746.0,The General®
1981395.0,MyEyeDr.
203391.0,Daniels Health
43680.0,Alarm.com
11777511.0,Keurig Dr Pepper Inc.
10075825.0,KNS International
83151166.0,Enhabit Home Health & Hospice
25006517.0,Eurofins PSS Insourcing Solutions
508963.0,Veolia North America
20477.0,Beanstalk - Brand Extension Licensing Agency
3084.0,University of Southern California
163920.0,Future
5263995.0,Hawthorne Lane
71399348.0,Mitsubishi Logisnext Americas Inc.
20573.0,Life Care Centers of America
2552597.0,Diligente Technologies
2193.0,Canon Solutions America
53345529.0,Liberty Healthcare and Rehabilitation Services
18112047.0,The People Concern
74075477.0,Technika Search
3029525.0,Oak Street Health
76259801.0,Elevated Search Partners
13386.0,Skechers
18732478.0,Broken English Jewelry
1891806.0,United IT
8097.0,Acosta
98536302.0,Network Partners Group
166572.0,Ulta Beauty
2413236.0,MMGY Global
19263.0,Angi
3178.0,JLL
10801655.0,Publicis Sapient
3061662.0,StaffSource
6104.0,NYU Langone Health
69723812.0,Koozie Group
1441.0,Google
95763.0,"SIG SAUER, Inc."
81527214.0,Elevance Health
27292.0,US Tech Solutions
1444794.0,Systematic Business Consulting
4896.0,Blue Shield of California
12518.0,Leviton
96180361.0,"Bridgestone Retail Operations, LLC"
3802195.0,RightTalents LLC
7834.0,Blackstone
15283.0,Molina Healthcare
230220.0,Ascentt
24386.0,Citizens Business Bank
2468875.0,"Zodiac Solutions, Inc"
100755551.0,Viva Sports Rehab
287899.0,"City of Cedar City, UT"
58485.0,City of McKinney
35505010.0,"Knight Electric, Inc."
1073.0,EY
63587.0,Florida Cancer Specialists & Research Institute
12727.0,Food Lion
11430850.0,Reyes Coca-Cola Bottling
2494.0,Bloomberg
33242739.0,Confidential
10778.0,Rent-A-Center
164197.0,Kraft Heinz
827183.0,Russell Tobin
8434.0,CEVA Logistics
2152.0,TEKsystems
40693052.0,FirstChoice Hiring
19693.0,Regency Hospital Company
6234.0,Schwan's Company
2192142.0,"Metalcraft of Mayville, Inc."
71734.0,University of the Ozarks
4787.0,Apex Systems
10667.0,Meta
4128.0,"Lowe's Companies, Inc."
508963.0,Veolia North America
163761.0,Family Dollar
36918.0,Zonar Systems
3379.0,Nordstrom
95031093.0,Fort Mill School District
107847.0,Shiel Sexton
3081.0,Thermo Fisher Scientific
2985733.0,Aditi Consulting
166331.0,Tenneco
20573.0,Life Care Centers of America
26376.0,Sharp Decisions
18693608.0,Owner.com
165602.0,"Pyramid Consulting, Inc"
14352.0,Solomon Page
15101139.0,Florida Agricultural and Mechanical University
2022373.0,Hilton Vancouver Downtown
5009379.0,"Peoples First Insurance Services, LLC"
1506196.0,Health Carousel Nursing & Allied Health
11580.0,TriWest Healthcare Alliance
315817.0,Republic Services
4128.0,"Lowe's Companies, Inc."
460421.0,Specialty Consultants Inc.
1694446.0,MTech Systems
36110.0,Infinite Campus
2446198.0,3 Bridge Networks
2593.0,Momentum Worldwide
27238830.0,Youth Service Bureau of St. Joseph County
5887.0,Motion Recruitment
6756178.0,Saint Joseph Mercy Health System
86041588.0,Tandym Group
15451728.0,Zips Car Wash LLC
3303327.0,PAM Health
3029525.0,Oak Street Health
5240076.0,myGwork - LGBTQ+ Business Community
71528340.0,Linden Ave. Studio
846940.0,Valley Health System
425272.0,"Country Fresh, Inc."
102146714.0,SimplyApply
3479953.0,The AES Group
14749.0,Selective Insurance
8621.0,Kemper
2254994.0,Coda Search│Staffing
166587.0,UNC Health
74113076.0,MBS Land Surveys
9585.0,Kiewit
164906.0,Mecklenburg County
3110591.0,Aha!
1269.0,Chubb
21004.0,Chicago Trading Company
136791.0,"Coca-Cola Bottling Company UNITED, Inc."
439723.0,Medical Services of America
8390.0,OhioHealth
77601.0,"TechnoSphere, Inc."
503712.0,goTRG
22503.0,VolunteerMatch
73017499.0,CyberX Info System
1586.0,Amazon
1586.0,Amazon
1286891.0,W3Global
932766.0,St. Joseph's Health
101478385.0,A Hiring Company
3269.0,DHL Supply Chain
37857.0,Pierce Manufacturing
1681.0,Robert Half
167757.0,The Job Network
19225878.0,Magnet Medical
130095.0,PathGroup
98700.0,"Amtex Enterprises,Inc (https://amtexenterprises.com/careers-jobs/)"
2061386.0,Air National Guard Recruiting
233054.0,Computech Corporation
11568.0,Navy Federal Credit Union
25037501.0,Core & Main
15248569.0,Yale University
76517634.0,JavanTech Inc
20734.0,SCP Health
1960010.0,Rentokil Pest Control North America
6615577.0,"Kaufman Hunt, Inc."
808034.0,Aya Healthcare
103164815.0,Freedom Healthcare Solutions™
1472.0,General Motors
5213457.0,Polyram Plastic Industries Ltd
5154.0,Jefferies
11009726.0,RightWorks
24629.0,Applicantz
2158708.0,Thriveworks
2684081.0,Optomi
10653459.0,CEMEX USA
11568.0,Navy Federal Credit Union
33182233.0,Prairie Band Health Services
8199.0,Quad
55185007.0,Metric
76251470.0,Included Health
21337.0,NYC Health + Hospitals
5270559.0,New York State Department of Taxation and Finance
2019.0,Western Union
37900.0,Odyssey Systems
35647080.0,Staples Stores
71575605.0,FedEx Logistics
9265022.0,Nivid Technologies
344707.0,Lush Fresh Handmade Cosmetics North America
603134.0,Uplift Education
10371941.0,LexisNexis Risk Solutions
162556.0,ASSA ABLOY Group
96029455.0,Gore Talent
1850810.0,BURGEON IT SERVICES
1555109.0,C2FO
1544.0,Mars
1767.0,State Street
5310247.0,Javitch Block LLC
23375.0,Kettering Health
7788794.0,Green Thumb Industries (GTI)
232793.0,Businessolver
57978.0,"Butterball, LLC"
2081025.0,Rexel USA
947715.0,BCforward
1612.0,Abbott
50996.0,Air Evac Lifeteam
77097.0,Select Source International
25583.0,National Aquarium
3572530.0,Western Alliance Bank
315817.0,Republic Services
4128.0,"Lowe's Companies, Inc."
163139.0,Cogent Communications
3474439.0,StarVista
90398003.0,Swooped
796655.0,"EnergyLogic, Inc."
2300.0,Macy's
34358.0,Amy's Kitchen
3155506.0,"J. Aaron & Associates, LLC."
147875.0,Protouch Staffing
38521.0,Bryan Health
1409042.0,Virgin Galactic
1668.0,FedEx Ground
1668.0,FedEx Ground
9499.0,Belk
1434685.0,Wego Chemical Group
10778.0,Rent-A-Center
7795.0,Petco
3879704.0,Republic Finance
3252.0,KeyBank
1096698.0,Small Business Majority
6445402.0,The Counseling Center Group
33242739.0,Confidential
2329805.0,BIP.Monticello
606295.0,WPTV
16726.0,Crocs
808034.0,Aya Healthcare
53345529.0,Liberty Healthcare and Rehabilitation Services
1419.0,Capital One
14352.0,Solomon Page
28978143.0,Beth Israel Lahey Health
96957621.0,ShiftRx
368350.0,Ripple Junction Design Co.
353356.0,WunderLand Group
73013724.0,J. Galt
18000097.0,BLAINE architects
2238.0,Danone
3498.0,Safeway
23375.0,Kettering Health
3895.0,Pacific Gas and Electric Company
11316.0,Prysmian
11229.0,Vaco
2889.0,Aerotek
10673871.0,Wizehire
1344.0,Honeywell
72483.0,Aimbridge Hospitality
1812071.0,VIM Technologies Inc.
2664486.0,Pieology Pizzeria
1247220.0,"Sunrise Systems, Inc."
16685.0,Swinerton
488281.0,Mitchell Martin Inc.
2205498.0,Rapid Response Monitoring
29916.0,"Whiteford, Taylor & Preston LLP"
4787.0,Apex Systems
31402435.0,Citadel Security USA 
5815.0,Moss Adams
3570660.0,City Lifestyle
64270051.0,Volie
165472.0,Pilot Flying J
167757.0,The Job Network
3175.0,Ingersoll Rand
10673871.0,Wizehire
76084879.0,Alpine Physician Partners
53237848.0,Workling
2204084.0,Talentify.io
9201883.0,The Jonus Group
2152.0,TEKsystems
8472.0,Alamo Rent A Car
248184.0,Creative Financial Staffing (CFS)
10517709.0,Nestlé Health Science
1681.0,Robert Half
11246635.0,#twiceasnice Recruiting
1400172.0,RiverSpring Living
911461.0,Astrix
581027.0,"Varsity Tutors, a Nerdy Company"
4366361.0,Primavera School
164158.0,Heartland Alliance
165416.0,Packaging Corporation of America
8847.0,Des Moines Public Schools
6849.0,Dice
72468.0,CARET
783611.0,MongoDB
14524845.0,Webologix Ltd/ INC
3771406.0,Polymaker
12861.0,Sargent & Lundy
18577044.0,Provider Solutions & Development
247413.0,"Morgan & Morgan, P.A."
5105257.0,Veronica Beard
167757.0,The Job Network
7043194.0,Living Resources
96139831.0,DataAnnotation
64888912.0,Talent Elite Group
8031.0,Mount Sinai Health System
24770912.0,ALDI USA
24448.0,America First Credit Union
908113.0,Dental Care Alliance
35624908.0,"Carolinas Staffing Solutions, Inc."
5831.0,ICON plc
7466.0,GM Financial
5343.0,Sysco
14070878.0,Rinvio (Ignite Recruitment)
704462.0,"JetSet Communications, Inc."
96659594.0,Table4
1912061.0,1st Security Bank of Washington
77259916.0,"Recruit Staff Hire, LLC"
656182.0,Brightmine
51664810.0,Theoria Medical
6481.0,Microchip Technology Inc.
46018.0,"C² Technologies, Inc."
7242.0,Publix Super Markets
1603.0,AstraZeneca
64259963.0,Trane Technologies
1614.0,SAIC
1052.0,AT&T
2646.0,Walmart
99259838.0,Penner & Purves
44960.0,Pregis
1695160.0,Fulton Grace Realty
1515.0,Eastman Kodak Company
1235.0,Wells Fargo
11818084.0,Elara Caring 
34583.0,Cook Children's Health Care System
1808.0,RBC
6724637.0,Great Strides Rehabilitation
15213166.0,EMERGE
10329293.0,Hanwha Vision America
19159422.0,"First Call Logistics, LLC"
101978665.0,Visionary Virtual Ventures
2300.0,Macy's
2934678.0,ApTask
142560.0,First Search Inc.
372589.0,TIM Brasil
21836.0,CyberCoders
163019.0,"Chico's FAS, Inc."
8098422.0,Iconma LLC
61631.0,Wintrust Financial Corporation
2647784.0,MK Search
3379.0,Nordstrom
8013.0,Exelixis
74796810.0,Levin
5749.0,Kohl's
100561333.0,RFG Coverage
162715.0,bioMérieux
27725.0,"Chart Industries, Inc."
2541700.0,MountainView Hospital
163763.0,FHI 360
166671.0,University of South Florida
35505451.0,Protech Automotive Solutions 
48738.0,"DMA - DuCharme, McMillen & Associates, Inc."
204770.0,WM
33283552.0,Scenario
1043.0,Siemens
766849.0,"Direct Sales Recruiting, LLC"
5235.0,LHH
1211063.0,National Staffing Solutions
163641.0,Enterprise Events Group
14966.0,Hannaford Supermarkets
485407.0,The Learning Experience
22503.0,VolunteerMatch
67190926.0,CodeMonk
15203.0,Kleinfelder
12309.0,Rose International
18731825.0,Platform Accounting Group
72610772.0,Connected Health Care
1073.0,EY
85947.0,Southwest Behavioral & Health Services
95036.0,Oportun
11457596.0,Vituity
308135.0,Cordia Resources by Cherry Bekaert
121491.0,Queens District Attorney's Office
54799.0,CampusPoint
20573.0,Life Care Centers of America
9185.0,Advance Auto Parts
13727.0,ZOLL Medical Corporation
80652554.0,Kingdom Factor
12446.0,Circle K
2260687.0,Inspire Medical Systems
2541700.0,MountainView Hospital
13256.0,Frost
15484089.0,Del Sol Medical Center
10425374.0,"Millennium Recruiting, Inc."
136791.0,"Coca-Cola Bottling Company UNITED, Inc."
93254.0,MyMichigan Health
2166352.0,Venteon
105843.0,Pape-Dawson Engineers
2973906.0,Leidos
955524.0,Taitem Engineering
35647080.0,Staples Stores
2688901.0,Smith-Midland Corporation
584401.0,Hope
2300.0,Macy's
3012.0,Fifth Third Bank
2889.0,Aerotek
9237.0,Fairview Health Services
265294.0,ECS
2919476.0,"TransAm Trucking, Inc."
1257837.0,Vantage Data Centers
545751.0,nTech Workforce
8455.0,Flagstar Bank
7795.0,Petco
95025889.0,Colorado Springs Cardiology
4297.0,UVA Health
87599.0,Aequor
18860134.0,Jobot
9185.0,Advance Auto Parts
11056.0,Insight Global
11805291.0,Exyte
72483.0,Aimbridge Hospitality
5472.0,Ferrero
18425303.0,Spectrum
7413.0,Boston Medical Center (BMC)
72483.0,Aimbridge Hospitality
456929.0,InfoObjects Inc.
12446.0,Circle K
20409.0,American Institute of Physics
6654288.0,FullStack Labs
9376916.0,Korpack
76625314.0,Ivy Living
84551.0,New York Technology Partners
74615241.0,Crete United
64259963.0,Trane Technologies
1374310.0,Casey's
25461.0,EPITEC
23982.0,Krispy Kreme
6592912.0,Pursuit
5235.0,LHH
80515234.0,Pace® Labs
3651935.0,BetterHelp
247413.0,"Morgan & Morgan, P.A."
2252.0,Bath & Body Works
4211.0,Embraer
164158.0,Heartland Alliance
3748.0,adidas
157359.0,Black & Veatch
1419.0,Capital One
11752085.0,Valiant Integrated Services
32921.0,Flow International
164158.0,Heartland Alliance
56636647.0,"Sierra7, Inc."
11057.0,Liebherr Group
17959348.0,Cloudious LLC
4057.0,IQVIA
1419.0,Capital One
7600286.0,"Clover Consulting, Inc."
101053379.0,Digital Nomad Entertainment
167757.0,The Job Network
88289095.0,Magnit
11009726.0,RightWorks
20009.0,Bimbo Bakeries USA
61400.0,The Reserves Network
87731464.0,Splendid Aviation
10510386.0,Revature
81886402.0,CenterWell Home Health
20573.0,Life Care Centers of America
22325267.0,Engel & Völkers Atlanta 
15075479.0,AUX Partners
11804.0,Atlantic Health System
221815.0,"Ashley Ellis, Inc"
497017.0,Morgan Stanley
72332830.0,The Crox Group
10635824.0,"Engen Contracting, Inc."
2397917.0,ECAMSECURE
2457.0,Synopsys Inc
2882264.0,American Pulverizer Company
162866.0,Calvin Klein
304447.0,Dreisilker Electric Motors Inc.
164988.0,MilliporeSigma
10638654.0,Ciena Healthcare
126432.0,YOTEL
1486.0,Merck
53345529.0,Liberty Healthcare and Rehabilitation Services
23441.0,Camping World
10599076.0,Soni
2775.0,TD
76080926.0,Invincible City Developments 
16096.0,Piedmont
6596681.0,Vanguard Healthcare Staffing
537246.0,Radiansys Inc.
14191.0,Aéropostale
5113.0,Constellation
1253.0,Sony Electronics
78426215.0,TBD
7795.0,Petco
69739391.0,Data Glacier
66348854.0,Alpha Millennial Group
1017807.0,West Valley Community Services
570101.0,"Infosoft, Inc."
41004.0,Lowes Foods
25256.0,City of Rochester
7832.0,Stevens Institute of Technology
27872.0,Southern Regional Medical Center
2985733.0,Aditi Consulting
929568.0,"Great Southwestern Construction, Inc."
410409.0,SBP
72483.0,Aimbridge Hospitality
2263834.0,CONMED Corporation
28978143.0,Beth Israel Lahey Health
2434204.0,Research Innovations Incorporated
6265.0,CSX
74466.0,Douglas Machine Inc.
53448390.0,The GIANT Company
15198065.0,VetJobs
164888.0,McCormick & Company
11785039.0,Back 2 School America
64738928.0,Razorfish
1103.0,Verizon
18034985.0,Peak Solutions
107457.0,Stars Behavioral Health Group
4787.0,Apex Systems
40018.0,Blue Origin
3605891.0,East 57th Street Partners
9391120.0,XL Pro Staffing and Consulting Group
2041.0,Aon
9203219.0,Podium
9488625.0,CSuite Financial Partners
163761.0,Family Dollar
281590.0,Brink’s Inc
2968364.0,Fontaine Modification Company
1471368.0,Vacasa
3271761.0,Loma Linda University Health
1381506.0,"Joeris General Contractors, LLC"
3135.0,Hyatt Regency
71904349.0,Actalent
1283982.0,IMCS
11325362.0,Avanciers
2304806.0,American Fidelity Sales Careers
10778.0,Rent-A-Center
3076091.0,Mosaic Life Care
16182.0,Northside Hospital
1374310.0,Casey's
2843538.0,Redbock - an NES Fircroft company
20700988.0,Altum Solutions
18425303.0,Spectrum
808034.0,Aya Healthcare
7952.0,Texas Health Resources
1403.0,Booz Allen Hamilton
10126963.0,Planet Technology
5235.0,LHH
18287.0,Unitek Learning
14430.0,Papa Johns
2382910.0,Amazon Web Services (AWS)
65588154.0,"Kelly Science, Engineering, Technology & Telecom"
40699669.0,WVU Medicine Camden Clark Medical Center
23997.0,IntePros
389781.0,Dayforce
12446.0,Circle K
1658.0,Boston Children's Hospital
399457.0,Whole Self Nourish
135441.0,"Daley And Associates, LLC."
1016.0,GE HealthCare
303615.0,Valet Living
14632005.0,Intellectt Inc
2122939.0,"Newport News Shipbuilding, A Division of HII"
64259963.0,Trane Technologies
28149455.0,Complete Care
52199182.0,Pop-Up Talent
163828.0,First Citizens Bank
16240930.0,Essity
167757.0,The Job Network
34214892.0,Nevada Virtual Charter School
1358653.0,TravelNurseSource
279556.0,Genex Services
8455.0,Flagstar Bank
53345529.0,Liberty Healthcare and Rehabilitation Services
145267.0,Miovision
1453914.0,Ziontech Solutions Inc
1818.0,TotalEnergies
1586.0,Amazon
35224.0,Scientific Search
1585410.0,KGH Autism Services
9645.0,Benjamin Moore
1007957.0,ClearanceJobs
3175.0,Ingersoll Rand
48024.0,Zachry Group
4411.0,DNV
8359.0,The Guitar Center Company
12434.0,"Americold Logistics, LLC."
108854.0,Westwood Professional Services
4985.0,Temple Health – Temple University Health System
27964.0,SEH
220336.0,Hyatt Hotels Corporation
1379045.0,System Soft Technologies
3637229.0,Discovery Senior Living
4529.0,Houston Methodist
61346.0,Torani (R. Torre & Co.)
10527806.0,BrightView Landscapes
4818407.0,"Atrenne Computing Solutions, LLC."
18509910.0,Claire Myers Consulting
6905.0,BJC HealthCare
86351288.0,AdCirrus ERP
11568.0,Navy Federal Credit Union
1855796.0,NextGen Federal Systems
545865.0,Talon Professional Services
7064.0,Mercy
39249.0,MCC Label
37505625.0,Cabin Crafters Inc.
6442186.0,Amazon Business
2219.0,"KBR, Inc."
35647080.0,Staples Stores
39168.0,Ideal Image
49041.0,Five Below
1409798.0,LVI Associates
6516614.0,TriStar Summit Medical Center
14580505.0,Janie and Jack
25291.0,American Medical Response
12192.0,Safelite
5294.0,LPL Financial
2314351.0,Kruidvat
2316358.0,AlphaSense
1382996.0,Acrisure
11804.0,Atlantic Health System
167757.0,The Job Network
1598367.0,Kronos Consulting (Aerospace Engineering)
18967339.0,Newrez LLC
166065.0,South University
3748.0,adidas
713845.0,Harmony Public Schools
71138168.0,"Hale, Skemp, Hanson, Skemp & Sleik"
21836.0,CyberCoders
35541411.0,Staffmark Group
53345529.0,Liberty Healthcare and Rehabilitation Services
1586.0,Amazon
28131533.0,Conviva Care Center
70893399.0,Johnstown Heights Behavioral Health
33242739.0,Confidential
45530.0,Weatherby Healthcare
3271606.0,Motive
101728345.0,Gem State Family Law
11340747.0,Gains In Bulk
8667.0,Associated Bank
407222.0,Cloudflare
16988.0,Widener University
11009726.0,RightWorks
8359.0,The Guitar Center Company
2636280.0,"Fairmont Orchid, Hawaii"
4890.0,University of Utah Health
18860134.0,Jobot
252398.0,ICE
20573.0,Life Care Centers of America
4128.0,"Lowe's Companies, Inc."
2107535.0,CalWest Educators Placement
2433416.0,Chewy
18382943.0,PrimeBuyers
83966494.0,Celebrate Dyslexia Schools
2723098.0,AMH
165938.0,Sharp HealthCare
1045637.0,SRA Staffing - SRA Group 
1403.0,Booz Allen Hamilton
18613.0,Dollar Tree Stores
10510386.0,Revature
96186907.0,PAM Health Specialty Hospital of Corpus Christi Bayfront
8034.0,Life Time Inc.
3645194.0,D'Andrea Visual Communications
3081.0,Thermo Fisher Scientific
357957.0,Productivity Inc
760983.0,U.S. Renal Care
166130.0,Star Tribune
14352.0,Solomon Page
2859.0,BDO USA
514374.0,CTS Complete Technical Services
10883.0,David's Bridal
11557250.0,Clutch
2261199.0,Remitly
20088.0,CoreCivic
5887.0,Motion Recruitment
15034.0,Kimpton Hotels & Restaurants
611131.0,US LBM
65582532.0,Wunderkind
53345529.0,Liberty Healthcare and Rehabilitation Services
35963.0,Eisenhower Health
420568.0,"RogersGray, A Baldwin Risk Partner"
39331.0,Navarro College
101478385.0,A Hiring Company
410499.0,Men's Wearhouse
166470.0,Tokyo Electron US
74772057.0,Agility Recruiting
166209.0,Sutter Health
62101.0,Busey
570550.0,GE Aerospace
836465.0,Playfly Aspire
457885.0,MedPro Healthcare Staffing
1471368.0,Vacasa
3556.0,Boston University
3498.0,Safeway
1881.0,"BAE Systems, Inc."
25370.0,Western Oregon University
6738.0,WVU Medicine
18080299.0,Central Oregon Radiology Associates
16733.0,Bass Pro Shops
165292.0,Oregon Health & Science University
6061.0,Advantage Technical
27139071.0,Mission Veterinary Partners
237658.0,Iris Software Inc.
7990291.0,IntelliX Software Inc
164571.0,Kaiser Aluminum
6925.0,Holland & Knight LLP
946628.0,Tandem Diabetes Care
1698028.0,Northbound Executive Search
20300.0,Sandy Spring Bank
2465.0,Digitas North America
3379.0,Nordstrom
18772423.0,proHNS LLC
649827.0,Meet
1452948.0,VySystems
11240.0,"Burlington Stores, Inc."
2632918.0,NAVEX
18124161.0,Oncourse Home Solutions
78538217.0,Talentooze
10790.0,SNI Financial
79098.0,Allied OneSource
90425507.0,Connexa Search Group
1412.0,Northrop Grumman
1235.0,Wells Fargo
1358653.0,TravelNurseSource
798828.0,Publicis Health
28978143.0,Beth Israel Lahey Health
1068.0,JPMorgan Chase & Co.
14459.0,Clean Harbors
1912157.0,National Training Network (NTN)
908087.0,Empeople Credit Union
1841.0,Medtronic
6234.0,Schwan's Company
5310297.0,Neighborly Shop
82485916.0,Corewell Health
89505205.0,HexaQuEST Health Inc
1464.0,CDK Global
18915.0,Taylor Morrison
531693.0,American Tire Distributors
164200.0,Hobby Lobby
4001311.0,BioNTech SE
417766.0,TAS Energy Inc.
10087902.0,Country Meadows Retirement Communities
3858569.0,Gulfstream Strategic Placements
164245.0,Huntington National Bank
8434.0,CEVA Logistics
21836.0,CyberCoders
17980749.0,Lakefield Veterinary Group
13499.0,Devereux Advanced Behavioral Health
17998520.0,Scale AI
7425.0,"Woodward, Inc."
1384.0,Boeing
1526.0,Agilent Technologies
87101907.0,Spectrum Community Solutions
9328925.0,PriceSenz
85947.0,Southwest Behavioral & Health Services
11424.0,Janney Montgomery Scott LLC
66279970.0,Formerra
72483.0,Aimbridge Hospitality
151910.0,Cobb
166209.0,Sutter Health
5826.0,Tommy Hilfiger
28014.0,Nesco Resource
39838.0,"Vector Consulting, Inc"
65003511.0,First National Bank
49041.0,Five Below
157359.0,Black & Veatch
6922425.0,ofi
164414.0,Intermountain Health
1379045.0,System Soft Technologies
67997480.0,Bluebird Staffing
8359.0,The Guitar Center Company
167757.0,The Job Network
215243.0,Samaritas
164711.0,Lennar
26638644.0,VYZE INC
67997480.0,Bluebird Staffing
1419.0,Capital One
76384697.0,Vannin Chief of Staff
9237.0,Fairview Health Services
19472.0,BAYADA Home Health Care
25731.0,Covalent Logic
15512481.0,Brem Foundation to Defeat Breast Cancer
4830.0,"Konica Minolta Business Solutions U.S.A., Inc."
3762.0,Discover Financial Services
8717595.0,Pinehurst Surgical Clinic
15223686.0,St. Jude Children's Research Hospital
7614.0,Lennox
65588154.0,"Kelly Science, Engineering, Technology & Telecom"
51664810.0,Theoria Medical
2290100.0,"LGSTX Services, Inc."
11246635.0,#twiceasnice Recruiting
90422.0,DataScan Field Services
18866757.0,Roo
11056.0,Insight Global
92462355.0,InfoServ LLC
94113915.0,Tri Edge Advisors
2881995.0,Network Rail Consulting
860919.0,Pinnacle Search Partners
15218920.0,Akumin®
3706049.0,CareerStaff Unlimited
3690.0,Micron Technology
14352.0,Solomon Page
2702886.0,Pavillion Agency
1252.0,Sony
23554.0,SRC
14467750.0,Apolis
76176497.0,Hona
3379.0,Nordstrom
2203697.0,Experis
3706049.0,CareerStaff Unlimited
1063.0,Cisco
1392.0,T-Mobile
93350880.0,T3 Global
11805291.0,Exyte
3708541.0,March Capital
4037.0,TIAA
157303.0,Comerica Bank
10778.0,Rent-A-Center
5328.0,H&M
74985.0,Goodwin Recruiting
77158779.0,"VMC Soft Technologies, Inc"
3722383.0,"StaffWorks, LLC"
7962441.0,Forward
1935.0,PTC
1235.0,Wells Fargo
18613.0,Dollar Tree Stores
3175.0,Ingersoll Rand
5755.0,Penske Logistics
9184151.0,Dal-Tile LLC
10778.0,Rent-A-Center
3460.0,UPMC
1035.0,Microsoft
14352.0,Solomon Page
11448.0,Citi
28660903.0,Strategic Retail Partners
19885.0,Safe Horizon
1002773.0,NAPA Auto Parts
19472.0,BAYADA Home Health Care
30498.0,Claire's
89493362.0,GlobalStake
163993.0,Gilead Sciences
15160579.0,Maria Pinto
23656.0,LaSalle Network
59682751.0,First Mutual Holding Co.
11713.0,Leonardo
3479676.0,Fuel Talent
5756.0,Penske Truck Leasing
2624.0,Columbia University
13285.0,Parkland Health
808034.0,Aya Healthcare
1547574.0,"The Behavior Exchange, Inc."
65588154.0,"Kelly Science, Engineering, Technology & Telecom"
2068.0,Amgen
1044.0,PwC
6738.0,WVU Medicine
89621264.0,Ovation Healthcare
324410.0,Buckeye Power Sales
49041.0,Five Below
72610772.0,Connected Health Care
4057.0,IQVIA
102803736.0,Ames Watson Brands
16156695.0,Akers Signs
911461.0,Astrix
167757.0,The Job Network
12446.0,Circle K
163883.0,Four Seasons Hotels and Resorts
18466.0,Generac
35504.0,VCA Animal Hospitals
7016388.0,Howe Machine & Tool Corp.
165447.0,Perrigo Company plc
107372.0,Raza Development Fund
801800.0,Civista Bank
82485916.0,Corewell Health
15166226.0,Family Care Center
74477.0,Health eCareers
63439.0,FirstHealth of the Carolinas
101478385.0,A Hiring Company
33518902.0,St. Mary's General Hospital
6273609.0,Third Coast Bank
164881.0,Maximus
157237.0,Newell Brands
5327.0,Los Alamos National Laboratory
269420.0,Bullis School
1104359.0,Adecco
43295750.0,Uni-Form Components Co.
701323.0,Spectrio
55381.0,Floor & Decor
3162.0,The University of Texas at Austin
1964844.0,"Project Resources Group, Inc."
1586.0,Amazon
1486.0,Merck
3205573.0,DoorDash
675562.0,Square
215243.0,Samaritas
37486.0,Greystar
104709.0,"MacKay & Somps Civil Engineers, Inc."
43081.0,S&ME
1681.0,Robert Half
128505.0,Teladoc Health
86207539.0,Storm6
12902.0,Burns & McDonnell
2204084.0,Talentify.io
211981.0,DLR Group
165506.0,Point B
157357.0,Southern California Edison (SCE)
53345529.0,Liberty Healthcare and Rehabilitation Services
47129.0,MaxLinear
618326.0,DuraTech Industries
2122939.0,"Newport News Shipbuilding, A Division of HII"
12727.0,Food Lion
61677.0,eTeam
51586544.0,MUSC Health
297621.0,"Solo Printing, LLC "
96139831.0,DataAnnotation
81600.0,Easterseals Southern California
162828.0,Bunge
34218836.0,Aya Locums
3432.0,New York Life Insurance Company
33258288.0,OneOncology
413796.0,Synectics Inc.
39540.0,R+L Carriers
23793.0,AIDS Healthcare Foundation
13019116.0,Rowan
6593203.0,828 Venue Management Company
4798.0,Hallmark Cards
2764432.0,Agemark Senior Living
6849.0,Dice
16388.0,"LanceSoft, Inc."
167757.0,The Job Network
1703.0,Comcast
7803233.0,Blackstone Talent Group
20573.0,Life Care Centers of America
15700759.0,Colorado High School Charter
7412.0,AutoZone
2311952.0,"Key Corporate Services, LLC"
56670.0,"SBM Management Services, LP"
81564240.0,Waldorf Astoria Washington DC
3493.0,Conagra Brands
163139.0,Cogent Communications
79793491.0,CRM Technical Staffing
71904349.0,Actalent
42876933.0,TalentOla
1457175.0,Complete Staffing Solutions
27139071.0,Mission Veterinary Partners
1210463.0,DBSI Services
860860.0,FST Logistics
3845.0,Swiss Re
7575346.0,HireGrowth Executive Search Group
10540544.0,Masis Professional Group
1079.0,KPMG US
8667.0,Associated Bank
96139831.0,DataAnnotation
1387626.0,RPM Living
53345529.0,Liberty Healthcare and Rehabilitation Services
48835.0,Exact Sciences
86596306.0,Visions Espresso
29367946.0,Beyond Academy 
280666.0,Fraser
22523.0,lululemon
46926.0,Media.Monks
15991.0,Beazley
4565.0,Vanderbilt University
3498.0,Safeway
7932726.0,OneMain Financial
16316704.0,Kiddie Academies of Greater Seattle Careers
68951389.0,"Outcome Logix ( A Tech 50 Finalist company 2022, by Pittsburgh Technology Council )"
53345529.0,Liberty Healthcare and Rehabilitation Services
77724572.0,Third Harmonic Bio
36873.0,CubeSmart
413796.0,Synectics Inc.
1103.0,Verizon
19142259.0,Asset Living
7260866.0,MAK Technologies LLC
1339209.0,Topgolf
7471.0,Oakley
7079588.0,Bristol Hospice
1681.0,Robert Half
1419.0,Capital One
100747076.0,Tactical Resource Optimization Network (TRON)
163062.0,Citizens
157353.0,Whole Foods Market
2513.0,Michigan Medicine
4101.0,Michelin
31639.0,"Abacus Group, LLC"
9428125.0,SoftSages Technology
10425374.0,"Millennium Recruiting, Inc."
421128.0,Image Associates Inc.
164126.0,BMO U.S.
3498.0,Safeway
102146714.0,SimplyApply
11257062.0,PedIM Healthcare
468782.0,WSP in the U.S.
33242739.0,Confidential
4018220.0,LRT Restoration Technologies
12727.0,Food Lion
134081.0,Price Chopper Supermarkets-Market 32
22503.0,VolunteerMatch
450323.0,Scion Staffing
65229.0,Messagepoint
1235.0,Wells Fargo
10831504.0,UK HealthCare
1103.0,Verizon
18924711.0,CONSOR Engineers
4060.0,Cushman & Wakefield
11266342.0,Trinity Health Of New England
10425374.0,"Millennium Recruiting, Inc."
457885.0,MedPro Healthcare Staffing
12727.0,Food Lion
1149007.0,Stella-Jones
162205.0,GS1 US
1588346.0,Vernovis
98341945.0,RAVen (RA Ventures)
80298050.0,VitalCore Health Strategies
99430348.0,Jobot Consulting
53345529.0,Liberty Healthcare and Rehabilitation Services
246085.0,Understanding Recruitment
15979299.0,Lone Peak Hospital
32469.0,St. Elizabeth Healthcare
51701268.0,Talent Groups
28923.0,Harbor Freight Tools
49042.0,Five Star Senior Living
23673.0,J.R. Simplot Company
96610751.0,OtB Tech LLC
120000.0,Northeast Georgia Health System
1197788.0,Alabaster Police Department
243711.0,JCW
9402.0,"Medline Industries, LP"
5101150.0,WellNow Urgent Care
75603990.0,AtekIT
72060539.0,Raytek Federal Corporation
104873.0,"Mettler-Toledo International, Inc"
1152888.0,Detroit Engineered Products
2599.0,Eaton
443738.0,Adaptavist
1353.0,Tata Consultancy Services
92841605.0,Galactic Minds INC
87599.0,Aequor
73963099.0,Lennar Mortgage
68582692.0,TrueCare
18256037.0,Freemont Yardley Search
2152.0,TEKsystems
5082157.0,Symplast EHR
4830.0,"Konica Minolta Business Solutions U.S.A., Inc."
2646.0,Walmart
11170816.0,Cube Hub Inc.
39237.0,National Interstate Insurance Company
30898036.0,Notion
166551.0,Tyson Foods
3626.0,HCA Healthcare
49041.0,Five Below
165944.0,Sherwin-Williams
5553.0,ADM
14064.0,Builders FirstSource
42111520.0,Fountain Life
9185.0,Advance Auto Parts
10266947.0,Performance Foodservice
18610418.0,GIG USA
1113121.0,Western Exterminator Company
12908.0,2K
7260866.0,MAK Technologies LLC
7795.0,Petco
634422.0,Pacific Clinics
48171.0,Alnylam Pharmaceuticals
56462368.0,Kelly Professional & Industrial
85123.0,RDO Equipment Co.
4592.0,SKF Group
7684.0,SS&C Technologies
4994.0,Lawrence Livermore National Laboratory
1103.0,Verizon
26749.0,Advantage Tech
318785.0,Gestamp
2973906.0,Leidos
79878862.0,Engineered Staffing Solutions
6616944.0,TriSearch
18425303.0,Spectrum
153083.0,Hunt Guillot & Associates (HGA)
2934.0,S&P Global
3527948.0,Farm Bureau Insurance of Michigan
3743.0,RSM US LLP
501073.0,Reynolds School District
455737.0,JFrog
68634398.0,Kroger Health
6719734.0,De Wafelbakkers
316370.0,BenchMark Physical Therapy
7795.0,Petco
2090.0,Volvo Buses
14790337.0,California Department of Forestry and Fire Protection (CAL FIRE)
4787.0,Apex Systems
99254787.0,Clear Health Solutions
51664810.0,Theoria Medical
166512.0,LandCare LLC
16063763.0,OCT Consulting LLC
581910.0,Safariland
917029.0,SMS group USA
3714038.0,"Magellan Financial & Insurance Services, Inc."
11240.0,"Burlington Stores, Inc."
1358653.0,TravelNurseSource
2204084.0,Talentify.io
422579.0,"Automation Personnel Services, Inc."
11448.0,Citi
162443.0,EisnerAmper
68811849.0,InSpace Proximity
2615835.0,Piper Companies
20700.0,Lucky Brand
4411.0,DNV
6078.0,CBIZ
86265278.0,"RXO, Inc."
1207.0,Johnson & Johnson
3264.0,Progressive Insurance
1358653.0,TravelNurseSource
696781.0,Nipro Medical Corporation
38264.0,Vera Bradley
3570660.0,City Lifestyle
35504.0,VCA Animal Hospitals
3695.0,Equifax
166587.0,UNC Health
5240076.0,myGwork - LGBTQ+ Business Community
4128.0,"Lowe's Companies, Inc."
5870.0,IFF
295644.0,Bell Partners Inc
5756.0,Penske Truck Leasing
12861.0,Sargent & Lundy
99203.0,Blackmon Mooring & BMS CAT
1286891.0,W3Global
1903591.0,KR Wolfe Inc.
4328.0,Logitech
73013724.0,J. Galt
163139.0,Cogent Communications
54814820.0,Barcadia Bar & Grill
884316.0,"Stanley Black & Decker, Inc."
8058.0,Culver Careers (CulverCareers.com)
1258653.0,TELUS International
4872007.0,Atlas Search
1646.0,Harvard University
16246341.0,Qual IT Resources
970538.0,Salt
1505.0,Raytheon
74102672.0,Huntress Talent
4411.0,DNV
29308.0,StevenDouglas
9359127.0,ARMStaffing
82559090.0,Mostest
11019.0,EverBank
90569489.0,"Merck & Co., Inc."
2152.0,TEKsystems
105530.0,PM Hotel Group
9676.0,Hill's Pet Nutrition
12606850.0,Prisma Health
7795.0,Petco
777243.0,Ascendo Resources
1123.0,Bank of America
19256.0,Prestige Staffing
2973906.0,Leidos
4411.0,DNV
101789992.0,Metric Geo
1670700.0,ACS Professional Staffing
2162.0,Cardinal Health
1544.0,Mars
1394857.0,Seneca Resources
366025.0,Metropolitan Transportation Authority
2060251.0,Brokers Central LLC
1412.0,Northrop Grumman
2251.0,Victoria’s Secret & Co.
1681.0,Robert Half
35583934.0,Leaf Home
22503.0,VolunteerMatch
14158.0,"Softworld, a Kelly Company"
11433680.0,Hatch
11948.0,Wilson Elser
1016.0,GE HealthCare
60059619.0,Cura Hospitality
3139.0,Scotiabank
3025557.0,Centria Autism
9331883.0,Genuine Search Group
21703.0,South Shore Health
1211063.0,National Staffing Solutions
9185.0,Advance Auto Parts
20237396.0,Ebyte Technologies Inc
4066.0,Duke Energy Corporation
82500012.0,Path Engineering
15166226.0,Family Care Center
163906.0,Frontier Internet
19534.0,Atrium
123075.0,Stern Grove Festival Association
315817.0,Republic Services
164880.0,Maxim Healthcare Staffing
1358653.0,TravelNurseSource
14631354.0,TEKGENCE INC
92914219.0,ABA Centers of Pennsylvania
40018.0,Blue Origin
2382910.0,Amazon Web Services (AWS)
2532259.0,Zoom
22503.0,VolunteerMatch
40862622.0,4-Serv Solutions Inc
2018147.0,Babylist
64709762.0,"FIFA World Cup 2026™ - Canada, Mexico and the United States"
10369709.0,Coastal Ridge Real Estate
2254994.0,Coda Search│Staffing
3626.0,HCA Healthcare
2474662.0,Planet Pharma
17954837.0,AMISEQ
33242739.0,Confidential
13151.0,Aggreko
37778197.0,Jobs via eFinancialCareers
12727.0,Food Lion
25066691.0,"Donato Technologies, Inc."
79383535.0,Akkodis
357957.0,Productivity Inc
18344349.0,ViaBot
90398003.0,Swooped
4374.0,Sanmina
16690.0,Compunnel Inc.
1828842.0,EOS IT Solutions
213746.0,FPC - FORTUNE PERSONNEL CONSULTANTS (Orlando Office)
49042.0,Five Star Senior Living
1087408.0,Synergy Interactive
162293.0,ADT
1506196.0,Health Carousel Nursing & Allied Health
165221.0,Northwestern Memorial Hospital
1586.0,Amazon
76251470.0,Included Health
54133.0,Alaska Native Tribal Health Consortium (ANTHC)
2988330.0,Funnel Boost Media
1642.0,Sanofi
12984051.0,Serenity Healthcare
1123.0,Bank of America
15242812.0,Kaman Corporation
3586991.0,UW-Madison College of Letters & Science
43325.0,Solugenix
5112.0,Navistar Inc
61631.0,Wintrust Financial Corporation
4035873.0,California Department of Social Services
2636280.0,"Fairmont Orchid, Hawaii"
3501318.0,Evac Group
4222.0,TTEC
67997480.0,Bluebird Staffing
4787.0,Apex Systems
14242.0,Carters Inc.
1419.0,Capital One
17980749.0,Lakefield Veterinary Group
83151166.0,Enhabit Home Health & Hospice
72483.0,Aimbridge Hospitality
13651.0,MarketAxess
1286891.0,W3Global
7064.0,Mercy
629227.0,Coca-Cola Consolidated
19181972.0,aKUBE
941677.0,DK Security
1463.0,ADP
54132.0,Alamo Group Inc.
120240.0,MasTec Communications Group
16733.0,Bass Pro Shops
246750.0,Midland States Bank
4592.0,SKF Group
4792627.0,Leaves Personal Care
166796.0,"Vizient, Inc"
1681.0,Robert Half
5756.0,Penske Truck Leasing
22534.0,Marvin
69154.0,"Johnson, Mirmiran & Thompson"
3626.0,HCA Healthcare
2152.0,TEKsystems
18739736.0,Despard Analytics
12446.0,Circle K
13345578.0,Centraprise
253213.0,POOLCORP
10778.0,Rent-A-Center
166772.0,VCU Health
8667.0,Associated Bank
4813.0,North Carolina State University
71339867.0,"MYR Energy Services, Inc."
52642826.0,HCA Florida Lawnwood Hospital
79098.0,Allied OneSource
3476.0,Michael Page
9993.0,Chevron Phillips Chemical Company
1612488.0,Community Access
65034840.0,Digital.ai
11813677.0,SpaDerma
44230.0,DeSimone Consulting Engineering
101478385.0,A Hiring Company
38113.0,The College of St. Scholastica
688958.0,Commonwealth of Pennsylvania
2247.0,Johnson Controls
31346550.0,Sibitalent Corp
164880.0,Maxim Healthcare Staffing
2382910.0,Amazon Web Services (AWS)
1235.0,Wells Fargo
9181396.0,ThreatQuotient
17995.0,Schreiber Foods
167757.0,The Job Network
1235.0,Wells Fargo
8031.0,Mount Sinai Health System
74952720.0,Miramont Behavioral Health
89520.0,Caliber Collision
7556.0,Sam's Club
18389.0,"Kraft & Kennedy, Inc."
2305.0,Insight
7556.0,Sam's Club
150820.0,deugro
36092044.0,Equitable
32469.0,St. Elizabeth Healthcare
3706049.0,CareerStaff Unlimited
78066259.0,Coast
452426.0,Eating Recovery Center
3009879.0,Vertisystem
165978.0,Simon Property Group
6849.0,Dice
92735414.0,Equahire
89520.0,Caliber Collision
41255.0,PEG Staffing & Recruiting
15701441.0,Parkland Medical Center
33408697.0,Astellas Pharma
99055.0,AppFolio
163139.0,Cogent Communications
73013724.0,J. Galt
4536.0,Kuehne+Nagel
265869.0,Trinity Health
6776.0,B. Braun Medical Inc. (US)
1666.0,Intuit
5235.0,LHH
2908367.0,gpac
46970.0,"Integrated Resources, Inc ( IRI )"
35088.0,Kearney & Company
165944.0,Sherwin-Williams
6547.0,Gallagher
540808.0,Plymouth Rock Assurance
6487.0,DaVita Kidney Care
2937169.0,"Larry White Associates, Inc."
137350.0,Career Systems Development Corp
3165672.0,Solstice Consulting Group LLC
1672986.0,Safra National Bank
3825114.0,Aspire Health Partners
99244000.0,Menlo Circus Club
6487.0,DaVita Kidney Care
18860134.0,Jobot
166572.0,Ulta Beauty
2379156.0,Energy Jobline
5755.0,Penske Logistics
163761.0,Family Dollar
1586.0,Amazon
1103.0,Verizon
12669435.0,HolcimUS
1103.0,Verizon
1419.0,Capital One
1468.0,SLB
7378.0,The Carlyle Group
5013850.0,goop
3685800.0,Ziffity Solutions
74075477.0,Technika Search
612698.0,Department of Behavioral Health and Developmental Services
13285.0,Parkland Health
35659.0,All Copy Products
18165460.0,DoubleTree Suites by Hilton Downtown Detroit - Fort Shelby
12727.0,Food Lion
1840979.0,Omega Healthcare Management Services
53345529.0,Liberty Healthcare and Rehabilitation Services
1511.0,Mondelēz International
96139831.0,DataAnnotation
10169887.0,"TCI Co., Ltd. 大江生醫"
225056.0,Progressive Recruitment
1118373.0,PBF Energy
9185.0,Advance Auto Parts
5242206.0,SouthState Bank
4411.0,DNV
10500.0,Swisslog
75021825.0,SAWGRASS CONSULTANTS
792461.0,Storyville Coffee Company
7096.0,Auburn University
164414.0,Intermountain Health
1703.0,Comcast
163139.0,Cogent Communications
35647080.0,Staples Stores
89703985.0,Rampart Bioscience
7556.0,Sam's Club
2238.0,Danone
166186.0,Suffolk Construction
34034.0,Glumac
167757.0,The Job Network
74604341.0,Spark Packaging
12770.0,UST
9334157.0,Gallman Consulting
32834.0,Metropolitan Washington Council of Governments
47040.0,Mindlance
157353.0,Whole Foods Market
34821.0,Elwyn
13727.0,ZOLL Medical Corporation
96180361.0,"Bridgestone Retail Operations, LLC"
967220.0,Tactile Medical
15701441.0,Parkland Medical Center
35528686.0,Elevation Capital
11174522.0,Walmart Global Tech
3830959.0,Job Juncture
26356.0,Overlake Medical Center & Clinics
4128.0,"Lowe's Companies, Inc."
76251470.0,Included Health
53345529.0,Liberty Healthcare and Rehabilitation Services
11448.0,Citi
11229.0,Vaco
2678950.0,Golden Technology
9069775.0,Waldorf Astoria Monarch Beach Resort & Club
96139831.0,DataAnnotation
10032.0,Children's Health
828170.0,"TSR Consulting Services, Inc."
7955.0,The Children's Place
11056.0,Insight Global
4817793.0,McDowell Hetherington LLP
4866209.0,Empire Construction
15262099.0,"Interior Logic Group, Inc."
1179682.0,JD Martin Company
92738.0,Montage International
315817.0,Republic Services
3217283.0,Sterling St James LLC
167757.0,The Job Network
1788903.0,Carlisle Construction Materials
33234310.0,"ConServ Building Services, LLC"
37268.0,City of Worcester
2081025.0,Rexel USA
11056.0,Insight Global
13476.0,Regeneron
9384111.0,"Geo-Technology Associates, Inc. (GTA)"
33234310.0,"ConServ Building Services, LLC"
1211063.0,National Staffing Solutions
1434445.0,Gubra
807593.0,Gap
687779.0,"Truenorth Executive Search, Inc."
11056.0,Insight Global
46970.0,"Integrated Resources, Inc ( IRI )"
2017.0,Qualcomm
157262.0,First Horizon Bank
2646.0,Walmart
5410.0,Abercrombie & Fitch Co.
5315.0,Tenet Healthcare
1681.0,Robert Half
79519549.0,PSIRCH   (x @psirchq)
10203820.0,TemperPack
9739.0,The Exchange
4861113.0,Pepper Foster Consulting
167757.0,The Job Network
1419.0,Capital One
72043933.0,Harbor Capital Leasing
933942.0,Siri InfoSolutions Inc
3432.0,New York Life Insurance Company
4592.0,SKF Group
2468875.0,"Zodiac Solutions, Inc"
24773027.0,Galderma
6487.0,DaVita Kidney Care
1412.0,Northrop Grumman
122000.0,SBT
53345529.0,Liberty Healthcare and Rehabilitation Services
72332830.0,The Crox Group
4128.0,"Lowe's Companies, Inc."
1506196.0,Health Carousel Nursing & Allied Health
89550702.0,Curran Recruiting
80382309.0,"Artivion, Inc."
67155308.0,Gainwell Technologies
471174.0,Lincare
19678.0,Lakeshore Learning Materials
1495873.0,Indigo Real Estate
1028.0,Oracle
689849.0,Simply Biotech
165914.0,Sleep Number Corporation
10696913.0,Allied Universal
760983.0,U.S. Renal Care
220336.0,Hyatt Hotels Corporation
5300.0,Luxoft
31534680.0,YourEliteMortgage
2367127.0,Advantex Professional Services
80086817.0,Block
6859.0,Marriott Vacations Worldwide
2624664.0,"Pathway Society, Inc."
29827.0,"United Surgical Partners International, Inc"
5482.0,Takeda
540808.0,Plymouth Rock Assurance
514374.0,CTS Complete Technical Services
35647080.0,Staples Stores
6487.0,DaVita Kidney Care
860999.0,Sunrun
50215.0,Publicis Media
10599076.0,Soni
80829889.0,Invited
164880.0,Maxim Healthcare Staffing
18920775.0,Open Sky Community Services
79365128.0,"Cira Tek, Inc"
165461.0,Phoenix Children's
71904349.0,Actalent
102695.0,Hamilton Jewelers
44278.0,Epic Travel Staffing
2396310.0,Randstad USA
11229.0,Vaco
1586.0,Amazon
60119333.0,SERVICES AND ADVOCACY FOR GAY AND LESBIAN ELDERS SAGE METRO DC
9327257.0,Atlantis IT Group
11229.0,Vaco
73013724.0,J. Galt
1075434.0,Health Care Service Corporation
604796.0,"RB Royal Industries, Inc."
1384.0,Boeing
8145866.0,Nortera
1828.0,NBCUniversal
11243687.0,Intellyk Inc.
594464.0,Baltimore City Public Schools
1756.0,HCLTech
7032.0,"Ross Stores, Inc."
707531.0,VIP Community Services
9185.0,Advance Auto Parts
33619.0,Sunwest Bank
7413.0,Boston Medical Center (BMC)
3830959.0,Job Juncture
10194.0,Stifel Financial Corp.
73013724.0,J. Galt
122451.0,"TalentBurst, an Inc 5000 company"
3246.0,CNA Insurance
783611.0,MongoDB
2166352.0,Venteon
15633.0,SEGULA Technologies
8968.0,"Nuveen, a TIAA company"
18483.0,Douglas County School District
229869.0,State of Arkansas
35633601.0,KIPP Texas Public Schools
2700663.0,MemorialCare
34955371.0,Piper Sandler
41904.0,Anderson Power
740278.0,Refresco
6117985.0,ExamWorks
6738.0,WVU Medicine
10514179.0,DocCafe
19101288.0,InfoStride 
97208606.0,Career Servicing
5756.0,Penske Truck Leasing
53345529.0,Liberty Healthcare and Rehabilitation Services
49826.0,Pond & Company
147875.0,Protouch Staffing
5756.0,Penske Truck Leasing
2203697.0,Experis
5235.0,LHH
35541411.0,Staffmark Group
22503.0,VolunteerMatch
90620164.0,Unlock Health
518206.0,SearchPointNY
4035035.0,Johnny Was
83151166.0,Enhabit Home Health & Hospice
3334.0,CDW
7952.0,Texas Health Resources
73013724.0,J. Galt
56833.0,SSi People
20845.0,Rehmann
75056372.0,Larson Maddox
96139831.0,DataAnnotation
386756.0,Maropost
3163.0,"Penn Medicine, University of Pennsylvania Health System"
7479.0,D.R. Horton
4147463.0,Select Physical Therapy
3555747.0,Alo Yoga
35504315.0,MercyOne
11257062.0,PedIM Healthcare
7795.0,Petco
10043.0,Hyland
29848.0,"iSpace, Inc."
1703.0,Comcast
11056.0,Insight Global
165944.0,Sherwin-Williams
2562128.0,"Tanisha Systems, Inc"
15823168.0,Lifestyle Seed
74989.0,Harbor Group Management Company
1614.0,SAIC
275237.0,Bigtincan
22534.0,Marvin
7427.0,Brown & Brown Insurance
10696913.0,Allied Universal
3642491.0,Sunglass Hut
11229.0,Vaco
323777.0,Datavail
3672.0,CACI International Inc
15233868.0,Vistra Corp.
1392.0,T-Mobile
93732399.0,Lendingshops
211153.0,New York State Office of Mental Health
53193.0,Rinnai America Corporation
5045.0,Cintas
6250.0,Baylor Scott & White Health
163253.0,Creative Circle
6487.0,DaVita Kidney Care
89662554.0,NC Department of Adult Correction
10778.0,Rent-A-Center
1506196.0,Health Carousel Nursing & Allied Health
91195265.0,Kohler Ventures
86813252.0,LTIMindtree
30324.0,Intelliswift Software
11792931.0,NAVERIS
7795.0,Petco
3029525.0,Oak Street Health
35520100.0,CoralTree Hospitality
10402.0,Cable ONE
54133.0,Alaska Native Tribal Health Consortium (ANTHC)
9237.0,Fairview Health Services
13073.0,Mercy Health
92597045.0,PAM Health Rehabilitation Hospital of Clear Lake North
165602.0,"Pyramid Consulting, Inc"
4852.0,Jabil
2915456.0,"Peak Resources, Inc"
1358653.0,TravelNurseSource
132688.0,Kaftan Communities
11309571.0,Vascular Institute of Chattanooga
61677.0,eTeam
163139.0,Cogent Communications
9070.0,Airgas
69237018.0,Gather
3642491.0,Sunglass Hut
166209.0,Sutter Health
2254994.0,Coda Search│Staffing
37067372.0,Alphident Technologies Inc
18924711.0,CONSOR Engineers
166551.0,Tyson Foods
2498968.0,InRhythm
5235.0,LHH
3549.0,IHG Hotels & Resorts
3460.0,UPMC
902605.0,Adams Group
163761.0,Family Dollar
12659.0,Pilgrim's
1474.0,Ally
22503.0,VolunteerMatch
1235.0,Wells Fargo
14736.0,Jefferson Health
18112047.0,The People Concern
11316.0,Prysmian
4128.0,"Lowe's Companies, Inc."
22503.0,VolunteerMatch
15034.0,Kimpton Hotels & Restaurants
1057159.0,Credit Karma
164826.0,Major League Baseball (MLB)
42434665.0,Summit Fire & Security
2300.0,Macy's
89881455.0,QueryPal
89520.0,Caliber Collision
76074281.0,AAA Auto Club Enterprises
5000254.0,BlueSky Resource Solutions
14548179.0,MacroHire
3175.0,Ingersoll Rand
1235.0,Wells Fargo
17919545.0,SystImmune
19263.0,Angi
16988.0,Widener University
163139.0,Cogent Communications
5887.0,Motion Recruitment
252398.0,ICE
166608.0,"United Supermarkets, LLC"
1374695.0,Treatt
134078.0,PGA TOUR Superstore
96139831.0,DataAnnotation
7158.0,Fred Hutch
11556.0,"BDS Connected Solutions, LLC."
1028156.0,HireTalent - Diversity Staffing & Recruiting Firm
17959348.0,Cloudious LLC
10428103.0,Minnesota Department of Health
3342169.0,Radiant Systems Inc
760983.0,U.S. Renal Care
1104359.0,Adecco
439723.0,Medical Services of America
4960.0,AMERICAN EAGLE OUTFITTERS INC.
27292.0,US Tech Solutions
77768564.0,"LuxWall, Inc."
10048828.0,CARsgen Therapeutics
69114645.0,Ultium Cells LLC
71099.0,Shopbop
3743.0,RSM US LLP
60561.0,"Q1 Technologies, Inc."
18870.0,Aeromexico
200465.0,EXPRESS
6288.0,QuinStreet
11035433.0,Nexien Inc.
215953.0,The University of Texas Health Science Center at Houston (UTHealth Houston)
2471868.0,RemX | The Workforce Experts
10797668.0,Zelis
15564.0,Tesla
18425303.0,Spectrum
4787.0,Apex Systems
307494.0,"Securitas Security Services USA, Inc."
67997480.0,Bluebird Staffing
12436.0,Atlas Air
164880.0,Maxim Healthcare Staffing
3528.0,The Johns Hopkins University
2831404.0,Authority Partners
2300.0,Macy's
1681.0,Robert Half
16940.0,Grifols
744453.0,SAGE IT 
2470316.0,Imperial PFS
18870.0,Aeromexico
2701866.0,Core Group Resources
9339049.0,Charlotte Tilbury Beauty
1015745.0,iHire
14611.0,Tommy Bahama
2804770.0,G-P
10510386.0,Revature
164414.0,Intermountain Health
834250.0,"Midland Care Connection, Inc."
2610.0,Panasonic North America
164926.0,MedStar Health
2087.0,Volvo Group
81886402.0,CenterWell Home Health
167757.0,The Job Network
2012779.0,Flexton Inc.
167251.0,Dropbox
102368941.0,Talent Job Seeker
2848076.0,Techfellow Limited
7064.0,Mercy
35532390.0,Stratum Reservoir
1068.0,JPMorgan Chase & Co.
88129.0,"BGE, Inc."
10696913.0,Allied Universal
17980749.0,Lakefield Veterinary Group
164880.0,Maxim Healthcare Staffing
4232899.0,JC Ford Company
2300.0,Macy's
11056.0,Insight Global
167757.0,The Job Network
157312.0,Neiman Marcus Group
6978821.0,Black Rifle Coffee Company
2995.0,FEMA
75103348.0,Acruex Inc.
23929.0,"PLS Financial Services, Inc."
147899.0,"RK Management Consultants, Inc."
19086748.0,"Express Employment Professionals – Irvine, CA"
9229.0,Big Lots
2193256.0,GFL Environmental Inc.
1681.0,Robert Half
462369.0,"CHA Consulting, Inc."
2430668.0,XPO
40745219.0,L3Harris Technologies
2543818.0,Urgent Team
1103.0,Verizon
53345529.0,Liberty Healthcare and Rehabilitation Services
5235.0,LHH
96180361.0,"Bridgestone Retail Operations, LLC"
889952.0,NATA- National Air Transportation Association
3175.0,Ingersoll Rand
1472.0,General Motors
28646291.0,Groot Hospitality
74985.0,Goodwin Recruiting
3450.0,Analog Devices
603421.0,TK Elevator
21337.0,NYC Health + Hospitals
3743.0,RSM US LLP
2045626.0,Prodware Solutions
10592886.0,Mutual of Omaha Mortgage
3706049.0,CareerStaff Unlimited
200715.0,Envision Healthcare
4167.0,PNC
73013724.0,J. Galt
76267845.0,Aevevo Technology
4493454.0,Creekview Orthodontics
79561820.0,CITY Boots
23279.0,Azzur Group
11011.0,Turner & Townsend
1207.0,Johnson & Johnson
1189394.0,United Health Services
13073.0,Mercy Health
3797866.0,"The Standard, High Line"
18353.0,Omaha Public Power District
164159.0,H-E-B
166612.0,Universal Orlando Resort
62782992.0,CompuMed Vocational Careers
74985.0,Goodwin Recruiting
634643.0,Klick
33883.0,Everbridge
3180238.0,McLaren Health Care
17880405.0,"CivicMinds, Inc"
26779.0,American Woodmark
10299491.0,Pine & Company CPAs PLLC
1872542.0,"Cornerstone First Mortgage, LLC"
1603.0,AstraZeneca
90513016.0,Acies IT Solutions
10673871.0,Wizehire
8275.0,O-I
164880.0,Maxim Healthcare Staffing
20237396.0,Ebyte Technologies Inc
241408.0,AgCareers.com
53345529.0,Liberty Healthcare and Rehabilitation Services
3569.0,Hughes
3770.0,University of Colorado
22409.0,Kraton Corporation
475262.0,NikSoft Systems Corporation
9228228.0,Grayson Search Partners
4835.0,U.S. Department of Commerce
73013724.0,J. Galt
4128.0,"Lowe's Companies, Inc."
67997480.0,Bluebird Staffing
3299457.0,MGA Homecare
18483.0,Douglas County School District
3863.0,Grainger
103681.0,Malone Workforce Solutions
4128.0,"Lowe's Companies, Inc."
2454643.0,HelloFresh
1935855.0,West Paw
1344410.0,DevCare Solutions
19263.0,Angi
945727.0,Family Service League - Long Island
73013724.0,J. Galt
740469.0,Vantage Consulting
3110591.0,Aha!
1703.0,Comcast
50625.0,PointClickCare
7167.0,Gates Corporation
2615835.0,Piper Companies
3509022.0,Xometry
4608.0,Washington University in St. Louis
4872007.0,Atlas Search
2252.0,Bath & Body Works
40769.0,K2 Services
14606618.0,iConsultera
1674945.0,PSI (Proteam Solutions)
1506196.0,Health Carousel Nursing & Allied Health
286379.0,IQ-EQ
54814820.0,Barcadia Bar & Grill
1586.0,Amazon
16710.0,Ferrellgas
1392.0,T-Mobile
101478385.0,A Hiring Company
163077.0,City of Chicago
7650.0,University of Louisville
14803700.0,Orbit Recruitment Group 
2564992.0,Park Hyatt
143988.0,Fourth Floor
1344.0,Honeywell
3715179.0,Pryor Associates Executive Search
10795459.0,OneTrust
25522.0,Ochsner Health
28974109.0,Guidehouse
250278.0,Total Facility Solutions
62021.0,Braun Intertec Corporation
3677.0,Edward Jones
1924808.0,Crossroads Courier
5379098.0,CareTeam Solutions
2822187.0,KLR Executive Search Group LLC
6536.0,Ansys
18281.0,Core BTS
6724637.0,Great Strides Rehabilitation
14352.0,Solomon Page
167757.0,The Job Network
102146714.0,SimplyApply
1307.0,Fidelity Investments
1304385.0,AbbVie
1366002.0,Pan-Pacific Mechanical
153617.0,IMCS Group
61716.0,Acuren
164159.0,H-E-B
917742.0,Spear Physical Therapy
100945958.0,Tri-Valley Aerospace
1668.0,FedEx Ground
1586.0,Amazon
73013724.0,J. Galt
1043.0,Siemens
6151908.0,DC Department of Human Resources
36749.0,Torrid
7547.0,ECCO
162556.0,ASSA ABLOY Group
8288.0,Leonardo DRS
18691.0,Legacy Health
327058.0,IEA Inc.
165648.0,Rambus
165251.0,NTS - National Technical Systems
1382.0,Goldman Sachs
9286450.0,UF Health
107457.0,Stars Behavioral Health Group
278713.0,Ohio Department of Rehabilitation and Correction (ODRC)
508154.0,Broward Health
1841.0,Medtronic
11448.0,Citi
18613.0,Dollar Tree Stores
8117.0,The Judge Group
152765.0,"Datasoft Technologies, Inc."
47129.0,MaxLinear
102146714.0,SimplyApply
12446.0,Circle K
17867.0,ALPS ALPINE
89662554.0,NC Department of Adult Correction
68683820.0,Connect Life Sciences
11009726.0,RightWorks
10769.0,CHRISTUS Health
17922.0,Applied Medical
2859.0,BDO USA
7237044.0,Las Palmas Medical Center
4787.0,Apex Systems
808034.0,Aya Healthcare
2908367.0,gpac
80967326.0,Vitalief Inc.
15201.0,"JELD-WEN, Inc."
31139044.0,NR Consulting
11056.0,Insight Global
37405727.0,Newmont Corporation
2152.0,TEKsystems
3252.0,KeyBank
57317956.0,SYNERGY MEDICAL STAFFING
163139.0,Cogent Communications
1668.0,FedEx Ground
3570660.0,City Lifestyle
27063436.0,St. Christopher's Hospital for Children
7291.0,Sunrise Senior Living
21667.0,Eckerd Connects
3570660.0,City Lifestyle
3476.0,Michael Page
2204084.0,Talentify.io
524282.0,New Era Technology
100560482.0,Keystone Cooperative
7372.0,The Leukemia & Lymphoma Society
84369.0,Open Road
79098.0,Allied OneSource
5012520.0,Land Life
3175.0,Ingersoll Rand
467038.0,"Paramount Software Solutions, Inc"
15242812.0,Kaman Corporation
42179.0,Cape Fear Valley Health
2467378.0,Symbotic
162901.0,CarMax
690568.0,"Equity LifeStyle Properties, Inc."
82315716.0,GE Vernova
1900.0,McKesson
3180238.0,McLaren Health Care
157303.0,Comerica Bank
33243928.0,SAPinsider
8199.0,Quad
55406.0,GeoLogics Corporation
90626162.0,"Hubler Financial Services, LLC"
15201.0,"JELD-WEN, Inc."
2230.0,Hanesbrands Inc.
579009.0,VACCO Industries
15473.0,Learning Care Group
53345529.0,Liberty Healthcare and Rehabilitation Services
53708.0,Scoular
6487.0,DaVita Kidney Care
265869.0,Trinity Health
11240.0,"Burlington Stores, Inc."
4976119.0,BizXL Catalyst
7121740.0,Arc Drilling
1614.0,SAIC
11872253.0,FlexStaff Careers
1841.0,Medtronic
942920.0,The Suddath Companies
1646245.0,The Tile Shop
3081.0,Thermo Fisher Scientific
10592585.0,Ledgent Technology
457885.0,MedPro Healthcare Staffing
9884.0,Arkema
485407.0,The Learning Experience
42912.0,On The Border Mexican Grill & Cantina
226965.0,Net2Source Inc.
545086.0,Lazydays
1946139.0,Hawaii State Department of Education
73237.0,Capital Region BOCES
602239.0,Signature HealthCARE
2158708.0,Thriveworks
10366520.0,SiteOne Landscape Supply
29352.0,ServiceNow
1007957.0,ClearanceJobs
1680.0,Cognizant
4592.0,SKF Group
53345529.0,Liberty Healthcare and Rehabilitation Services
18860134.0,Jobot
1586.0,Amazon
51637411.0,NTT Global Data Centers
2379623.0,Interlink Talent Solutions
6821.0,Southern Glazer's Wine & Spirits
20573.0,Life Care Centers of America
33247784.0,Marsh McLennan Agency
81878.0,Holman
76080926.0,Invincible City Developments 
5262434.0,Axle
2100290.0,Baptist Health Boca Raton Regional Hospital
4013449.0,American Metals Supply
53345529.0,Liberty Healthcare and Rehabilitation Services
31429967.0,"Beyond Behavior Consulting, LLC"
1767.0,State Street
35676539.0,ClearSky Health
7412.0,AutoZone
5235.0,LHH
74710480.0,VinFast US
10126963.0,Planet Technology
1103.0,Verizon
586336.0,KYYBA Inc
16388.0,"LanceSoft, Inc."
281590.0,Brink’s Inc
410499.0,Men's Wearhouse
1392.0,T-Mobile
1409798.0,LVI Associates
6756178.0,Saint Joseph Mercy Health System
428258.0,Audubon Companies
237791.0,OnTrac
91447303.0,Dexian
164126.0,BMO U.S.
86208816.0,Touchstone Technologies LLC
65588154.0,"Kelly Science, Engineering, Technology & Telecom"
1415.0,CGI
163253.0,Creative Circle
2396310.0,Randstad USA
2012403.0,"eSystems, Inc."
19745.0,Alliant Credit Union
165292.0,Oregon Health & Science University
15564.0,Tesla
79197.0,Advanced Search Group
74989.0,Harbor Group Management Company
64685411.0,Spirit EMS
50820.0,"netPolarity, Inc. (Saicon Consultants, Inc.)"
5240076.0,myGwork - LGBTQ+ Business Community
1419.0,Capital One
102146714.0,SimplyApply
1419.0,Capital One
2204084.0,Talentify.io
8013.0,Exelixis
15191764.0,Snap Inc.
125241.0,Zynex Medical
3271386.0,San Diego Youth Symphony and Conservatory
66726048.0,Ingenuity Staffing
2251.0,Victoria’s Secret & Co.
98999182.0,BTSA
1905.0,General Dynamics Information Technology
89990795.0,"Goldbelt Integrated Logistics Services, LLC"
4411.0,DNV
10825910.0,Independent Sports & Entertainment (ISE)
9703.0,Centene Corporation
64799.0,Premium Retail Services
269397.0,NextEra Energy Resources
89877420.0,V2X Inc
1387626.0,RPM Living
89862121.0,Habit
516902.0,Universal Technology Solutions (UEBIZ)
18394014.0,Corteva Agriscience
28606404.0,QurAlis
21611.0,ActionLink
1431.0,PepsiCo
28014.0,Nesco Resource
14422722.0,Headway Tek Inc
4713.0,Ecolab
80181.0,"Bassett Furniture Industries, Inc."
14428236.0,TIENS
543343.0,Wellspring
533247.0,Smyth Auto Parts
11473142.0,Acquire
10638654.0,Ciena Healthcare
37564.0,"Johnson Service Group, Inc."
35504.0,VCA Animal Hospitals
74601.0,HealthEdge
80829889.0,Invited
6849.0,Dice
73895172.0,"Educational Furniture Solutions, LLC"
2204084.0,Talentify.io
9585.0,Kiewit
8031.0,Mount Sinai Health System
37192662.0,Cambium
32924.0,GardaWorld
2913.0,Shaw's Supermarkets
852298.0,Industrial Electric Mfg. (IEM)
9436983.0,"Spatial Front, Inc"
1524968.0,Milwaukee Transport Services Inc. (Milwaukee County Transit System)
4128.0,"Lowe's Companies, Inc."
2529188.0,iHealth Labs
18933481.0,Justrite Safety Group
1939984.0,Harlingen Medical Center
1642.0,Sanofi
10769.0,CHRISTUS Health
3025557.0,Centria Autism
1125676.0,Shake Shack
10343298.0,Allbirds
65647.0,The Fountain Group
101478385.0,A Hiring Company
51279.0,"Corrpro Companies, Inc."
12606850.0,Prisma Health
35664407.0,Retreat Behavioral Health
36519.0,"QUAD, a SolomonEdwards Company"
6849.0,Dice
41569.0,Unidine
700906.0,MVB Bank
1053.0,Intel Corporation
164245.0,Huntington National Bank
52175675.0,Shannon Strategies
3135.0,Hyatt Regency
1832259.0,iAccess Technologies Inc
69600391.0,Professional Search Group - OC
35490112.0,Mid-Peninsula High School
307908.0,"Klingner & Associates, PC"
547009.0,PLS Logistics Services
3710352.0,"Hunter Douglas, Inc."
1384.0,Boeing
1115.0,SAP
18043.0,Addison Group
5235.0,LHH
3282.0,Stryker
1407981.0,"Software Methods, Incorporated"
8196.0,Cartus
3498.0,Safeway
11056.0,Insight Global
9402.0,"Medline Industries, LP"
46713.0,Galerie Candy and Gifts
508963.0,Veolia North America
2646.0,Walmart
2985733.0,Aditi Consulting
472706.0,La Frontera EMPACT - Suicide Prevention Center
103545.0,KIPP Massachusetts
61400.0,The Reserves Network
33264.0,Associa
37845.0,POWER Engineers
7952.0,Texas Health Resources
65588154.0,"Kelly Science, Engineering, Technology & Telecom"
7795.0,Petco
3256.0,Aegon
92635065.0,TechTonic Solutions Hawaii
164880.0,Maxim Healthcare Staffing
3651935.0,BetterHelp
3642491.0,Sunglass Hut
2500598.0,ConsultAdd Inc
42433.0,Grubb Properties
1585669.0,HCT Healthcare Transformation
164860.0,Martin Marietta
8403.0,BJ's Wholesale Club
11009726.0,RightWorks
2883827.0,"Censis Technologies, Inc."
163883.0,Four Seasons Hotels and Resorts
68277511.0,Scott Humphrey Corporation
11174522.0,Walmart Global Tech
16127.0,Matlen Silver
1471368.0,Vacasa
410499.0,Men's Wearhouse
163139.0,Cogent Communications
165472.0,Pilot Flying J
3392.0,Celestica
683678.0,Kenosha Public Library
265869.0,Trinity Health
6849.0,Dice
9185.0,Advance Auto Parts
90543400.0,AYOUB & YOUNGREN
1337.0,LinkedIn
115116.0,Eclaro
7795.0,Petco
13421.0,Constellation Brands
10425374.0,"Millennium Recruiting, Inc."
267137.0,Public Health Solutions
162361.0,Albemarle Corporation
14068748.0,"Rana Meal Solutions, LLC"
166979.0,W. R. Grace
5915531.0,"Jackson Demolition Service, Inc"
908113.0,Dental Care Alliance
1235.0,Wells Fargo
164376.0,Innova Solutions
30755.0,Tillys
2279.0,Flex
16183163.0,recruitAbility
130927.0,Pivotal Solutions
1688526.0,Knight Office Solutions
3638332.0,Alchemy Software Solutions
3831.0,Northern Trust
3162.0,The University of Texas at Austin
92950493.0,KDG Support
256744.0,SiriusXM
27230924.0,Cagent Vascular
17998756.0,Pennex
67997480.0,Bluebird Staffing
21460.0,City of Virginia Beach
53345529.0,Liberty Healthcare and Rehabilitation Services
11240.0,"Burlington Stores, Inc."
14840050.0,Truist
96180361.0,"Bridgestone Retail Operations, LLC"
72610772.0,Connected Health Care
11448.0,Citi
2252.0,Bath & Body Works
35621916.0,"Tempus Unlimited, Inc."
8604.0,Brother USA
2379156.0,Energy Jobline
29160.0,kate spade new york
165908.0,Sedgwick
77301.0,Raising Cane's Chicken Fingers
2041.0,Aon
2963621.0,GeoStabilization International®
40018.0,Blue Origin
6367.0,Dräger
400277.0,MedeAnalytics
1211063.0,National Staffing Solutions
83130.0,Inter-Con Security
47471.0,STCU
167624.0,PubMatic
1885550.0,EAD
71904349.0,Actalent
3282.0,Stryker
42208.0,Elizabeth City State University
134081.0,Price Chopper Supermarkets-Market 32
61400.0,The Reserves Network
315817.0,Republic Services
2152.0,TEKsystems
157353.0,Whole Foods Market
15589802.0,"ARC HUMAN SERVICES, INC."
11056.0,Insight Global
2587248.0,Solü Technology Partners
21503.0,Pure Fishing
64890982.0,Wiz
10425374.0,"Millennium Recruiting, Inc."
79757094.0,Dewey Smart
26467.0,North Memorial Health
316370.0,BenchMark Physical Therapy
33242739.0,Confidential
2288802.0,Deciphera Pharmaceuticals
53345529.0,Liberty Healthcare and Rehabilitation Services
437225.0,"iHerb, LLC"
2300.0,Macy's
23375.0,Kettering Health
2710555.0,Fleur du Mal
2753.0,Emerson
96139831.0,DataAnnotation
1703.0,Comcast
98704.0,Analytic Recruiting Inc.
8471.0,National Car Rental
201778.0,Renewal by Andersen
10366520.0,SiteOne Landscape Supply
856720.0,Spirit Halloween
4257.0,Humana
20374.0,Olsson
3651935.0,BetterHelp
6487.0,DaVita Kidney Care
1738747.0,Haute Chefs Los Angeles
19028770.0,U.S. Army MWR
4564.0,Vanderbilt University Medical Center
3789747.0,Wheeler Staffing Partners
11229.0,Vaco
1002773.0,NAPA Auto Parts
11655.0,Open Systems Technologies
32705.0,RealManage Family of Brands
35570367.0,Peace Evolution
90396.0,Diverse Lynx
87233049.0,Aorton Inc
20548.0,National Radio Astronomy Observatory
1007910.0,Krapf Group - School Bus and Transportation 
40056.0,ATI Physical Therapy
2041.0,Aon
1028156.0,HireTalent - Diversity Staffing & Recruiting Firm
96893409.0,Soros Fund Management
96072574.0,"EcoSmart Solutions, Inc"
1523.0,UPS
570550.0,GE Aerospace
2396310.0,Randstad USA
82485916.0,Corewell Health
424124.0,BioSpace
11227630.0,Ageility
539853.0,Techwave
37486.0,Greystar
11662.0,AAA-The Auto Club Group
633558.0,Odoo
307494.0,"Securitas Security Services USA, Inc."
1586.0,Amazon
139348.0,"Allyon, Inc."
3269.0,DHL Supply Chain
19264941.0,Covenant Living Communities and Services
963375.0,Crane Engineering
89877420.0,V2X Inc
405042.0,"GLOVIS America, Inc."
27179912.0,Arrow Search Partners
35647080.0,Staples Stores
49223.0,Goodwill of Central and Northern Arizona
899708.0,Keck Medicine of USC
18337.0,Gallagher Bassett
30146.0,Masonite®
18043.0,Addison Group
20573.0,Life Care Centers of America
225942.0,"Zeiders Enterprises, Inc."
2775.0,TD
16182319.0,"North Shore Healthcare, LLC"
3832633.0,Calm
1363642.0,Florim USA
21337.0,NYC Health + Hospitals
6849.0,Dice
729369.0,MoTek Technologies
2183652.0,Confidential
163139.0,Cogent Communications
2521528.0,Taziki's Mediterranean Cafe
4852.0,Jabil
82824381.0,Compass Connections
247790.0,HBKS Wealth Advisors
18425303.0,Spectrum
166471.0,Toll Brothers
2934678.0,ApTask
43278.0,Sparrow Health System
3081.0,Thermo Fisher Scientific
1799.0,ManpowerGroup
1211063.0,National Staffing Solutions
1681.0,Robert Half
13993547.0,Flex Employee Services
3362620.0,Athene
77218211.0,Ryan RPO (Recruitment Process Outsourcing)
1799.0,ManpowerGroup
455711.0,Catch Resource Management
32924.0,GardaWorld
163787.0,Ferguson 
4593.0,Western Digital
6234.0,Schwan's Company
32924.0,GardaWorld
23673.0,J.R. Simplot Company
163993.0,Gilead Sciences
18164646.0,CV Resources
947908.0,BluSky Restoration Contractors
1900.0,McKesson
43212.0,Golden 1 Credit Union
433995.0,Brightview Senior Living
3231452.0,Neuropsychiatric Institute LLC
166209.0,Sutter Health
166127.0,SP+ (SP Plus)
14352.0,Solomon Page
1170014.0,Rise Technical
365347.0,"UES, A BlueHalo Company"
54131.0,Alameda County Community Food Bank
89714190.0,SolarPros
88691.0,Avēsis
68194053.0,AutoLeap
89662554.0,NC Department of Adult Correction
471174.0,Lincare
24803.0,Convergenz
80080883.0,Hard Rock Casino Rockford
10062279.0,lloyd
49041.0,Five Below
76267845.0,Aevevo Technology
12606850.0,Prisma Health
1028156.0,HireTalent - Diversity Staffing & Recruiting Firm
166786.0,Transdev North America
4592.0,SKF Group
102352461.0,NOVA MEDICAL SERVICES
4852.0,Jabil
40707710.0,State of Connecticut
1344.0,Honeywell
29639.0,Centra Health
7673.0,Cirque du Soleil Entertainment Group
33740.0,ONEOK
69238931.0,KCRA 3 & My58 Television
13149.0,Mindteck
4128.0,"Lowe's Companies, Inc."
123075.0,Stern Grove Festival Association
27179912.0,Arrow Search Partners
11553420.0,Indotronix Avani Group
10801655.0,Publicis Sapient
4957.0,Bankers Trust
73013724.0,J. Galt
307494.0,"Securitas Security Services USA, Inc."
9511.0,VHB
16690.0,Compunnel Inc.
36092044.0,Equitable
7952.0,Texas Health Resources
20009.0,Bimbo Bakeries USA
8117.0,The Judge Group
18860134.0,Jobot
96159298.0,STERLING REAL ESTATE
10425374.0,"Millennium Recruiting, Inc."
14088.0,LensCrafters
7515.0,Inova Health
1235.0,Wells Fargo
649388.0,A-Line Staffing Solutions
4994.0,Lawrence Livermore National Laboratory
908113.0,Dental Care Alliance
53345529.0,Liberty Healthcare and Rehabilitation Services
96139831.0,DataAnnotation
2389955.0,Freshpet
252536.0,Valero
23130639.0,Bristol Bay Construction Holdings LLC
611131.0,US LBM
19101288.0,InfoStride 
86041588.0,Tandym Group
3081.0,Thermo Fisher Scientific
1557059.0,Thrive Scholars
65299411.0,EOS Hospitality
13214.0,Modine Manufacturing Company
73013724.0,J. Galt
9467195.0,New Jersey Innovation Institute
1387626.0,RPM Living
7412.0,AutoZone
33246798.0,TikTok
40888889.0,Bon Secours Mercy Health
157353.0,Whole Foods Market
6250.0,Baylor Scott & White Health
22840.0,SCS Engineers
35504315.0,MercyOne
1123.0,Bank of America
9201883.0,The Jonus Group
20573.0,Life Care Centers of America
1043.0,Siemens
11541.0,PVH Corp.
9237.0,Fairview Health Services
40693052.0,FirstChoice Hiring
60156.0,PIDC
69154.0,"Johnson, Mirmiran & Thompson"
2870989.0,EPM Scientific
4411.0,DNV
166714.0,US Foods
7137020.0,Mobile Medical Support
165944.0,Sherwin-Williams
1835.0,Allstate
8288.0,Leonardo DRS
3012.0,Fifth Third Bank
311752.0,Legal Aid Services Of Oregon
6369.0,Tata Technologies
16589.0,Healthfirst
4501.0,USAA
1043.0,Siemens
11331252.0,Nickol Global Solutions
11468737.0,Covert Alert
1002773.0,NAPA Auto Parts
65294553.0,Brightpath Associates LLC
3900.0,Framatome
67880.0,Duke Manufacturing Co.
104895.0,"McNeilus Truck and Manufacturing, Inc."
1586.0,Amazon
10593599.0,TriSource
2121817.0,DSJ Global
1628890.0,Capstone
9402.0,"Medline Industries, LP"
73013724.0,J. Galt
239674.0,Ambius
138290.0,"Bremer Whyte Brown & O'Meara, LLP"
18349.0,Hoag Health System
97464196.0,OurUniglobe
280666.0,Fraser
17285.0,Cimatron
15826652.0,Telelink Business Services 
21611.0,ActionLink
3626.0,HCA Healthcare
265869.0,Trinity Health
3776.0,Epsilon
7042786.0,Mohawk Valley Health System
5826.0,Tommy Hilfiger
10345035.0,Archrock
96243415.0,PAM Health Specialty Hospital of Victoria Southeast
19340.0,Plymouth State University
35647080.0,Staples Stores
164159.0,H-E-B
6849.0,Dice
1015745.0,iHire
39199.0,"Mercy Medical Center, Baltimore, MD"
9254907.0,Crash Champions
61400.0,The Reserves Network
10147.0,Famous Footwear
1550.0,Kaiser Permanente
35690611.0,Infotree Global Solutions
91313799.0,Stealth
1103.0,Verizon
5089.0,Dana Incorporated
11056.0,Insight Global
2555454.0,Community Choice Financial Family of Brands
952788.0,National Youth Advocate Program (NYAP)
10559.0,CooperVision
165924.0,ServiceMaster
96139831.0,DataAnnotation
53345529.0,Liberty Healthcare and Rehabilitation Services
2936694.0,Zoetis
9201883.0,The Jonus Group
19126237.0,Global Medical Response
5756.0,Penske Truck Leasing
15355.0,The Hunter Group Associates
948098.0,Pritchard Industries
458381.0,FOX Rehabilitation
1050601.0,Reproductive Medicine Associates (RMA Network)
1214.0,UBS
7720.0,National General
15218920.0,Akumin®
1028156.0,HireTalent - Diversity Staffing & Recruiting Firm
30579326.0,UofL Health
165416.0,Packaging Corporation of America
947715.0,BCforward
163387.0,DCS Corp
22503.0,VolunteerMatch
1409042.0,Virgin Galactic
71131832.0,Ochsner Lafayette General
81307963.0,Lupton Petroleum Products
15440968.0,San Dimas Community Hospital
3589.0,Walgreens
84819742.0,Benevento Companies
13074.0,MultiCare Health System
16101.0,Qualitest
3086317.0,Pathful Inc.
1103.0,Verizon
2174866.0,GoldOller Real Estate Investments
18501832.0,High Resolution Engineering
85401549.0,Tetricus Labs
80921592.0,Convertros
69867.0,McLeod Health
20089.0,Cotiviti
3789.0,John Deere
2506326.0,Ultimus Fund Solutions
457885.0,MedPro Healthcare Staffing
16268827.0,Epiroc
1235.0,Wells Fargo
3714038.0,"Magellan Financial & Insurance Services, Inc."
21528485.0,Alight Solutions
22840.0,SCS Engineers
81733261.0,Fears Law
311841.0,SCA Health
55381.0,Floor & Decor
2730271.0,RJ-Staffing
315817.0,Republic Services
12578.0,UNOPS
5191635.0,Averity
1828.0,NBCUniversal
523480.0,TATCHA
37564.0,"Johnson Service Group, Inc."
53345529.0,Liberty Healthcare and Rehabilitation Services
165441.0,Perdue Farms
16827.0,Five9
11251474.0,InProduction
8794.0,Prologis
72717.0,BrightStar Care
24996269.0,United Vein & Vascular Centers
41688.0,Aman
55895.0,Mimecast
14548179.0,MacroHire
14036226.0,MIGSO-PCUBED
2282887.0,Central Bank
1419.0,Capital One
137350.0,Career Systems Development Corp
165472.0,Pilot Flying J
23441.0,Camping World
2204084.0,Talentify.io
215561.0,Onward Search
11229.0,Vaco
1900.0,McKesson
1681.0,Robert Half
21337.0,NYC Health + Hospitals
71141113.0,The Elder Agency
20573.0,Life Care Centers of America
14352.0,Solomon Page
18409.0,Destination by Hyatt
1431.0,PepsiCo
22534.0,Marvin
1828.0,NBCUniversal
40056.0,ATI Physical Therapy
1373602.0,Hopper
8455.0,Flagstar Bank
1286891.0,W3Global
157353.0,Whole Foods Market
6487.0,DaVita Kidney Care
6575960.0,Pocketbook Agency
908113.0,Dental Care Alliance
79482021.0,Ehub Global Inc
2532.0,U.S. Bank
1216717.0,San José Clinic
2152.0,TEKsystems
2300.0,Macy's
856720.0,Spirit Halloween
8742066.0,"Albano Systems, Inc."
166572.0,Ulta Beauty
2934678.0,ApTask
2905.0,NYC Department of Education
33125878.0,"Veridian Tech Solutions, Inc."
1729930.0,YMCA of Southwest Florida
89520.0,Caliber Collision
3706049.0,CareerStaff Unlimited
28345.0,Convergint
2497653.0,CrowdStrike
86414.0,Walker Sands
2481809.0,StaidLogic
10638654.0,Ciena Healthcare
36092044.0,Equitable
165938.0,Sharp HealthCare
10308.0,"Sherpa | Recruiting, Staffing & Consulting"
2396310.0,Randstad USA
21460.0,City of Virginia Beach
165197.0,Nixon Peabody LLP
6849.0,Dice
1258846.0,Springboard Health
2148.0,Infineon Technologies
4872007.0,Atlas Search
7795.0,Petco
2137.0,Pearson
39412.0,Nutter
164126.0,BMO U.S.
2449.0,Hilton
10389553.0,JLA Architects
2563046.0,Tris Pharma
33247784.0,Marsh McLennan Agency
10696913.0,Allied Universal
1211063.0,National Staffing Solutions
20573.0,Life Care Centers of America
162241.0,Abt Global
10638654.0,Ciena Healthcare
12902.0,Burns & McDonnell
3552581.0,PHC Corporation of North America
81886402.0,CenterWell Home Health
18293159.0,Anduril Industries
1374310.0,Casey's
60561.0,"Q1 Technologies, Inc."
1353.0,Tata Consultancy Services
96139831.0,DataAnnotation
2251777.0,Sacramento Children's Home
26315.0,Spencer's
97028055.0,PAM Health Specialty Hospital of Pittsburgh
162715.0,bioMérieux
7771.0,Presidio
18613.0,Dollar Tree Stores
819886.0,Nordic Global
1007957.0,ClearanceJobs
3175.0,Ingersoll Rand
78839463.0,Force Scaling
6044.0,"Yoh, A Day & Zimmermann Company"
74885112.0,Tampa Connections
11805291.0,Exyte
5260693.0,Hunter Bond
300904.0,EPIC Insurance Brokers & Consultants
6104.0,NYU Langone Health
2203697.0,Experis
4592.0,SKF Group
3776.0,Epsilon
827183.0,Russell Tobin
69107.0,Leslie's
471174.0,Lincare
2633.0,BASF
485407.0,The Learning Experience
382936.0,Computer World Services Corp. (CWS)
99896168.0,The Stephens Agency
1431.0,PepsiCo
5755.0,Penske Logistics
959738.0,Agape Home Healthcare
71904349.0,Actalent
519594.0,Medicus Healthcare Solutions
2353982.0,Chris-Tel Construction
11674.0,MAC Cosmetics
42134.0,Visionworks of America
26923.0,Holiday Stationstores
2396310.0,Randstad USA
82485916.0,Corewell Health
2152.0,TEKsystems
94447.0,QBE North America
1644718.0,United Software Group Inc
35459023.0,Celero Commerce
101079388.0,Alsam Partners
4501.0,USAA
2252.0,Bath & Body Works
1256481.0,"Systems, LLC - Poweramp | DLM"
9123.0,Advantage Solutions
2213829.0,Pride Health
351082.0,Melaleuca: The Wellness Company
7587729.0,Ironclad
965405.0,Visit Shreveport-Bossier
163440.0,DHI Mortgage
90398003.0,Swooped
2433416.0,Chewy
6738.0,WVU Medicine
936584.0,Driven Brands Inc.
1681.0,Robert Half
1135689.0,All Weather Insulated Panels
6593.0,Live Nation Entertainment
165722.0,Resource Solutions
68485.0,IEHP
71575605.0,FedEx Logistics
5756.0,Penske Truck Leasing
11246635.0,#twiceasnice Recruiting
35479.0,ValueMomentum
72483.0,Aimbridge Hospitality
73013724.0,J. Galt
1486.0,Merck
3144239.0,Altus Recruiting
28352.0,Core-Mark International
166587.0,UNC Health
85939265.0,Citeline
103088929.0,ITF Therapeutics LLC
23337.0,Sally Beauty
64259963.0,Trane Technologies
826942.0,Residential Home Health and Residential Hospice
3185.0,Salesforce
8533.0,Entegris
61716.0,Acuren
4787.0,Apex Systems
2300.0,Macy's
81753049.0,Onyx Health Care Staffing LLC.
1852.0,Prudential Financial
7147.0,NYS Department of Transportation
17233.0,Covanta
75765066.0,Mendota Health
233054.0,Computech Corporation
13328290.0,Laiba technology
166680.0,The University of Texas at Arlington
2507675.0,Yale New Haven Health
14352.0,Solomon Page
11009726.0,RightWorks
33210525.0,Sara Lee Frozen Bakery
3162.0,The University of Texas at Austin
157324.0,Randstad Digital Americas
75071753.0,Southeast Handling Systems
89911099.0,Talent Advantage
1978115.0,Anta
1043.0,Siemens
42431701.0,Complete Care Centers
471174.0,Lincare
35627712.0,Dagen
5368909.0,IntelyCare
4839544.0,Ferrari South Bay
2204084.0,Talentify.io
11695727.0,Collins Aerospace
162901.0,CarMax
212201.0,Oliver James
8089.0,Littler
970538.0,Salt
6487.0,DaVita Kidney Care
5235.0,LHH
146075.0,SPS
12446.0,Circle K
203391.0,Daniels Health
11448.0,Citi
8288.0,Leonardo DRS
18613.0,Dollar Tree Stores
86001745.0,ICON Strategic Solutions
441353.0,SGS Technologie
16690.0,Compunnel Inc.
2650.0,University of Illinois Urbana-Champaign
2152.0,TEKsystems
2227.0,Novo Nordisk
2081025.0,Rexel USA
8239496.0,Wabtec Corporation
46074.0,Baptist Health Bethesda Hospital
68277511.0,Scott Humphrey Corporation
7064.0,Mercy
3715179.0,Pryor Associates Executive Search
4128.0,"Lowe's Companies, Inc."
10032.0,Children's Health
8950.0,SHI International Corp.
11266342.0,Trinity Health Of New England
30086.0,Palo Alto Networks
3081.0,Thermo Fisher Scientific
40884865.0,NASIC (National Air and Space Intelligence Center)
1841.0,Medtronic
9652.0,ITW
11229.0,Vaco
11208030.0,Dale WorkForce Solutions
2272022.0,Westside Family Healthcare
82807736.0,Roberts Agency - SFG/Quility
3176725.0,LVT (LiveView Technologies)
15855.0,Wellstar Health System
3677.0,Edward Jones
13626.0,Signet Jewelers
141230.0,Corporate Chefs
4453.0,"Ryder System, Inc."
49041.0,Five Below
225521.0,Muscular Dystrophy Association
35513655.0,Probably Genetic
307494.0,"Securitas Security Services USA, Inc."
947791.0,Madewell
89700093.0,"MRTechnosoft, Inc."
12727.0,Food Lion
617457.0,Zest Dental Solutions
318884.0,ARC Document Solutions
100564.0,"Estuate, Inc."
53345529.0,Liberty Healthcare and Rehabilitation Services
98047335.0,EO Solutions
72610772.0,Connected Health Care
2640.0,American Airlines
14352.0,Solomon Page
7589034.0,Kedrion Biopharma - USA
3865111.0,Motus Integrated Technologies
595749.0,EnergyHub
455186.0,"Badger Liquor Co., Inc."
11566.0,NFP
931863.0,The Ford Agency
1500854.0,Digital Brand Architects
7147.0,NYS Department of Transportation
86694680.0,Ascendion
34424.0,APR Consulting
78988388.0,VCloud Global
2926262.0,Music & Arts
7720.0,National General
89708691.0,Hyundai Motor Group Metaplant America (HMGMA)
2271.0,Starbucks
1357032.0,"Universal Field Services, Inc."
10235.0,HNTB
39249.0,MCC Label
4787.0,Apex Systems
15472.0,La Petite Academy
85708.0,The Children's Courtyard
228641.0,Harlem Village Academies
1696374.0,"Vehicle Service Group, A Dover Company"
1123.0,Bank of America
2649.0,University of Illinois Chicago
3671.0,H&R Block
2155.0,DuPont
3688.0,JCPenney
7952.0,Texas Health Resources
1211063.0,National Staffing Solutions
73013724.0,J. Galt
1002773.0,NAPA Auto Parts
157324.0,Randstad Digital Americas
133216.0,"Interra International, LLC."
7978015.0,The Golden Touch Group
369353.0,Calsoft Systems
8086.0,AMETEK
4411.0,DNV
13395274.0,Tekskills Inc.
1121618.0,"Klepper, Hahn & Hyatt"
1403.0,Booz Allen Hamilton
18466.0,Generac
1471368.0,Vacasa
146282.0,"Peckham, Inc."
101789992.0,Metric Geo
3178.0,JLL
39199.0,"Mercy Medical Center, Baltimore, MD"
200465.0,EXPRESS
76500049.0,Thrive Pet Healthcare
12446.0,Circle K
229396.0,iCST
242230.0,Enterprise Solutions Inc.
60588.0,Services for the UnderServed
14064.0,Builders FirstSource
795755.0,"RxSight, Inc."
1170014.0,Rise Technical
4128.0,"Lowe's Companies, Inc."
2934678.0,ApTask
4592.0,SKF Group
315817.0,Republic Services
18373097.0,Gem
71575605.0,FedEx Logistics
26322.0,TM Floyd & Company (TMF)
15656.0,AECOM
3681.0,Fluor Corporation
32924.0,GardaWorld
27099627.0,Chicken N Pickle
23254.0,Square One Resources
10851613.0,DDB Health New York
98396104.0,Randstad Digital
1339209.0,Topgolf
11777418.0,Bank OZK
65264.0,Sedona Staffing Services
15283.0,Molina Healthcare
265611.0,SchoolsFirst Federal Credit Union
3008545.0,"National Heart, Lung, and Blood Institute"
165303.0,Omnicell
225942.0,"Zeiders Enterprises, Inc."
12192.0,Safelite
964248.0,Gordian
18527534.0,Spectrum Recruiting Solutions
4477142.0,Ocean State Research Institute
899708.0,Keck Medicine of USC
1393899.0,Bloomberg Philanthropies
22456.0,Beacon Hill Staffing Group
64594777.0,Vericast
40894.0,Medix™
1683442.0,Lorven Technologies Inc.
28345.0,Convergint
2204084.0,Talentify.io
6451216.0,KEVIN.MURPHY
2252.0,Bath & Body Works
9964946.0,Lamb Weston
13948.0,Mozilla
15721.0,Extra Space Storage
1044.0,PwC
57553873.0,Thirsty Turtle Sea Grill
36769.0,Wesley Healthcare
6250.0,Baylor Scott & White Health
14191.0,Aéropostale
5095.0,Southern Company
47040.0,Mindlance
346403.0,Nice North America
162399.0,Alvarez & Marsal
166551.0,Tyson Foods
40894.0,Medix™
35428876.0,Wellpath
1103.0,Verizon
44226.0,EagleBank
25037501.0,Core & Main
70477313.0,Outpay
11818084.0,Elara Caring 
35870.0,Campaign for Tobacco-Free Kids
50861.0,Acro Service Corp
64782960.0,Data Center Interworks Inc
12770.0,UST
101354.0,Endeavor Real Estate Group
8234.0,Pactiv Evergreen Inc.
163069.0,City National Bank
3304.0,Bechtel Corporation
21313.0,Drury University
10425374.0,"Millennium Recruiting, Inc."
121711.0,RK
1910700.0,Gus Perdikakis Associates
3677.0,Edward Jones
167757.0,The Job Network
20573.0,Life Care Centers of America
10266947.0,Performance Foodservice
35504315.0,MercyOne
503757.0,"AmTrust Financial Services, Inc."
79098.0,Allied OneSource
11541.0,PVH Corp.
14377562.0,Diamondpick
27112895.0,Veritas Architecture + Design
89520.0,Caliber Collision
53345529.0,Liberty Healthcare and Rehabilitation Services
1663642.0,Materne North America - GoGo squeeZ
1384.0,Boeing
167757.0,The Job Network
1703.0,Comcast
35510404.0,"Industrial Air of South Texas, LLC"
10279761.0,GE Renewable Energy
1103.0,Verizon
204770.0,WM
40745219.0,L3Harris Technologies
226965.0,Net2Source Inc.
16690.0,Compunnel Inc.
3570660.0,City Lifestyle
634643.0,Klick
164664.0,Labcorp
67997480.0,Bluebird Staffing
19201476.0,RLDatix
1285000.0,Axelon Services Corporation
11430850.0,Reyes Coca-Cola Bottling
9223341.0,Planet Healthcare
61400.0,The Reserves Network
10425374.0,"Millennium Recruiting, Inc."
1042218.0,KIND
5553.0,ADM
148736.0,STAUBER
157353.0,Whole Foods Market
77831.0,Syndicatebleu
1539.0,Amdocs
2158708.0,Thriveworks
49041.0,Five Below
11075.0,Swissport
92969794.0,North^
10769.0,CHRISTUS Health
30727743.0,OpenLoop
14459.0,Clean Harbors
14133.0,Volvo Financial Services
157353.0,Whole Foods Market
38046.0,Reyes Holdings
8403.0,BJ's Wholesale Club
3223482.0,AssuredPartners
20009.0,Bimbo Bakeries USA
1419.0,Capital One
164880.0,Maxim Healthcare Staffing
114566.0,Diamond Personnel
2869053.0,Great Minds
37268793.0,Digitive
100451.0,Clearlink
5772.0,Turner Construction Company
4798.0,Hallmark Cards
73600.0,Commerce Bank
128888.0,"Riley Bennett Egloff, LLP®"
10035810.0,WestRock Company
11444741.0,Waystar
6592912.0,Pursuit
5128510.0,GPS Hospitality
11294318.0,AcctPositions
132598.0,JT Entertainment
26376.0,Sharp Decisions
4128.0,"Lowe's Companies, Inc."
7598403.0,"Tailored Brands, Inc."
3077586.0,Catapult Solutions Group
1028156.0,HireTalent - Diversity Staffing & Recruiting Firm
11260586.0,"Heartland Water Technology, Inc."
18281968.0,"K&A Engineering Consulting, P.C."
5235.0,LHH
22503.0,VolunteerMatch
761121.0,Aerostar (Aerostar International LLC)
1586.0,Amazon
329835.0,Taghleef Industries
2774458.0,Corcoran Sawyer Smith
1586.0,Amazon
25522.0,Ochsner Health
3379.0,Nordstrom
56766.0,SouthEast Alaska Regional Health Consortium (SEARHC)
2203697.0,Experis
856720.0,Spirit Halloween
4060.0,Cushman & Wakefield
1506196.0,Health Carousel Nursing & Allied Health
15205156.0,Zeektek
3534.0,Continental
15099749.0,University of South Carolina School of Medicine
1792.0,Stanford University
11056.0,Insight Global
1681.0,Robert Half
10510386.0,Revature
34674669.0,Hornblower Group
79098.0,Allied OneSource
558275.0,McMillan Pazdan Smith Architecture
2599965.0,APAIT a division of Special Service for Groups
51700827.0,Frasco® Profiles
232646.0,Interstate Equities Corporation
42876933.0,TalentOla
1602.0,Roche
3672940.0,"eTek IT Services, Inc."
3642491.0,Sunglass Hut
7709.0,"University of California, Riverside"
21611.0,ActionLink
163079.0,City of Hope
30823.0,The Fresh Market
91447303.0,Dexian
31534680.0,YourEliteMortgage
664795.0,"DigiDoc, Inc. dba Public Sector Solutions Group"
95036.0,Oportun
25019084.0,Aivres
1505.0,Raytheon
3706049.0,CareerStaff Unlimited
4128.0,"Lowe's Companies, Inc."
51664810.0,Theoria Medical
102146714.0,SimplyApply
76515231.0,University of Michigan Health-West
163883.0,Four Seasons Hotels and Resorts
428258.0,Audubon Companies
10638654.0,Ciena Healthcare
163139.0,Cogent Communications
826942.0,Residential Home Health and Residential Hospice
86694680.0,Ascendion
30599911.0,TECHSTAFF of AZ
163828.0,First Citizens Bank
8034.0,Life Time Inc.
603134.0,Uplift Education
263996.0,GableGotwals
33311292.0,CATHEXIS
5755.0,Penske Logistics
162828.0,Bunge
2662858.0,YWCA Evanston/North Shore
2367193.0,"Yorke Engineering, LLC"
2240.0,Juniper Networks
13805.0,Burns & Levinson LLP
163139.0,Cogent Communications
3831791.0,"Del-Air Heating, Air Conditioning, Plumbing and Electrical"
5352284.0,Technical Source
71303127.0,Storm4
11714.0,Freedom Mortgage
132861.0,KBI Biopharma
5240076.0,myGwork - LGBTQ+ Business Community
166209.0,Sutter Health
450279.0,Lee Kum Kee USA
202081.0,"Reliance One, Inc."
6043285.0,Fortune 500 Companies
252398.0,ICE
163494.0,DP World
307494.0,"Securitas Security Services USA, Inc."
5887.0,Motion Recruitment
2271.0,Starbucks
42379403.0,New Millenium Consulting
12727.0,Food Lion
2327.0,Randstad
708541.0,Boulder Weekly
64725439.0,"Atlanta Land Trust, Inc."
629227.0,Coca-Cola Consolidated
1372291.0,Aimic Inc
2263834.0,CONMED Corporation
5670.0,Kohler Co.
18652997.0,Productiv
2988.0,VMware
3498.0,Safeway
64630421.0,Munson Healthcare
3498.0,Safeway
252398.0,ICE
3815936.0,Synchrony
32478.0,Smithfield Foods
2640.0,American Airlines
65320905.0,N2S Healthcare Staffing Solutions LLC
276385.0,New York State Department of Health
11655.0,Open Systems Technologies
114566.0,Diamond Personnel
797399.0,"Lindabury, McCormick, Estabrook & Cooper, P.C."
1900.0,McKesson
6504.0,UT Southwestern Medical Center
18691.0,Legacy Health
1372314.0,Nando's PERi-PERi North America
413796.0,Synectics Inc.
19534.0,Atrium
163139.0,Cogent Communications
162750.0,BNY Mellon
49041.0,Five Below
201351.0,HTC Global Services
10485868.0,Vynca
5927.0,Flowserve Corporation
9201883.0,The Jonus Group
5926.0,University of Nebraska-Lincoln
10638654.0,Ciena Healthcare
67190926.0,CodeMonk
15226978.0,Ohio Living
12446.0,Circle K
4592.0,SKF Group
11056.0,Insight Global
79098.0,Allied OneSource
16733.0,Bass Pro Shops
801428.0,EF English First 
398606.0,"Rush Enterprises, Inc"
5770386.0,Directive
13550.0,CohnReznick LLP
7547.0,ECCO
19534.0,Atrium
3671.0,H&R Block
162238.0,ABM Industries
28053.0,Sanford Health
3042775.0,Mondo
2649.0,University of Illinois Chicago
1339209.0,Topgolf
12534.0,Cracker Barrel
17419.0,JPS Health Network
3671.0,H&R Block
23375.0,Kettering Health
6234.0,Schwan's Company
66730756.0,Sidebar
33216895.0,Everise
15252329.0,Nikola Corporation
2300.0,Macy's
696534.0,V2Soft
4297.0,UVA Health
5674.0,Cooper University Health Care
13655403.0,Softcom Systems Inc
6642867.0,Supreme Staffing 
32924.0,GardaWorld
96180361.0,"Bridgestone Retail Operations, LLC"
35647080.0,Staples Stores
15451728.0,Zips Car Wash LLC
27343.0,TYLin
16690.0,Compunnel Inc.
10604245.0,"AppLab Systems, Inc"
24440.0,Collabera
14430.0,Papa Johns
6104.0,NYU Langone Health
1125021.0,AleSmith Brewing Company
12446.0,Circle K
573158.0,Conifer Realty
3029525.0,Oak Street Health
570420.0,NextGen | GTA: A Kelly Telecom Company
18425303.0,Spectrum
10696913.0,Allied Universal
414097.0,"Falcon Realty Advisors, LLC"
13074.0,MultiCare Health System
3706049.0,CareerStaff Unlimited
4334.0,Baker Hughes
1908498.0,PT Solutions Physical Therapy
163787.0,Ferguson 
2059.0,TE Connectivity
1403634.0,Ateeca Inc
922983.0,Cantex
1768090.0,Perry Homes
3558550.0,Ojo Spa Resorts
14430.0,Papa Johns
11448.0,Citi
6250.0,Baylor Scott & White Health
24211.0,Sterling Engineering
2251.0,Victoria’s Secret & Co.
10638654.0,Ciena Healthcare
3770.0,University of Colorado
28790537.0,RainStick
1468.0,SLB
108354.0,Spotlight 29 Casino
15257953.0,Trundl - Atlassian Platinum Solution Partner
250671.0,Balchem Corporation
101478385.0,A Hiring Company
153026.0,"Hire Technologies, Inc."
1235.0,Wells Fargo
53448539.0,Creekside Behavioral Health
40018.0,Blue Origin
1235.0,Wells Fargo
165944.0,Sherwin-Williams
225942.0,"Zeiders Enterprises, Inc."
10369709.0,Coastal Ridge Real Estate
122451.0,"TalentBurst, an Inc 5000 company"
16198010.0,DXC Technology
9645.0,Benjamin Moore
13316106.0,"TechGroup America ""TGA"" - A Software Development, Data Analytics and Digital IT Solutions Enterprise"
1408094.0,"ADB Companies, LLC"
7099708.0,"Team Builders Recruiting and Consulting, LLC"
73013724.0,J. Galt
5352294.0,Raas Infotek
281315.0,NPAworldwide
1750100.0,Brilliant Earth
27210075.0,626
73013724.0,J. Galt
9246095.0,Tacos 4 Life Grill
166209.0,Sutter Health
78288022.0,PRIME
4501.0,USAA
13194554.0,Avtech Solutions Inc
758538.0,Builders
18090.0,Jefferson County Public Schools
3904651.0,Regents Academy
424124.0,BioSpace
1681.0,Robert Half
24448.0,America First Credit Union
9956.0,"RealPage, Inc."
334135.0,Great Expressions Dental Centers
85833.0,Sonesta Hotels
6849.0,Dice
157353.0,Whole Foods Market
90396.0,Diverse Lynx
3029.0,UCSF Health
2203697.0,Experis
11695727.0,Collins Aerospace
607957.0,Siemens Energy
2467378.0,Symbotic
1570328.0,Demant
73013724.0,J. Galt
457885.0,MedPro Healthcare Staffing
1382.0,Goldman Sachs
307079.0,INNOCEAN USA
22534.0,Marvin
5034592.0,Center for Social Dynamics
4057.0,IQVIA
82537206.0,Tenazx Inc
44072.0,CentiMark Corporation
1312123.0,The GRA Group
3282.0,Stryker
31415785.0,SK pharmteco
488281.0,Mitchell Martin Inc.
4890.0,University of Utah Health
10592585.0,Ledgent Technology
2263834.0,CONMED Corporation
2937169.0,"Larry White Associates, Inc."
2499560.0,Incedo Inc.
232557.0,VT Group (VTG)
246435.0,Aureus Medical Group
167757.0,The Job Network
297607.0,American Traveler
7556.0,Sam's Club
164535.0,JetBlue
49041.0,Five Below
4128.0,"Lowe's Companies, Inc."
40687781.0,BioLife Plasma Services
15656.0,AECOM
11498706.0,Custom Truck One Source
79830368.0,Qualitative Financials
2715192.0,Cash Store
17226.0,UniFirst Corporation
4529.0,Houston Methodist
209610.0,The Mosaic Company
10147.0,Famous Footwear
3043691.0,HackerOne
27018.0,Mark Anthony Group
458639.0,Tarter Farm and Ranch Equipment
45153.0,Evergreen Goodwill of Northwest Washington
8663.0,The Port Authority of New York & New Jersey
1768093.0,WVU Hospitals — Ruby Memorial Hospital
1038.0,Deloitte
3749050.0,matzoball.org
585331.0,Sono Bello
80642851.0,Map Design Studio
51586544.0,MUSC Health
4787.0,Apex Systems
37269899.0,Paradigm Oral Health
17967951.0,Anacapa Architecture
48024.0,Zachry Group
53345529.0,Liberty Healthcare and Rehabilitation Services
9025.0,Clark County School District
136203.0,Droisys
167757.0,The Job Network
66407.0,Zolon Tech Inc.
9089.0,World Wide Technology
10510386.0,Revature
10425374.0,"Millennium Recruiting, Inc."
10638654.0,Ciena Healthcare
3029.0,UCSF Health
103384672.0,"NexGen Contracting, A Gray Company"
79992870.0,Bemba
7658.0,"Vistage Worldwide, Inc."
82802944.0,Heritage Grocers Group
76200767.0,ODP Business Solutions
79098.0,Allied OneSource
134078.0,PGA TOUR Superstore
90704358.0,Blue Wolf Transformations
8878.0,Imerys
89306.0,"Church Mutual Insurance Company, S.I."
10041063.0,SMART Golf & Fitness Instruction
157353.0,Whole Foods Market
893807.0,WRS - Worldwide Recruitment Solutions
3625.0,Cummins Inc.
2018812.0,Bluebird Network
7973087.0,TEK Inspirations LLC
1726253.0,"Momentum Search Partners, Legal Search and Staffing"
3605891.0,East 57th Street Partners
5240076.0,myGwork - LGBTQ+ Business Community
6234.0,Schwan's Company
96139831.0,DataAnnotation
166671.0,University of South Florida
63164.0,Donatech Corporation
3128.0,FIS
24440.0,Collabera
15256846.0,FirstKey Homes
155525.0,"SKA Consulting Engineers, Inc."
167757.0,The Job Network
3175.0,Ingersoll Rand
766058.0,Acadia Healthcare
117700.0,Findorff
11420962.0,Nutrien
81899221.0,Waylin Partners
14809480.0,Los Angeles Room & Board
11794042.0,Robertson Stephens
14580505.0,Janie and Jack
1511.0,Mondelēz International
2012779.0,Flexton Inc.
21836.0,CyberCoders
163161.0,CMC
237658.0,Iris Software Inc.
40824859.0,MoneyWellth
73013724.0,J. Galt
10673871.0,Wizehire
163983.0,GLG
17937.0,24 Seven Talent
2300.0,Macy's
2219.0,"KBR, Inc."
424803.0,Blue Cross & Blue Shield of Rhode Island
457885.0,MedPro Healthcare Staffing
2090179.0,The Greater Sarasota Chamber of Commerce
162901.0,CarMax
164451.0,UnityPoint Health
2908367.0,gpac
164880.0,Maxim Healthcare Staffing
3620109.0,Satair
2372885.0,Xylem
96139831.0,DataAnnotation
233972.0,Hospice of the Western Reserve
8031.0,Mount Sinai Health System
39065.0,Freese and Nichols
4787.0,Apex Systems
307494.0,"Securitas Security Services USA, Inc."
62178429.0,KIPP KANSAS CITY
24770912.0,ALDI USA
1767.0,State Street
50861.0,Acro Service Corp
12446.0,Circle K
16094732.0,Nebraska Hoist & Crane
7795.0,Petco
7795.0,Petco
93242062.0,Publicis Digital Experience
3180238.0,McLaren Health Care
2845760.0,The ExeQfind Group
23379.0,Penn Medicine Lancaster General Health
259589.0,"IDR, Inc."
7783.0,"NVR, Inc."
3545223.0,Fuse3 Solutions
210372.0,North Pacific Management Inc.
10255.0,Pep Boys
12667.0,Uline
90551435.0,Confidencial
17226.0,UniFirst Corporation
102146714.0,SimplyApply
64314.0,Kloeckner Metals - Americas
7556.0,Sam's Club
164133.0,Havas Media Network
540808.0,Plymouth Rock Assurance
469487.0,Cirrus
4674.0,Exelon
35647080.0,Staples Stores
55381.0,Floor & Decor
1927783.0,Career Path Services
16940.0,Grifols
21836.0,CyberCoders
36001.0,Ent Credit Union
80069.0,Arista Networks
152765.0,"Datasoft Technologies, Inc."
166671.0,University of South Florida
2985733.0,Aditi Consulting
162255.0,R1 RCM
3815936.0,Synchrony
56203612.0,WRIGHT CITY R-II SCHOOL DISTRICT
17394.0,CoWorx Staffing Services
1627284.0,Focus Staff
2775.0,TD
34218836.0,Aya Locums
1680.0,Cognizant
102146714.0,SimplyApply
1185.0,Pfizer
21337.0,NYC Health + Hospitals
21667.0,Eckerd Connects
2302172.0,Enterprise Peak
167757.0,The Job Network
37061987.0,Grow Therapy
4870269.0,Geopaq Logic Inc
4257.0,Humana
9499.0,Belk
102146714.0,SimplyApply
10109554.0,"Lightwave Logic, Inc."
1227813.0,Airswift
20573.0,Life Care Centers of America
73013724.0,J. Galt
1844927.0,Network Craze Technologies
3493.0,Conagra Brands
10276896.0,"UbiQD, Inc."
5415008.0,"BlueScope Buildings North America, Inc."
315817.0,Republic Services
13626.0,Signet Jewelers
69819011.0,Lion Search Group
75103905.0,Samson Rose
106584.0,Selby Jennings
2137.0,Pearson
3029525.0,Oak Street Health
4389.0,Coloplast
969826.0,Shady Grove Fertility
27573.0,Methodist Health System
164880.0,Maxim Healthcare Staffing
6849.0,Dice
11818084.0,Elara Caring 
164098.0,Gwinnett County Public Schools
743757.0,Optinose
1002773.0,NAPA Auto Parts
1658.0,Boston Children's Hospital
53802.0,"Treeline, Inc."
17628.0,Kainos
62986252.0,American Foreign Service Protective Association
18613.0,Dollar Tree Stores
7412.0,AutoZone
86365742.0,RemoteWorker US
3175.0,Ingersoll Rand
271171.0,Lewis Brisbois
56585682.0,"A MATTER OF SIGHT, LLC"
54814820.0,Barcadia Bar & Grill
941454.0,Saint Michael's Medical Center
5770386.0,Directive
1339209.0,Topgolf
1680.0,Cognizant
204770.0,WM
15034.0,Kimpton Hotels & Restaurants
10425374.0,"Millennium Recruiting, Inc."
53345529.0,Liberty Healthcare and Rehabilitation Services
8636.0,University of the Pacific
16120.0,AAK
53107478.0,Affinity Recruiting & Consulting
2311.0,Marriott International
2300.0,Macy's
164159.0,H-E-B
3969173.0,Bearpath Golf and Country Club
1051903.0,Natera
3626.0,HCA Healthcare
1586.0,Amazon
21269.0,Redfin
64863800.0,Sapphire Software Solutions Inc
5262434.0,Axle
3175.0,Ingersoll Rand
10592585.0,Ledgent Technology
2219.0,"KBR, Inc."
46000.0,Aspen Dental
1135248.0,Mermet USA
74491056.0,RAYUS Radiology
41549.0,United Site Services
269397.0,NextEra Energy Resources
7253.0,Mott MacDonald
7926885.0,PGIM
8024.0,State of Missouri
30755.0,Tillys
713845.0,Harmony Public Schools
30498.0,Claire's
2779632.0,Mondi Group
9170.0,GAF
46763.0,Great Dane
1550114.0,Hebrew SeniorLife
21667.0,Eckerd Connects
11869260.0,Retool
2300.0,Macy's
1122072.0,CBTS
4027798.0,Lehigh Regional Medical Center
2985733.0,Aditi Consulting
3521798.0,St. Peter's Health Partners
21836.0,CyberCoders
1063313.0,"Furniture Enterprises of Alaska, Inc."
2041.0,Aon
7795.0,Petco
77923.0,Storage Solutions
162563.0,Asurion
7800262.0,Veta Health
30498.0,Claire's
162828.0,Bunge
166209.0,Sutter Health
3652928.0,"Platinum Enterprise Solutions, Inc."
10284360.0,Consonus Healthcare
1207.0,Johnson & Johnson
833913.0,WSLS 10
80774766.0,AgeRight Care at Home
80069.0,Arista Networks
34895126.0,GENESYS Health Alliance
3936135.0,Montessori Unlimited
14699670.0,Amtex Systems Inc.
14796450.0,PrideNow
86412842.0,Educationista Abroad
5240076.0,myGwork - LGBTQ+ Business Community
4713.0,Ecolab
15034.0,Kimpton Hotels & Restaurants
163494.0,DP World
72483.0,Aimbridge Hospitality
10425374.0,"Millennium Recruiting, Inc."
1900.0,McKesson
53345529.0,Liberty Healthcare and Rehabilitation Services
89662554.0,NC Department of Adult Correction
1771432.0,Motorola Solutions
17069.0,INTEGRIS Health
80829889.0,Invited
8471.0,National Car Rental
15248569.0,Yale University
100767138.0,K&K Global Talent Solutions Inc.
7466.0,GM Financial
164848.0,Maricopa County
4018188.0,Bank of Idaho
4123.0,"Williams-Sonoma, Inc."
18613.0,Dollar Tree Stores
11240.0,"Burlington Stores, Inc."
2710878.0,Pushpay
3770145.0,Veritas Steel LLC
10147.0,Famous Footwear
1815218.0,Uber
458381.0,FOX Rehabilitation
4898.0,Parsons Corporation
39673.0,Sweetwater
96369166.0,The ENT Center of Central GA
74870236.0,BigBear.ai
1419.0,Capital One
6849.0,Dice
2497653.0,CrowdStrike
9185.0,Advance Auto Parts
7064.0,Mercy
10249.0,Konecranes
166572.0,Ulta Beauty
483961.0,Techtronic Industries - TTI
107817.0,Freeman Company
5242205.0,Mainstay Medical
1066442.0,Datadog
3029.0,UCSF Health
22503.0,VolunteerMatch
10366520.0,SiteOne Landscape Supply
95716689.0,ODNR - Division of Forestry
3858302.0,HopSkipDrive
3672.0,CACI International Inc
11554148.0,Book+Street
123696.0,University Club of Chicago
5242206.0,SouthState Bank
53345529.0,Liberty Healthcare and Rehabilitation Services
10974065.0,Carex Consulting Group
10883.0,David's Bridal
29372352.0,Access Limited 
10356220.0,SPAR Information Systems LLC
3256.0,Aegon
8306.0,Charles River Laboratories
77610.0,Tech One IT
21337.0,NYC Health + Hospitals
15161148.0,Illinois Department of Innovation & Technology (DoIT)
17069.0,INTEGRIS Health
8944.0,Premier Health Partners
3677.0,Edward Jones
3308308.0,Rocket Lab
2684737.0,Plaid
3220813.0,Pediatrix Medical Group
10883.0,David's Bridal
11688760.0,Brinks Home
2934.0,S&P Global
2951523.0,Patient-Centered Outcomes Research Institute (PCORI)
4128.0,"Lowe's Companies, Inc."
36092044.0,Equitable
6233.0,Thrivent
18270206.0,TAL Building Centers
8274.0,New Balance
21836.0,CyberCoders
16196509.0,IMEG
65909538.0,Inclusively
3296572.0,Carroll Engineering Corporation
164798.0,M&T Bank
78412.0,The Midtown Group
47664328.0,Lumen Technologies
68168113.0,Equus Workforce Solutions
2213829.0,Pride Health
10318892.0,Trustbridge
220336.0,Hyatt Hotels Corporation
19256.0,Prestige Staffing
5667.0,LyondellBasell
73013724.0,J. Galt
101766032.0,XL Concrete Masonry
6104.0,NYU Langone Health
63086.0,DynPro Inc.
24778.0,Guckenheimer
6915.0,The Depository Trust & Clearing Corporation (DTCC)
54358.0,C&H Sugar
3086317.0,Pathful Inc.
4592.0,SKF Group
2615835.0,Piper Companies
4257.0,Humana
9264236.0,Ajulia Executive Search
42134.0,Visionworks of America
642341.0,"Consumer Cellular, Inc."
8011.0,Entrust
53348.0,"The Andersons, Inc."
14034738.0,Nuvance Health
7916.0,International Rescue Committee
74885112.0,Tampa Connections
2078.0,Gartner
164664.0,Labcorp
846385.0,USmax Corporation
2396310.0,Randstad USA
97718.0,American Direct Marketing Resources
76452487.0,Aladdin Campus Dining
7466.0,GM Financial
74985.0,Goodwin Recruiting
7099708.0,"Team Builders Recruiting and Consulting, LLC"
1900.0,McKesson
67997480.0,Bluebird Staffing
282692.0,InfoVision Inc.
101573.0,"Defibtech, LLC"
9237.0,Fairview Health Services
18610418.0,GIG USA
1286891.0,W3Global
3009879.0,Vertisystem
163068.0,CITY Furniture
3863363.0,Red Lobster
33091694.0,"Lawyers for Justice, PC"
2505701.0,SYCN Auto Logistics
9185.0,Advance Auto Parts
164808.0,Madison Square Garden Entertainment Corp.
3175.0,Ingersoll Rand
77766705.0,Live it Up
47867.0,"Sullair, LLC"
16031.0,SmithGroup
7598403.0,"Tailored Brands, Inc."
164113.0,"Hanger, Inc."
856720.0,Spirit Halloween
100924904.0,Halcomb Companies
2740813.0,🚀YOCHANA
1372291.0,Aimic Inc
81753049.0,Onyx Health Care Staffing LLC.
340062.0,"Goodwill Industries of Southeastern Wisconsin, Inc."
80829889.0,Invited
37486.0,Greystar
18305024.0,CodePath
18860134.0,Jobot
14790337.0,California Department of Forestry and Fire Protection (CAL FIRE)
215645.0,UNLEADED
68582692.0,TrueCare
9254907.0,Crash Champions
5045.0,Cintas
20700.0,Lucky Brand
81527214.0,Elevance Health
96083144.0,Bullet Sponge Creative
164880.0,Maxim Healthcare Staffing
3171.0,The Ohio State University Wexner Medical Center
4787.0,Apex Systems
16279.0,Party City
35667348.0,La La Land Kind Cafe
48024.0,Zachry Group
1123.0,Bank of America
21337.0,NYC Health + Hospitals
18043.0,Addison Group
166551.0,Tyson Foods
81753049.0,Onyx Health Care Staffing LLC.
1103.0,Verizon
3220813.0,Pediatrix Medical Group
8853.0,ARA
12192.0,Safelite
80840817.0,Riverwalk Post-Acute
18613.0,Dollar Tree Stores
14632005.0,Intellectt Inc
73708.0,CentraState Healthcare System
2152.0,TEKsystems
54358.0,C&H Sugar
4297.0,UVA Health
14073562.0,Boldly Premium Executive Assistants
10485992.0,GForce Life Sciences
106584.0,Selby Jennings
9293417.0,Terra
1375914.0,Hargrove Engineers & Constructors
6061.0,Advantage Technical
27127.0,Remington Hospitality
35504.0,VCA Animal Hospitals
7550.0,"Itron, Inc."
37269899.0,Paradigm Oral Health
207595.0,Info Services
9211944.0,E-IT
42760923.0,DSD Recruitment
69502296.0,Enel North America
1419.0,Capital One
3714038.0,"Magellan Financial & Insurance Services, Inc."
9211.0,Indiana University Health
581027.0,"Varsity Tutors, a Nerdy Company"
18135286.0,Custom Brands Group
165602.0,"Pyramid Consulting, Inc"
213743.0,AVI-SPL
10619522.0,Precision Medicine Group
456859.0,Celebrity Cruises
3003740.0,Spectra360
3460.0,UPMC
226965.0,Net2Source Inc.
76541226.0,Lexington Independents
7099708.0,"Team Builders Recruiting and Consulting, LLC"
2152.0,TEKsystems
162238.0,ABM Industries
32705.0,RealManage Family of Brands
373568.0,Career Group
17947566.0,Autism Learning Partners
10540544.0,Masis Professional Group
18399252.0,The Crypto Lawyers
65647.0,The Fountain Group
690568.0,"Equity LifeStyle Properties, Inc."
2775.0,TD
4099.0,University of Wisconsin-Madison
5724.0,Ball Corporation
9070.0,Airgas
1668.0,FedEx Ground
16210058.0,CirrusLabs
3495423.0,"Patterson Companies, Inc."
13345578.0,Centraprise
1007957.0,ClearanceJobs
11695727.0,Collins Aerospace
540808.0,Plymouth Rock Assurance
42434665.0,Summit Fire & Security
76214865.0,Apex Placement & Consulting
104869.0,Long Ridge Partners
2381.0,State Farm
6915.0,The Depository Trust & Clearing Corporation (DTCC)
5461.0,ManTech
33125878.0,"Veridian Tech Solutions, Inc."
164414.0,Intermountain Health
856720.0,Spirit Halloween
34964.0,Frazier & Deeter
2152.0,TEKsystems
90985.0,HydraForce Inc. 
18466.0,Generac
74985.0,Goodwin Recruiting
602239.0,Signature HealthCARE
1828.0,NBCUniversal
39838.0,"Vector Consulting, Inc"
12727.0,Food Lion
2203697.0,Experis
35584944.0,Elevate Care
265611.0,SchoolsFirst Federal Credit Union
27606163.0,ML OUTSOURCING SERVICES PRIVATE LIMITED
3055.0,Accor
890145.0,VDart
9496229.0,Amiga Informatics
99041776.0,Empire State Warranty LLC
3411.0,Georgia-Pacific LLC
14865971.0,VXForward
10178.0,NOVA Chemicals
13331595.0,Quantum World Technologies Inc.
5509.0,FTI Consulting
13331595.0,Quantum World Technologies Inc.
4128.0,"Lowe's Companies, Inc."
4128.0,"Lowe's Companies, Inc."
9977.0,Milestone Systems
14303.0,Academy Sports + Outdoors
3175.0,Ingersoll Rand
32469.0,St. Elizabeth Healthcare
2396310.0,Randstad USA
3029.0,UCSF Health
17877112.0,Banyan Health Systems
164414.0,Intermountain Health
87467766.0,FUSTIS LLC
5670.0,Kohler Co.
22582874.0,Argano
99055860.0,PAM Health Rehabilitation Hospital of Greeley
33229863.0,TrulyHired
165034.0,Moog Inc.
15728183.0,Corpus Christi Medical Center
897906.0,Petaluma Health Center
6062532.0,CHRISTUS St Frances Cabrini
165472.0,Pilot Flying J
1273097.0,Oil and Gas Job Search Ltd
37486.0,Greystar
11229.0,Vaco
163139.0,Cogent Communications
46954.0,Igloo Products Corp.
479415.0,POAH Communities
16710.0,Ferrellgas
7413.0,Boston Medical Center (BMC)
756621.0,SRS Distribution Inc.
13542.0,Greif
79560.0,Bob's Discount Furniture
5307136.0,Ensemble Health Partners
31487448.0,Quess IT Staffing
2312083.0,Manpower
6756178.0,Saint Joseph Mercy Health System
17719.0,Workday
226965.0,Net2Source Inc.
18476.0,Brooksource
202846.0,"Freed Maxick CPAs, P.C."
11229.0,Vaco
63056.0,Elliott Davis
2454.0,Oliver Wyman
20788.0,Dallas Mavericks
22503.0,VolunteerMatch
1353.0,Tata Consultancy Services
82859598.0,"J8 Security, LLC"
21945.0,Hearth & Home Technologies
18394014.0,Corteva Agriscience
7158.0,Fred Hutch
1307.0,Fidelity Investments
40653883.0,Orlando Credit Union
2219.0,"KBR, Inc."
2474662.0,Planet Pharma
10209308.0,United Sports Brands
1403.0,Booz Allen Hamilton
30727743.0,OpenLoop
7795.0,Petco
445193.0,MRO
156075.0,Wicker Smith
14966.0,Hannaford Supermarkets
3286848.0,ARCO National Construction Company
6849.0,Dice
2152.0,TEKsystems
2152.0,TEKsystems
3081.0,Thermo Fisher Scientific
1079.0,KPMG US
2059.0,TE Connectivity
5107.0,Lam Research
18337.0,Gallagher Bassett
9391120.0,XL Pro Staffing and Consulting Group
11963.0,Epiq
24770912.0,ALDI USA
291168.0,Elevation Marketing
11240.0,"Burlington Stores, Inc."
74722887.0,"IVA'AL Solutions, LLC"
8731.0,City of Fort Worth
28638555.0,Trulieve
726206.0,The New York Foundling
47040.0,Mindlance
4960.0,AMERICAN EAGLE OUTFITTERS INC.
34218836.0,Aya Locums
3342.0,Kaplan
307494.0,"Securitas Security Services USA, Inc."
3531884.0,NantHealth
3706049.0,CareerStaff Unlimited
91447303.0,Dexian
12254.0,"MedImpact Healthcare Systems, Inc."
93254.0,MyMichigan Health
13299.0,TransPerfect
39540.0,R+L Carriers
167757.0,The Job Network
4453.0,"Ryder System, Inc."
39249.0,MCC Label
5887.0,Motion Recruitment
4296.0,DISH Network
726206.0,The New York Foundling
225942.0,"Zeiders Enterprises, Inc."
2640.0,American Airlines
20282677.0,Cloud Destinations
24999272.0,OU Health
166551.0,Tyson Foods
3653.0,Lenovo
3915.0,The Goodyear Tire & Rubber Company
14352.0,Solomon Page
100936641.0,University of Michigan Health-Sparrow
11056.0,Insight Global
9217515.0,The Seat Shop
1363642.0,Florim USA
19076380.0,Diamond Peak Recruiting
15135046.0,Unitech Training Academy-Lafayette
5118334.0,"Search Masters, Inc."
12192.0,Safelite
858214.0,AdventHealth
14840050.0,Truist
1038.0,Deloitte
22456.0,Beacon Hill Staffing Group
250671.0,Balchem Corporation
61677.0,eTeam
13214.0,Modine Manufacturing Company
5749.0,Kohl's
1742506.0,INSPYR Solutions
40056.0,ATI Physical Therapy
4714.0,Pacific Northwest National Laboratory
77324407.0,Alias Intelligence
166671.0,University of South Florida
10035810.0,WestRock Company
1038.0,Deloitte
815009.0,Infojini Inc
71904349.0,Actalent
720051.0,ESI Inc. of Tennessee
101478385.0,A Hiring Company
94885672.0,Chattanooga Veterinary Center
5049917.0,"TechnoGen, Inc."
1403.0,Booz Allen Hamilton
1657063.0,Atkore
25856.0,Tradesmen International
10419224.0,"TEK Electronics, LLC"
28624819.0,PlanStreet Inc.
101478385.0,A Hiring Company
82315716.0,GE Vernova
1103.0,Verizon
2700167.0,"Capstone Logistics, LLC"
49041.0,Five Below
10425374.0,"Millennium Recruiting, Inc."
16690.0,Compunnel Inc.
1946139.0,Hawaii State Department of Education
6646428.0,TalentZök
1646245.0,The Tile Shop
34964.0,Frazier & Deeter
5970395.0,Ravago Manufacturing Americas
947791.0,Madewell
164664.0,Labcorp
10653459.0,CEMEX USA
11158088.0,EAB
164664.0,Labcorp
485407.0,The Learning Experience
10267286.0,"Take2 Consulting, LLC"
11056.0,Insight Global
3796.0,AllianceBernstein
46119.0,Charter Global
1506196.0,Health Carousel Nursing & Allied Health
8736.0,Bill & Melinda Gates Foundation
13637042.0,USCTEK - Recruiting & Staffing
296008.0,CareLink Community Support Services
413796.0,Synectics Inc.
7007487.0,The Pavilion at Williamsburg Place
73708.0,CentraState Healthcare System
3081.0,Thermo Fisher Scientific
30835.0,Steritech
162399.0,Alvarez & Marsal
166714.0,US Foods
18062.0,The Container Store
9185.0,Advance Auto Parts
20573.0,Life Care Centers of America
713845.0,Harmony Public Schools
265869.0,Trinity Health
165110.0,National Park Service
967220.0,Tactile Medical
23431103.0,Rock Events
18293159.0,Anduril Industries
73013724.0,J. Galt
2564992.0,Park Hyatt
53015.0,Saint Agnes Medical Center
3175.0,Ingersoll Rand
20573.0,Life Care Centers of America
165938.0,Sharp HealthCare
12667.0,Uline
11022681.0,Capital Health (US)
79098.0,Allied OneSource
162536.0,Arvest Bank
34821.0,Elwyn
77301.0,Raising Cane's Chicken Fingers
1719894.0,Rocket EMS
2379156.0,Energy Jobline
10387626.0,Adient
165464.0,Photon
1511.0,Mondelēz International
7684.0,SS&C Technologies
76171420.0,Hitachi Energy
18043.0,Addison Group
12727.0,Food Lion
64618994.0,Patton Labs Inc
9402.0,"Medline Industries, LP"
118127.0,"MASS Precision, Inc."
53345529.0,Liberty Healthcare and Rehabilitation Services
1013189.0,"Toledo Engineering Co., Inc."
20300.0,Sandy Spring Bank
80430974.0,"Erickson Demel & Associates, PLLC"
1586.0,Amazon
4860800.0,Design Pickle
457885.0,MedPro Healthcare Staffing
1063.0,Cisco
26315.0,Spencer's
63496570.0,"Sensys Gatso USA, Inc."
10854741.0,Airfinity Ltd
10906316.0,Pinheads
71904349.0,Actalent
22503.0,VolunteerMatch
1946139.0,Hawaii State Department of Education
9956.0,"RealPage, Inc."
35495217.0,Primary Talent Partners
24046.0,Edgewood College
2341258.0,Consumer Direct Care Network
3214.0,"Mattel, Inc."
6459955.0,Talent Acquisitions Group Inc - Executive Search Firm
1483.0,Ford Motor Company
34674669.0,Hornblower Group
7412.0,AutoZone
1792.0,Stanford University
11552333.0,Catalyst Nutraceuticals
80753330.0,Dotdash Meredith
58556.0,Cleveland-Cliffs
11430850.0,Reyes Coca-Cola Bottling
70874158.0,Planet Professional
1016.0,GE HealthCare
1235.0,Wells Fargo
24833.0,City of Pittsburgh
3845.0,Swiss Re
17995.0,Schreiber Foods
61400.0,The Reserves Network
35530106.0,SCOUT Solutions
316247.0,All Lines Technology
28345.0,Convergint
52642826.0,HCA Florida Lawnwood Hospital
2746866.0,Seismic
33260191.0,M2G Ventures
449672.0,Essential Data Corporation
315817.0,Republic Services
3029525.0,Oak Street Health
89877420.0,V2X Inc
92637104.0,InzpireU
416904.0,Equity Staffing Group
3867019.0,Scorebird
91447303.0,Dexian
3216326.0,Jersey College
307513.0,Compass Group USA
56082178.0,"SLATE PR, LLC"
76251470.0,Included Health
163440.0,DHI Mortgage
11007.0,The J.M. Smucker Co.
80829889.0,Invited
5790.0,Louis Vuitton
2251.0,Victoria’s Secret & Co.
366025.0,Metropolitan Transportation Authority
1235.0,Wells Fargo
2152.0,TEKsystems
6849.0,Dice
4529.0,Houston Methodist
7650.0,University of Louisville
35647080.0,Staples Stores
1472.0,General Motors
3476.0,Michael Page
157359.0,Black & Veatch
1471368.0,Vacasa
11229.0,Vaco
688958.0,Commonwealth of Pennsylvania
3554649.0,Quote.com
8034.0,Life Time Inc.
42857124.0,Eximius Writing Services
808034.0,Aya Healthcare
67331111.0,CloudIngest
31880.0,Imagine Learning
5235.0,LHH
137349.0,Career Search International
13333.0,Ledgent
163139.0,Cogent Communications
19337.0,Morehouse School of Medicine
120078.0,"PMX Industries, Inc."
2934678.0,ApTask
18409.0,Destination by Hyatt
7962426.0,Intellibee Inc
67572051.0,ACL Digital
550969.0,Maryville Academy
143796.0,Godshall Recruiting
7312936.0,Nalbach Engineering
18836111.0,The Xela Group
11818084.0,Elara Caring 
3654671.0,Place Services Inc.
8359.0,The Guitar Center Company
10418607.0,Alchemy Techsol
3175.0,Ingersoll Rand
427378.0,Nordic Naturals
34704.0,Crothall Healthcare
37486.0,Greystar
3077586.0,Catapult Solutions Group
1419.0,Capital One
1363642.0,Florim USA
163920.0,Future
10659218.0,OrganOx
11358.0,Children's National Hospital
4257.0,Humana
1389.0,bp
14258.0,Wiley Rein LLP
3570.0,Arrow Electronics
92750.0,NFI
4798.0,Hallmark Cards
57100978.0,Eating Disorder Center of Montana
19328.0,NeighborWorks America
166209.0,Sutter Health
102146714.0,SimplyApply
881424.0,Good Feet Worldwide
8221.0,Equinix
53345529.0,Liberty Healthcare and Rehabilitation Services
106755.0,Human Resource Dimensions
165472.0,Pilot Flying J
1040010.0,Active Minerals International
1293591.0,Airxchange
1364228.0,KAnand Corporation
7413.0,Boston Medical Center (BMC)
14378285.0,"SBase Technologies, Inc."
53345529.0,Liberty Healthcare and Rehabilitation Services
3715179.0,Pryor Associates Executive Search
10106.0,CSC
10366520.0,SiteOne Landscape Supply
165464.0,Photon
34616.0,Avesta Computer Services
2252.0,Bath & Body Works
1841.0,Medtronic
4128.0,"Lowe's Companies, Inc."
164989.0,Milwaukee Tool
3498.0,Safeway
33520.0,St. Louis Arc
1881.0,"BAE Systems, Inc."
6994834.0,FORVIS
1258653.0,TELUS International
9254907.0,Crash Champions
234625.0,Zscaler
6250.0,Baylor Scott & White Health
515240.0,"Fori Automation, LLC A Lincoln Electric Company"
2731814.0,Aparium Hotel Group
16182.0,Northside Hospital
81886402.0,CenterWell Home Health
718195.0,Jacoby & Meyers Attorneys LLP
1353018.0,Zimmermann
260387.0,Worldpay
18476.0,Brooksource
61854.0,Advocates
19511.0,Museum of Pop Culture (MoPOP)
5153.0,Vestcom
10051.0,Eversource Energy
5101150.0,WellNow Urgent Care
33295877.0,EVERSANA
97036666.0,PAM Health Specialty Hospital of Las Vegas
116999.0,LMTS
74870236.0,BigBear.ai
3787845.0,Kraken Digital Asset Exchange
14822.0,Scripps Health
25522.0,Ochsner Health
7650.0,University of Louisville
362246.0,SingerLewak LLP
9185.0,Advance Auto Parts
2204084.0,Talentify.io
45510.0,Turner Duckworth
824370.0,F.E. Moran Group of Companies
10883.0,David's Bridal
12770.0,UST
3753860.0,California Department of Health Care Services
2183652.0,Confidential
1384.0,Boeing
3304.0,Bechtel Corporation
74040923.0,First Derivative
1387626.0,RPM Living
18379197.0,Pennsylvania Recreation & Park Society
167757.0,The Job Network
3642491.0,Sunglass Hut
16199100.0,DSW Cutting
40056.0,ATI Physical Therapy
1742506.0,INSPYR Solutions
53345529.0,Liberty Healthcare and Rehabilitation Services
51700827.0,Frasco® Profiles
38961.0,Good Samaritan Society
65294553.0,Brightpath Associates LLC
2300.0,Macy's
26923.0,Holiday Stationstores
1864.0,3M
163139.0,Cogent Communications
17069.0,INTEGRIS Health
447979.0,Legends
2650.0,University of Illinois Urbana-Champaign
10126963.0,Planet Technology
3175.0,Ingersoll Rand
7427.0,Brown & Brown Insurance
51701268.0,Talent Groups
14966.0,Hannaford Supermarkets
10111.0,"Caleres, Inc."
2506549.0,HireArt
81899221.0,Waylin Partners
14352.0,Solomon Page
4399.0,Principal Financial Group
2204084.0,Talentify.io
11430850.0,Reyes Coca-Cola Bottling
5926.0,University of Nebraska-Lincoln
471174.0,Lincare
166944.0,Wilson Sonsini Goodrich & Rosati
2855513.0,Charger Logistics Inc.
28048.0,Salt Lake City Corporation
151656.0,AtWork Personnel
61400.0,The Reserves Network
35690611.0,Infotree Global Solutions
27973.0,Riverside Health System
9802.0,The City of San Diego
4592324.0,Davis Wire Corporation
1818775.0,Spreetail
20009.0,Bimbo Bakeries USA
564112.0,Prairie Band Casino & Resort
1344.0,Honeywell
12727.0,Food Lion
2646.0,Walmart
165654.0,RAND
315817.0,Republic Services
153083.0,Hunt Guillot & Associates (HGA)
10266947.0,Performance Foodservice
211251.0,HealthONE
6598131.0,Everlance
166057.0,Sotheby's International Realty
38264.0,Vera Bradley
7125.0,Tag
5227.0,Colliers
6052.0,Mayer Brown
300828.0,Agrace
21250.0,Daikin Applied Americas
1384.0,Boeing
303611.0,Talent Works
2152.0,TEKsystems
1419.0,Capital One
12902.0,Burns & McDonnell
33190215.0,"ACE Consulting Company, LLC"
1821549.0,FanDuel
954757.0,"VRX, Inc."
35486746.0,People Solutions Center
10673871.0,Wizehire
77906.0,SystemsAccountants
8455.0,Flagstar Bank
2806184.0,Devfi
3321.0,Avery Dennison
105843.0,Pape-Dawson Engineers
61854.0,Advocates
91652182.0,Haraka Headhunters
1286891.0,W3Global
18920775.0,Open Sky Community Services
35696937.0,Tigerless Insurance 虎虎保险
3121945.0,Open Influence
164376.0,Innova Solutions
64618994.0,Patton Labs Inc
96139831.0,DataAnnotation
47475.0,Red Oak Technologies
5025943.0,Genpro Inc.
1235.0,Wells Fargo
12446.0,Circle K
4025.0,Jacobs
5742.0,ICF
15223686.0,St. Jude Children's Research Hospital
10266947.0,Performance Foodservice
1122072.0,CBTS
58807476.0,GoldCoast Search Group
14073562.0,Boldly Premium Executive Assistants
10667.0,Meta
5160.0,Trimble Inc.
80516368.0,Accor - North & Central America
101602268.0,Family Estate Planning Firm
89901642.0,Frontgrade Technologies
86404.0,Paradigm
89662554.0,NC Department of Adult Correction
31453180.0,SpinPlay Games
15451728.0,Zips Car Wash LLC
23707224.0,Just Whole Care
9666.0,U.S. Office of Personnel Management (OPM)
1431.0,PepsiCo
1593071.0,Beacon Light Behavioral Health System
66693271.0,Techim Inc
145675.0,Marina Sirras & Associates LLC
9025.0,Clark County School District
11009726.0,RightWorks
65294553.0,Brightpath Associates LLC
28978143.0,Beth Israel Lahey Health
101478385.0,A Hiring Company
26923.0,Holiday Stationstores
22503.0,VolunteerMatch
66321745.0,SynergisticIT
4890.0,University of Utah Health
22503.0,VolunteerMatch
35541411.0,Staffmark Group
303647.0,Camgian
33242739.0,Confidential
2382822.0,"Vistar, A PFG Company"
96888599.0,Endeavor Health
457885.0,MedPro Healthcare Staffing
265869.0,Trinity Health
228641.0,Harlem Village Academies
18613.0,Dollar Tree Stores
15564.0,Tesla
1668.0,FedEx Ground
68543.0,Fanatics
79124276.0,Career Collective
5970395.0,Ravago Manufacturing Americas
2152.0,TEKsystems
14352.0,Solomon Page
2992703.0,PFF
53345529.0,Liberty Healthcare and Rehabilitation Services
1419.0,Capital One
163741.0,Executive Alliance
70980644.0,Evolve Healthcare
11246635.0,#twiceasnice Recruiting
167757.0,The Job Network
3175.0,Ingersoll Rand
162787.0,Bridgestone Americas
22746.0,Spurs Sports & Entertainment
394497.0,Neogen Corporation
14467750.0,Apolis
163139.0,Cogent Communications
1051184.0,Tambourine
164880.0,Maxim Healthcare Staffing
815009.0,Infojini Inc
13285.0,Parkland Health
2122794.0,"Ingalls Shipbuilding, a Division of HII"
10373623.0,In-Finite Search Solutions
19149854.0,"Paysign, Inc."
60281.0,Nederman
6487.0,DaVita Kidney Care
93223209.0,Optima Bio Supply Ltd
163139.0,Cogent Communications
79657.0,Linesight
9414987.0,CloudMoyo
3642491.0,Sunglass Hut
11169077.0,Turn2Partners
165582.0,"Berkshire Hathaway HomeServices Fox & Roach, Realtors"
164923.0,MEDITECH
23997.0,IntePros
485407.0,The Learning Experience
3165.0,University of Pennsylvania
164041.0,Graybar
5790.0,Louis Vuitton
157353.0,Whole Foods Market
35681115.0,"The Axel Group, LLC"
71904349.0,Actalent
165914.0,Sleep Number Corporation
39199.0,"Mercy Medical Center, Baltimore, MD"
165735.0,Richmond American Homes
67190926.0,CodeMonk
3175.0,Ingersoll Rand
1123.0,Bank of America
9241727.0,LCMC Health
8031.0,Mount Sinai Health System
2622.0,Caterpillar Inc.
2562128.0,"Tanisha Systems, Inc"
73857723.0,People Maketh
226965.0,Net2Source Inc.
72483.0,Aimbridge Hospitality
6849.0,Dice
1123.0,Bank of America
603251.0,"VCI (VeriCheck, Inc.)"
10375170.0,Diversified
78102861.0,Pareto USA
87130277.0,Charter Oak Recruitment
808034.0,Aya Healthcare
93350880.0,T3 Global
433995.0,Brightview Senior Living
410499.0,Men's Wearhouse
3486.0,Hays
164880.0,Maxim Healthcare Staffing
3180238.0,McLaren Health Care
1464.0,CDK Global
162315.0,dentsu
162889.0,Cantor Fitzgerald
119023.0,Matura Farrington
2310543.0,Market Masters Media Group
3043325.0,"Healogics, LLC."
2474662.0,Planet Pharma
3684.0,Mastech Digital
18296351.0,Spectrum Staffing Group
260781.0,FPC of Atlanta
21836.0,CyberCoders
1090.0,Philips
40904390.0,Cytiva
19472.0,BAYADA Home Health Care
1210593.0,Lids
1586.0,Amazon
248184.0,Creative Financial Staffing (CFS)
8936.0,Henry Ford Health
1002773.0,NAPA Auto Parts
3029525.0,Oak Street Health
18263887.0,Rehab Medical
4592.0,SKF Group
1996696.0,Quontic
1483.0,Ford Motor Company
68705462.0,Rocket Companies
27139071.0,Mission Veterinary Partners
5353.0,GSA
138032.0,Ames Construction
2680791.0,"Prinsco, Inc."
19116379.0,Cogent Bank
2152.0,TEKsystems
18920775.0,Open Sky Community Services
76788.0,QSC
17980749.0,Lakefield Veterinary Group
311205.0,Automationtechies
488281.0,Mitchell Martin Inc.
4256.0,CAE
37507386.0,Settle
71611.0,Tundra Technical Solutions
2152.0,TEKsystems
79424201.0,Service Minds
9225358.0,Medical City Healthcare
6609.0,AMERICAN SYSTEMS
29827.0,"United Surgical Partners International, Inc"
102341497.0,BlinkForge
19472.0,BAYADA Home Health Care
112948.0,Cypress HCM
10356220.0,SPAR Information Systems LLC
56429861.0,Taurus Search
211153.0,New York State Office of Mental Health
6849.0,Dice
3460.0,UPMC
1073.0,EY
7601115.0,RBI Private Lending
165602.0,"Pyramid Consulting, Inc"
16207210.0,Action Behavior Centers - ABA Therapy for Autism
9499.0,Belk
422503.0,TIC - The Industrial Company
366025.0,Metropolitan Transportation Authority
1235.0,Wells Fargo
14352.0,Solomon Page
165299.0,Olympus Corporation of the Americas
1248708.0,"BLH Technologies, Inc."
6776.0,B. Braun Medical Inc. (US)
10358016.0,"QuVa Pharma, Inc."
1431.0,PepsiCo
2434292.0,imatters
2400217.0,The Acuity Group
164158.0,Heartland Alliance
81896605.0,Sage Health
222879.0,American Water Works Association
157324.0,Randstad Digital Americas
928766.0,Nisivoccia CPAs
4714.0,Pacific Northwest National Laboratory
4026714.0,North Suburban Medical Center
27625.0,L.A. Care Health Plan
163761.0,Family Dollar
72483.0,Aimbridge Hospitality
1457175.0,Complete Staffing Solutions
10103375.0,ACCEL Schools
2247.0,Johnson Controls
952788.0,National Youth Advocate Program (NYAP)
18278699.0,Willow
18954974.0,Koniag Government Services
21523.0,Trustwave
434828.0,Hilb Group
47129.0,MaxLinear
11692984.0,Smart IT Frame LLC
1103.0,Verizon
12727.0,Food Lion
28978143.0,Beth Israel Lahey Health
931923.0,Maven Recruiting Group
15236043.0,Grand Lifestyles
1279498.0,Pinellas County Government
374632.0,EmblemHealth
35504315.0,MercyOne
483784.0,Cincinnati Works
11092.0,Terminix
87147260.0,Achieve
95073063.0,Tree Top Staffing LLC
14991.0,Baptist Health
7064.0,Mercy
22534.0,Marvin
9328925.0,PriceSenz
132319.0,Mission Staffing
162293.0,ADT
163255.0,Credit Acceptance
11695727.0,Collins Aerospace
167757.0,The Job Network
12861.0,Sargent & Lundy
20717.0,Russell Stover Chocolates
10638654.0,Ciena Healthcare
462369.0,"CHA Consulting, Inc."
65035869.0,The Fedd Agency
444926.0,Hogan Transportation Companies
740521.0,New York State Division of Criminal Justice Services
9391120.0,XL Pro Staffing and Consulting Group
33230340.0,TSE Industries
3000918.0,"VersaTech, Inc"
3354404.0,Regis
80301496.0,Tree of Life Counseling Center
27342.0,Systems Integration Solutions
66292838.0,Us In Technology
11660.0,SolomonEdwards
231810.0,Arizona Public Service - APS
11198.0,Environmental Defense Fund
511214.0,UMS - United Medical Systems
40672171.0,Tulsa Cardiovascular Center of Excellence
3025557.0,Centria Autism
4529.0,Houston Methodist
14242.0,Carters Inc.
5294.0,LPL Financial
77318089.0,WIN Waste Innovations
226965.0,Net2Source Inc.
42610.0,Jos. A. Bank Clothiers
242230.0,Enterprise Solutions Inc.
27156178.0,Nicklaus Children's Health System
22350072.0,TalentoHC
1273097.0,Oil and Gas Job Search Ltd
72610772.0,Connected Health Care
156228.0,"Utz Brands, Inc."
68051397.0,"The Elite Advertising & Marketing, Inc."
164414.0,Intermountain Health
77301.0,Raising Cane's Chicken Fingers
3558.0,Georgia Institute of Technology
84551.0,New York Technology Partners
163025.0,Chipotle Mexican Grill
998305.0,Easy Dynamics Corp
3238042.0,ASU Foundation for a New American University
11056.0,Insight Global
3135.0,Hyatt Regency
137969.0,Amneal Pharmaceuticals
1382.0,Goldman Sachs
6814.0,SEPHORA
4167.0,PNC
16182319.0,"North Shore Healthcare, LLC"
713845.0,Harmony Public Schools
90396.0,Diverse Lynx
1602.0,Roche
124759.0,Uncommon Schools
47664328.0,Lumen Technologies
90869.0,Hemphill - Search • Consulting • Staffing
1506196.0,Health Carousel Nursing & Allied Health
14430.0,Papa Johns
1384.0,Boeing
94133596.0,Telling More Stories
3051709.0,Fast Pace Health
53015.0,Saint Agnes Medical Center
43844.0,Barr Engineering Co.
3175.0,Ingersoll Rand
25076.0,Rochester Regional Health
165292.0,Oregon Health & Science University
3997420.0,Cox Automotive Inc.
163761.0,Family Dollar
53345529.0,Liberty Healthcare and Rehabilitation Services
15034.0,Kimpton Hotels & Restaurants
2204084.0,Talentify.io
98818374.0,Article Student Living
3081.0,Thermo Fisher Scientific
1151859.0,"REV Group, Inc"
162750.0,BNY Mellon
2282875.0,Goodwill of Central & Southern Indiana
74604.0,HealthCare Support
315817.0,Republic Services
51688908.0,Now Optics
15191764.0,Snap Inc.
1858005.0,Goodspeed  Merrill
157353.0,Whole Foods Market
688958.0,Commonwealth of Pennsylvania
74985.0,Goodwin Recruiting
14524845.0,Webologix Ltd/ INC
3081.0,Thermo Fisher Scientific
40761690.0,Swedish Match North America
213746.0,FPC - FORTUNE PERSONNEL CONSULTANTS (Orlando Office)
5913.0,National Grid
163490.0,Domtar
71729260.0,Schnellecke Logistics USA
18860134.0,Jobot
165461.0,Phoenix Children's
801428.0,EF English First 
685741.0,Sparks Group
2092398.0,Visions Adolescent Treatment Centers
82284796.0,BetaNXT
3593693.0,Eureka! Restaurant Group
2901787.0,80Twenty
9565.0,Peraton
1881.0,"BAE Systems, Inc."
78680932.0,EAGLEPay.us
13242175.0,ALOIS Solutions
2300.0,Macy's
53345529.0,Liberty Healthcare and Rehabilitation Services
315817.0,Republic Services
2594164.0,ING
7952.0,Texas Health Resources
86694680.0,Ascendion
76935845.0,CNA Search
35584944.0,Elevate Care
4101.0,Michelin
10367702.0,SPAN ALASKA TRANSPORTATION
3672.0,CACI International Inc
42433421.0,"CultivaHR, LLC"
12667.0,Uline
2985733.0,Aditi Consulting
4128.0,"Lowe's Companies, Inc."
61677.0,eTeam
38961.0,Good Samaritan Society
5193395.0,"TENAX Technologies, LLC"
13331595.0,Quantum World Technologies Inc.
827183.0,Russell Tobin
5113.0,Constellation
9645.0,Benjamin Moore
4207.0,Raymond James
25076.0,Rochester Regional Health
8533.0,Entegris
13673.0,TranSystems
6905.0,BJC HealthCare
629227.0,Coca-Cola Consolidated
35428876.0,Wellpath
3706049.0,CareerStaff Unlimited
807133.0,Grow Financial Federal Credit Union
62589.0,The University of Vermont Health Network - Champlain Valley Physicians Hospital
6346.0,Marcus & Millichap
3716348.0,Favor Delivery
101789992.0,Metric Geo
18860134.0,Jobot
110510.0,Ambry Genetics
520121.0,Nabsys
1681.0,Robert Half
12192.0,Safelite
3793529.0,Roper Whitney
1431.0,PepsiCo
143796.0,Godshall Recruiting
40911556.0,BellRock Brands
16127.0,Matlen Silver
8254251.0,St. Elizabeth Physicians
70534.0,Senior Resource Group
75056372.0,Larson Maddox
302777.0,Jewel-Osco
3795851.0,Postman
1441.0,Google
613812.0,Avance Consulting
1491.0,SAS
71267943.0,Room 8 Group
95267.0,Staff Financial Group
32563.0,SyllogisTeks
3088.0,Travelers
46338.0,City of Baltimore
23858.0,Southwire Company
22517.0,The Spokesman-Review
57409.0,The Richmond Group USA
9185.0,Advance Auto Parts
1663.0,Eli Lilly and Company
14352.0,Solomon Page
7701.0,Scientific Research Corporation
3217283.0,Sterling St James LLC
2268314.0,Iopa Solutions
1853048.0,Unity Search
19022.0,Docusign
166209.0,Sutter Health
3175.0,Ingersoll Rand
1123.0,Bank of America
86687933.0,Stelvio Group
10330889.0,Pelago
205431.0,CAMRIS
220336.0,Hyatt Hotels Corporation
165461.0,Phoenix Children's
2381.0,State Farm
3331119.0,Townsquare Interactive
1975865.0,My3Tech
84824199.0,"Mission Technologies, a division of HII"
3333693.0,maven
71014749.0,Pearce Renewables
3894.0,ASML
215561.0,Onward Search
2204084.0,Talentify.io
167757.0,The Job Network
19192967.0,Spherion Staffing Central and Northeast Indiana
1647354.0,C² Multimedia
28589430.0,St. Peter's Health
26923.0,Holiday Stationstores
1431.0,PepsiCo
73013724.0,J. Galt
13268370.0,Fluxtek Solutions Inc
165938.0,Sharp HealthCare
1431.0,PepsiCo
1290387.0,Oak Street Funding
299669.0,SIS International Research & Strategy Consulting
13334.0,"McLane Company, Inc."
1646245.0,The Tile Shop
12969.0,Genmab
6615723.0,Business Integra Inc
10143362.0,Hilton New Orleans Riverside
378234.0,JBT Corporation
4128.0,"Lowe's Companies, Inc."
2204084.0,Talentify.io
79383535.0,Akkodis
5666.0,Dominion Energy
122451.0,"TalentBurst, an Inc 5000 company"
11655.0,Open Systems Technologies
42610.0,Jos. A. Bank Clothiers
22309011.0,EyeCare Partners
3654338.0,Fullstory
101478385.0,A Hiring Company
3776.0,Epsilon
14352.0,Solomon Page
2316216.0,SpanIdea Systems
2203697.0,Experis
3175.0,Ingersoll Rand
3642491.0,Sunglass Hut
14507.0,American Modern Insurance Group
18676989.0,EVONA
65294553.0,Brightpath Associates LLC
25030011.0,Accenture Federal Services
96888599.0,Endeavor Health
1145589.0,HERVIS Sport- und Modegesellschaft mbH
3588576.0,Forward Tilt
162677.0,Beckman Coulter Diagnostics
76943993.0,Trinity Health FirstChoice
3365729.0,Condé Nast
4128.0,"Lowe's Companies, Inc."
93170621.0,RevPilots
1123.0,Bank of America
3781946.0,"Satsyil, Corp. | SBA Certified 8(a) Small Business, 8(a) STARS III GWAC Holder"
14296.0,Printpack
79071694.0,Stone Hendricks Group
68155.0,Energy Transfer
5113924.0,"Monarch Recruiters, LLC"
166572.0,Ulta Beauty
15192724.0,NewGen Strategies & Solutions
14352.0,Solomon Page
50861.0,Acro Service Corp
68230250.0,The Bridger Group
3867031.0,Montrose Environmental Group
76146101.0,Galvanick
82070.0,Gosiger
167757.0,The Job Network
163139.0,Cogent Communications
9124.0,"Universal Technical Institute, Inc."
3031332.0,"Brudis & Associates, Inc."
81064670.0,"Gallagher, Bolander, Smedley, LLP"
3871.0,Rolls-Royce
73013724.0,J. Galt
60561.0,"Q1 Technologies, Inc."
7795.0,Petco
147875.0,Protouch Staffing
12446.0,Circle K
1007957.0,ClearanceJobs
8463119.0,Innovative Renal Care
8097.0,Acosta
164376.0,Innova Solutions
89178877.0,The North Face
11229.0,Vaco
2743.0,IKEA
6078.0,CBIZ
3671.0,H&R Block
45530.0,Weatherby Healthcare
713845.0,Harmony Public Schools
3880812.0,New Waterloo
71240573.0,Palziv North America
33307789.0,Constellation Culinary Group
2650.0,University of Illinois Urbana-Champaign
167757.0,The Job Network
5096142.0,"Environmental Research Group, LLC (ERG)"
6146.0,County of Santa Clara
96247847.0,PAM Health Rehabilitation Hospital of Round Rock
541168.0,Sunrise Group Inc.
167757.0,The Job Network
18506580.0,Vivian Health
10417676.0,Navy Region Mid-Atlantic Fleet and Family Readiness (FFR)
1276240.0,Propel Schools
416904.0,Equity Staffing Group
5887.0,Motion Recruitment
5996.0,W. L. Gore & Associates
4128.0,"Lowe's Companies, Inc."
74989.0,Harbor Group Management Company
163019.0,"Chico's FAS, Inc."
10425374.0,"Millennium Recruiting, Inc."
413363.0,Worldwide Business Research (WBR)
104205.0,Mount Washington Observatory
2843538.0,Redbock - an NES Fircroft company
1207.0,Johnson & Johnson
49041.0,Five Below
905282.0,ID Logistics US
40934666.0,Recruits Lab (We're hiring)
1471368.0,Vacasa
96139831.0,DataAnnotation
18137.0,Axiom
7795.0,Petco
1686785.0,SaniSure
81886402.0,CenterWell Home Health
439482.0,Travelex Insurance Services
99437987.0,Aizer Health
12192.0,Safelite
5887.0,Motion Recruitment
33115.0,CPC - Colder Products Company
1623211.0,T3 Trading Group
10299491.0,Pine & Company CPAs PLLC
1392.0,T-Mobile
5235.0,LHH
165944.0,Sherwin-Williams
911461.0,Astrix
856720.0,Spirit Halloween
18476.0,Brooksource
95761889.0,West End Workforce
71939.0,Zenex Partners
163787.0,Ferguson 
167757.0,The Job Network
35633601.0,KIPP Texas Public Schools
28133909.0,Orion180
937112.0,Warby Parker
11580.0,TriWest Healthcare Alliance
6904.0,American Institutes for Research
2736308.0,ATC
260387.0,Worldpay
14255.0,CJ Logistics America
2650.0,University of Illinois Urbana-Champaign
86041588.0,Tandym Group
65730.0,Exemplis LLC
38046.0,Reyes Holdings
13386.0,Skechers
629227.0,Coca-Cola Consolidated
10958.0,Brookfield Properties
68229923.0,The Greene Group
52950123.0,W. Lee Flowers & Co
166153.0,Steelcase
17226.0,UniFirst Corporation
8047188.0,Empower Professionals Inc
162677.0,Beckman Coulter Diagnostics
74477.0,Health eCareers
139366.0,Action Property Management
40018.0,Blue Origin
9185.0,Advance Auto Parts
9499.0,Belk
166921.0,Westinghouse Electric Company
25856.0,Tradesmen International
163062.0,Citizens
74491056.0,RAYUS Radiology
12446.0,Circle K
5488760.0,Lakeside Pediatrics and Adolescent Medicine 
315817.0,Republic Services
15721.0,Extra Space Storage
1486.0,Merck
1506196.0,Health Carousel Nursing & Allied Health
26467.0,North Memorial Health
259589.0,"IDR, Inc."
1670700.0,ACS Professional Staffing
23929.0,"PLS Financial Services, Inc."
10883.0,David's Bridal
28439179.0,Spotter
808034.0,Aya Healthcare
4411.0,DNV
14088.0,LensCrafters
71904349.0,Actalent
69773.0,Miami Country Day School
18691.0,Legacy Health
2988.0,VMware
25172167.0,"No Limit Technology, Inc."
3748.0,adidas
137350.0,Career Systems Development Corp
16196509.0,IMEG
11312272.0,Mobile Air & Power Rentals
5240076.0,myGwork - LGBTQ+ Business Community
71014749.0,Pearce Renewables
19142259.0,Asset Living
3165.0,University of Pennsylvania
7962985.0,Veryable
1772462.0,Continental Realty Corporation
11056.0,Insight Global
2908367.0,gpac
748731.0,Klarna
4221934.0,Everest
3588039.0,Theery
7795.0,Petco
8034.0,Life Time Inc.
72483.0,Aimbridge Hospitality
166209.0,Sutter Health
53345529.0,Liberty Healthcare and Rehabilitation Services
73013724.0,J. Galt
11229.0,Vaco
79482021.0,Ehub Global Inc
164414.0,Intermountain Health
3282.0,Stryker
93602500.0,Hub3
2361831.0,AmericanAg
164880.0,Maxim Healthcare Staffing
2300.0,Macy's
14352.0,Solomon Page
2569274.0,Ciresi & Morek
65320905.0,N2S Healthcare Staffing Solutions LLC
167700.0,Smartsheet
3184635.0,Fladger Associates
4433.0,Aquent
59421471.0,"MAT-SU SURGICAL ASSOCIATES, APC"
1384369.0,TekisHub Consulting Services 
2307.0,Kelly
5263995.0,Hawthorne Lane
7941225.0,Swift Strategic Solutions Inc
11809.0,Baptist Health
2908367.0,gpac
96648478.0,DextroMedical
65470987.0,AgelessRx
76440728.0,"GXO Logistics, Inc."
2674719.0,Strategic Solution Partners
1828.0,NBCUniversal
4296.0,DISH Network
76074281.0,AAA Auto Club Enterprises
2831596.0,North American Dental Group (NADG)
298409.0,Roth Staffing
21836.0,CyberCoders
9901130.0,Sumeru Inc
80829889.0,Invited
58696.0,Fast Switch 
11494597.0,BioTalent
1481.0,eBay
18036.0,Fairfield Residential
167757.0,The Job Network
79098.0,Allied OneSource
2908815.0,Klaviyo
1028.0,Oracle
96935586.0,Compound Content Studio
107457.0,Stars Behavioral Health Group
2152.0,TEKsystems
33234310.0,"ConServ Building Services, LLC"
6234.0,Schwan's Company
165586.0,PSEG
19470.0,University of Central Oklahoma
3706049.0,CareerStaff Unlimited
9266905.0,Gemini
30823.0,The Fresh Market
2400951.0,BeSmartee
7789.0,DICK'S Sporting Goods
25856.0,Tradesmen International
67997480.0,Bluebird Staffing
3915.0,The Goodyear Tire & Rubber Company
35471403.0,Archstone Capital
1247220.0,"Sunrise Systems, Inc."
1002773.0,NAPA Auto Parts
35700968.0,"The Wilson Firm, PLLC"
11580.0,TriWest Healthcare Alliance
3626.0,HCA Healthcare
354733.0,Long Beach Transit
167757.0,The Job Network
18287.0,Unitek Learning
12617617.0,SOLVE(D) | An IPG Health Company
13345578.0,Centraprise
20366228.0,California Department of Developmental Services
112333.0,Barrington James
7639.0,St. Jude Children's Research Hospital - ALSAC
74477.0,Health eCareers
1304385.0,AbbVie
5618.0,Coach
2939959.0,Georgia Department of Public Health
16253193.0,SDS Rx
6294.0,Safety-Kleen
2911.0,Albertsons Companies
1134536.0,Sterling Distributors
48024.0,Zachry Group
165461.0,Phoenix Children's
9185.0,Advance Auto Parts
332139.0,"Infomatics, Inc"
11322.0,Clark Construction Group
6088.0,AppleOne Employment Services
115609.0,Hilco Global
89796106.0,Cloudspire
28973017.0,Eikon Therapeutics
3706049.0,CareerStaff Unlimited
1002639.0,Atlas Bolt & Screw Company
1403725.0,Good Karma Brands
18860134.0,Jobot
4297.0,UVA Health
164711.0,Lennar
6898426.0,Robinson Helicopter Company
2193256.0,GFL Environmental Inc.
3012.0,Fifth Third Bank
4433.0,Aquent
24748.0,EnergySolutions
743843.0,OSI Engineering
167757.0,The Job Network
2985733.0,Aditi Consulting
157306.0,American Heart Association
14158.0,"Softworld, a Kelly Company"
9103.0,Shaw Industries
79383535.0,Akkodis
1025753.0,"Signature Graphics, Inc."
1007957.0,ClearanceJobs
13073.0,Mercy Health
80338261.0,Momentum
4787.0,Apex Systems
53345529.0,Liberty Healthcare and Rehabilitation Services
215243.0,Samaritas
10883.0,David's Bridal
157324.0,Randstad Digital Americas
86809924.0,Plona Partners
8475150.0,Cybersecurity and Infrastructure Security Agency
11009726.0,RightWorks
5749.0,Kohl's
81548393.0,No Problem
54814820.0,Barcadia Bar & Grill
89568241.0,Gigs
1235.0,Wells Fargo
21007.0,Catalyte
2433416.0,Chewy
11056.0,Insight Global
5185.0,Bausch + Lomb
67335790.0,eQOURSE
1073.0,EY
856720.0,Spirit Halloween
12446.0,Circle K
1867264.0,Integritus Healthcare
162243.0,Acadia Pharmaceuticals Inc.
310015.0,Rangam
51629860.0,Sobriety Centers of New Hampshire
10169.0,Baker Tilly US
236259.0,"Emery Sapp & Sons, Inc."
71644541.0,Vardhan Medical Coding Private Limited®
166905.0,Wegmans Food Markets
14352.0,Solomon Page
856720.0,Spirit Halloween
10305563.0,Vets Pets
14242.0,Carters Inc.
1629.0,Owens & Minor
78102861.0,Pareto USA
96692.0,"V-Soft Consulting Group, Inc."
260303.0,The American Speech-Language-Hearing Association (ASHA)
1916623.0,STG Logistics
76214865.0,Apex Placement & Consulting
751004.0,Making Opportunity Count
5816.0,RTI International
157324.0,Randstad Digital Americas
1586478.0,Ardagh Group
10769.0,CHRISTUS Health
102146714.0,SimplyApply
4060.0,Cushman & Wakefield
1668.0,FedEx Ground
11872253.0,FlexStaff Careers
32469.0,St. Elizabeth Healthcare
20009.0,Bimbo Bakeries USA
5756.0,Penske Truck Leasing
30498.0,Claire's
1867264.0,Integritus Healthcare
49223.0,Goodwill of Central and Northern Arizona
14803700.0,Orbit Recruitment Group 
2152.0,TEKsystems
2379156.0,Energy Jobline
1589496.0,Episource
1419.0,Capital One
53345529.0,Liberty Healthcare and Rehabilitation Services
316602.0,American Red Cross Eastern New York Region
2753.0,Emerson
1339209.0,Topgolf
5047.0,KONE
28923.0,Harbor Freight Tools
10292265.0,Altasciences
2288934.0,Life Flight Network
1357658.0,Gesa Credit Union
164159.0,H-E-B
103077531.0,Industrial Technical Training
1235.0,Wells Fargo
5756.0,Penske Truck Leasing
17069.0,INTEGRIS Health
808034.0,Aya Healthcare
4411.0,DNV
4724571.0,"LDG Development, LLC"
4793263.0,CyberSN
95872.0,Southwest Key Programs
1103.0,Verizon
29352.0,ServiceNow
157353.0,Whole Foods Market
3671.0,H&R Block
1235.0,Wells Fargo
11448.0,Citi
3570660.0,City Lifestyle
96139831.0,DataAnnotation
3092503.0,Sunstar Talents Inc
20009.0,Bimbo Bakeries USA
3785467.0,Srimatrix Inc.
96139831.0,DataAnnotation
1072429.0,Bravens Inc.
1663642.0,Materne North America - GoGo squeeZ
11067.0,"Pinnacle Group, Inc."
28014.0,Nesco Resource
40018.0,Blue Origin
167757.0,The Job Network
2152.0,TEKsystems
2677.0,McDonald's
106584.0,Selby Jennings
11257500.0,Hitachi Vantara
294125.0,Tekshapers
2261199.0,Remitly
656412.0,"ServiceSource, Inc"
16027.0,Confluence
2033166.0,Medix
10958.0,Brookfield Properties
5045.0,Cintas
1122744.0,KeHE Distributors
1044.0,PwC
6648075.0,Eastward Partners Inc.
32380.0,A Place for Mom
3900.0,Framatome
40894.0,Medix™
894640.0,Addition Management
63800.0,Laborie
770743.0,Mavensoft Technologies
20009.0,Bimbo Bakeries USA
3684.0,Mastech Digital
2753.0,Emerson
2548109.0,St. Mark's Hospital
966006.0,Webber
1798546.0,Foodsmart
89520.0,Caliber Collision
2562128.0,"Tanisha Systems, Inc"
7962441.0,Forward
9185.0,Advance Auto Parts
2012779.0,Flexton Inc.
4099.0,University of Wisconsin-Madison
1506196.0,Health Carousel Nursing & Allied Health
96180361.0,"Bridgestone Retail Operations, LLC"
6460373.0,Once Upon a Farm
856720.0,Spirit Halloween
37768.0,"Milestone Technologies, Inc."
43278.0,Sparrow Health System
4298.0,University of Virginia
590131.0,"OWN, Inc. (formerly Anderson Engineering, Inc.)"
3175.0,Ingersoll Rand
12606850.0,Prisma Health
1703.0,Comcast
761043.0,Legal Services NYC
2926262.0,Music & Arts
141934.0,Clean Earth
121711.0,RK
5243742.0,Acquisition Professionals LLC
166209.0,Sutter Health
163328.0,DAI
396399.0,LATICRETE International
12984051.0,Serenity Healthcare
5505.0,Consilio LLC
164876.0,Mattress Firm
10658646.0,Elior North America
2288802.0,Deciphera Pharmaceuticals
75027.0,Graycor
2660181.0,Nouria
2162.0,Cardinal Health
1304385.0,AbbVie
18993001.0,Science&Humans
79383535.0,Akkodis
10604245.0,"AppLab Systems, Inc"
25522.0,Ochsner Health
2896.0,Massachusetts General Hospital
15258405.0,Cloud Resources LLC
10638654.0,Ciena Healthcare
10877423.0,Copado
18613.0,Dollar Tree Stores
45975.0,Another Source
33295877.0,EVERSANA
3356865.0,WalkWater Technologies
2973906.0,Leidos
4815108.0,OnPoint Medical Group
1600946.0,NYS Office for People With Developmental Disabilities
220336.0,Hyatt Hotels Corporation
35438488.0,USA Talent Solutions
80921592.0,Convertros
348709.0,Chobani
53345529.0,Liberty Healthcare and Rehabilitation Services
200465.0,EXPRESS
109731.0,YouGov
3296572.0,Carroll Engineering Corporation
4813.0,North Carolina State University
12446.0,Circle K
5240076.0,myGwork - LGBTQ+ Business Community
2152.0,TEKsystems
85833.0,Sonesta Hotels
37486.0,Greystar
5347063.0,Barton Careers
33242739.0,Confidential
4399.0,Principal Financial Group
5826.0,Tommy Hilfiger
167757.0,The Job Network
11009726.0,RightWorks
73013724.0,J. Galt
457885.0,MedPro Healthcare Staffing
53345529.0,Liberty Healthcare and Rehabilitation Services
3671.0,H&R Block
2152.0,TEKsystems
3178.0,JLL
6234.0,Schwan's Company
827183.0,Russell Tobin
718570.0,Cardiovascular Institute of the South
18165460.0,DoubleTree Suites by Hilton Downtown Detroit - Fort Shelby
2378989.0,Mobilelink
157241.0,Siemens Healthineers
91652182.0,Haraka Headhunters
88016.0,Long Island Community Hospital
2204084.0,Talentify.io
1766026.0,Vivint
2152.0,TEKsystems
70223.0,New American Funding
3498.0,Safeway
85964.0,SysMind
7508.0,Cedars-Sinai
166209.0,Sutter Health
1235.0,Wells Fargo
66592097.0,"Elegant Enterprise-Wide Solutions, Inc."
35647080.0,Staples Stores
2901787.0,80Twenty
18043.0,Addison Group
1047174.0,Liberty Health
809397.0,Law Firm
2326570.0,Turnberry Solutions
74345698.0,Inn at Cape Kiwanda
18476970.0,BRAVO - A Cooperative Company
16690.0,Compunnel Inc.
2594668.0,"Tuff Shed, Inc."
47475.0,Red Oak Technologies
1052.0,AT&T
9400085.0,Landing Point
6062532.0,CHRISTUS St Frances Cabrini
3326615.0,BrickRed Systems
2091531.0,Lawyers On Demand
14084.0,Western Governors University
2622.0,Caterpillar Inc.
2203697.0,Experis
10974065.0,Carex Consulting Group
307494.0,"Securitas Security Services USA, Inc."
167757.0,The Job Network
32469.0,St. Elizabeth Healthcare
19472.0,BAYADA Home Health Care
147875.0,Protouch Staffing
78996142.0,Calyptus
15332133.0,"TechServ Engineering & Consulting, LTD."
164414.0,Intermountain Health
1841.0,Medtronic
2136773.0,Green & Healthy Homes Initiative
1373028.0,D&D Technologies
8463119.0,Innovative Renal Care
2365527.0,UBIS
82488.0,Kenan Advantage Group
27292.0,US Tech Solutions
21292.0,Boyd Gaming
73013724.0,J. Galt
7099708.0,"Team Builders Recruiting and Consulting, LLC"
2651.0,Caltrans
5240076.0,myGwork - LGBTQ+ Business Community
1284908.0,Real Estate Equities
344890.0,Private Consultancy
1135347.0,Ergon Inc.
9070.0,Airgas
5101150.0,WellNow Urgent Care
4383829.0,"Wisconsin Community Services, Inc."
3605800.0,"PermiaCare (formerly Permian Basin Community Centers, MHMR)"
10595.0,Mace
18255679.0,Binary Tech Consulting Corp
586673.0,ReDiscover
21330.0,Hollstadt Consulting
6993.0,International SOS
8367.0,"Levi, Ray & Shoup, Inc. (LRS)"
50396.0,TAMKO
10638731.0,"Global Fire Protection Group, LLC"
22003.0,AgreeYa Solutions
3175.0,Ingersoll Rand
166671.0,University of South Florida
49041.0,Five Below
3608.0,NVIDIA
2396310.0,Randstad USA
29827.0,"United Surgical Partners International, Inc"
40787265.0,Centerpoint Medical Center
3706049.0,CareerStaff Unlimited
11874.0,Arby's
1486.0,Merck
417766.0,TAS Energy Inc.
1556689.0,Girls Inc. of Tarrant County
311841.0,SCA Health
4692.0,Spirent Communications
53345529.0,Liberty Healthcare and Rehabilitation Services
5353.0,GSA
164126.0,BMO U.S.
572533.0,Windsor Salt Ltd.
3175.0,Ingersoll Rand
6366940.0,Pyle USA
6575603.0,Calculated Hire
587493.0,"Delek US Holdings, Inc."
9391120.0,XL Pro Staffing and Consulting Group
1353.0,Tata Consultancy Services
10427263.0,Sooner Marketing
9185.0,Advance Auto Parts
202081.0,"Reliance One, Inc."
35634449.0,Four Stars Auto Group
10266947.0,Performance Foodservice
164880.0,Maxim Healthcare Staffing
18298108.0,New Start Recovery Solutions
2646.0,Walmart
1070686.0,Kavaliro
12446.0,Circle K
71131832.0,Ochsner Lafayette General
1545609.0,Toptal
73013724.0,J. Galt
252536.0,Valero
64799.0,Premium Retail Services
10522.0,Webster Bank
3221675.0,Acima
3221675.0,Acima
65457024.0,Congo Brands
164880.0,Maxim Healthcare Staffing
56686719.0,OPEN MY WORLD THERAPEUTIC RIDING CENTER INC
7045554.0,Comprehensive Community Health Centers
53345529.0,Liberty Healthcare and Rehabilitation Services
929836.0,Melwood
62954.0,"Everest Consultants, Inc."
3271761.0,Loma Linda University Health
819886.0,Nordic Global
18140676.0,California Department of Tax and Fee Administration
163761.0,Family Dollar
1353.0,Tata Consultancy Services
40687781.0,BioLife Plasma Services
167757.0,The Job Network
38589.0,Arandell
303611.0,Talent Works
164880.0,Maxim Healthcare Staffing
69989.0,Performance Team
18425303.0,Spectrum
83708.0,Lippert
26530402.0,Carter Bank & Trust
424124.0,BioSpace
163864.0,Foot Locker
34654317.0,Falcon Smart IT (FalconSmartIT)
14736.0,Jefferson Health
7587252.0,"Edgewater Federal Solutions, Inc."
2281734.0,Moderna
783257.0,Baptist Health System
10266947.0,Performance Foodservice
166572.0,Ulta Beauty
2562534.0,MASC Medical Recruitment Firm
2591453.0,NOW CFO
8493.0,YASH Technologies
5112.0,Navistar Inc
9882207.0,Cedar Rapids Community School District
58430215.0,Indigo Physiotherapy
17483.0,Haley & Aldrich
11325362.0,Avanciers
27278.0,YMCA of Metropolitan Chicago
2646.0,Walmart
4787.0,Apex Systems
28978143.0,Beth Israel Lahey Health
230282.0,Guardian Industries
18043.0,Addison Group
53345529.0,Liberty Healthcare and Rehabilitation Services
86424393.0,Yours Resources LLC
84551.0,New York Technology Partners
3460.0,UPMC
94453.0,"Recruiting Resources, Inc."
5153.0,Vestcom
5275.0,Alcon
3014788.0,Oscar Health
25461.0,EPITEC
164956.0,Metro Nashville Public Schools
3175.0,Ingersoll Rand
259411.0,Momentum for Health
51701268.0,Talent Groups
1668.0,FedEx Ground
4764.0,BlackRock
2300.0,Macy's
31891.0,Keller and Heckman LLP
6137.0,NetSuite
9240.0,Garmin
4025.0,Jacobs
1528180.0,START Treatment & Recovery Centers
3175.0,Ingersoll Rand
2282887.0,Central Bank
117882.0,iMPact Business Group
2379156.0,Energy Jobline
42349294.0,Skydance Animation
102189705.0,Career Jobs & Hiring
2193256.0,GFL Environmental Inc.
3029525.0,Oak Street Health
3680938.0,ROOT3 Marketing & Business Development
4128.0,"Lowe's Companies, Inc."
2756204.0,Medasource
410499.0,Men's Wearhouse
35504315.0,MercyOne
163228.0,County of Riverside
63928.0,Inserso Corporation
28209.0,ICU Medical
50711.0,Williams
2985733.0,Aditi Consulting
165033.0,Moody's Corporation
5618.0,Coach
99062951.0,Fixify
82485916.0,Corewell Health
4406757.0,Osceola County School District
2307.0,Kelly
929836.0,Melwood
162752.0,Bobcat Company
11506594.0,Atlas
10343298.0,Allbirds
1123.0,Bank of America
7064.0,Mercy
1483.0,Ford Motor Company
1614240.0,Luxottica
35647080.0,Staples Stores
18518094.0,"Valdes CPA & Advisors, P.A."
132193.0,Monument Advocacy
1392051.0,Movement Search & Delivery
431617.0,St. Joseph's Health
6104.0,NYU Langone Health
3549076.0,Servsys Corporation
10584789.0,Chesapeake Lighthouse Foundation
5045.0,Cintas
514374.0,CTS Complete Technical Services
1344.0,Honeywell
21736.0,Dawson
591781.0,Just Energy
14620904.0,Realtek Consulting LLC
3178.0,JLL
4787.0,Apex Systems
16710.0,Ferrellgas
485531.0,StepStone Group
827183.0,Russell Tobin
84418.0,Opti Staffing Group
147875.0,Protouch Staffing
853989.0,Porta-Painting - WBENC CERTIFIED
40931973.0,Effectv
16274946.0,Community Brands
71620103.0,Hard Rock Casino Cincinnati
21541.0,Wimmer Solutions
2726149.0,Flix
30324.0,Intelliswift Software
1506196.0,Health Carousel Nursing & Allied Health
11818084.0,Elara Caring 
89849744.0,QuidelOrtho
46090.0,CooperSurgical
22409.0,Kraton Corporation
1946139.0,Hawaii State Department of Education
4128.0,"Lowe's Companies, Inc."
13990.0,Zillow
1170014.0,Rise Technical
2656267.0,Franklin County Home Care
21792.0,Northmarq
21667.0,Eckerd Connects
11555433.0,Paradigm Windows
21860.0,Dallas Museum of Art
23441.0,Camping World
81600.0,Easterseals Southern California
24593.0,WSFS Bank
4128.0,"Lowe's Companies, Inc."
75070.0,Ken Garff Automotive Group
100955899.0,Brilliant Projects REIM
137350.0,Career Systems Development Corp
8421360.0,Savannah River National Laboratory
74369.0,Easterseals NH
299938.0,Ria Money Transfer
6487.0,DaVita Kidney Care
77881781.0,"SRL Motors, Incorporated"
3007.0,Universal Music Group
11418511.0,Syneos Health Commercial Solutions
5618.0,Coach
203479.0,Sita Corp
72610772.0,Connected Health Care
14352.0,Solomon Page
15472.0,La Petite Academy
3516935.0,ClickJobs.io
53345529.0,Liberty Healthcare and Rehabilitation Services
9626.0,Miami-Dade County Public Schools
2203697.0,Experis
163761.0,Family Dollar
10620373.0,RippleMatch
2562128.0,"Tanisha Systems, Inc"
53345529.0,Liberty Healthcare and Rehabilitation Services
282692.0,InfoVision Inc.
21836.0,CyberCoders
71575605.0,FedEx Logistics
13214.0,Modine Manufacturing Company
106069.0,The Partners Alliance
2382910.0,Amazon Web Services (AWS)
17226.0,UniFirst Corporation
394476.0,Lakeshore Technical College
163993.0,Gilead Sciences
14489170.0,Tech3pillars Technologies
33264.0,Associa
166572.0,Ulta Beauty
6146.0,County of Santa Clara
34654958.0,Robert Vos International Ltd
7789.0,DICK'S Sporting Goods
101734565.0,Elite Lead Exchange
1995890.0,Tague Lumber Inc.
95031093.0,Fort Mill School District
556031.0,Albert Einstein College of Medicine
3163836.0,Koddi
165461.0,Phoenix Children's
42311722.0,Sprintward
101451685.0,CommonSpirit Health Mountain Region
164158.0,Heartland Alliance
60200222.0,Euna Solutions
163755.0,FactSet
5379098.0,CareTeam Solutions
1586.0,Amazon
11692984.0,Smart IT Frame LLC
157353.0,Whole Foods Market
7064.0,Mercy
6281.0,Oklahoma State University
2254693.0,Summit
77301.0,Raising Cane's Chicken Fingers
16163783.0,Metronet
30641044.0,Inotiv
119184.0,"McCarthy Building Companies, Inc."
81886402.0,CenterWell Home Health
1419.0,Capital One
21665.0,DDN Storage
167757.0,The Job Network
71350.0,SPECTRAFORCE
18954974.0,Koniag Government Services
3150784.0,TalentRemedy
5102948.0,Toast
5887.0,Motion Recruitment
53345529.0,Liberty Healthcare and Rehabilitation Services
3043325.0,"Healogics, LLC."
65909538.0,Inclusively
52147722.0,"Computer Data Concepts, Inc"
5313.0,Owens Corning
744442.0,Select Water Solutions
3671.0,H&R Block
15283.0,Molina Healthcare
21292.0,Boyd Gaming
12984051.0,Serenity Healthcare
1304385.0,AbbVie
79383535.0,Akkodis
3994.0,WTW
596893.0,Ernest
2508846.0,WalkMe™
11009726.0,RightWorks
737010.0,Rivian
152765.0,"Datasoft Technologies, Inc."
10638654.0,Ciena Healthcare
78842345.0,Cosmic Pro
2985733.0,Aditi Consulting
13181.0,Adventist HealthCare
1056670.0,Themesoft Inc.
61841.0,Aesop
165292.0,Oregon Health & Science University
2474662.0,Planet Pharma
4399.0,Principal Financial Group
3762.0,Discover Financial Services
157324.0,Randstad Digital Americas
905282.0,ID Logistics US
86041588.0,Tandym Group
1419.0,Capital One
96139831.0,DataAnnotation
4711.0,The Church of Jesus Christ of Latter-day Saints
71904349.0,Actalent
166572.0,Ulta Beauty
49681.0,OKAYA INFOCOM
2300.0,Macy's
71602553.0,SecureKloud Technologies
28173564.0,"Dexterity, Inc."
1412.0,Northrop Grumman
164451.0,UnityPoint Health
33266522.0,Clearway Energy Group
5345313.0,techolution
271171.0,Lewis Brisbois
2300.0,Macy's
106083.0,Phaxis
3498.0,Safeway
167757.0,The Job Network
4060.0,Cushman & Wakefield
93254.0,MyMichigan Health
548161.0,First National Bank of America
53345529.0,Liberty Healthcare and Rehabilitation Services
4787.0,Apex Systems
5887.0,Motion Recruitment
73013724.0,J. Galt
6738.0,WVU Medicine
18817509.0,Papillion La Vista Community Schools
311752.0,Legal Aid Services Of Oregon
70397516.0,Hire With Jarvis
1419.0,Capital One
801428.0,EF English First 
3379.0,Nordstrom
5366274.0,Innovu
9585.0,Kiewit
22503.0,VolunteerMatch
548385.0,The Doyle Group
3858302.0,HopSkipDrive
10402.0,Cable ONE
7585929.0,SalesPoint Incorporation  
4147463.0,Select Physical Therapy
57418961.0,HONEY BEE CLEANING SERVICES LLC
50820.0,"netPolarity, Inc. (Saicon Consultants, Inc.)"
2532.0,U.S. Bank
143892.0,Forge Worldwide
413796.0,Synectics Inc.
17069.0,INTEGRIS Health
3889.0,Emory University
48980.0,Heilind Electronics
165464.0,Photon
82802944.0,Heritage Grocers Group
2939959.0,Georgia Department of Public Health
41904.0,Anderson Power
1833.0,CNBC
1366800.0,OneStaff Medical
24748.0,EnergySolutions
267137.0,Public Health Solutions
24015.0,Medpace
439723.0,Medical Services of America
8336.0,Sumitomo Mitsui Banking Corporation – SMBC Group
35143.0,"Modern Technology Solutions, Inc. (MTSI)"
1469921.0,Marcone Supply
4060.0,Cushman & Wakefield
6387.0,MSCI Inc.
19163.0,CPS Energy
373159.0,ASRC Federal
10211444.0,The Y (YMCA)
1506196.0,Health Carousel Nursing & Allied Health
70896556.0,KACE Company
9185.0,Advance Auto Parts
88890346.0,Cloud Software Group
99430348.0,Jobot Consulting
10778.0,Rent-A-Center
78653.0,The TemPositions Group of Companies
1503525.0,SBH Fashion
73013724.0,J. Galt
19678.0,Lakeshore Learning Materials
3683451.0,Safe Fleet
25856.0,Tradesmen International
3081.0,Thermo Fisher Scientific
1307.0,Fidelity Investments
12446.0,Circle K
15038.0,Humanscale
1658561.0,Columbia Forest Products
49042.0,Five Star Senior Living
88274376.0,Veritas Physician Management
11136682.0,Techniplas
14840050.0,Truist
107699.0,The Chefs'​ Warehouse
166796.0,"Vizient, Inc"
570550.0,GE Aerospace
53345529.0,Liberty Healthcare and Rehabilitation Services
2835.0,Mary Kay Global
3622144.0,Waldorf Astoria Park City
457885.0,MedPro Healthcare Staffing
705539.0,BEPC Inc. - Business Excellence Professional Consulting
17925137.0,Sports Research
33246798.0,TikTok
2474662.0,Planet Pharma
35504315.0,MercyOne
269397.0,NextEra Energy Resources
2300.0,Macy's
3760423.0,Akima
32705.0,RealManage Family of Brands
1905.0,General Dynamics Information Technology
50913.0,Wellabe
233054.0,Computech Corporation
10769.0,CHRISTUS Health
34997.0,IST Management
10195773.0,SPX Technologies
259589.0,"IDR, Inc."
3214.0,"Mattel, Inc."
18409.0,Destination by Hyatt
35504315.0,MercyOne
99215.0,BizBuySell
241309.0,GlobalFoundries
50923.0,"ALTA IT Services, LLC"
49041.0,Five Below
16907.0,Hospital for Special Surgery
1703.0,Comcast
2152.0,TEKsystems
2908367.0,gpac
2162.0,Cardinal Health
2939816.0,908 Devices
1406.0,Novartis
28923.0,Harbor Freight Tools
18928134.0,RealDefense
3651935.0,BetterHelp
164920.0,Spark Foundry
15602.0,Abiomed
11358.0,Children's National Hospital
2279.0,Flex
2049294.0,Clear Creek County
1361009.0,Bella Cosa Jewelers
82996293.0,Sterling Search Partners
2701198.0,Quantum Search Partners
11541.0,PVH Corp.
13816.0,Eliassen Group
9201883.0,The Jonus Group
10897264.0,HungryPanda Ltd 熊猫外卖
28974109.0,Guidehouse
164987.0,Millennium
967220.0,Tactile Medical
1506196.0,Health Carousel Nursing & Allied Health
6893.0,Delta Dental Ins.
32705.0,RealManage Family of Brands
10910965.0,DuraServ
1412.0,Northrop Grumman
59988.0,Loparex
3216326.0,Jersey College
327513.0,Hearthside Food Solutions
96121422.0,CBL Solutions
3642430.0,Shifamed
9221.0,Ropes & Gray LLP
5039.0,Federal Aviation Administration
2609441.0,Loberg Construction Company
51701268.0,Talent Groups
162399.0,Alvarez & Marsal
4501.0,USAA
166209.0,Sutter Health
157359.0,Black & Veatch
164535.0,JetBlue
53345529.0,Liberty Healthcare and Rehabilitation Services
7045554.0,Comprehensive Community Health Centers
35673055.0,Verve Therapeutics
22298142.0,i3 Broadband
164159.0,H-E-B
5113.0,Constellation
64982566.0,Torticity
8639647.0,Quail Park Communities
20573.0,Life Care Centers of America
73013724.0,J. Galt
3086317.0,Pathful Inc.
2908367.0,gpac
4383829.0,"Wisconsin Community Services, Inc."
11266342.0,Trinity Health Of New England
3516935.0,ClickJobs.io
21784.0,Maxonic
33454391.0,VergeSense
11009726.0,RightWorks
1199482.0,KTek Resourcing
163139.0,Cogent Communications
53345529.0,Liberty Healthcare and Rehabilitation Services
162866.0,Calvin Klein
9047.0,Southwest Research Institute
102606001.0,10x Company Jobs
55381.0,Floor & Decor
4101.0,Michelin
15112.0,ENGIE North America Inc.
1286891.0,W3Global
102146714.0,SimplyApply
33267.0,Astera 
1603.0,AstraZeneca
2756204.0,Medasource
56833.0,SSi People
22503.0,VolunteerMatch
6738.0,WVU Medicine
166739.0,The University of Texas Medical Branch
1049102.0,Crenlo Engineered Cabs
91172010.0,Moonvalley
10466334.0,Greenlife Healthcare Staffing
28130841.0,"APN Software Services, Inc."
1372291.0,Aimic Inc
35640218.0,Stand Together
91693237.0,EssenceMediacom
2513.0,Michigan Medicine
14088.0,LensCrafters
1063.0,Cisco
8653.0,Duane Morris LLP
6104.0,NYU Langone Health
3135.0,Hyatt Regency
72610772.0,Connected Health Care
49041.0,Five Below
4060.0,Cushman & Wakefield
52690.0,CBRE Global Workplace Solutions (GWS)
67908.0,FFF Enterprises
2162.0,Cardinal Health
6849.0,Dice
101478385.0,A Hiring Company
4128.0,"Lowe's Companies, Inc."
3841186.0,CCMC
331509.0,Ztek Consulting
87982536.0,LΩRA PR
15552.0,Micro Center
120000.0,Northeast Georgia Health System
716404.0,"New Hope, Inc."
7096.0,Auburn University
1905.0,General Dynamics Information Technology
74529477.0,Transformations Care Network
1681.0,Robert Half
2300.0,Macy's
166209.0,Sutter Health
544277.0,TRG
40577.0,East Boston Neighborhood Health Center
479939.0,Matrix Finance and Accounting
162419.0,American Electric Power
18412318.0,PTR Industries 
2190.0,Visa
30065.0,Cricut
2918.0,The Save Mart Companies
53345529.0,Liberty Healthcare and Rehabilitation Services
5755.0,Penske Logistics
95062485.0,Boost Infinite
3314826.0,"Pyramid Healthcare, Inc."
2059.0,TE Connectivity
99442976.0,Epic Getaway Travel Experiences
40658652.0,ChampionX
12727.0,Food Lion
9453230.0,US Acute Care Solutions
163139.0,Cogent Communications
102146714.0,SimplyApply
3220813.0,Pediatrix Medical Group
18577044.0,Provider Solutions & Development
114485.0,Elbit Systems of America
35647080.0,Staples Stores
18306.0,Panda Restaurant Group
28053.0,Sanford Health
680248.0,YETI
4794951.0,Gotion Inc.
89290788.0,Gryphon Oakwood
10284360.0,Consonus Healthcare
164159.0,H-E-B
2756204.0,Medasource
7795.0,Petco
53345529.0,Liberty Healthcare and Rehabilitation Services
16088.0,NovaCare Rehabilitation
13589.0,World Learning
2162.0,Cardinal Health
79809662.0,NBC Sports Next
1835.0,Allstate
6487.0,DaVita Kidney Care
80533017.0,Core Talent Services
215561.0,Onward Search
16156631.0,Motion Asia Pacific
261456.0,Merlin Entertainments
2445.0,Northwestern Mutual
39540.0,R+L Carriers
28156710.0,Harmony Healthcare - Talent and Consulting Solutions
265869.0,Trinity Health
10653459.0,CEMEX USA
3269.0,DHL Supply Chain
107699.0,The Chefs'​ Warehouse
11009726.0,RightWorks
89520.0,Caliber Collision
84551.0,New York Technology Partners
73013724.0,J. Galt
166572.0,Ulta Beauty
18487.0,Eide Bailly LLP
6849.0,Dice
69680824.0,Truist Wealth
1002773.0,NAPA Auto Parts
5000890.0,"The Goodkind Group, LLC"
590130.0,MSRcosmos LLC
81886402.0,CenterWell Home Health
28788105.0,ENGIE Impact
3235.0,Boehringer Ingelheim
3460.0,UPMC
461358.0,Ask IT Consulting Inc.
98447259.0,Evrhire
2379156.0,Energy Jobline
57978.0,"Butterball, LLC"
18763.0,Zeta Global
18583501.0,Stealth Startup
1007957.0,ClearanceJobs
45346.0,The Intersect Group
25461.0,EPITEC
947908.0,BluSky Restoration Contractors
1817492.0,SAP Partner Company
1756.0,HCLTech
1079114.0,The Oakleaf Group
72610772.0,Connected Health Care
7426.0,"UHY LLP, Certified Public Accountants"
3333693.0,maven
9392485.0,The Chemours Company
53345529.0,Liberty Healthcare and Rehabilitation Services
77242138.0,Agilitech
5140.0,Virtusa
211251.0,HealthONE
51100.0,"American Unit, Inc"
77230639.0,LunaJoy Health
1235.0,Wells Fargo
10353616.0,"American Public Education, Inc. (APEI)"
68068581.0,Affinity Steps
2183946.0,Living Spaces Furniture
167757.0,The Job Network
9103.0,Shaw Industries
8302.0,Banner Health
15248569.0,Yale University
16182.0,Northside Hospital
23656.0,LaSalle Network
18506580.0,Vivian Health
5235.0,LHH
9329299.0,CIRSA (Colorado Intergovernmental Risk Sharing Agency)
163062.0,Citizens
46970.0,"Integrated Resources, Inc ( IRI )"
3175.0,Ingersoll Rand
167757.0,The Job Network
265869.0,Trinity Health
413796.0,Synectics Inc.
21611.0,ActionLink
3706049.0,CareerStaff Unlimited
164608.0,Brooklyn District Attorney's Office
3135.0,Hyatt Regency
2507675.0,Yale New Haven Health
305287.0,Schaeffler
10021.0,AMN Healthcare
8288.0,Leonardo DRS
5749.0,Kohl's
10425374.0,"Millennium Recruiting, Inc."
4453.0,"Ryder System, Inc."
8561.0,Qualys
165661.0,Rasmussen University
166587.0,UNC Health
11056.0,Insight Global
1852.0,Prudential Financial
4419.0,UCI Health
10653459.0,CEMEX USA
2136773.0,Green & Healthy Homes Initiative
5101150.0,WellNow Urgent Care
1670700.0,ACS Professional Staffing
18613.0,Dollar Tree Stores
1939984.0,Harlingen Medical Center
4035924.0,61st Street Service Corp
18101101.0,A.G. KUNZ LLC
250671.0,Balchem Corporation
32469.0,St. Elizabeth Healthcare
28149566.0,Logixboard
72483.0,Aimbridge Hospitality
29336138.0,Savvas Learning Company
35472496.0,LG Electronics North America
1002773.0,NAPA Auto Parts
11229.0,Vaco
3342169.0,Radiant Systems Inc
16127.0,Matlen Silver
47664328.0,Lumen Technologies
14242.0,Carters Inc.
4914.0,Kroger
22503.0,VolunteerMatch
33242739.0,Confidential
28498.0,WellSpan Health
2382910.0,Amazon Web Services (AWS)
893807.0,WRS - Worldwide Recruitment Solutions
14352.0,Solomon Page
23337.0,Sally Beauty
29827.0,"United Surgical Partners International, Inc"
2682538.0,"Arkansas School for Mathematics, Sciences, and the Arts"
6630513.0,ANINE BING
162359.0,Alaska Airlines
163019.0,"Chico's FAS, Inc."
3342.0,Kaplan
56133703.0,EglobeData
5397161.0,Cyber Sphere
67168015.0,ChabezTech LLC
163062.0,Citizens
9414559.0,Sayari
2017.0,Qualcomm
17246.0,"Relevante, Inc."
43651.0,Bay Cove Human Services
77301.0,Raising Cane's Chicken Fingers
15485.0,Bodycote
1028.0,Oracle
1273097.0,Oil and Gas Job Search Ltd
40025.0,Arthrex
4798.0,Hallmark Cards
85833.0,Sonesta Hotels
688958.0,Commonwealth of Pennsylvania
72610772.0,Connected Health Care
2733340.0,EPIC Rx
331509.0,Ztek Consulting
90869.0,Hemphill - Search • Consulting • Staffing
35717035.0,UW-Madison College of Engineering
28352.0,Core-Mark International
2034542.0,The Guild for Human Services
1586.0,Amazon
1304385.0,AbbVie
16182319.0,"North Shore Healthcare, LLC"
8731.0,City of Fort Worth
33182233.0,Prairie Band Health Services
102146714.0,SimplyApply
53345529.0,Liberty Healthcare and Rehabilitation Services
6849.0,Dice
30207.0,Jackson Health System
2379156.0,Energy Jobline
5688806.0,HardHat Workforce Solutions
15798900.0,Blend
10813252.0,Good Dye Young
8031.0,Mount Sinai Health System
16589.0,Healthfirst
2973906.0,Leidos
109766.0,MCA Connect
71716289.0,One GI®
232394.0,Brewer Morris
55032.0,Darling Ingredients
3603143.0,Tier4 Group
89520.0,Caliber Collision
162448.0,Amtrak
1123.0,Bank of America
136191.0,Editech Staffing
294125.0,Tekshapers
53345529.0,Liberty Healthcare and Rehabilitation Services
5352294.0,Raas Infotek
3626.0,HCA Healthcare
1646245.0,The Tile Shop
162616.0,Bacardi
91174861.0,Mind4Youth
164926.0,MedStar Health
12192.0,Safelite
88236.0,Amerit Consulting
2578208.0,Bioventus
1403.0,Booz Allen Hamilton
1235.0,Wells Fargo
96290183.0,Vantage Paralegal Services
4256.0,CAE
214960.0,Compassus
1713530.0,Godfrey & Wing
905282.0,ID Logistics US
25037501.0,Core & Main
167757.0,The Job Network
2152.0,TEKsystems
4207.0,Raymond James
76788.0,QSC
1684122.0,Lucid Motors
3498.0,Safeway
25371.0,White Cap
89520.0,Caliber Collision
5061776.0,ANALYGENCE
30086.0,Palo Alto Networks
166299.0,Telco Systems | Edgility
11266342.0,Trinity Health Of New England
98013093.0,PAM Health Specialty Hospital of Sarasota
283807.0,FirstService Residential Florida
4128.0,"Lowe's Companies, Inc."
20573.0,Life Care Centers of America
20924.0,Merchant & Gould P.C.
4128.0,"Lowe's Companies, Inc."
12900033.0,e3 Diagnostics
163139.0,Cogent Communications
3865176.0,KnowHireMatch
2531104.0,"Connect Search, LLC"
69192874.0,"Mahan's Thermal Products, Inc."
851980.0,The University of Kansas Health System
8034.0,Life Time Inc.
707531.0,VIP Community Services
265869.0,Trinity Health
1342448.0,FINRA
69222173.0,Mamoth - Electronic Recycling
808034.0,Aya Healthcare
1392.0,T-Mobile
1835.0,Allstate
3611842.0,Autobody News
71919.0,Varsity Spirit
3549.0,IHG Hotels & Resorts
26710.0,Brooks Running
10211444.0,The Y (YMCA)
37694.0,Link Technologies
53345529.0,Liberty Healthcare and Rehabilitation Services
167757.0,The Job Network
53345529.0,Liberty Healthcare and Rehabilitation Services
163761.0,Family Dollar
53345529.0,Liberty Healthcare and Rehabilitation Services
3831.0,Northern Trust
157353.0,Whole Foods Market
6250.0,Baylor Scott & White Health
12577804.0,Recruiting Simple
860833.0,Full Circle Health
22503.0,VolunteerMatch
7210039.0,Premio Foods Inc.
1680.0,Cognizant
4128.0,"Lowe's Companies, Inc."
65529778.0,iO Associates - US
3815031.0,KPG99 INC
1280557.0,Integrated Power Services
2908367.0,gpac
11056.0,Insight Global
2908367.0,gpac
51701268.0,Talent Groups
4898.0,Parsons Corporation
3760423.0,Akima
1835.0,Allstate
355506.0,Four Oaks
209610.0,The Mosaic Company
3815936.0,Synchrony
12631273.0,Hilton Boston Back Bay
3025557.0,Centria Autism
14352.0,Solomon Page
23182.0,Akron Children's Hospital
2973906.0,Leidos
809314.0,ClearChoice Dental Implant Centers
1235.0,Wells Fargo
27625.0,L.A. Care Health Plan
96139831.0,DataAnnotation
2086774.0,Hire Counsel
64608.0,MedAire
157346.0,Eddie Bauer
18090.0,Jefferson County Public Schools
18946009.0,KW Specialty Insurance Company
4059.0,The Estée Lauder Companies Inc.
11115.0,Infinite Computer Solutions
12969.0,Genmab
14966.0,Hannaford Supermarkets
28014.0,Nesco Resource
1613226.0,Bio-Rad Laboratories
10959043.0,iDEAL HIRE
892001.0,The Trade Desk
2379156.0,Energy Jobline
12908.0,2K
162750.0,BNY Mellon
69052326.0,Culture Pop Soda
1353.0,Tata Consultancy Services
2152.0,TEKsystems
3012.0,Fifth Third Bank
6234.0,Schwan's Company
18731825.0,Platform Accounting Group
81123037.0,RUSH Physical Therapy
40777799.0,The Ekeo Group
3135.0,Hyatt Regency
531693.0,American Tire Distributors
74081323.0,TekJobs
35504.0,VCA Animal Hospitals
79383535.0,Akkodis
20922.0,National Audubon Society
22346462.0,Etna Consulting Group
166551.0,Tyson Foods
3626.0,HCA Healthcare
400495.0,Taco Comfort Solutions
4307.0,Lincoln Financial Group
73013724.0,J. Galt
54844.0,Delta Dallas
157312.0,Neiman Marcus Group
4453.0,"Ryder System, Inc."
14984.0,Performance Food Group
8503.0,Mandarin Oriental Hotel Group
2498.0,Rockwell Automation
10266947.0,Performance Foodservice
248184.0,Creative Financial Staffing (CFS)
82492376.0,Confidential Company
2379156.0,Energy Jobline
3475.0,Holcim
18860134.0,Jobot
53193.0,Rinnai America Corporation
35495217.0,Primary Talent Partners
150772.0,eHire
4099.0,University of Wisconsin-Madison
53959.0,ATI
28119793.0,Centrica Business Solutions
21611.0,ActionLink
38521.0,Bryan Health
28978143.0,Beth Israel Lahey Health
10309578.0,"Mercedes-Benz Vans, LLC (Charleston, SC)"
38961.0,Good Samaritan Society
9392485.0,The Chemours Company
40745219.0,L3Harris Technologies
10147.0,Famous Footwear
6919.0,Strategic Staffing Solutions
9499.0,Belk
15177661.0,Democratic Attorneys General Association
93223209.0,Optima Bio Supply Ltd
35639347.0,Advanced Sciences and Technologies
14191.0,Aéropostale
3651935.0,BetterHelp
18472079.0,Curaleaf
2152.0,TEKsystems
40684054.0,Kopco
4128.0,"Lowe's Companies, Inc."
3760423.0,Akima
80516368.0,Accor - North & Central America
1626786.0,"RJ Schinner Co., Inc."
9317806.0,Navy Region Southeast Fleet and Family Readiness (FFR)
7789.0,DICK'S Sporting Goods
18860134.0,Jobot
83151166.0,Enhabit Home Health & Hospice
166840.0,Von Maur
71622423.0,Straight Arrow News
88973486.0,VYSoft Solutions Inc
18506580.0,Vivian Health
2565117.0,Constellis
3960977.0,Flat Track Coffee
1731254.0,Laserax
220336.0,Hyatt Hotels Corporation
51664810.0,Theoria Medical
2027661.0,"TE Wire & Cable LLC, a Marmon | Berkshire Hathaway Company"
42610.0,Jos. A. Bank Clothiers
7798818.0,MycoWorks
47664328.0,Lumen Technologies
18043.0,Addison Group
79992118.0,TheKey
28626279.0,Puffer Malarkey Collective
6447213.0,"Method Recruiting, a 2x Inc. 5000 company"
56670.0,"SBM Management Services, LP"
82904967.0,Employ
32924.0,GardaWorld
11541.0,PVH Corp.
3571946.0,"FUJIFILM North America Corporation, Imaging Division"
84994.0,Sensirion
13990.0,Zillow
1805509.0,Summit Materials
5034592.0,Center for Social Dynamics
4713.0,Ecolab
20366228.0,California Department of Developmental Services
28209.0,ICU Medical
687450.0,Immunocore
1909732.0,"Hallisey & D'Agostino, LLP"
2543692.0,Cygnus Professionals Inc.
1867264.0,Integritus Healthcare
3175.0,Ingersoll Rand
74477.0,Health eCareers
80670851.0,MasTec Power Delivery
11056.0,Insight Global
77831.0,Syndicatebleu
952788.0,National Youth Advocate Program (NYAP)
3998.0,Syngenta
11805291.0,Exyte
10500.0,Swisslog
4128.0,"Lowe's Companies, Inc."
15165083.0,Ohio Department of Medicaid
1586.0,Amazon
908113.0,Dental Care Alliance
17226.0,UniFirst Corporation
23257.0,Troon
13151.0,Aggreko
2552224.0,Near North Health Service Corporation
12533.0,Conservation International
15256197.0,Swagelok Pittsburgh | Tri-State Area
2220867.0,Flagship Healthcare Properties
894610.0,Cedar Fair Entertainment Company
869128.0,Crystal Equation Corporation
770551.0,North Arkansas Regional Medical Center
81933917.0,New York State Office of Cannabis Management
7789.0,DICK'S Sporting Goods
1002773.0,NAPA Auto Parts
27606163.0,ML OUTSOURCING SERVICES PRIVATE LIMITED
133074.0,Innovative Driven
3480281.0,Target Optical
9443644.0,Volunteers of America Colorado
7598403.0,"Tailored Brands, Inc."
35520100.0,CoralTree Hospitality
96888599.0,Endeavor Health
164126.0,BMO U.S.
342803.0,First Foundation Inc.
808034.0,Aya Healthcare
12082.0,Park Nicollet Health Services
18506580.0,Vivian Health
1893.0,Bayer
1681.0,Robert Half
1358653.0,TravelNurseSource
165472.0,Pilot Flying J
81484454.0,GTECH LLC
457885.0,MedPro Healthcare Staffing
15798.0,Stericycle
26923.0,Holiday Stationstores
2741008.0,Little Giant Farmer's Market
10801655.0,Publicis Sapient
98515650.0,VITAL Rheumatology PLLC
3269.0,DHL Supply Chain
947715.0,BCforward
51664810.0,Theoria Medical
892530.0,360 Tour Designs
37486.0,Greystar
1103.0,Verizon
2468405.0,Afinitas
51612128.0,Peak Parking
1353.0,Tata Consultancy Services
18135286.0,Custom Brands Group
3706049.0,CareerStaff Unlimited
17877112.0,Banyan Health Systems
74746790.0,Coactive AI
920209.0,A.G. Rhodes
51664810.0,Theoria Medical
2633.0,BASF
9565.0,Peraton
7795.0,Petco
18043.0,Addison Group
5927.0,Flowserve Corporation
219120.0,Slickdeals
1273097.0,Oil and Gas Job Search Ltd
96180361.0,"Bridgestone Retail Operations, LLC"
164376.0,Innova Solutions
6369.0,Tata Technologies
1512982.0,Schulte Hospitality Group
6088.0,AppleOne Employment Services
1043063.0,Tyson & Mendes
13386.0,Skechers
248184.0,Creative Financial Staffing (CFS)
3569228.0,Anonymous
3081.0,Thermo Fisher Scientific
164798.0,M&T Bank
91445468.0,CornerStone Technology Talent Services
11169.0,"Kinder Morgan, Inc."
28923.0,Harbor Freight Tools
73414.0,CLEAResult
9398613.0,Nebraska Department of Health and Human Services
164880.0,Maxim Healthcare Staffing
2567649.0,"DeMayo Law Offices, LLP"
10266947.0,Performance Foodservice
1597847.0,Agama Solutions Inc
17980749.0,Lakefield Veterinary Group
3460.0,UPMC
56915.0,Teamware Solutions a division of Quantum Leap Consulting Pvt. Ltd
8905.0,Western & Southern Financial Group
72610772.0,Connected Health Care
23982.0,Krispy Kreme
6821.0,Southern Glazer's Wine & Spirits
1358653.0,TravelNurseSource
23929.0,"PLS Financial Services, Inc."
163139.0,Cogent Communications
11317039.0,YER USA
98354935.0,"ARKA Group, LP"
11427160.0,"QCR Holdings, Inc."
4787.0,Apex Systems
4564.0,Vanderbilt University Medical Center
101478385.0,A Hiring Company
1550826.0,The Nugget Group Your Partner in Progress
45975.0,Another Source
10696913.0,Allied Universal
12446.0,Circle K
1506196.0,Health Carousel Nursing & Allied Health
4411.0,DNV
166209.0,Sutter Health
15231.0,"Neudesic, an IBM Company"
10769.0,CHRISTUS Health
21026.0,Hunter Industries
14037757.0,DIY Media Group
2192142.0,"Metalcraft of Mayville, Inc."
259898.0,MANN+HUMMEL
1339209.0,Topgolf
265869.0,Trinity Health
265869.0,Trinity Health
10425374.0,"Millennium Recruiting, Inc."
83130.0,Inter-Con Security
214286.0,The Hollister Group
946408.0,CAPTEK® Softgel International
29827.0,"United Surgical Partners International, Inc"
4787.0,Apex Systems
147875.0,Protouch Staffing
69107.0,Leslie's
252398.0,ICE
8288.0,Leonardo DRS
56766.0,SouthEast Alaska Regional Health Consortium (SEARHC)
3738912.0,At Home Group Inc.
327316.0,Appalachian Voices
157338.0,The Nature Conservancy
3900.0,Framatome
162361.0,Albemarle Corporation
162901.0,CarMax
1358653.0,TravelNurseSource
7795.0,Petco
19180090.0,Bulldog Roofing Northern Colorado
40928644.0,Star Dental Partners
1680.0,Cognizant
166632.0,University of Central Florida
3706049.0,CareerStaff Unlimited
7515.0,Inova Health
15412881.0,Itoya Topdrawer Corp.
2029.0,Nike
2449.0,Hilton
13359870.0,RATP Dev USA
1358653.0,TravelNurseSource
9185.0,Advance Auto Parts
3498.0,Safeway
5341805.0,Autism New Jersey
6979.0,Intertek
4787.0,Apex Systems
2700663.0,MemorialCare
7789.0,DICK'S Sporting Goods
5093945.0,Team Ruby Henderson
13179119.0,Austal USA
9402.0,"Medline Industries, LP"
4564.0,Vanderbilt University Medical Center
858214.0,AdventHealth
3830959.0,Job Juncture
5887.0,Motion Recruitment
618336.0,Visage Imaging
102146714.0,SimplyApply
1207.0,Johnson & Johnson
3516935.0,ClickJobs.io
53345529.0,Liberty Healthcare and Rehabilitation Services
28589430.0,St. Peter's Health
3029525.0,Oak Street Health
3677.0,Edward Jones
53345529.0,Liberty Healthcare and Rehabilitation Services
2649.0,University of Illinois Chicago
3476.0,Michael Page
24302.0,San Diego County Credit Union
4156.0,Air Products
3338050.0,Netskope
19230941.0,"J&K Communications, Inc."
7795.0,Petco
1002254.0,Action Facilities Management
23673.0,J.R. Simplot Company
15855995.0,Firstbase.com
9185.0,Advance Auto Parts
7064.0,Mercy
3253871.0,SageSure
1155494.0,Alma Bank
3738912.0,At Home Group Inc.
1149301.0,"MATCOR, Inc."
3753860.0,California Department of Health Care Services
31580.0,VyStar Credit Union
2247.0,Johnson Controls
3677.0,Edward Jones
311841.0,SCA Health
2252.0,Bath & Body Works
157353.0,Whole Foods Market
96139831.0,DataAnnotation
221360.0,CSOFT International
95872.0,Southwest Key Programs
18967339.0,Newrez LLC
35647080.0,Staples Stores
468782.0,WSP in the U.S.
121911.0,Restech
167757.0,The Job Network
1235.0,Wells Fargo
68582692.0,TrueCare
296229.0,Otsuka Pharmaceutical Companies (U.S.)
152765.0,"Datasoft Technologies, Inc."
30579326.0,UofL Health
18586257.0,Abnormal Security
85833.0,Sonesta Hotels
9826.0,Wood
147038.0,"Neuronetics, Inc."
2396310.0,Randstad USA
11227630.0,Ageility
3672.0,CACI International Inc
84824199.0,"Mission Technologies, a division of HII"
12446.0,Circle K
5756.0,Penske Truck Leasing
8097.0,Acosta
1506196.0,Health Carousel Nursing & Allied Health
167757.0,The Job Network
89520.0,Caliber Collision
17107.0,Precor
1087408.0,Synergy Interactive
98820158.0,OneSource Property Maintenance
2155460.0,Ascend Learning
1431.0,PepsiCo
74746043.0,RedBalloon
166551.0,Tyson Foods
164881.0,Maximus
11758.0,Wesco
2513.0,Michigan Medicine
33096489.0,IdealTax 
1076974.0,Vital Energy
43212.0,Golden 1 Credit Union
163139.0,Cogent Communications
23323.0,Net at Work
35143.0,"Modern Technology Solutions, Inc. (MTSI)"
97191599.0,TRC Talent Solutions
17339.0,San Francisco Giants
4298.0,University of Virginia
36092044.0,Equitable
16127.0,Matlen Silver
4883.0,Pulte Mortgage
11227630.0,Ageility
36013306.0,Forte Consulting
2700167.0,"Capstone Logistics, LLC"
72483.0,Aimbridge Hospitality
7412.0,AutoZone
485407.0,The Learning Experience
30498.0,Claire's
1339209.0,Topgolf
7268.0,Planview
9185.0,Advance Auto Parts
5171555.0,WattTime.org
3460.0,UPMC
3765.0,GroupM
1419.0,Capital One
11007.0,The J.M. Smucker Co.
74971536.0,Crew Capital
2311.0,Marriott International
2190.0,Visa
5273669.0,"HX5, LLC"
18293159.0,Anduril Industries
59317000.0,HOUSTON METHODIST WEST HOSPITAL
8737.0,City of Atlanta
3915.0,The Goodyear Tire & Rubber Company
31188432.0,VN Consultancy Services
1300309.0,"Blain's Farm & Fleet (Blain Supply, Inc.)"
3081.0,Thermo Fisher Scientific
38897.0,Holy Name Medical Center
14352.0,Solomon Page
165109.0,NOV
947908.0,BluSky Restoration Contractors
10420321.0,The Mom Project
16690.0,Compunnel Inc.
64259963.0,Trane Technologies
2162.0,Cardinal Health
124759.0,Uncommon Schools
2213829.0,Pride Health
1384.0,Boeing
12939.0,IREX
166572.0,Ulta Beauty
49041.0,Five Below
98677863.0,STRIKE Marketing
114213.0,Explorer Pipeline
9398613.0,Nebraska Department of Health and Human Services
26510546.0,Beckman Coulter Life Sciences
28978143.0,Beth Israel Lahey Health
20573.0,Life Care Centers of America
11056.0,Insight Global
7832.0,Stevens Institute of Technology
13386.0,Skechers
5221388.0,Heitmeyer Consulting
827183.0,Russell Tobin
444427.0,LEVY | VON BECK | COMSTOCK | P.S.
98686215.0,The Paralegal Circle
17663.0,Corsair
4025744.0,Tutor Time Childcare
3135.0,Hyatt Regency
462369.0,"CHA Consulting, Inc."
18425303.0,Spectrum
76262847.0,SIMPLE®
14050885.0,Vortex Metal Manufacturing
8031.0,Mount Sinai Health System
101674002.0,Xagrot
6631661.0,Hunter International Recruiting
75348.0,"IMA Financial Group, Inc."
20573.0,Life Care Centers of America
4592.0,SKF Group
58396.0,Cactus Communications
5262.0,DSV - Global Transport and Logistics
4513.0,Campbell's
6756178.0,Saint Joseph Mercy Health System
19241.0,"Global Technical Talent, an Inc. 5000 Company"
18373129.0,Generis Tek Inc
234683.0,Health Dimensions Group
225796.0,"Astir IT Solutions, Inc."
2831404.0,Authority Partners
66075.0,"Madison-Davis, LLC"
3915.0,The Goodyear Tire & Rubber Company
6265.0,CSX
46110.0,ChemTreat
2251.0,Victoria’s Secret & Co.
315817.0,Republic Services
15798900.0,Blend
2913.0,Shaw's Supermarkets
99095811.0,NMDP
163761.0,Family Dollar
167757.0,The Job Network
49135.0,GoTo Foods
28498.0,WellSpan Health
952788.0,National Youth Advocate Program (NYAP)
53345529.0,Liberty Healthcare and Rehabilitation Services
7933207.0,Physical Therapy NOW Franchise
451961.0,The Phoenix Group
166127.0,SP+ (SP Plus)
18472079.0,Curaleaf
5508.0,Morrison Foerster
14064.0,Builders FirstSource
30498.0,Claire's
19076380.0,Diamond Peak Recruiting
413796.0,Synectics Inc.
54814820.0,Barcadia Bar & Grill
204770.0,WM
71904349.0,Actalent
79482021.0,Ehub Global Inc
7795.0,Petco
2650.0,University of Illinois Urbana-Champaign
2612.0,Panasonic Avionics Corporation
1756.0,HCLTech
15485.0,Bodycote
75388921.0,Upward Trend
1002773.0,NAPA Auto Parts
5392.0,The Hanover Insurance Group
10638654.0,Ciena Healthcare
1431.0,PepsiCo
708393.0,"Atwell, LLC"
4789.0,Smith+Nephew
570550.0,GE Aerospace
684349.0,HireBetter
54814820.0,Barcadia Bar & Grill
18452768.0,K2 Insurance Services
45729247.0,Axis Portable Air
7513.0,Illumina
12446.0,Circle K
164880.0,Maxim Healthcare Staffing
3770.0,University of Colorado
162531.0,Artisan Talent
13386.0,Skechers
2409140.0,Inclusion Cloud
13333.0,Ledgent
2150924.0,Advanced Classroom Technologies
28498.0,WellSpan Health
7515.0,Inova Health
743843.0,OSI Engineering
57266844.0,BUSY BODY PEDIATRIC THERAPY LLC
15633.0,SEGULA Technologies
12446.0,Circle K
22505.0,The Walsh Group - Walsh Construction & Archer Western
3642491.0,Sunglass Hut
11229.0,Vaco
4608.0,Washington University in St. Louis
2548923.0,"Groundswell, Inc."
10402.0,Cable ONE
1419.0,Capital One
242230.0,Enterprise Solutions Inc.
4668.0,Nautica
2911.0,Albertsons Companies
8199.0,Quad
5034592.0,Center for Social Dynamics
3859.0,WebMD
77301.0,Raising Cane's Chicken Fingers
248184.0,Creative Financial Staffing (CFS)
80516368.0,Accor - North & Central America
56670.0,"SBM Management Services, LP"
69044356.0,"Audio Video Specialists, LLC"
95735233.0,VALA Solutions Inc
29160.0,kate spade new york
3081.0,Thermo Fisher Scientific
7027.0,CoStar Group
53345529.0,Liberty Healthcare and Rehabilitation Services
3563085.0,MLK Community Healthcare
19181511.0,Forward Progress Staffing
36998854.0,PKF O'Connor Davies TalentConnect
166551.0,Tyson Foods
20571175.0,"Community Services Project, Inc."
431617.0,St. Joseph's Health
10769.0,CHRISTUS Health
1016.0,GE HealthCare
4852.0,Jabil
70420.0,Red River
164159.0,H-E-B
35428876.0,Wellpath
67155308.0,Gainwell Technologies
5235.0,LHH
85833.0,Sonesta Hotels
89950864.0,Birdseye Partners
240179.0,GCI Communication Corp.
165441.0,Perdue Farms
79557151.0,Comfort Air Distributing
101789992.0,Metric Geo
5826.0,Tommy Hilfiger
2152.0,TEKsystems
22456.0,Beacon Hill Staffing Group
8621.0,Kemper
86694680.0,Ascendion
26489299.0,CyberApt Recruitment
1273097.0,Oil and Gas Job Search Ltd
41509.0,Whitridge Associates
165472.0,Pilot Flying J
74477.0,Health eCareers
28352.0,Core-Mark International
37486.0,Greystar
70893399.0,Johnstown Heights Behavioral Health
89863875.0,Altea Healthcare
64799.0,Premium Retail Services
2474441.0,Integrity Rehab Group
4852.0,Jabil
33242739.0,Confidential
35520100.0,CoralTree Hospitality
9254907.0,Crash Champions
33226.0,EnLink Midstream
7412.0,AutoZone
11056.0,Insight Global
54814820.0,Barcadia Bar & Grill
2627812.0,CodeForce 360
99442976.0,Epic Getaway Travel Experiences
783611.0,MongoDB
11240.0,"Burlington Stores, Inc."
15080.0,Delaware North
3356706.0,GYMGUYZ
71575605.0,FedEx Logistics
8621.0,Kemper
51586544.0,MUSC Health
2396310.0,Randstad USA
164159.0,H-E-B
5345313.0,techolution
7488.0,RUSH University Medical Center
101828315.0,Come Near
22503.0,VolunteerMatch
377874.0,REACH Air Medical Services
450279.0,Lee Kum Kee USA
71192773.0,Hartigan Outdoors
53345529.0,Liberty Healthcare and Rehabilitation Services
5156208.0,Datasys Consulting and Software Inc.
157353.0,Whole Foods Market
18303.0,St. David's HealthCare
315817.0,Republic Services
22523.0,lululemon
9185.0,Advance Auto Parts
3029525.0,Oak Street Health
22307418.0,Colorado Department of Public Health and Environment
40745219.0,L3Harris Technologies
10224550.0,Community Action Services and Food Bank
4787.0,Apex Systems
333988.0,TLC Engineering Solutions
163139.0,Cogent Communications
3570660.0,City Lifestyle
3498.0,Safeway
24448.0,America First Credit Union
9025.0,Clark County School District
1614.0,SAIC
966085.0,D3 Search
52950123.0,W. Lee Flowers & Co
1123.0,Bank of America
7099708.0,"Team Builders Recruiting and Consulting, LLC"
28923.0,Harbor Freight Tools
87404095.0,Sapear Inc
2219323.0,Maddisoft
1123.0,Bank of America
828170.0,"TSR Consulting Services, Inc."
81563832.0,DoubleTree by Hilton Hotel Cedar Rapids Convention Complex
10950962.0,Clarivate
998131.0,Kansas Department of Health and Environment
35651393.0,Cherokee Federal
5235.0,LHH
2825662.0,"Cornerstone Property Management, CREG Inc."
12686.0,CompHealth
71350.0,SPECTRAFORCE
71399348.0,Mitsubishi Logisnext Americas Inc.
74335050.0,Broadmeadows SDS
16182319.0,"North Shore Healthcare, LLC"
315817.0,Republic Services
1419.0,Capital One
24440.0,Collabera
5756.0,Penske Truck Leasing
30238039.0,V-Solve
908113.0,Dental Care Alliance
35495217.0,Primary Talent Partners
4994.0,Lawrence Livermore National Laboratory
18389.0,"Kraft & Kennedy, Inc."
2227.0,Novo Nordisk
89950864.0,Birdseye Partners
3025557.0,Centria Autism
14798.0,Butler University
649388.0,A-Line Staffing Solutions
162987.0,C.H. Robinson
1273097.0,Oil and Gas Job Search Ltd
307494.0,"Securitas Security Services USA, Inc."
1511.0,Mondelēz International
2204084.0,Talentify.io
209610.0,The Mosaic Company
3109431.0,Skedda
4592.0,SKF Group
4501.0,USAA
1614.0,SAIC
12309.0,Rose International
9185.0,Advance Auto Parts
164924.0,MedQuest
277990.0,JorgensenHR
19762.0,ISO New England Inc.
1586.0,Amazon
18860134.0,Jobot
1419.0,Capital One
5328.0,H&M
5140.0,Virtusa
1277.0,American Express
93279191.0,Truss Group
165430.0,Pentair
10855353.0,Altice USA
10883.0,David's Bridal
10309372.0,"Stellar Consulting Solutions, LLC"
371305.0,Y-12 National Security Complex
462369.0,"CHA Consulting, Inc."
99477381.0,HHS Careers
252398.0,ICE
167757.0,The Job Network
2263179.0,Daimler Truck North America
163019.0,"Chico's FAS, Inc."
4482684.0,GITS (Global IT Staffing)
3175.0,Ingersoll Rand
2204084.0,Talentify.io
64681939.0,Cella
8967.0,Newmark
22503.0,VolunteerMatch
27170977.0,KLDiscovery
7412.0,AutoZone
42433.0,Grubb Properties
166209.0,Sutter Health
8642628.0,Veterans Engineering
89994560.0,Ketjen Corporation
64314.0,Kloeckner Metals - Americas
32924.0,GardaWorld
167251.0,Dropbox
1055583.0,dna Communications
89520.0,Caliber Collision
163139.0,Cogent Communications
8117.0,The Judge Group
17930841.0,BillionToOne
21292.0,Boyd Gaming
964511.0,Career Opportunities International
2415664.0,Element Materials Technology
10883.0,David's Bridal
32469.0,St. Elizabeth Healthcare
2569274.0,Ciresi & Morek
2402229.0,Cardell Media Ltd
11818084.0,Elara Caring 
14363.0,RWJBarnabas Health
69601172.0,Cosm
82485916.0,Corewell Health
4790380.0,"MWResource, Inc."
1403.0,Booz Allen Hamilton
166905.0,Wegmans Food Markets
9331883.0,Genuine Search Group
3175.0,Ingersoll Rand
17719.0,Workday
77301.0,Raising Cane's Chicken Fingers
3681.0,Fluor Corporation
12446.0,Circle K
10199874.0,HomeServices Insurance
101789992.0,Metric Geo
227611.0,Austin Fraser
1002773.0,NAPA Auto Parts
11457596.0,Vituity
1354109.0,CSG Talent
1431.0,PepsiCo
1089558.0,Employvision Inc.
2788204.0,Rang Technologies Inc
100906286.0,P.E. University
15506.0,Synechron
63492.0,GSP International
56760816.0,Hilton Los Angeles Airport
3175.0,Ingersoll Rand
214960.0,Compassus
1043.0,Siemens
27170977.0,KLDiscovery
35584944.0,Elevate Care
9294904.0,Infinite Consulting Corp
3081.0,Thermo Fisher Scientific
7479.0,D.R. Horton
18613.0,Dollar Tree Stores
78334.0,Wheeler Health
11056.0,Insight Global
484413.0,"iRhythm Technologies, Inc."
98027777.0,PAM Health Specialty Hospital of Reno
3671.0,H&R Block
12446.0,Circle K
28923.0,Harbor Freight Tools
1321145.0,WHC Energy Services
3475.0,Holcim
334654.0,IFG - International Financial Group
61400.0,The Reserves Network
69891324.0,Subtext 
2430668.0,XPO
1506196.0,Health Carousel Nursing & Allied Health
3321.0,Avery Dennison
336219.0,ExtensisHR
2059.0,TE Connectivity
15798.0,Stericycle
1483.0,Ford Motor Company
366351.0,Tucker Parker Smith Group (TPS Group)
18214.0,Orion Talent
2254693.0,Summit
8498368.0,Abilities Plus Inc
1441.0,Google
68681.0,Goshen Health
1550.0,Kaiser Permanente
37486.0,Greystar
1358298.0,Innergex
87804.0,Alchemy Worx
2587248.0,Solü Technology Partners
38961.0,Good Samaritan Society
2619961.0,Air Force Civilian Service
5236573.0,Unicon Pharma Inc
22503.0,VolunteerMatch
21792.0,Northmarq
1286891.0,W3Global
9703.0,Centene Corporation
157353.0,Whole Foods Market
98994090.0,Tilly Therapy
77610081.0,Northstar Preschools
17069.0,INTEGRIS Health
3114.0,Office Depot
6849.0,Dice
3135.0,Hyatt Regency
163139.0,Cogent Communications
16589.0,Healthfirst
9401140.0,HCA Houston Healthcare
7361.0,Domino's
72332830.0,The Crox Group
321712.0,NewGen Business Solutions: NetSuite ERP Consultants and Event Technology Specialists
10857149.0,PEOPLE FORCE CONSULTING INC
11297449.0,Quartile
3293893.0,Bear Real Estate Group
6234.0,Schwan's Company
12727.0,Food Lion
6044.0,"Yoh, A Day & Zimmermann Company"
27139071.0,Mission Veterinary Partners
2415472.0,"Blackmere Consulting, LLC"
110859.0,AirBorn Inc.
81302109.0,Lumen Resources
87159336.0,21.co
3570660.0,City Lifestyle
5749.0,Kohl's
7003.0,Columbia Sportswear Company
58523992.0,San Carlos Golf Club
11841554.0,Enexus Global Inc.
1828593.0,Martha Schwartz Partners
1182899.0,Avesta Housing
10995060.0,Elevate Digital
1658.0,Boston Children's Hospital
226965.0,Net2Source Inc.
27157459.0,BrandSafway
14555.0,Susan G. Komen
163019.0,"Chico's FAS, Inc."
10769.0,CHRISTUS Health
1344.0,Honeywell
71012239.0,Ride1Up
20339777.0,GigaCloud Technology
1586.0,Amazon
890145.0,VDart
82669556.0,Symbolica AI
801428.0,EF English First 
2382910.0,Amazon Web Services (AWS)
3706049.0,CareerStaff Unlimited
18043.0,Addison Group
375894.0,The Management Trust
16178617.0,equivant
1127295.0,Giant Food
2259276.0,Nexwave
24440.0,Collabera
3019.0,Staples
259589.0,"IDR, Inc."
1681.0,Robert Half
35135.0,"Metasys Technologies, Inc."
19087.0,TeamHealth
15262835.0,Honda Aircraft Company
4060.0,Cushman & Wakefield
5415008.0,"BlueScope Buildings North America, Inc."
77601.0,"TechnoSphere, Inc."
10266947.0,Performance Foodservice
2468875.0,"Zodiac Solutions, Inc"
10371941.0,LexisNexis Risk Solutions
167027.0,Zenith
2300.0,Macy's
2152.0,TEKsystems
260387.0,Worldpay
95720679.0,"Abgin Law, PC"
81021391.0,D. Ott Construction
8792.0,TruTeam
457885.0,MedPro Healthcare Staffing
318884.0,ARC Document Solutions
2553945.0,MediaNews Group
716802.0,Micro Control Company
772837.0,"Silfex, Inc. - A Division of Lam Research Corporation"
2622.0,Caterpillar Inc.
90869.0,Hemphill - Search • Consulting • Staffing
9385135.0,AMS Staffing Inc.
2300.0,Macy's
967220.0,Tactile Medical
33711.0,SWCA Environmental Consultants
5379098.0,CareTeam Solutions
5927.0,Flowserve Corporation
23337.0,Sally Beauty
3677.0,Edward Jones
1419.0,Capital One
28332.0,Barnes & Noble College
53345529.0,Liberty Healthcare and Rehabilitation Services
8288.0,Leonardo DRS
5887.0,Motion Recruitment
100542465.0,Cold Storage Recruiting
6756178.0,Saint Joseph Mercy Health System
2590023.0,Good Times Restaurants Inc.
76168224.0,Syndica
23793.0,AIDS Healthcare Foundation
67991070.0,Regal.io
10266947.0,Performance Foodservice
1140216.0,UASI
2137.0,Pearson
15183489.0,GOOD AMERICAN
88957572.0,WellSense Health Plan
7158.0,Fred Hutch
27118902.0,Lean Six Search | Supply Chain Recruitment
10384905.0,Samuel Staffing
21337.0,NYC Health + Hospitals
10510386.0,Revature
35676539.0,ClearSky Health
102466.0,Goodwill Southern California
485407.0,The Learning Experience
18563089.0,Notable
14352.0,Solomon Page
164880.0,Maxim Healthcare Staffing
37902046.0,White River Marine Group
33208551.0,Jefferson City School District
7795.0,Petco
19241.0,"Global Technical Talent, an Inc. 5000 Company"
14967.0,HealthStream
1419.0,Capital One
75039888.0,ARC Industries
14352.0,Solomon Page
1756.0,HCLTech
165568.0,Providence Health & Services
2433416.0,Chewy
12727.0,Food Lion
352855.0,iTECH
462369.0,"CHA Consulting, Inc."
1668.0,FedEx Ground
1482.0,PayPal
1668.0,FedEx Ground
4025.0,Jacobs
315817.0,Republic Services
5227.0,Colliers
37778197.0,Jobs via eFinancialCareers
3570660.0,City Lifestyle
3282.0,Stryker
10504343.0,Ciox Health
80040053.0,National Home Corp
3486.0,Hays
424124.0,BioSpace
18955051.0,PotlatchDeltic Corporation
96312227.0,Confidential Law Firm
15941587.0,Nacogdoches Medical Center
12727.0,Food Lion
162912.0,Catalent Pharma Solutions
1123.0,Bank of America
1947586.0,Paragon 28
84180.0,Pluralsight
25552.0,Johnsonville
81600.0,Easterseals Southern California
15139.0,AmeriGas
1600946.0,NYS Office for People With Developmental Disabilities
10147.0,Famous Footwear
3081.0,Thermo Fisher Scientific
19241.0,"Global Technical Talent, an Inc. 5000 Company"
14352.0,Solomon Page
7799176.0,Epik Solutions
3677.0,Edward Jones
46521.0,Direct Auto Insurance
28695602.0,FISEC GLOBAL INC.
14073562.0,Boldly Premium Executive Assistants
11056.0,Insight Global
1419.0,Capital One
164158.0,Heartland Alliance
307494.0,"Securitas Security Services USA, Inc."
167757.0,The Job Network
64754684.0,Headwall Logistics LLC
6849.0,Dice
62954.0,"Everest Consultants, Inc."
18527534.0,Spectrum Recruiting Solutions
1120218.0,pepperl+fuchs
71049830.0,Agile Datapro
8274.0,New Balance
31402435.0,Citadel Security USA 
3486.0,Hays
4725.0,Mayo Clinic
2461574.0,"KMC Systems, Inc."
3625.0,Cummins Inc.
51848.0,HireNetworks
17226.0,UniFirst Corporation
839847.0,Guardian
3486.0,Hays
72610772.0,Connected Health Care
2168893.0,Truity Partners
1653937.0,RevLocal
3175.0,Ingersoll Rand
85123.0,RDO Equipment Co.
347410.0,"Nexstar Media Group, Inc."
4433.0,Aquent
4564.0,Vanderbilt University Medical Center
248184.0,Creative Financial Staffing (CFS)
2166352.0,Venteon
776590.0,Iron Bow Technologies
15139.0,AmeriGas
28345.0,Convergint
10778.0,Rent-A-Center
7941225.0,Swift Strategic Solutions Inc
91653.0,Kirtland Credit Union
27127.0,Remington Hospitality
3706049.0,CareerStaff Unlimited
35584944.0,Elevate Care
80021800.0,"1st-Recruit LLC, An E-Verified Company"
1017004.0,Big Shoulders Fund
10638654.0,Ciena Healthcare
14749912.0,Midas Consulting
3178.0,JLL
2627812.0,CodeForce 360
7260.0,Ultimate Staffing
552278.0,Venmo
165707.0,Repsol
10638654.0,Ciena Healthcare
73013724.0,J. Galt
1002773.0,NAPA Auto Parts
559340.0,Results Physiotherapy
106383.0,Saicon
8280.0,Urban Outfitters
2472741.0,CAREonsite
19241.0,"Global Technical Talent, an Inc. 5000 Company"
2870989.0,EPM Scientific
157303.0,Comerica Bank
61812275.0,Hope Creates
7795.0,Petco
40871771.0,Cardone Ventures
26356.0,Overlake Medical Center & Clinics
22177.0,Interim HealthCare Inc.
521948.0,Reynolds Consumer Products
1235.0,Wells Fargo
3738912.0,At Home Group Inc.
10035810.0,WestRock Company
36120217.0,Vontier
3789.0,John Deere
98823646.0,Fact Finders Pro
87089640.0,Kenvue
7789.0,DICK'S Sporting Goods
74604.0,HealthCare Support
2152.0,TEKsystems
11229.0,Vaco
211153.0,New York State Office of Mental Health
65461715.0,Loloft Inc.
2371.0,Baxter International Inc.
1586.0,Amazon
21541.0,Wimmer Solutions
77758478.0,Careers @ Graham Packaging
18613.0,Dollar Tree Stores
1300309.0,"Blain's Farm & Fleet (Blain Supply, Inc.)"
608564.0,Global Medical Staffing
167757.0,The Job Network
140342.0,Brixey & Meyer
167757.0,The Job Network
99117440.0,Medically Modern Inc
167757.0,The Job Network
7556.0,Sam's Club
99009089.0,Pier
166905.0,Wegmans Food Markets
4701.0,Brown Brothers Harriman
1898104.0,Lucosky Brookman LLP
3242.0,International Paper
1002773.0,NAPA Auto Parts
71644541.0,Vardhan Medical Coding Private Limited®
2532635.0,Hirewell
5095.0,Southern Company
2396310.0,Randstad USA
856720.0,Spirit Halloween
96180361.0,"Bridgestone Retail Operations, LLC"
6849.0,Dice
10883.0,David's Bridal
163828.0,First Citizens Bank
2720583.0,"Stealth Monitoring, Inc."
856720.0,Spirit Halloween
92604.0,Upbring
2379156.0,Energy Jobline
1497.0,AMD
20374.0,Olsson
80729032.0,FeinZalkin Interiors
1341833.0,Teza Technologies
418440.0,SAM
9499.0,Belk
10147.0,Famous Footwear
5755.0,Penske Logistics
71716289.0,One GI®
62101.0,Busey
49151727.0,Publicis Collective
72610772.0,Connected Health Care
10974065.0,Carex Consulting Group
1841.0,Medtronic
72483.0,Aimbridge Hospitality
1506196.0,Health Carousel Nursing & Allied Health
86712.0,Toyo Tires
1463.0,ADP
27549.0,National Bank of Arizona
2152.0,TEKsystems
933942.0,Siri InfoSolutions Inc
157324.0,Randstad Digital Americas
28160901.0,Arbor Homes
12434.0,"Americold Logistics, LLC."
3706049.0,CareerStaff Unlimited
157359.0,Black & Veatch
163020.0,Seattle Children's
3411.0,Georgia-Pacific LLC
11056.0,Insight Global
162371.0,Align
4501.0,USAA
23929.0,"PLS Financial Services, Inc."
7064.0,Mercy
165353.0,Oshkosh Corporation
54430.0,Chartway Credit Union
5630.0,Memorial Sloan Kettering Cancer Center
1471368.0,Vacasa
1631547.0,"Bennett, Bricklin & Saltzburg LLC"
2380.0,United Airlines
3545223.0,Fuse3 Solutions
20573.0,Life Care Centers of America
2314143.0,EA Team Inc
396897.0,Knute Nelson
13299.0,TransPerfect
1742506.0,INSPYR Solutions
46805.0,Layton Construction
6515.0,Select Medical
13053837.0,Museum of Jewish Heritage – A Living Memorial to the Holocaust
4335.0,Skanska
86365742.0,RemoteWorker US
11655.0,Open Systems Technologies
1758714.0,Playa Hotels & Resorts
5354765.0,"Productions Unlimited, Inc."
4004906.0,Dynamic Transit Company
71904349.0,Actalent
16182319.0,"North Shore Healthcare, LLC"
1020702.0,Rosecrance Health Network
6061.0,Advantage Technical
12667.0,Uline
11427160.0,"QCR Holdings, Inc."
66514.0,Alliance Resource Group
5045836.0,Resia
226965.0,Net2Source Inc.
79852356.0,Doctor's Choice Home Care & Hospice Texas
32469.0,St. Elizabeth Healthcare
10592585.0,Ledgent Technology
5235.0,LHH
1273097.0,Oil and Gas Job Search Ltd
16182319.0,"North Shore Healthcare, LLC"
25522.0,Ochsner Health
911461.0,Astrix
14430.0,Papa Johns
827183.0,Russell Tobin
28014.0,Nesco Resource
969826.0,Shady Grove Fertility
91370497.0,Holly - hollyhires.ai
35505451.0,Protech Automotive Solutions 
3480281.0,Target Optical
16811.0,CTDI
1103.0,Verizon
2152.0,TEKsystems
15142330.0,Missouri University of Science and Technology
1095737.0,"Vanderheyden, Inc."
18008436.0,Axon
5259937.0,Roswell Marine
9237.0,Fairview Health Services
827183.0,Russell Tobin
246085.0,Understanding Recruitment
3163.0,"Penn Medicine, University of Pennsylvania Health System"
79135403.0,RMA Companies
3011879.0,Whova
24748.0,EnergySolutions
4221501.0,Atlantic MEDsearch
70980867.0,Kay - the AI doctor for your practice
19534.0,Atrium
390416.0,ACRT
74604.0,HealthCare Support
777243.0,Ascendo Resources
1911450.0,UW School of Medicine and Public Health
87465.0,Admiral Insurance Group (a Berkley Company)
94217261.0,Navigate Search
89195589.0,AlTi Tiedemann Global
90551435.0,Confidencial
44227.0,Dometic
662171.0,RadGov Inc.
7813.0,Space Dynamics Laboratory
1152888.0,Detroit Engineered Products
19070722.0,Tiello
81527214.0,Elevance Health
57978.0,"Butterball, LLC"
14392959.0,One IT Corp
12727.0,Food Lion
42906555.0,The Dropup Agency
5674.0,Cooper University Health Care
4128.0,"Lowe's Companies, Inc."
1253950.0,Lightstone
27292.0,US Tech Solutions
428925.0,Pollo Campero
74467808.0,United Recovery Project
15144146.0,Jencap
27116821.0,Compass One Healthcare
17920955.0,Route
5191635.0,Averity
337453.0,Everest Clinical Research
61013.0,Sikich
2087756.0,Solutions by Text
27180004.0,American Trucking Group
11229.0,Vaco
113861.0,Educational Service District 112
2666164.0,Adena Corporation
67131592.0,SQRL
71575605.0,FedEx Logistics
1435779.0,Mach Machine Inc
61400.0,The Reserves Network
4257.0,Humana
14528.0,East West Bank
252398.0,ICE
17908232.0,"Dayrise Residential, LLC"
18293159.0,Anduril Industries
14352.0,Solomon Page
437225.0,"iHerb, LLC"
6724637.0,Great Strides Rehabilitation
53345529.0,Liberty Healthcare and Rehabilitation Services
1642.0,Sanofi
22503.0,VolunteerMatch
71235692.0,Law Office of Rhett Burney
2122671.0,Davis-Ulmer Fire Protection
8302.0,Banner Health
938801.0,East Liverpool City Hospital
11876.0,Barrick Gold Corporation
18860134.0,Jobot
11760648.0,First Mid
165034.0,Moog Inc.
33473974.0,La Palma Intercommunity Hospital
21337.0,NYC Health + Hospitals
157353.0,Whole Foods Market
1814987.0,Whatcom Community College
1002773.0,NAPA Auto Parts
61400.0,The Reserves Network
69867.0,McLeod Health
2219.0,"KBR, Inc."
7795.0,Petco
3626487.0,Randstad Life Sciences US
3841186.0,CCMC
25015580.0,Wheel
101751693.0,Azimuth Partners
1346908.0,Mowery & Schoenfeld
4411.0,DNV
71578046.0,Noah Medical
4591.0,Parker Hannifin
96139831.0,DataAnnotation
29827.0,"United Surgical Partners International, Inc"
16182319.0,"North Shore Healthcare, LLC"
167757.0,The Job Network
40970152.0,"Newman, Ralph & Browning Insurance"
2192142.0,"Metalcraft of Mayville, Inc."
23337.0,Sally Beauty
743346.0,Konica Minolta Business Solutions Canada
89828295.0,Princeton America
15992428.0,New-Indy Containerboard LLC
688958.0,Commonwealth of Pennsylvania
3271761.0,Loma Linda University Health
3333693.0,maven
25522.0,Ochsner Health
37486.0,Greystar
35529547.0,Trinity Health Mid-Atlantic
2074102.0,"Navitas Partners, LLC"
14430.0,Papa Johns
70399.0,Sabert Corporation
29352.0,ServiceNow
10638654.0,Ciena Healthcare
9391120.0,XL Pro Staffing and Consulting Group
5887.0,Motion Recruitment
85964.0,SysMind
3678.0,Corning Incorporated
99430348.0,Jobot Consulting
3025557.0,Centria Autism
4411.0,DNV
15230571.0,Yousef Abdul Latif Jameel Group (YALJ Group)
92309.0,Integration International Inc.
163139.0,Cogent Communications
4128.0,"Lowe's Companies, Inc."
78685992.0,Vendelux
3175.0,Ingersoll Rand
49223.0,Goodwill of Central and Northern Arizona
6593.0,Live Nation Entertainment
27292.0,US Tech Solutions
13345578.0,Centraprise
28930721.0,"Fairway Management, Inc."
65529778.0,iO Associates - US
1419.0,Capital One
97036666.0,PAM Health Specialty Hospital of Las Vegas
81899221.0,Waylin Partners
11056.0,Insight Global
8099546.0,Integrated Oncology Network
78383615.0,Cheetah Capital
11009726.0,RightWorks
83051748.0,dsm-firmenich
1582142.0,Manatt's Inc.
3715179.0,Pryor Associates Executive Search
2158708.0,Thriveworks
11250.0,UAMS - University of Arkansas for Medical Sciences
2246151.0,Powin
11175823.0,United States Marine Corps
952788.0,National Youth Advocate Program (NYAP)
89849744.0,QuidelOrtho
73013724.0,J. Galt
81896605.0,Sage Health
12686.0,CompHealth
8302.0,Banner Health
10247020.0,CONFLUX SYSTEMS
102146714.0,SimplyApply
7965434.0,"edm architecture & engineering, p.c."
1703.0,Comcast
13359870.0,RATP Dev USA
92738.0,Montage International
2934.0,S&P Global
1301808.0,"Docker, Inc"
28978143.0,Beth Israel Lahey Health
9317334.0,Sovos
1170014.0,Rise Technical
3025557.0,Centria Autism
10515109.0,ZymoChem
35690611.0,Infotree Global Solutions
164848.0,Maricopa County
7507.0,Bulgari
265869.0,Trinity Health
34225999.0,374Water
2300.0,Macy's
1586.0,Amazon
12861.0,Sargent & Lundy
15506.0,Synechron
4787.0,Apex Systems
18286898.0,Endeavor
74582.0,Helix Electric
2476.0,Children's Hospital Los Angeles (CHLA)
18179902.0,Atria Wealth Solutions
2377435.0,Olsen Day
31310.0,Carnegie Museums of Pittsburgh
66278935.0,Avient Corporation
76499266.0,Worldcoin
1681.0,Robert Half
1668.0,FedEx Ground
15564.0,Tesla
56120.0,Lozano Smith
3848.0,MITRE
70893399.0,Johnstown Heights Behavioral Health
4787.0,Apex Systems
12727.0,Food Lion
938659.0,ZEISS Group
1116353.0,Radley James
2152.0,TEKsystems
15290265.0,"PLATA WINE PARTNERS, LLC"
4896.0,Blue Shield of California
270216.0,VIP
56670.0,"SBM Management Services, LP"
3684.0,Mastech Digital
4060.0,Cushman & Wakefield
405042.0,"GLOVIS America, Inc."
4257.0,Humana
4592.0,SKF Group
311841.0,SCA Health
163075.0,City of Boston
102179396.0,Healthcare Sharing School
5913.0,National Grid
24513.0,Paradies Lagardère
17069.0,INTEGRIS Health
29531.0,Lakeland Regional Health-Florida
38272.0,TriMech
7886.0,"TRC Companies, Inc."
72483.0,Aimbridge Hospitality
86365742.0,RemoteWorker US
164159.0,H-E-B
10428103.0,Minnesota Department of Health
164606.0,King Soopers/City Market
49041.0,Five Below
2928506.0,Swedish Medical Center
40056.0,ATI Physical Therapy
91138334.0,StaffMED Health Partners
19472.0,BAYADA Home Health Care
27127.0,Remington Hospitality
90408525.0,The Gaines Agency
280603.0,Harnham
73013724.0,J. Galt
9025.0,Clark County School District
11804.0,Atlantic Health System
230220.0,Ascentt
21703.0,South Shore Health
740278.0,Refresco
19534.0,Atrium
18860134.0,Jobot
124759.0,Uncommon Schools
2277907.0,Easterseals New Jersey
2162.0,Cardinal Health
464541.0,Endpoint Clinical
1360.0,National Computer Systems
1561445.0,NCW
35679573.0,TechWish
26083.0,Headway Technologies
16182.0,Northside Hospital
2551380.0,EDGE Business Systems
1366785.0,"Campbell Transportation Company, Inc."
294125.0,Tekshapers
9676.0,Hill's Pet Nutrition
5045.0,Cintas
45975.0,Another Source
1908498.0,PT Solutions Physical Therapy
537246.0,Radiansys Inc.
55167.0,Fulton Bank
71293601.0,Accord Management Group
4798.0,Hallmark Cards
11152.0,"Berry Global, Inc."
1265442.0,The Academies of Math and Science
1068.0,JPMorgan Chase & Co.
422503.0,TIC - The Industrial Company
36411.0,Merz Therapeutics
23439.0,City of Tempe
164775.0,Loyola Marymount University
4128.0,"Lowe's Companies, Inc."
94054.0,Pacific Seafood
4764.0,BlackRock
20573.0,Life Care Centers of America
9237.0,Fairview Health Services
1589496.0,Episource
5254.0,HCLTech - SAP Practice
156075.0,Wicker Smith
4592.0,SKF Group
25017.0,Simpson Strong-Tie
35647080.0,Staples Stores
1419.0,Capital One
46218.0,Center for Employment Opportunities
17922.0,Applied Medical
35647080.0,Staples Stores
6547149.0,Newport Healthcare
1107795.0,Labatt Food Service
265869.0,Trinity Health
24422.0,Helen of Troy
11056.0,Insight Global
2379156.0,Energy Jobline
204802.0,thelab
37900.0,Odyssey Systems
10147.0,Famous Footwear
164197.0,Kraft Heinz
3043325.0,"Healogics, LLC."
4128.0,"Lowe's Companies, Inc."
115492.0,GA Telesis
124759.0,Uncommon Schools
102797056.0,e2 Talent Partners
243711.0,JCW
73013724.0,J. Galt
165461.0,Phoenix Children's
2474662.0,Planet Pharma
167757.0,The Job Network
58677611.0,Jireh Semiconductor Inc. 
5014471.0,Albert Cliff
22503.0,VolunteerMatch
70976168.0,Destiny (D/XYZ)
17937.0,24 Seven Talent
39231.0,NTCA–The Rural Broadband Association
18286898.0,Endeavor
18506580.0,Vivian Health
165944.0,Sherwin-Williams
47040.0,Mindlance
314350.0,Qualtrics
5998.0,University of Kentucky
11169.0,"Kinder Morgan, Inc."
2534.0,Experian
157252.0,Fandom
98876991.0,La Mercerie
11056.0,Insight Global
8847.0,Des Moines Public Schools
42610.0,Jos. A. Bank Clothiers
51700827.0,Frasco® Profiles
28641913.0,OnCare Home Health & Hospice
11655.0,Open Systems Technologies
8117.0,The Judge Group
3175.0,Ingersoll Rand
11229.0,Vaco
1449.0,Electronic Arts (EA)
2288802.0,Deciphera Pharmaceuticals
28608874.0,DoubleTree Suites by Hilton Boston - Cambridge
2855312.0,NYS Office of Information Technology Services
73013724.0,J. Galt
58741.0,Idexcel
3556.0,Boston University
9185.0,Advance Auto Parts
1482.0,PayPal
163139.0,Cogent Communications
73013724.0,J. Galt
3299457.0,MGA Homecare
53345529.0,Liberty Healthcare and Rehabilitation Services
15223686.0,St. Jude Children's Research Hospital
27343.0,TYLin
11825661.0,A.G.P./Alliance Global Partners
2192142.0,"Metalcraft of Mayville, Inc."
42610.0,Jos. A. Bank Clothiers
2129224.0,"Sinomax USA, Inc."
917029.0,SMS group USA
1506196.0,Health Carousel Nursing & Allied Health
165938.0,Sharp HealthCare
11552592.0,Allogene Therapeutics
457885.0,MedPro Healthcare Staffing
9499.0,Belk
936460.0,Cornerstone Banks
10769.0,CHRISTUS Health
3552395.0,HealthTrust Workforce Solutions
162715.0,bioMérieux
2539.0,iHeartMedia
10696913.0,Allied Universal
18476.0,Brooksource
24999271.0,Global Recruiters of Palmetto (GRN) Automation Recruitment Specialist 
1123.0,Bank of America
265869.0,Trinity Health
202484.0,Zifo
166774.0,Virginia Department of Transportation
18506580.0,Vivian Health
163139.0,Cogent Communications
3994.0,WTW
73013724.0,J. Galt
307494.0,"Securitas Security Services USA, Inc."
2284.0,Dow Jones
25066691.0,"Donato Technologies, Inc."
34672.0,"CRST The Transportation Solution, Inc."
25371.0,White Cap
6821.0,Southern Glazer's Wine & Spirits
4764.0,BlackRock
85042.0,RedWeek.com
4884.0,PulteGroup
2646.0,Walmart
165461.0,Phoenix Children's
18860134.0,Jobot
1981395.0,MyEyeDr.
10425374.0,"Millennium Recruiting, Inc."
53345529.0,Liberty Healthcare and Rehabilitation Services
868314.0,Monroe Hospital
463913.0,"Briskin, Cross & Sanford, LLC"
34964.0,Frazier & Deeter
1419.0,Capital One
82337998.0,Insero Talent Solutions
12727.0,Food Lion
53345529.0,Liberty Healthcare and Rehabilitation Services
3460.0,UPMC
590578.0,"HealthCare Partners, New York"
82291209.0,Hyatt Centric
2396310.0,Randstad USA
478140.0,Capillary Technologies
42179.0,Cape Fear Valley Health
16264413.0,Magnolia
1828.0,NBCUniversal
225942.0,"Zeiders Enterprises, Inc."
19022.0,Docusign
1103.0,Verizon
9307751.0,CrowdRx
1505.0,Raytheon
34218.0,Community Health Center
5968.0,Armstrong World Industries
278243.0,MBS Professional Staffing
713845.0,Harmony Public Schools
2622.0,Caterpillar Inc.
2956810.0,Anne Arundel Dermatology
2382910.0,Amazon Web Services (AWS)
20573.0,Life Care Centers of America
998131.0,Kansas Department of Health and Environment
3626.0,HCA Healthcare
207595.0,Info Services
61677.0,eTeam
15242812.0,Kaman Corporation
19101288.0,InfoStride 
10324459.0,Lenora Systems Inc
2769781.0,"Lonestar Forklift, Inc."
15434.0,Tractor Supply Company
7587245.0,Traliant
3102.0,BD
163019.0,"Chico's FAS, Inc."
35545790.0,"Heritage Landscape Supply Group, Inc."
1658.0,Boston Children's Hospital
35259.0,OtterBase
8117.0,The Judge Group
9402.0,"Medline Industries, LP"
18441691.0,Vaspire Technologies Inc.
61677.0,eTeam
35541411.0,Staffmark Group
49041.0,Five Below
9391120.0,XL Pro Staffing and Consulting Group
164894.0,McKinney
497017.0,Morgan Stanley
167757.0,The Job Network
73013724.0,J. Galt
9312786.0,Best High Technologies LLC (BHT)
1235.0,Wells Fargo
36128638.0,The Aviation Planning Group
11568.0,Navy Federal Credit Union
107021.0,Resource Logistics Inc.
457885.0,MedPro Healthcare Staffing
16279.0,Party City
3088.0,Travelers
3081.0,Thermo Fisher Scientific
18090.0,Jefferson County Public Schools
207939.0,Atlanta Fine Homes Sotheby's International Realty
948981.0,Dennis Group
50625.0,PointClickCare
225056.0,Progressive Recruitment
485407.0,The Learning Experience
1028156.0,HireTalent - Diversity Staffing & Recruiting Firm
67761.0,Central Ohio Technical College
4298.0,University of Virginia
947715.0,BCforward
2959380.0,HiEmployment Staffing Services
157346.0,Eddie Bauer
232394.0,Brewer Morris
16182319.0,"North Shore Healthcare, LLC"
2886771.0,SentinelOne
4529.0,Houston Methodist
18952365.0,Atlas Healthcare Partners
2601226.0,Crescens Inc.
1063.0,Cisco
79098.0,Allied OneSource
8390.0,OhioHealth
3706049.0,CareerStaff Unlimited
32090.0,Entegee
79430299.0,Divorce.com
73013724.0,J. Galt
278713.0,Ohio Department of Rehabilitation and Correction (ODRC)
124802.0,TreeHouse Foods
86047386.0,Bambi
31517.0,Yelp
40961751.0,Yellow Diamond Logistics
10696913.0,Allied Universal
35434603.0,Atlantic Union Bank
76599939.0,Killer Queen Detailing
2775.0,TD
3498.0,Safeway
1332287.0,WesleyLife
11448.0,Citi
11011.0,Turner & Townsend
2853570.0,Altura
162675.0,Beazer Homes
3175.0,Ingersoll Rand
14840050.0,Truist
1476269.0,ZRS Management
209004.0,Crawford Thomas Recruiting
42610.0,Jos. A. Bank Clothiers
17983361.0,Flexon Technologies Inc.
2893296.0,UI Health
4674.0,Exelon
2190221.0,Privia Health
1815218.0,Uber
21836.0,CyberCoders
2204084.0,Talentify.io
27181930.0,StackNexus
4501.0,USAA
51301.0,Concord
2715192.0,Cash Store
40888889.0,Bon Secours Mercy Health
68566.0,GL Homes
469180.0,C Spire
80829889.0,Invited
80086817.0,Block
3826870.0,Creative Triplet I Explainer Video Company
6756178.0,Saint Joseph Mercy Health System
18610418.0,GIG USA
1506196.0,Health Carousel Nursing & Allied Health
713845.0,Harmony Public Schools
659023.0,"Capital Staffing Solutions, Inc."
98341949.0,"GSC Steel Stamping, LLC"
100834384.0,Universal Products & Experiences
79135.0,AltaMed Health Services
8638.0,Fermilab
1052.0,AT&T
2447993.0,Prolink
2736308.0,ATC
6913.0,RITE AID
2155.0,DuPont
3029525.0,Oak Street Health
164957.0,"The MetroHealth System (Cleveland, OH)"
533247.0,Smyth Auto Parts
10611639.0,Siaraa
89907906.0,Corcoran Icon Properties
1403.0,Booz Allen Hamilton
447992.0,Story Tapestries
1002773.0,NAPA Auto Parts
13948.0,Mozilla
7971677.0,ROCK
157303.0,Comerica Bank
2017.0,Qualcomm
10638654.0,Ciena Healthcare
2223177.0,Connexis Search Group
10266947.0,Performance Foodservice
856720.0,Spirit Halloween
16940.0,Grifols
65504002.0,"Intangible Assets, LLC"
166921.0,Westinghouse Electric Company
28498.0,WellSpan Health
2600576.0,Columbia University School of Professional Studies
908113.0,Dental Care Alliance
71508606.0,Yunex Traffic
6844514.0,"Westminster Canterbury Lynchburg, Inc."
281315.0,NPAworldwide
5826.0,Tommy Hilfiger
11457596.0,Vituity
2650722.0,"Partnership Resources, Inc."
2646.0,Walmart
117197.0,Lateral Link
38521.0,Bryan Health
101478385.0,A Hiring Company
1209846.0,BlackDog Advertising
76500049.0,Thrive Pet Healthcare
8098422.0,Iconma LLC
6487.0,DaVita Kidney Care
4592.0,SKF Group
46000.0,Aspen Dental
204770.0,WM
1506196.0,Health Carousel Nursing & Allied Health
11695727.0,Collins Aerospace
2388424.0,Segrera Associates
101384092.0,Fin
119429.0,"Offit Kurman, P.A."
35529547.0,Trinity Health Mid-Atlantic
101789992.0,Metric Geo
65101.0,Saint Mary's Health Network
11007.0,The J.M. Smucker Co.
4128.0,"Lowe's Companies, Inc."
167757.0,The Job Network
5887.0,Motion Recruitment
2934678.0,ApTask
62178429.0,KIPP KANSAS CITY
10987562.0,"Elms Interior Design, LLC"
139348.0,"Allyon, Inc."
25522.0,Ochsner Health
27103815.0,ReachX 
53345529.0,Liberty Healthcare and Rehabilitation Services
107699.0,The Chefs'​ Warehouse
10504343.0,Ciox Health
5775.0,Univision
8239496.0,Wabtec Corporation
72324053.0,Future solutions
5775.0,Univision
5887.0,Motion Recruitment
8807.0,City and County of Denver
49041.0,Five Below
79098.0,Allied OneSource
2074102.0,"Navitas Partners, LLC"
73013724.0,J. Galt
155511.0,Tazmanian Freight Systems
23337.0,Sally Beauty
2300.0,Macy's
11541.0,PVH Corp.
426394.0,Dead Talk Media
1658799.0,Tepa Companies
14804844.0,Black Pen Recruitment
11056.0,Insight Global
5101150.0,WellNow Urgent Care
3019.0,Staples
18280200.0,Maxar Technologies
5968916.0,Staffmark Drivers
40745219.0,L3Harris Technologies
4529.0,Houston Methodist
908113.0,Dental Care Alliance
259589.0,"IDR, Inc."
808034.0,Aya Healthcare
14352.0,Solomon Page
62775.0,Clearwater Analytics
1694.0,The Coca-Cola Company
1633066.0,Vantage Specialty Chemicals
484969.0,"BMW of North America, LLC"
74063.0,"First Tek, Inc."
164197.0,Kraft Heinz
1123.0,Bank of America
2320275.0,FordDirect
8363.0,Douglas Elliman Real Estate
22303.0,Zanders
471174.0,Lincare
72483.0,Aimbridge Hospitality
18300872.0,Wyld
69999759.0,Great Wealth Investments
1073.0,EY
26923.0,Holiday Stationstores
26638644.0,VYZE INC
6407329.0,Joby Aviation
1308355.0,Chenega Security SBU
20734.0,SCP Health
1632380.0,West Shore Home
18425303.0,Spectrum
10638654.0,Ciena Healthcare
204770.0,WM
926041.0,Okta
4862.0,"Skadden, Arps, Slate, Meagher & Flom LLP and Affiliates"
10425374.0,"Millennium Recruiting, Inc."
163139.0,Cogent Communications
5756.0,Penske Truck Leasing
25040356.0,CIBC US
14571.0,Avangrid
162889.0,Cantor Fitzgerald
165337.0,Oregon State University
27064924.0,Tufts Medicine
1463.0,ADP
26643.0,Catholic Community Services
143796.0,Godshall Recruiting
5352294.0,Raas Infotek
12727.0,Food Lion
12095.0,Ocean Spray Cranberries
79036373.0,Nightingale Veterinary Partners
3536.0,Edelman
75631879.0,Kushi Civil Structural consultancy Pvt Ltd 
203391.0,Daniels Health
10638654.0,Ciena Healthcare
3304.0,Bechtel Corporation
708393.0,"Atwell, LLC"
90398003.0,Swooped
4031.0,FMC Corporation
88632.0,Automotive Events
42610.0,Jos. A. Bank Clothiers
4128.0,"Lowe's Companies, Inc."
15870.0,Atmos Energy
11092.0,Terminix
3626.0,HCA Healthcare
9511.0,VHB
53262014.0,"Topa Group, Inc."
56833.0,SSi People
30291.0,Ledcor
1394810.0,Kitsap Mental Health Services
69107.0,Leslie's
11009726.0,RightWorks
2837174.0,Advanced Care Partners
6849.0,Dice
15223686.0,St. Jude Children's Research Hospital
166377.0,The Hershey Company
2684081.0,Optomi
12606850.0,Prisma Health
18860134.0,Jobot
120000.0,Northeast Georgia Health System
165374.0,PACCAR
56350.0,New Seasons Market
1235.0,Wells Fargo
35541411.0,Staffmark Group
35676539.0,ClearSky Health
79042954.0,Pinnacle Live
3555747.0,Alo Yoga
10964862.0,Storm Search
11419.0,General Atomics
27127.0,Remington Hospitality
162752.0,Bobcat Company
7257.0,University of New Hampshire
3770145.0,Veritas Steel LLC
142026.0,Champion Windows & Home Exteriors
1035.0,Microsoft
6913.0,RITE AID
2911.0,Albertsons Companies
63586915.0,DoubleTree by Hilton Hotel San Jose
7789.0,DICK'S Sporting Goods
3900.0,Framatome
6577155.0,"Relevant Industrial, LLC"
281590.0,Brink’s Inc
3738695.0,Chime
3541960.0,Vuori
2872912.0,SkyWater Search Partners
79370036.0,Savista
2087.0,Volvo Group
2646.0,Walmart
7795.0,Petco
443119.0,Greater Lakes Mental Healthcare
696715.0,Berkadia
38264.0,Vera Bradley
392894.0,Children's Law Center of California
1007957.0,ClearanceJobs
100502190.0,Extern
3915.0,The Goodyear Tire & Rubber Company
1458842.0,"T.W. Frierson Contractor, Inc."
1150965.0,Mungo Homes
11266342.0,Trinity Health Of New England
9382289.0,CycleBar
90396.0,Diverse Lynx
2001359.0,Flexion Inc.
1647800.0,Howard Technology Solutions
34375.0,"CDO Technologies, Inc."
165873.0,Schneider
1007957.0,ClearanceJobs
157353.0,Whole Foods Market
2711102.0,"SD Solutions, LLC"
163761.0,Family Dollar
164798.0,M&T Bank
27012092.0,Hilton Cleveland Downtown
16127.0,Matlen Silver
93942.0,PRI Technology
1211063.0,National Staffing Solutions
75519117.0,WAI Media
30823.0,The Fresh Market
77158779.0,"VMC Soft Technologies, Inc"
18476.0,Brooksource
98396104.0,Randstad Digital
101103596.0,Costa Security
2726149.0,Flix
485407.0,The Learning Experience
2646.0,Walmart
6560.0,Sappi
665915.0,AMI Consulting Engineers
96412883.0,Gurupoint
23222.0,Children's Wisconsin
162656.0,Bayside Solutions
31534680.0,YourEliteMortgage
2564992.0,Park Hyatt
3498.0,Safeway
11552333.0,Catalyst Nutraceuticals
123075.0,Stern Grove Festival Association
1419.0,Capital One
323296.0,System One
4032655.0,Retirement Unlimited Inc
74081323.0,TekJobs
1211063.0,National Staffing Solutions
10638654.0,Ciena Healthcare
101981605.0,CHESTER’S SMILE ®
552278.0,Venmo
5353.0,GSA
25351.0,Atria Senior Living
72610772.0,Connected Health Care
2250464.0,Assured Nursing Inc
249657.0,Proven Recruiting
41004.0,Lowes Foods
1211063.0,National Staffing Solutions
1050934.0,Premier Healthcare Professionals
3815031.0,KPG99 INC
11011.0,Turner & Townsend
3084.0,University of Southern California
19142259.0,Asset Living
101478385.0,A Hiring Company
2396310.0,Randstad USA
13386.0,Skechers
6913.0,RITE AID
3269.0,DHL Supply Chain
49928.0,OneCoast
319107.0,Moyer Indoor | Outdoor
9430135.0,"EnduraCare Acute Care Services, LLC"
75056372.0,Larson Maddox
36949.0,AHT Insurance
12861.0,Sargent & Lundy
18523.0,"MasterBrand, Inc."
23257.0,Troon
20573.0,Life Care Centers of America
57578.0,Xpressdocs
5240076.0,myGwork - LGBTQ+ Business Community
49041.0,Five Below
26315.0,Spencer's
1419.0,Capital One
1087408.0,Synergy Interactive
1994496.0,Insperity
2445.0,Northwestern Mutual
6088.0,AppleOne Employment Services
740560.0,Western Power Sports (WPS)
1028156.0,HireTalent - Diversity Staffing & Recruiting Firm
22003.0,AgreeYa Solutions
95745138.0,Trifecta Chemical Services
1353.0,Tata Consultancy Services
72483.0,Aimbridge Hospitality
72610772.0,Connected Health Care
12601.0,Granite Construction
2985733.0,Aditi Consulting
7412.0,AutoZone
324410.0,Buckeye Power Sales
5160.0,Trimble Inc.
82317463.0,HR Influenced
11083884.0,Chainbridge Solutions
3658.0,Penn State Health
1486.0,Merck
1265719.0,Vestian
394497.0,Neogen Corporation
2385130.0,Goosehead Insurance Agency
14100.0,Prosum
7043194.0,Living Resources
74989.0,Harbor Group Management Company
2949041.0,WVU Medicine Berkeley and Jefferson Medical Centers
13156.0,Constant Contact
23257.0,Troon
750072.0,E-Solutions
42379403.0,New Millenium Consulting
49648345.0,Adecco Permanent Recruitment
2474662.0,Planet Pharma
7709.0,"University of California, Riverside"
73013724.0,J. Galt
612239.0,Wrike
408027.0,Enthalpy Analytical
1506196.0,Health Carousel Nursing & Allied Health
14003776.0,STAQ Pharma
68664479.0,Recludix Pharma
1028156.0,HireTalent - Diversity Staffing & Recruiting Firm
34216778.0,Embark Behavioral Health
7064.0,Mercy
3706049.0,CareerStaff Unlimited
9213.0,PACSUN
1471368.0,Vacasa
1175268.0,"Sprout Social, Inc."
93223209.0,Optima Bio Supply Ltd
9489406.0,RVD Communications
40783.0,Inceed
4787.0,Apex Systems
164731.0,Life Fitness
2573460.0,Kings Dining & Entertainment
87599.0,Aequor
54748.0,CAI
410499.0,Men's Wearhouse
2379156.0,Energy Jobline
83051748.0,dsm-firmenich
262750.0,BW Integrated Systems
1675748.0,Brava! for Women in the Arts
12606850.0,Prisma Health
19264941.0,Covenant Living Communities and Services
6849.0,Dice
14073562.0,Boldly Premium Executive Assistants
844988.0,WITRON Group
7096.0,Auburn University
2649.0,University of Illinois Chicago
3084.0,University of Southern California
46338.0,City of Baltimore
3019.0,Staples
6418978.0,Cayuga Centers
4787.0,Apex Systems
7795.0,Petco
3900.0,Framatome
96180361.0,"Bridgestone Retail Operations, LLC"
15434.0,Tractor Supply Company
163019.0,"Chico's FAS, Inc."
18496735.0,Form Energy
16263.0,American National
265869.0,Trinity Health
558956.0,Rebecca Minkoff
164945.0,Mesirow
3658.0,Penn State Health
1076320.0,Jconnect Infotech 
74885112.0,Tampa Connections
75589548.0,MAC Partners
483961.0,Techtronic Industries - TTI
90978563.0,Miller Family Agency
859307.0,Killick Group
166772.0,VCU Health
29341171.0,HCA Florida Mercy Hospital
14459.0,Clean Harbors
167757.0,The Job Network
17980749.0,Lakefield Veterinary Group
47843.0,Vermeer Corporation
11056.0,Insight Global
3309820.0,CBS News and Stations
10860894.0,Westminster Communities of Florida
456929.0,InfoObjects Inc.
1511.0,Mondelēz International
2113831.0,GovCIO
1742506.0,INSPYR Solutions
2041.0,Aon
5235.0,LHH
49041.0,Five Below
90869.0,Hemphill - Search • Consulting • Staffing
19807.0,First Financial Bank
3658.0,Penn State Health
3085295.0,Dry Goods USA
27196471.0,A2Z Sync
3025557.0,Centria Autism
11457596.0,Vituity
2152.0,TEKsystems
16210058.0,CirrusLabs
65294553.0,Brightpath Associates LLC
1050601.0,Reproductive Medicine Associates (RMA Network)
27825.0,"BMW Manufacturing Co., LLC"
19029173.0,Miro
23379.0,Penn Medicine Lancaster General Health
50227.0,Risk Strategies Company
13626.0,Signet Jewelers
3807153.0,Nextracker Inc.
3056209.0,Bluehawk Consulting
385058.0,"Intermex Wire Transfer, LLC"
1419.0,Capital One
310756.0,Wheeling Hospital
5039.0,Federal Aviation Administration
3271761.0,Loma Linda University Health
5887.0,Motion Recruitment
1830653.0,Dutch Bros Coffee
905282.0,ID Logistics US
15132697.0,Unitech Training Academy-Houma
287076.0,New Home Star
9185.0,Advance Auto Parts
26932.0,FLEETCOR
65685024.0,Falcon Placement Services
1277.0,American Express
967220.0,Tactile Medical
3570660.0,City Lifestyle
743346.0,Konica Minolta Business Solutions Canada
16272.0,ZoomInfo
63855.0,King County Housing Authority
5442.0,University of Missouri-Columbia
51586544.0,MUSC Health
245393.0,"Hearth, Inc."
401433.0,VIA Health Partners
10514957.0,Liberty Military Housing
79098.0,Allied OneSource
38897.0,Holy Name Medical Center
88236.0,Amerit Consulting
276385.0,New York State Department of Health
55669258.0,Panoramic Health
56915.0,Teamware Solutions a division of Quantum Leap Consulting Pvt. Ltd
1138065.0,IT America Inc
51695075.0,Zelouf International Corp.
77982542.0,AbleLight
165833.0,Samsonite
32346.0,AMSURG
2911.0,Albertsons Companies
99064999.0,Aristocrat
592623.0,Bassett Mechanical
41102.0,Newly Weds Foods
5553.0,ADM
13181.0,Adventist HealthCare
262750.0,BW Integrated Systems
18213.0,Office Angels
1344410.0,DevCare Solutions
3246.0,CNA Insurance
65715832.0,Nanoscope Technologies
29497.0,Merrick & Company
165303.0,Omnicell
29497.0,Merrick & Company
48024.0,Zachry Group
214960.0,Compassus
6281.0,Oklahoma State University
6233.0,Thrivent
10778.0,Rent-A-Center
1121984.0,Virginia State Corporation Commission
11056.0,Insight Global
215561.0,Onward Search
77910095.0,Alside
1028.0,Oracle
1457175.0,Complete Staffing Solutions
845871.0,California Department of Public Health
1680.0,Cognizant
91364445.0,Frontwave Arena
165938.0,Sharp HealthCare
2300.0,Macy's
16268827.0,Epiroc
71400977.0,"Worklance, Inc"
7556.0,Sam's Club
81886402.0,CenterWell Home Health
14073562.0,Boldly Premium Executive Assistants
89546902.0,JP Recruiting Agency
53345529.0,Liberty Healthcare and Rehabilitation Services
3175.0,Ingersoll Rand
49041.0,Five Below
112948.0,Cypress HCM
7412.0,AutoZone
4787.0,Apex Systems
86753692.0,Helios Service Partners
3684.0,Mastech Digital
9237.0,Fairview Health Services
23375.0,Kettering Health
69644755.0,Premier Life Sciences LLC
19264941.0,Covenant Living Communities and Services
165938.0,Sharp HealthCare
122451.0,"TalentBurst, an Inc 5000 company"
17719.0,Workday
8274.0,New Balance
22614.0,International Baccalaureate
307494.0,"Securitas Security Services USA, Inc."
5813401.0,Progress Residential®
4399.0,Principal Financial Group
11771877.0,Vanator RPO 
81778407.0,BHP Global
89520.0,Caliber Collision
19368.0,Mechanics Bank
99430348.0,Jobot Consulting
72483.0,Aimbridge Hospitality
27139071.0,Mission Veterinary Partners
29827.0,"United Surgical Partners International, Inc"
72483.0,Aimbridge Hospitality
9496229.0,Amiga Informatics
9264236.0,Ajulia Executive Search
18263887.0,Rehab Medical
167757.0,The Job Network
10769.0,CHRISTUS Health
30755.0,Tillys
8086.0,AMETEK
70819018.0,KLA (Kim Lundgren Associates)
8766721.0,Rural Metro Fire Department
42134.0,Visionworks of America
72483.0,Aimbridge Hospitality
51196.0,Exos
88873.0,Confluent
76440728.0,"GXO Logistics, Inc."
1412.0,Northrop Grumman
1506196.0,Health Carousel Nursing & Allied Health
2371.0,Baxter International Inc.
5756.0,Penske Truck Leasing
2677.0,McDonald's
6451824.0,Revi 
165292.0,Oregon Health & Science University
2855312.0,NYS Office of Information Technology Services
163302.0,Currie & Brown
157353.0,Whole Foods Market
163741.0,Executive Alliance
107699.0,The Chefs'​ Warehouse
1025446.0,First Student
37534.0,HITT Contracting Inc.
2152.0,TEKsystems
9769.0,Babcock & Wilcox
11224.0,Travis County
25019084.0,Aivres
11695727.0,Collins Aerospace
58498.0,Central City Concern
2474662.0,Planet Pharma
101478385.0,A Hiring Company
787232.0,SCIEX
166551.0,Tyson Foods
687779.0,"Truenorth Executive Search, Inc."
23858.0,Southwire Company
688958.0,Commonwealth of Pennsylvania
6104.0,NYU Langone Health
42434665.0,Summit Fire & Security
2272022.0,Westside Family Healthcare
11083.0,Orlando Health
14601256.0,AIT Global India
53345529.0,Liberty Healthcare and Rehabilitation Services
47664328.0,Lumen Technologies
6849.0,Dice
903491.0,"Certifi, Inc"
5553.0,ADM
8294.0,Talbots
2209853.0,Avanti Polar Lipids
899708.0,Keck Medicine of USC
69204135.0,"Staffingly, Inc"
377841.0,Fourteen Foods
19678.0,Lakeshore Learning Materials
10987865.0,Bollinger Motors
3460.0,UPMC
18460073.0,"Albanese Confectionery Group, Inc"
4787.0,Apex Systems
236259.0,"Emery Sapp & Sons, Inc."
11695727.0,Collins Aerospace
2382822.0,"Vistar, A PFG Company"
28923.0,Harbor Freight Tools
1506196.0,Health Carousel Nursing & Allied Health
162650.0,Battelle
14073562.0,Boldly Premium Executive Assistants
6616944.0,TriSearch
48171.0,Alnylam Pharmaceuticals
10841679.0,Avacend Inc
2197238.0,"Fluent, Inc"
164571.0,Kaiser Aluminum
59770.0,Match Education
82547821.0,Market Street
18691.0,Legacy Health
90398003.0,Swooped
167757.0,The Job Network
2302613.0,National Safety Apparel
48257.0,AVI Systems
3570660.0,City Lifestyle
10266947.0,Performance Foodservice
33234310.0,"ConServ Building Services, LLC"
70420.0,Red River
39588.0,Taylor Root
2183946.0,Living Spaces Furniture
1388212.0,"Search Max, Inc"
141858.0,Cain Watters & Associates
4501.0,USAA
1125676.0,Shake Shack
49041.0,Five Below
248184.0,Creative Financial Staffing (CFS)
1211063.0,National Staffing Solutions
86365742.0,RemoteWorker US
32469.0,St. Elizabeth Healthcare
3937514.0,Mickey Truck Bodies
12192.0,Safelite
29285202.0,HCA Florida Kendall Hospital
2152.0,TEKsystems
5091896.0,"Resolute Management, Inc."
10769.0,CHRISTUS Health
3183646.0,Oloop Technology Solutions
3677.0,Edward Jones
55881723.0,"Ardmore Home Design, Inc."
2203697.0,Experis
74946457.0,"CJ BIOMATERIALS, Inc."
167757.0,The Job Network
51701268.0,Talent Groups
5442.0,University of Missouri-Columbia
1060.0,Ericsson
8211.0,Dollar General
12727.0,Food Lion
11448.0,Citi
3626.0,HCA Healthcare
79383535.0,Akkodis
74985.0,Goodwin Recruiting
14430.0,Papa Johns
76349528.0,Rocket Mortgage
3379.0,Nordstrom
1818.0,TotalEnergies
73013724.0,J. Galt
4591.0,Parker Hannifin
2019.0,Western Union
166674.0,University of St. Thomas
391020.0,iOPEX Technologies
2994.0,Transportation Security Administration (TSA)
37452329.0,Virtualan Software
6849.0,Dice
81527214.0,Elevance Health
4501.0,USAA
4060.0,Cushman & Wakefield
3570660.0,City Lifestyle
42134.0,Visionworks of America
26630.0,CyberArk
1158232.0,Home Creations
10366520.0,SiteOne Landscape Supply
3479676.0,Fuel Talent
3025557.0,Centria Autism
1668.0,FedEx Ground
26315.0,Spencer's
12446.0,Circle K
108543.0,UMC
11240.0,"Burlington Stores, Inc."
28695602.0,FISEC GLOBAL INC.
3143.0,Stop & Shop
24608.0,Symetri USA
157353.0,Whole Foods Market
53345529.0,Liberty Healthcare and Rehabilitation Services
831571.0,Daiya Foods Inc
1210593.0,Lids
41255.0,PEG Staffing & Recruiting
250592.0,"ACCENT DECOR, Inc."
78334.0,Wheeler Health
2152.0,TEKsystems
15022.0,"FUJIFILM Sonosite, Inc."
743346.0,Konica Minolta Business Solutions Canada
1262.0,Deutsche Bank
9703.0,Centene Corporation
10462531.0,Thor Companies
10883.0,David's Bridal
6440282.0,Unity Source Group
163761.0,Family Dollar
2155470.0,Technical Chemical Recruiters
8731.0,City of Fort Worth
157338.0,The Nature Conservancy
5061783.0,"Morris Furniture Company, Inc."
2324727.0,Franklin Fitch
89520.0,Caliber Collision
3000753.0,Foundation Recruiting and Consulting
84287609.0,Becker Professional Services
1811868.0,First American
1247000.0,Haynes Mechanical Systems
96105074.0,Dauntless Travel
55381.0,Floor & Decor
90639.0,Green Key Resources
3671.0,H&R Block
3081.0,Thermo Fisher Scientific
72483.0,Aimbridge Hospitality
25522.0,Ochsner Health
1344.0,Honeywell
3677.0,Edward Jones
79560.0,Bob's Discount Furniture
7585.0,Corestaff Services
24989722.0,Greenheck Group
68582692.0,TrueCare
10883.0,David's Bridal
33242739.0,Confidential
1276705.0,"Rise Services, Inc."
2715192.0,Cash Store
36092044.0,Equitable
167757.0,The Job Network
2564997.0,Grand Hyatt
10667.0,Meta
55381.0,Floor & Decor
1102521.0,Rogue Ales & Spirits
71904349.0,Actalent
1593346.0,Springstone
1681.0,Robert Half
1103.0,Verizon
10959043.0,iDEAL HIRE
162750.0,BNY Mellon
19472.0,BAYADA Home Health Care
540808.0,Plymouth Rock Assurance
101478385.0,A Hiring Company
164126.0,BMO U.S.
890161.0,Marcum Search
14023910.0,Equitable Advisors
157359.0,Black & Veatch
25076.0,Rochester Regional Health
1384.0,Boeing
14966.0,Hannaford Supermarkets
3808676.0,Cypress Creek Renewables
4529.0,Houston Methodist
75011834.0,Swickard Auto Group
21292.0,Boyd Gaming
8288.0,Leonardo DRS
55057585.0,Marmon Foodservice Technologies
1512982.0,Schulte Hospitality Group
265869.0,Trinity Health
1227813.0,Airswift
7795.0,Petco
11229.0,Vaco
60605.0,Service Express
3631.0,MassMutual
18742807.0,TRM Labs
65732166.0,Alimentiv
10794364.0,Conduent
3476.0,Michael Page
899708.0,Keck Medicine of USC
76253252.0,Marimn Health
957193.0,First National Bank and Trust
74352394.0,Revalize
3178.0,JLL
1589496.0,Episource
6390.0,Axis Communications
441353.0,SGS Technologie
4335.0,Skanska
165472.0,Pilot Flying J
856720.0,Spirit Halloween
18922914.0,Deel
620995.0,National Credit Center
10425374.0,"Millennium Recruiting, Inc."
8698192.0,Avancez LLC
1286891.0,W3Global
410291.0,Charlotte Regional Visitors Authority
66761832.0,Instill
3552395.0,HealthTrust Workforce Solutions
68658.0,The George Washington University Hospital
24223059.0,Airdrop
2300.0,Macy's
269397.0,NextEra Energy Resources
3081.0,Thermo Fisher Scientific
6380749.0,Vantage Point Consulting Inc.
163139.0,Cogent Communications
13816.0,Eliassen Group
28156710.0,Harmony Healthcare - Talent and Consulting Solutions
2982156.0,KMS Lighthouse
437225.0,"iHerb, LLC"
3175.0,Ingersoll Rand
4787.0,Apex Systems
101789992.0,Metric Geo
3516935.0,ClickJobs.io
744453.0,SAGE IT 
2859.0,BDO USA
165654.0,RAND
162640.0,Banner Bank
90436951.0,QSR Recruiting
1946139.0,Hawaii State Department of Education
8403.0,BJ's Wholesale Club
9385135.0,AMS Staffing Inc.
15242812.0,Kaman Corporation
78787192.0,MDMartin Staffing
449360.0,"Sino Biological, Inc."
91420321.0,WVU Medicine Children's
19028770.0,U.S. Army MWR
5971.0,Chr. Hansen
87599.0,Aequor
11009726.0,RightWorks
1123.0,Bank of America
11229.0,Vaco
96922274.0,"Norfolk Public Schools, Nebraska"
23929.0,"PLS Financial Services, Inc."
2516.0,University of Michigan
10640787.0,Maven
540477.0,Micro Precision Calibration
71748179.0,The US Sun 
20369.0,Michael Kors
418095.0,Zendesk
167757.0,The Job Network
79134089.0,Norstella
14580269.0,Exarca Inc.
3555747.0,Alo Yoga
2354924.0,DLH Corporation
307494.0,"Securitas Security Services USA, Inc."
1344.0,Honeywell
756621.0,SRS Distribution Inc.
1358653.0,TravelNurseSource
27573.0,Methodist Health System
34221615.0,Imagine
26168.0,DriveTime
12540.0,PAR Technology
204770.0,WM
3221675.0,Acima
82302235.0,Navy Region Southwest Fleet and Family Readiness (FFR)
10514179.0,DocCafe
680248.0,YETI
73013724.0,J. Galt
3379.0,Nordstrom
93185893.0,PHXGospel Media LLC
4592.0,SKF Group
1468533.0,Educated Solutions Corp
164664.0,Labcorp
5095.0,Southern Company
3642491.0,Sunglass Hut
11448.0,Citi
5328.0,H&M
79809662.0,NBC Sports Next
7777.0,EBSCO Information Services
34738167.0,Zadar Labs
2166352.0,Venteon
10799820.0,Transcend Solutions
5007.0,Bankers Life
3770145.0,Veritas Steel LLC
157353.0,Whole Foods Market
59584636.0,BP Realty - Real Estate Specialists
19637.0,Motion
9304109.0,Experior Financial Group
2300.0,Macy's
40519.0,PatientPoint®
484002.0,IMI Agency
3563676.0,TriVista Recruitment
3102.0,BD
5062412.0,AdvantageCare Physicians
11448.0,Citi
2017.0,Qualcomm
18043.0,Addison Group
422503.0,TIC - The Industrial Company
570550.0,GE Aerospace
69107.0,Leslie's
2599.0,Eaton
4027350.0,Northern Maine General
96139831.0,DataAnnotation
16237742.0,Spaulding Ridge
1353.0,Tata Consultancy Services
165257.0,Nucor Corporation
18373097.0,Gem
8359.0,The Guitar Center Company
87599.0,Aequor
18086940.0,TransWest
79135.0,AltaMed Health Services
17599.0,AdvoCare
8737.0,City of Atlanta
163170.0,Compassion International
73013724.0,J. Galt
44543.0,Knight Foundation
26586.0,Horace Mann
768161.0,Republic Airways
7788794.0,Green Thumb Industries (GTI)
20009.0,Bimbo Bakeries USA
37759.0,Paycom
43926.0,Connecticut Children's
1038.0,Deloitte
27179912.0,Arrow Search Partners
9103.0,Shaw Industries
2198856.0,"Swire Coca-Cola, USA"
137350.0,Career Systems Development Corp
1286891.0,W3Global
18094287.0,Panorays
14422722.0,Headway Tek Inc
11096363.0,Maine Strong Balance Centers
1789.0,SLAC National Accelerator Laboratory
296229.0,Otsuka Pharmaceutical Companies (U.S.)
20573.0,Life Care Centers of America
35647080.0,Staples Stores
18506580.0,Vivian Health
166739.0,The University of Texas Medical Branch
6905.0,BJC HealthCare
71607371.0,ISITE TECHNOLOGIES
3043325.0,"Healogics, LLC."
4592.0,SKF Group
281315.0,NPAworldwide
2908367.0,gpac
2872912.0,SkyWater Search Partners
85964.0,SysMind
3625.0,Cummins Inc.
4433.0,Aquent
2190.0,Visa
163139.0,Cogent Communications
11827982.0,NYC Department of Social Services
721458.0,Sonny's Enterprises Inc. - Conveyorized Car Wash Equipment Leader
9185.0,Advance Auto Parts
1419.0,Capital One
6461864.0,Reece USA
25076.0,Rochester Regional Health
1035245.0,"Dragados USA, Inc."
1002880.0,More Than Words
9025.0,Clark County School District
89520.0,Caliber Collision
17626.0,Johnson Financial Group
138567.0,axogen
72483.0,Aimbridge Hospitality
6487.0,DaVita Kidney Care
163139.0,Cogent Communications
457885.0,MedPro Healthcare Staffing
77301.0,Raising Cane's Chicken Fingers
103134782.0,New Solution Healthcare™
37500.0,H&H
93254.0,MyMichigan Health
1511.0,Mondelēz International
73002693.0,Kyndryl
96139831.0,DataAnnotation
16710.0,Ferrellgas
3460.0,UPMC
329175.0,JUSTIN Vineyards & Winery
3151385.0,Lodgify
1586.0,Amazon
1463.0,ADP
18734731.0,Kwik Lok Corporation
1586.0,Amazon
34651990.0,"Vork Brothers Painting, LLC"
2137.0,Pearson
114664.0,The Dalton School
2562128.0,"Tanisha Systems, Inc"
65294553.0,Brightpath Associates LLC
101478385.0,A Hiring Company
18845513.0,Optima Office
1353.0,Tata Consultancy Services
82349521.0,Keller Williams Bellevue
1657063.0,Atkore
157359.0,Black & Veatch
5045.0,Cintas
2382996.0,Cummings St. Thomas
3128.0,FIS
32705.0,RealManage Family of Brands
488281.0,Mitchell Martin Inc.
9511.0,VHB
18293159.0,Anduril Industries
18164646.0,CV Resources
3888.0,Emory Healthcare
265869.0,Trinity Health
11227630.0,Ageility
11655.0,Open Systems Technologies
20107770.0,Healing Partners
114339.0,Federal Home Loan Bank of Cincinnati
73013724.0,J. Galt
3651935.0,BetterHelp
17069.0,INTEGRIS Health
167757.0,The Job Network
10211444.0,The Y (YMCA)
11447285.0,"WV Departments of Health, Health Facilities, and Human Services"
11056.0,Insight Global
370728.0,Sheppard Pratt
89520.0,Caliber Collision
13655403.0,Softcom Systems Inc
460139.0,Mount Sinai Medical Center of Florida
5328.0,H&M
3706049.0,CareerStaff Unlimited
2152.0,TEKsystems
4419.0,UCI Health
4292.0,Arizona State University
1545609.0,Toptal
142026.0,Champion Windows & Home Exteriors
8359.0,The Guitar Center Company
72060539.0,Raytek Federal Corporation
10769.0,CHRISTUS Health
14736.0,Jefferson Health
34964.0,Frazier & Deeter
163253.0,Creative Circle
7952.0,Texas Health Resources
53345529.0,Liberty Healthcare and Rehabilitation Services
268278.0,ROCS Grad Staffing
497017.0,Morgan Stanley
269397.0,NextEra Energy Resources
517595.0,Germer International - Pharmaceutical Recruiting
18506580.0,Vivian Health
3081.0,Thermo Fisher Scientific
95674718.0,Wurthy
163761.0,Family Dollar
25291.0,American Medical Response
1767.0,State Street
20009.0,Bimbo Bakeries USA
1367338.0,MRD Apartments
1070686.0,Kavaliro
79124276.0,Career Collective
51664810.0,Theoria Medical
15258971.0,World Kinect
357168.0,Guthrie
51100.0,"American Unit, Inc"
11240.0,"Burlington Stores, Inc."
10871941.0,"Emerald Broadband, LLC."
10266947.0,Performance Foodservice
11490204.0,NationsBenefits
22523.0,lululemon
6609.0,AMERICAN SYSTEMS
18691.0,Legacy Health
97453157.0,Hankins Eastup Deaton Tonn Seay & Scarbourough
165024.0,Molex
164639.0,Kroll
1103.0,Verizon
16142346.0,GLOBAL EVANGELISM INC
33636.0,Rheem Manufacturing
3677.0,Edward Jones
3625.0,Cummins Inc.
33457388.0,Pave Talent
1786002.0,DataStax
2633.0,BASF
10464447.0,Inter-Continental Cigar Corporation
166921.0,Westinghouse Electric Company
126405.0,iiicareer | Interesse International Inc.
17233.0,Covanta
2247.0,Johnson Controls
149917.0,Total Safety
474443.0,"U.S. Tsubaki Power Transmission, LLC"
16182319.0,"North Shore Healthcare, LLC"
98570070.0,ON Data Staffing
14352.0,Solomon Page
101331233.0,BLUEBERRY STAFFING LLC
98619.0,Boulay
7795.0,Petco
167757.0,The Job Network
201662.0,"Brock & Company, Inc."
9499.0,Belk
92680995.0,Artza - Experience Israel
32705.0,RealManage Family of Brands
6849.0,Dice
25522.0,Ochsner Health
1353.0,Tata Consultancy Services
18425303.0,Spectrum
416904.0,Equity Staffing Group
3480281.0,Target Optical
10420321.0,The Mom Project
25461.0,EPITEC
13333.0,Ledgent
2152.0,TEKsystems
965474.0,Provisions Group
392569.0,Macaroni KID
17988315.0,Rippling
25894.0,S&C Electric Company
63655941.0,Florida Medical Center - a campus of North Shore
229869.0,State of Arkansas
1103.0,Verizon
220336.0,Hyatt Hotels Corporation
50861.0,Acro Service Corp
1028156.0,HireTalent - Diversity Staffing & Recruiting Firm
39249.0,MCC Label
33186925.0,Gateway Development Commission (GDC)
88069588.0,Marmon Industrial Energy & Infrastructure
33605.0,TECHEAD
35529547.0,Trinity Health Mid-Atlantic
4592.0,SKF Group
17388.0,Mission Foods
3384.0,UC San Diego Health
1087408.0,Synergy Interactive
4411.0,DNV
96197918.0,PAM Health Specialty Hospital of Dayton
54121661.0,Wolf River Electric
14609480.0,CollegePass
2183652.0,Confidential
1881.0,"BAE Systems, Inc."
71575605.0,FedEx Logistics
10517709.0,Nestlé Health Science
23628.0,Primary Residential Mortgage
165290.0,Ogletree Deakins
1207.0,Johnson & Johnson
9070.0,Airgas
11229.0,Vaco
13153.0,Aston Carter
93789633.0,MY HOME MORTGAGE COMPANY
61400.0,The Reserves Network
37845.0,POWER Engineers
4890.0,University of Utah Health
73963099.0,Lennar Mortgage
2646.0,Walmart
13334.0,"McLane Company, Inc."
90551435.0,Confidencial
908113.0,Dental Care Alliance
11333215.0,PhyNet Dermatology LLC
1392.0,T-Mobile
164098.0,Gwinnett County Public Schools
21380.0,NCQA
5667.0,LyondellBasell
99465485.0,CRT Programs
1123.0,Bank of America
1235.0,Wells Fargo
11229.0,Vaco
23929.0,"PLS Financial Services, Inc."
14028488.0,Reyes Beverage Group
2430668.0,XPO
28978143.0,Beth Israel Lahey Health
64638.0,Per Scholas
43325.0,Solugenix
2271.0,Starbucks
1981395.0,MyEyeDr.
79098.0,Allied OneSource
5937862.0,San Pasqual Fiduciary Trust Company
226965.0,Net2Source Inc.
54552948.0,"ENVIRONMENTAL QUALITY, ARIZONA DEPT OF"
6250.0,Baylor Scott & White Health
7777.0,EBSCO Information Services
520215.0,European Wax Center
32924.0,GardaWorld
4060.0,Cushman & Wakefield
14363.0,RWJBarnabas Health
166277.0,Team One
35214.0,Pepper Construction Group
4592.0,SKF Group
1586.0,Amazon
96180361.0,"Bridgestone Retail Operations, LLC"
55040918.0,Elegance Senior Living
2204084.0,Talentify.io
1100063.0,Ruth Ellis Center
10055264.0,XTX Markets
3671.0,H&R Block
2564997.0,Grand Hyatt
67147553.0,Transformation Hospitality Solutions
4411.0,DNV
17980749.0,Lakefield Veterinary Group
2166352.0,Venteon
3663288.0,NK Interactive
53345529.0,Liberty Healthcare and Rehabilitation Services
4128.0,"Lowe's Companies, Inc."
5328.0,H&M
3269.0,DHL Supply Chain
53345529.0,Liberty Healthcare and Rehabilitation Services
18002293.0,imec USA
84565.0,OTG Management
3742270.0,YUPRO Placement
1431.0,PepsiCo
68230250.0,The Bridger Group
10148930.0,Creighton Community Foundation
50861.0,Acro Service Corp
1681.0,Robert Half
92309.0,Integration International Inc.
1307.0,Fidelity Investments
73013724.0,J. Galt
107457.0,Stars Behavioral Health Group
75876381.0,TMC USA Employeneurship
46000.0,Aspen Dental
1412.0,Northrop Grumman
5442.0,University of Missouri-Columbia
947791.0,Madewell
51075.0,"Building Material Distributors, Inc. (BMD, Inc.)"
840033.0,"911MEDIA, a division of Trade News International, Inc."
1353.0,Tata Consultancy Services
2881963.0,Ashley Global Retail
871133.0,Henderson Harbor Group
410499.0,Men's Wearhouse
13852.0,Lesley University
6470127.0,CG Oncology
8302.0,Banner Health
166572.0,Ulta Beauty
26376.0,Sharp Decisions
6814.0,SEPHORA
7064.0,Mercy
120393.0,PKF O'Connor Davies
37388043.0,STO Building Group
79383535.0,Akkodis
16589.0,Healthfirst
32478.0,Smithfield Foods
2684081.0,Optomi
463082.0,Lancer Hospitality Group
687779.0,"Truenorth Executive Search, Inc."
1307.0,Fidelity Investments
11009726.0,RightWorks
4564.0,Vanderbilt University Medical Center
14073562.0,Boldly Premium Executive Assistants
6481.0,Microchip Technology Inc.
74926117.0,Prime Partners
6487.0,DaVita Kidney Care
94119068.0,Teksky LLC
11381036.0,"Belle Noble Entertainment Group, LLC"
16182.0,Northside Hospital
16194.0,Ford Foundation
167757.0,The Job Network
6255594.0,Garden Grove Hospital
6734.0,J.Crew
40890912.0,"Hafemann, Magee & Thomas"
12907.0,ChristianaCare
157353.0,Whole Foods Market
36130.0,Frazer Jones
2430668.0,XPO
98860562.0,"Global Behavior Education Alliance, LLC"
22177.0,Interim HealthCare Inc.
3478848.0,Commercial Partners of Texas
10903272.0,We Make Change
1669537.0,The City of Castle Pines
77053322.0,Nimble 
19534.0,Atrium
808034.0,Aya Healthcare
1353.0,Tata Consultancy Services
166209.0,Sutter Health
53345529.0,Liberty Healthcare and Rehabilitation Services
1030518.0,Jordan Manufacturing
48211.0,Accountants One
93020.0,Meridian Legal Search
2204084.0,Talentify.io
95872.0,Southwest Key Programs
2618313.0,LRS Healthcare
684457.0,Bespoke Careers
1341246.0,Onin Staffing
7412.0,AutoZone
12446.0,Circle K
8234.0,Pactiv Evergreen Inc.
163253.0,Creative Circle
2396310.0,Randstad USA
15034.0,Kimpton Hotels & Restaurants
255252.0,Tracker
35618611.0,GraceMark Solutions
2507675.0,Yale New Haven Health
4608.0,Washington University in St. Louis
933942.0,Siri InfoSolutions Inc
1307.0,Fidelity Investments
9505.0,Tyler Technologies
1122072.0,CBTS
15656.0,AECOM
5627265.0,TOMZ Corporation
86798.0,Transcat
89792371.0,Pro17Analytics
101478385.0,A Hiring Company
106584.0,Selby Jennings
73013724.0,J. Galt
2615835.0,Piper Companies
16827.0,Five9
18164646.0,CV Resources
53345529.0,Liberty Healthcare and Rehabilitation Services
166772.0,VCU Health
10938208.0,Kaynes
157262.0,First Horizon Bank
