3901335560,2024-04-18 15:12:08,2024-04-18 11:57:31
3905247916,2024-04-18 19:31:55,2024-04-18 19:20:24
3906220675,2024-04-19 21:14:37,2024-04-19 20:59:33
3885100607,2024-04-06 07:39:09,2024-04-06 07:39:09
3904987490,2024-04-18 16:31:15,2024-04-17 00:00:00
3902369031,2024-04-19 15:07:37,2024-04-19 15:07:37
3902840683,2024-04-19 21:17:22,2024-04-19 21:04:21
3884818891,2024-04-06 02:42:49,2024-04-06 02:30:26
3889114267,2024-04-09 04:41:39,2024-04-09 04:29:42
3902943173,2024-04-16 14:58:50,2024-04-16 14:58:50
3901984740,2024-04-19 03:14:28,2024-04-18 00:00:00
3904056310,2024-04-19 07:49:14,2024-04-19 07:49:14
3901958747,2024-04-18 21:57:15,2024-04-18 21:44:33
3901951411,2024-04-18 21:07:32,2024-04-18 21:07:32
3902832381,2024-04-19 18:50:04,2024-04-19 18:50:04
3889707929,2024-04-09 11:50:29,2024-04-09 11:50:29
3902744935,2024-04-17 22:06:11,2024-04-16 00:00:00
3888946537,2024-04-09 03:36:30,2024-04-09 03:25:52
3905843096,2024-04-19 13:31:34,2024-04-19 13:31:34
3887496942,2024-04-05 20:35:45,2024-04-05 20:23:29
3899541620,2024-04-16 15:27:51,2024-04-16 15:27:51
3887996525,2024-04-09 09:24:53,2024-04-09 09:12:55
3901351967,2024-04-18 15:17:41,2024-04-18 14:58:37
3906225781,2024-04-19 21:35:58,2024-04-19 21:25:37
3905844856,2024-04-19 13:52:57,2024-04-19 13:52:57
3905868469,2024-04-19 14:45:49,2024-04-19 14:45:49
3906226555,2024-04-19 21:33:30,2024-04-16 00:00:00
3904953979,2024-04-18 15:47:51,2024-04-18 15:30:35
3904704411,2024-04-19 21:26:38,2024-04-09 00:00:00
3891069685,2024-04-11 18:32:21,2024-04-11 18:32:21
3905874823,2024-04-19 15:15:19,2024-04-19 15:15:19
3887873880,2024-04-06 02:48:44,2024-04-06 02:37:37
3888412421,2024-04-09 10:16:20,2024-04-09 09:48:44
3884814759,2024-04-06 02:24:36,2024-04-06 02:11:51
3884497787,2024-04-05 23:57:17,2024-04-05 23:57:17
3904409648,2024-04-18 00:56:30,2024-04-18 00:53:52
3902756214,2024-04-17 22:38:50,2024-04-17 22:27:27
3904996323,2024-04-18 16:39:12,2024-04-18 16:39:12
3900079741,2024-04-15 20:17:22,2024-04-15 20:06:03
3895569526,2024-04-12 04:07:55,2024-04-11 00:00:00
3904923994,2024-04-18 14:35:51,2024-04-18 14:23:59
3904514031,2024-04-19 15:21:51,2024-04-19 15:09:25
3905371907,2024-04-19 03:32:28,2024-04-19 03:17:40
3906250980,2024-04-19 22:49:30,2024-04-19 22:37:08
3905860187,2024-04-19 14:21:10,2024-04-19 14:21:10
3891267987,2024-04-12 03:16:02,2024-04-11 00:00:00
3904099139,2024-04-19 13:25:50,2024-04-19 13:25:50
3901346531,2024-04-18 14:05:13,2024-04-18 14:05:13
3906077247,2024-04-19 18:15:05,2024-04-19 18:15:05
3906227269,2024-04-19 21:26:24,2024-03-25 21:14:00
3903875365,2024-04-19 02:58:00,2024-04-19 02:29:44
3903460106,2024-04-18 16:16:24,2024-04-18 00:00:00
3891016225,2024-04-11 18:09:51,2024-04-11 18:09:51
3906250839,2024-04-19 22:46:06,2024-04-19 00:00:00
3904089651,2024-04-19 12:49:58,2024-04-19 12:49:58
3902352258,2024-04-19 13:37:34,2024-04-19 13:37:34
3904939830,2024-04-18 15:19:10,2024-04-18 15:05:03
3902790185,2024-04-18 02:10:04,2024-04-18 02:07:17
3898164712,2024-04-15 20:12:31,2024-04-15 20:12:31
3894297093,2024-04-11 19:47:13,2024-04-11 19:32:14
3891070346,2024-04-11 18:46:32,2024-04-11 18:32:25
3901937605,2024-04-18 19:33:29,2024-04-18 19:33:29
3902747592,2024-04-17 22:15:06,2024-04-17 00:00:00
3901989094,2024-04-19 02:45:55,2024-04-19 02:33:33
3888954704,2024-04-09 03:50:58,2024-04-09 03:33:07
3906257540,2024-04-19 23:09:54,2024-04-19 22:57:42
3902366184,2024-04-19 15:08:04,2024-04-19 15:08:04
3901183148,2024-04-16 15:26:07,2024-04-16 15:15:20
3901942034,2024-04-18 18:55:38,2024-04-18 18:55:38
3903475808,2024-04-18 17:26:12,2024-04-18 17:26:12
3888496444,2024-04-09 12:43:59,2024-04-09 12:31:17
3902868047,2024-04-19 22:22:11,2024-04-19 22:22:11
3905340069,2024-04-18 23:11:47,2024-04-18 22:52:42
3901371446,2024-04-18 16:08:34,2024-04-18 16:08:34
3904506949,2024-04-19 15:04:03,2024-04-19 15:04:03
3900079337,2024-04-15 20:05:29,2024-04-15 19:53:11
3900074954,2024-04-15 20:07:25,2024-04-15 00:00:00
3905257175,2024-04-18 19:32:39,2024-04-18 19:32:39
3901640746,2024-04-15 20:04:40,2024-04-15 19:52:15
3904389372,2024-04-17 22:51:24,2024-04-17 22:37:20
3894298601,2024-04-11 20:11:59,2024-04-11 00:00:00
3895486964,2024-04-12 00:42:37,2024-04-02 00:00:00
3888008601,2024-04-06 03:55:57,2024-04-05 00:00:00
3901800006,2024-04-15 21:13:51,2024-04-15 20:59:21
3901359062,2024-04-18 15:21:36,2024-04-18 15:21:36
3904724495,2024-04-19 22:58:05,2024-04-19 22:38:37
3891072714,2024-04-11 19:56:21,2024-04-11 19:56:21
3905608554,2024-04-19 05:33:33,2024-04-19 05:33:33
3887882156,2024-04-06 03:02:25,2024-04-06 02:48:14
3889451621,2024-04-09 10:12:11,2024-04-09 09:55:24
3906220883,2024-04-19 21:19:00,2024-04-19 21:09:23
3887886394,2024-04-06 03:31:24,2024-04-05 00:00:00
3887836569,2024-04-06 00:07:14,2024-04-05 23:54:22
3885829199,2024-04-06 03:22:05,2024-04-05 00:00:00
3895810556,2024-04-12 05:02:22,2024-03-18 04:51:03
3902781637,2024-04-18 00:56:23,2024-04-18 00:56:23
3902356981,2024-04-19 15:10:39,2024-04-19 14:58:09
3903448599,2024-04-18 15:31:04,2024-04-18 15:31:04
3889283240,2024-04-09 08:16:56,2024-04-09 08:04:50
3905313008,2024-04-18 21:43:23,2024-04-18 21:43:23
3905883322,2024-04-19 15:26:41,2024-04-19 00:00:00
3891860116,2024-04-12 07:14:37,2024-04-12 07:14:37
3901682173,2024-04-15 20:42:48,2024-04-15 20:29:59
3904094725,2024-04-19 13:57:04,2024-04-19 13:57:04
3906073505,2024-04-19 18:10:20,2024-04-19 18:10:20
3901633120,2024-04-15 19:26:47,2024-04-15 19:26:47
3904384840,2024-04-17 22:40:38,2024-04-17 22:29:37
3904384606,2024-04-17 22:31:19,2024-04-17 22:31:19
3901965306,2024-04-18 22:22:29,2024-04-18 22:10:29
3884432812,2024-04-05 20:20:34,2024-04-05 20:20:34
3894883044,2024-04-11 17:06:34,2024-04-11 17:06:34
3889109690,2024-04-09 04:40:44,2024-04-09 04:28:42
3904060080,2024-04-19 07:53:41,2024-04-19 07:53:41
3894885530,2024-04-11 17:26:33,2024-04-11 00:00:00
3900078623,2024-04-15 20:07:25,2024-04-15 00:00:00
3884933059,2024-04-05 20:40:36,2024-04-05 20:29:27
3891266914,2024-04-12 03:05:25,2024-04-12 02:59:02
3902863902,2024-04-19 22:41:41,2024-04-19 22:28:40
3884430256,2024-04-05 19:41:25,2024-04-05 19:41:25
3902318501,2024-04-19 08:32:16,2024-04-19 08:18:31
3904581622,2024-04-19 19:20:54,2024-04-19 19:20:54
3901937390,2024-04-18 18:53:42,2024-04-18 18:53:42
3905309404,2024-04-18 21:47:11,2024-04-18 00:00:00
3904420614,2024-04-18 02:25:41,2024-04-18 02:12:58
3895252444,2024-04-11 20:14:18,2024-04-11 20:14:18
3904363829,2024-04-17 21:48:49,2024-04-17 21:37:19
3903879813,2024-04-19 03:33:16,2024-04-19 03:19:11
3901374215,2024-04-18 16:40:15,2024-04-17 00:00:00
3889291169,2024-04-09 08:37:07,2024-04-09 08:18:09
3887833724,2024-04-06 00:06:14,2024-04-06 00:06:14
3902784671,2024-04-18 01:37:42,2024-04-18 01:37:42
3891033736,2024-04-11 18:20:54,2024-04-11 18:20:54
3901965405,2024-04-18 22:34:30,2024-04-18 00:00:00
3889737948,2024-04-09 12:34:13,2024-04-09 12:34:13
3859514569,2024-04-18 18:23:59,2024-04-18 18:23:59
3891091367,2024-04-11 21:11:27,2024-04-11 00:00:00
3902341816,2024-04-19 12:53:33,2024-04-19 12:53:33
3904428249,2024-04-18 02:46:14,2024-04-18 02:28:18
3902864839,2024-04-19 22:29:24,2024-04-19 22:14:55
3904965988,2024-04-18 15:57:02,2024-04-18 15:57:02
3895524222,2024-04-12 02:24:52,2024-04-12 02:09:02
3906075912,2024-04-19 18:33:12,2024-04-18 00:00:00
3902363578,2024-04-19 15:11:19,2024-04-19 00:00:00
3901675606,2024-04-15 20:44:55,2024-04-15 20:27:54
3905292555,2024-04-18 20:58:40,2024-04-17 00:00:00
3891078346,2024-04-11 19:50:03,2024-04-11 19:50:03
3902354496,2024-04-19 14:03:49,2024-04-19 14:03:49
3901994290,2024-04-19 03:56:46,2024-04-19 03:44:59
3902833230,2024-04-19 19:11:51,2024-04-19 19:10:14
3905842049,2024-04-19 13:23:20,2024-04-19 13:23:20
3902842984,2024-04-19 21:25:11,2024-04-19 21:25:11
3904960747,2024-04-18 15:57:57,2024-04-18 15:46:34
3894561587,2024-04-12 03:27:17,2024-04-11 00:00:00
3906262038,2024-04-19 23:23:39,2024-04-19 23:09:37
3901936778,2024-04-18 19:47:08,2024-04-18 19:47:08
3889744909,2024-04-09 12:44:01,2024-04-09 12:44:01
3904720957,2024-04-19 22:54:30,2024-04-19 22:28:17
3902829423,2024-04-19 18:45:20,2024-04-19 18:45:20
3905392386,2024-04-19 04:31:27,2024-04-19 04:09:48
3904722587,2024-04-19 22:49:52,2024-04-19 22:33:35
3904397108,2024-04-17 23:21:29,2024-04-17 23:09:15
3884893729,2024-04-06 06:42:05,2024-04-06 06:42:05
3887724170,2024-04-05 21:13:29,2024-04-05 00:00:00
3902869062,2024-04-19 22:34:50,2024-04-19 22:22:01
3884803257,2024-04-06 00:05:00,2024-04-06 00:05:00
3904423465,2024-04-18 02:29:40,2024-04-17 00:00:00
3900983468,2024-04-18 03:04:39,2024-04-18 02:52:11
3898168520,2024-04-15 20:15:09,2024-04-15 20:15:09
3906229207,2024-04-19 21:23:09,2024-04-19 21:23:09
3905310347,2024-04-18 21:56:28,2024-04-18 21:39:56
3905839508,2024-04-19 13:25:01,2024-04-19 13:25:01
3901366121,2024-04-18 15:57:49,2024-04-18 15:46:13
3887472633,2024-04-05 20:02:39,2024-04-05 19:50:55
3902912724,2024-04-16 14:13:43,2024-04-16 14:13:43
3904994372,2024-04-18 16:45:17,2024-04-18 16:33:30
3904953432,2024-04-18 15:17:56,2024-04-18 15:17:56
3894933046,2024-04-11 18:09:47,2024-04-11 18:09:47
3903818741,2024-04-18 21:08:28,2024-04-18 20:56:20
3902875962,2024-04-19 23:14:19,2024-04-19 23:14:19
3898180206,2024-04-15 21:10:41,2024-04-15 21:10:41
3891251273,2024-04-12 00:46:55,2024-04-12 00:33:21
3887855572,2024-04-06 01:58:19,2024-04-06 01:47:02
3906092719,2024-04-19 19:04:29,2024-04-19 19:03:52
3901354670,2024-04-18 14:52:38,2024-04-18 14:52:38
3903845619,2024-04-18 23:21:38,2024-04-18 00:00:00
3895834221,2024-04-12 06:05:51,2024-04-12 05:45:44
3904395109,2024-04-17 22:58:37,2024-04-17 22:46:51
3902363361,2024-04-19 14:53:46,2024-04-19 14:53:46
3906097151,2024-04-19 19:09:03,2024-04-19 19:09:03
3888951992,2024-04-09 03:41:52,2024-04-09 03:30:15
3889741982,2024-04-09 12:41:04,2024-04-09 12:41:04
3901939447,2024-04-18 19:39:40,2024-04-18 19:39:40
3905844964,2024-04-19 13:55:32,2024-04-19 13:55:32
3895216750,2024-04-11 19:48:03,2024-04-11 19:48:03
3889444307,2024-04-09 09:51:07,2024-04-08 00:00:00
3901960027,2024-04-18 21:53:33,2024-04-18 21:42:11
3900959944,2024-04-17 22:31:16,2024-04-17 22:31:16
3894869499,2024-04-11 17:08:46,2024-04-11 00:00:00
3904994977,2024-04-18 16:46:01,2024-04-18 16:46:01
3905818893,2024-04-19 12:17:40,2024-04-19 12:17:40
3895599238,2024-04-12 04:23:20,2024-04-12 04:23:20
3894872515,2024-04-11 17:18:42,2024-04-11 16:58:36
3905286461,2024-04-18 20:29:45,2024-04-18 20:18:26
3889772007,2024-04-09 13:31:26,2024-04-09 13:21:36
3901978814,2024-04-19 01:27:28,2024-04-19 01:27:28
3905240328,2024-04-18 18:08:53,2024-04-18 18:08:53
3889711843,2024-04-09 12:04:45,2024-04-09 12:04:45
3904926235,2024-04-18 15:12:46,2024-04-18 14:03:33
3884443249,2024-04-05 21:04:54,2024-03-11 20:54:02
3903468507,2024-04-18 16:59:20,2024-04-18 16:29:54
3902751958,2024-04-17 22:58:24,2024-04-17 22:35:05
3900085849,2024-04-15 20:39:19,2024-04-15 20:27:04
3901937866,2024-04-18 20:05:52,2024-04-18 20:05:52
3905279936,2024-04-18 20:22:54,2024-04-18 20:08:21
3887574626,2024-04-09 03:28:22,2024-04-08 00:00:00
3901690148,2024-04-15 20:38:01,2024-04-15 20:38:01
3905328761,2024-04-18 22:42:51,2024-04-18 22:24:59
3901950783,2024-04-18 21:19:18,2024-04-18 21:19:18
3901950102,2024-04-18 21:04:33,2024-04-18 20:53:29
3884808462,2024-04-06 01:29:32,2024-04-06 01:18:10
3888429960,2024-04-09 10:24:16,2024-04-09 10:09:48
3903813758,2024-04-18 20:40:23,2024-04-17 00:00:00
3902812059,2024-04-19 18:26:14,2024-04-19 18:26:14
3886470182,2024-04-09 04:20:46,2024-04-09 04:07:32
3894551747,2024-04-12 02:24:06,2024-04-12 02:11:00
3895803694,2024-04-12 04:46:40,2024-04-12 00:00:00
3901940914,2024-04-18 20:36:25,2024-04-18 00:00:00
3886848311,2024-04-09 10:06:24,2024-04-09 10:06:24
3894628585,2024-04-12 05:14:00,2024-04-12 04:57:52
3904515085,2024-04-19 15:25:07,2024-04-19 15:25:07
3891268104,2024-04-12 02:42:47,2024-04-12 02:30:39
3894877080,2024-04-11 17:11:36,2024-04-11 16:59:48
3887940695,2024-04-09 08:17:44,2024-04-09 08:08:21
3887104554,2024-04-09 13:37:24,2024-04-09 13:37:24
3901181403,2024-04-16 15:16:10,2024-04-16 15:16:10
3894290062,2024-04-11 18:57:10,2024-04-11 18:57:10
3886837530,2024-04-09 09:05:34,2024-04-09 08:53:45
3905336608,2024-04-18 23:09:34,2024-04-04 00:00:00
3905332129,2024-04-18 22:32:40,2024-04-18 22:21:19
3887592869,2024-04-09 04:09:55,2024-04-09 03:56:31
3904424985,2024-04-18 03:02:27,2024-04-18 02:51:02
3895524644,2024-04-12 02:28:31,2024-04-11 00:00:00
3905306912,2024-04-18 21:53:45,2024-04-18 21:42:40
3905294508,2024-04-18 21:02:39,2024-04-18 20:50:50
3887596418,2024-04-09 04:07:17,2024-04-09 03:55:52
3898162837,2024-04-15 19:52:58,2024-04-15 19:52:58
3904381910,2024-04-17 22:30:45,2024-04-17 22:19:12
3889494484,2024-04-09 10:39:44,2024-04-09 10:26:55
3891073938,2024-04-11 19:38:12,2024-04-11 19:38:12
3884806603,2024-04-06 00:31:55,2024-04-06 00:31:55
3894676584,2024-04-12 06:50:39,2024-04-12 06:50:39
3900077978,2024-04-15 20:17:34,2024-03-21 20:05:58
3905240430,2024-04-18 18:27:29,2024-04-16 00:00:00
3889742921,2024-04-09 12:41:02,2024-04-09 12:41:02
3902913603,2024-04-16 14:24:26,2024-04-16 14:12:52
3905863355,2024-04-19 14:29:44,2024-04-19 14:29:44
3905294351,2024-04-18 20:44:26,2024-04-18 20:44:26
3903484378,2024-04-18 17:48:47,2024-04-18 17:48:47
3887493907,2024-04-05 20:18:34,2024-04-05 00:00:00
3887834295,2024-04-06 00:05:09,2024-04-05 23:43:51
3902354449,2024-04-19 14:00:04,2024-04-19 14:00:04
3902317597,2024-04-19 08:29:51,2024-04-19 08:16:46
3891079321,2024-04-11 20:07:50,2024-04-11 19:55:52
3894978649,2024-04-11 18:43:22,2024-04-11 18:43:22
3904097940,2024-04-19 14:22:52,2024-04-19 00:00:00
3901948080,2024-04-18 20:54:38,2024-04-18 20:43:08
3900960754,2024-04-17 22:52:38,2024-04-17 22:40:08
3889700327,2024-04-09 10:58:37,2024-04-09 10:41:09
3902759261,2024-04-17 23:06:53,2024-04-17 00:00:00
3890895156,2024-04-11 17:25:35,2024-04-11 17:13:02
3884899294,2024-04-06 06:47:20,2024-04-06 06:47:20
3904941470,2024-04-18 15:08:21,2024-04-18 15:08:21
3902340836,2024-04-19 12:42:30,2024-04-19 12:42:30
3901698661,2024-04-15 21:14:58,2024-04-15 00:00:00
3872781436,2024-04-17 22:00:49,2024-04-17 22:00:49
3894664659,2024-04-12 06:12:03,2024-04-12 06:12:03
3887100856,2024-04-09 13:34:37,2024-04-09 13:34:37
3906224922,2024-04-19 21:32:19,2024-04-19 21:32:19
3895551425,2024-04-12 03:39:27,2024-04-12 03:28:26
3889417446,2024-04-09 09:12:26,2024-04-09 00:00:00
3901375093,2024-04-18 16:34:36,2024-04-18 16:14:36
3895845875,2024-04-12 06:37:30,2024-04-12 06:25:40
3887482156,2024-04-05 20:11:17,2024-04-05 19:54:30
3904388427,2024-04-17 22:36:56,2024-04-17 22:36:56
3895560610,2024-04-12 03:53:09,2024-04-12 03:41:42
3887492823,2024-04-05 20:21:35,2024-04-05 20:08:06
3902821873,2024-04-19 18:53:57,2024-04-19 18:53:57
3901942128,2024-04-18 19:24:01,2024-04-18 19:24:01
3895491386,2024-04-12 00:32:28,2024-04-12 00:32:28
3906259190,2024-04-19 23:03:21,2024-04-19 00:00:00
3891268645,2024-04-12 03:04:08,2024-04-12 02:52:17
3904941277,2024-04-18 15:02:19,2024-04-18 15:02:19
3885827579,2024-04-06 03:17:30,2024-04-06 03:04:31
3884811337,2024-04-06 01:42:51,2024-04-06 01:31:15
3902919181,2024-04-16 14:16:13,2024-04-16 14:16:13
3889162488,2024-04-09 05:51:18,2024-04-09 05:51:18
3887891330,2024-04-06 03:22:54,2024-04-06 03:22:54
3901994470,2024-04-19 04:04:43,2024-04-19 00:00:00
3899527093,2024-04-16 14:35:31,2024-04-16 14:35:31
3894874285,2024-04-11 17:09:45,2024-04-11 16:57:49
3888027768,2024-04-06 19:23:51,2024-04-06 19:23:51
3904011054,2024-04-19 05:20:50,2024-04-19 04:57:55
3903848488,2024-04-19 01:08:08,2024-04-18 23:14:26
3895201289,2024-04-11 19:08:48,2024-04-11 19:08:48
3904421009,2024-04-18 02:05:22,2024-04-17 00:00:00
3884443358,2024-04-05 21:07:48,2024-04-05 00:00:00
3905202067,2024-04-18 16:58:50,2024-04-18 16:45:41
3901960311,2024-04-18 22:19:10,2024-04-18 00:00:00
3903465145,2024-04-18 16:29:07,2024-04-18 16:17:39
3901375124,2024-04-18 16:17:49,2024-04-18 16:17:49
3904959049,2024-04-18 15:42:09,2024-04-18 15:30:09
3887931131,2024-04-09 05:45:09,2024-04-09 05:32:26
3904723778,2024-04-19 23:16:03,2024-04-19 23:16:03
3904396946,2024-04-17 23:26:38,2024-04-17 00:00:00
3899527092,2024-04-16 14:40:03,2024-04-16 14:27:26
3905327539,2024-04-18 22:22:44,2024-04-18 22:11:24
3898170667,2024-04-15 20:42:35,2024-04-15 20:42:35
3906227125,2024-04-19 21:20:29,2024-04-19 00:00:00
3901680241,2024-04-15 20:30:49,2024-04-15 20:30:49
3905693877,2024-04-19 10:55:52,2024-04-19 10:55:52
3902737665,2024-04-17 21:34:49,2024-04-17 21:19:21
3878348967,2024-04-19 19:24:06,2024-04-19 19:24:06
3905283771,2024-04-18 20:29:40,2024-04-18 20:16:53
3905304484,2024-04-18 21:40:40,2024-04-18 21:28:23
3902735290,2024-04-17 21:27:32,2024-04-17 00:00:00
3900083327,2024-04-15 20:18:59,2024-04-15 20:08:43
3888973777,2024-04-09 04:11:43,2024-04-09 03:55:36
3904964569,2024-04-18 15:48:33,2024-04-18 15:48:33
3894550383,2024-04-12 02:15:03,2024-04-12 02:02:58
3904373195,2024-04-17 22:09:02,2024-04-17 00:00:00
3885866873,2024-04-06 05:57:15,2024-04-06 05:15:56
3905369937,2024-04-19 03:21:52,2024-04-19 03:10:50
3903464497,2024-04-18 16:38:05,2024-04-18 00:00:00
3902743076,2024-04-17 21:34:47,2024-04-17 21:22:20
3904949788,2024-04-18 15:21:24,2024-04-18 15:17:11
3884993723,2024-04-06 00:15:08,2024-04-06 00:01:59
3905238728,2024-04-18 18:38:46,2024-04-18 18:38:37
3904991255,2024-04-18 16:41:20,2024-04-18 16:21:50
3905869464,2024-04-19 14:53:07,2024-04-19 14:53:07
3904392520,2024-04-17 22:46:00,2024-04-17 22:46:00
3902945283,2024-04-16 15:07:56,2024-04-16 15:07:56
3888931913,2024-04-09 03:13:18,2024-04-09 03:01:02
3888939713,2024-04-09 03:28:16,2024-04-09 03:15:53
3891016680,2024-04-11 18:15:12,2024-04-11 18:15:12
3895513836,2024-04-12 02:04:21,2024-04-11 00:00:00
3904417885,2024-04-18 02:24:51,2024-04-17 00:00:00
3905240179,2024-04-18 17:57:01,2024-04-18 17:57:01
3894629364,2024-04-12 05:14:00,2024-04-12 04:57:45
3891070590,2024-04-11 18:41:25,2024-04-11 18:41:25
3905293967,2024-04-18 21:09:39,2024-04-18 21:09:39
3903467952,2024-04-18 16:46:40,2024-04-18 16:34:41
3888000731,2024-04-06 03:36:45,2024-04-06 03:33:37
3900092740,2024-04-15 21:17:35,2024-04-13 00:00:00
3901350313,2024-04-18 14:33:30,2024-04-18 14:33:30
3884437267,2024-04-05 20:28:46,2024-04-05 00:00:00
3905217730,2024-04-18 17:26:35,2024-04-18 17:26:35
3904358971,2024-04-17 21:34:57,2024-04-17 00:00:00
3887499512,2024-04-05 20:25:47,2024-04-05 20:14:20
3901986490,2024-04-19 03:03:36,2024-04-19 03:03:36
3902859729,2024-04-19 21:54:34,2024-04-19 21:41:58
3904958135,2024-04-18 16:16:33,2024-04-18 16:16:33
3906252580,2024-04-19 22:46:06,2024-04-19 00:00:00
3906259591,2024-04-19 23:30:19,2024-04-19 23:17:04
3901697608,2024-04-15 21:12:09,2024-04-15 00:00:00
3699945651,2024-04-17 21:41:39,2024-04-17 21:41:39
3891251200,2024-04-12 00:43:10,2024-04-12 00:28:05
3905367212,2024-04-19 02:27:25,2024-04-19 02:08:58
3901693931,2024-04-15 21:14:32,2024-04-15 21:01:46
3887934049,2024-04-09 05:57:40,2024-04-09 05:45:42
3900975198,2024-04-17 23:09:22,2024-04-17 23:09:22
3885101262,2024-04-06 07:06:58,2024-04-06 07:06:58
3904381528,2024-04-17 22:18:55,2024-04-17 22:06:26
3902879443,2024-04-19 23:49:10,2024-04-19 23:49:10
3884824859,2024-04-06 03:16:51,2024-04-06 02:59:09
3894567032,2024-04-12 03:17:14,2024-04-12 03:04:50
3902369127,2024-04-19 15:12:14,2024-04-19 15:12:14
3905888062,2024-04-19 15:35:38,2024-04-19 15:24:04
3905245918,2024-04-18 19:08:12,2024-04-18 19:08:12
3905671480,2024-04-19 09:59:46,2024-04-19 09:47:21
3904365365,2024-04-17 21:39:01,2024-04-17 00:00:00
3905834907,2024-04-19 13:27:11,2024-04-19 13:27:11
3901631002,2024-04-15 19:15:19,2024-04-15 19:15:19
3903470978,2024-04-18 17:12:32,2024-04-18 16:43:31
3906249545,2024-04-19 22:29:10,2024-04-19 22:16:46
3889714811,2024-04-09 12:16:52,2024-04-09 12:16:52
3904399805,2024-04-17 23:44:49,2024-04-17 23:33:09
3894677377,2024-04-12 06:50:54,2024-04-12 06:50:54
3901646116,2024-04-15 20:19:36,2024-04-15 19:53:18
3904367234,2024-04-17 21:47:15,2024-03-23 21:33:26
3901936490,2024-04-18 19:19:08,2024-04-18 19:19:08
3888953923,2024-04-09 03:50:59,2024-04-09 03:32:59
3894545504,2024-04-12 01:26:06,2024-04-12 01:14:03
3905381056,2024-04-19 04:25:32,2024-04-19 03:55:39
3903475153,2024-04-18 17:12:27,2024-04-18 00:00:00
3904396139,2024-04-17 23:11:26,2024-04-17 22:49:30
3906231563,2024-04-19 21:46:56,2024-04-19 21:46:56
3901167847,2024-04-16 14:45:26,2024-04-16 14:45:26
3895542262,2024-04-12 03:12:12,2024-04-11 00:00:00
3901941087,2024-04-18 19:00:43,2024-04-18 19:00:43
3904364886,2024-04-17 21:55:15,2024-04-17 00:00:00
3904387455,2024-04-17 22:30:04,2024-04-17 00:00:00
3894877390,2024-04-11 17:25:35,2024-04-10 00:00:00
3903813237,2024-04-18 20:23:48,2024-04-18 20:07:46
3895808164,2024-04-12 04:53:18,2024-04-11 00:00:00
3895808700,2024-04-12 05:17:19,2024-04-12 04:50:24
3900963520,2024-04-17 22:50:08,2024-04-17 22:50:08
3898158839,2024-04-15 19:27:42,2024-04-15 19:27:42
3901372232,2024-04-18 16:13:24,2024-04-18 16:13:24
3887576270,2024-04-09 03:21:24,2024-04-08 00:00:00
3889123024,2024-04-09 04:54:54,2024-04-08 00:00:00
3904952418,2024-04-18 15:32:29,2024-04-18 00:00:00
3902353558,2024-04-19 14:08:06,2024-04-19 14:08:06
3889489429,2024-04-09 10:37:03,2024-04-09 10:19:48
3902747106,2024-04-17 22:01:53,2024-04-17 21:39:12
3906258113,2024-04-19 22:56:20,2024-04-19 00:00:00
3901989080,2024-04-19 02:42:53,2024-04-19 02:30:54
3895595857,2024-04-12 04:16:13,2024-04-12 04:16:13
3901391094,2024-04-18 17:17:52,2024-04-18 17:17:52
3905292245,2024-04-18 20:44:07,2024-04-18 00:00:00
3888447154,2024-04-09 10:28:18,2024-04-09 00:00:00
3886839068,2024-04-09 09:05:35,2024-04-09 08:52:10
3904719638,2024-04-19 22:32:43,2024-04-19 22:14:21
3903492450,2024-04-18 18:35:33,2024-04-18 00:00:00
3903808234,2024-04-18 19:46:03,2024-04-18 19:31:51
3903455407,2024-04-18 16:08:49,2024-04-18 15:55:46
3901696602,2024-04-15 21:14:32,2024-04-15 21:01:46
3903834955,2024-04-18 22:25:58,2024-04-18 22:14:53
3890894461,2024-04-11 17:34:24,2024-04-11 17:34:24
3886463753,2024-04-09 04:25:17,2024-04-09 04:07:05
3906236441,2024-04-19 22:07:52,2024-04-19 00:00:00
3905386825,2024-04-19 04:20:07,2024-04-19 04:07:47
3901347789,2024-04-18 14:26:37,2024-04-18 14:26:37
3902912813,2024-04-16 14:29:59,2024-04-16 00:00:00
3895525771,2024-04-12 02:20:51,2024-04-12 02:20:51
3904718575,2024-04-19 22:28:51,2024-04-19 22:08:44
3887898839,2024-04-06 03:49:32,2024-04-06 03:33:12
3895222089,2024-04-11 20:03:02,2024-04-11 19:51:06
3905211500,2024-04-18 17:07:54,2024-04-18 17:07:54
3906251525,2024-04-19 22:20:00,2024-04-19 22:20:00
3902743321,2024-04-17 21:41:54,2024-04-17 00:00:00
3905829610,2024-04-19 12:49:47,2024-04-19 12:49:47
3901176179,2024-04-16 14:50:02,2024-04-16 14:50:02
3894678353,2024-04-12 06:51:17,2024-04-12 06:51:17
3905250227,2024-04-18 19:03:05,2024-04-18 19:03:05
3905393686,2024-04-19 04:49:48,2024-04-19 04:38:10
3905686677,2024-04-19 10:25:57,2024-04-16 00:00:00
3884899914,2024-04-06 08:39:11,2024-04-06 08:39:11
3903453896,2024-04-18 16:00:50,2024-04-18 16:00:50
3902943197,2024-04-16 14:59:08,2024-04-16 14:59:08
3898178357,2024-04-15 21:15:58,2024-04-15 00:00:00
3900947565,2024-04-17 21:20:41,2024-04-17 21:20:41
3905847705,2024-04-19 13:55:54,2024-04-19 13:55:54
3901991070,2024-04-19 03:05:23,2024-04-19 03:05:23
3904940164,2024-04-18 14:58:51,2024-04-18 14:46:58
3904393325,2024-04-17 23:11:26,2024-04-17 22:50:45
3889417402,2024-04-09 09:12:26,2024-04-09 00:00:00
3904393370,2024-04-17 23:09:43,2024-04-17 22:51:52
3904970200,2024-04-18 16:12:43,2024-04-18 15:55:13
3902861620,2024-04-19 22:00:12,2024-04-19 00:00:00
3901350728,2024-04-18 14:50:34,2024-04-18 14:50:34
3889752544,2024-04-09 12:59:21,2024-04-09 12:59:21
3884823624,2024-04-06 03:05:28,2024-04-06 02:52:18
3903472987,2024-04-18 17:36:35,2024-04-18 16:57:46
3789402808,2024-04-18 17:49:28,2023-12-21 18:49:15
3891287228,2024-04-12 04:30:39,2024-04-12 03:43:21
3904394115,2024-04-17 22:53:49,2024-04-17 00:00:00
3905332347,2024-04-18 22:43:31,2024-04-18 22:31:57
3903812791,2024-04-18 20:40:17,2024-04-18 20:25:52
3894214600,2024-04-11 17:42:59,2024-04-11 17:42:59
3903454820,2024-04-18 16:03:12,2024-04-18 16:03:12
3899535031,2024-04-16 15:09:40,2024-04-16 14:57:30
3887884812,2024-04-06 03:27:29,2024-04-05 00:00:00
3900939829,2024-04-17 21:07:37,2024-04-17 00:00:00
3905310379,2024-04-18 22:00:26,2024-04-01 00:00:00
3906226249,2024-04-19 21:25:14,2024-04-19 21:12:35
3904370178,2024-04-17 22:02:54,2024-04-17 00:00:00
3901948283,2024-04-18 21:07:16,2024-03-24 20:56:22
3904389723,2024-04-17 23:03:44,2024-04-17 00:00:00
3886453718,2024-04-09 04:28:17,2024-04-09 03:28:47
3884442527,2024-04-05 20:59:33,2024-04-05 20:59:33
3901347289,2024-04-18 14:10:28,2024-04-18 00:00:00
3903829722,2024-04-18 21:40:54,2024-04-18 21:37:27
3904985596,2024-04-18 16:55:45,2024-04-18 16:14:44
3903814421,2024-04-18 20:30:59,2024-04-18 20:16:49
3905235733,2024-04-18 18:06:17,2024-04-18 18:06:17
3901634086,2024-04-15 19:27:44,2024-04-15 19:27:44
3906251192,2024-04-19 22:23:45,2024-04-19 22:06:38
3905656027,2024-04-19 08:35:48,2024-04-19 08:23:18
3898165386,2024-04-15 20:04:16,2024-04-15 20:04:16
3905814528,2024-04-19 11:20:11,2024-04-19 11:20:11
3887700475,2024-04-05 20:29:52,2024-04-05 00:00:00
3898169827,2024-04-15 20:36:52,2024-04-15 20:36:52
3887474122,2024-04-05 19:49:56,2024-04-05 19:38:07
3905859816,2024-04-19 14:42:50,2024-04-19 14:30:38
3900979524,2024-04-18 00:24:18,2024-04-17 00:00:00
3891282750,2024-04-12 04:03:42,2024-04-12 03:51:46
3889440953,2024-04-09 09:39:09,2024-04-09 09:39:09
3888013056,2024-04-06 04:17:13,2024-04-06 03:51:38
3905335505,2024-04-18 22:58:51,2024-04-18 22:40:30
3884800884,2024-04-06 00:23:19,2024-04-05 00:00:00
3889282271,2024-04-09 08:16:56,2024-04-09 08:04:50
3904724342,2024-04-19 22:55:09,2024-04-19 22:31:29
3901660650,2024-04-15 20:06:20,2024-04-15 20:06:20
3902910763,2024-04-16 14:25:10,2024-04-16 14:10:19
3901356388,2024-04-18 15:03:20,2024-04-18 15:03:20
3904990444,2024-04-18 16:26:25,2024-04-18 16:26:25
3902398690,2024-04-19 18:07:37,2024-04-19 18:07:37
3898174088,2024-04-15 20:49:24,2024-04-15 20:49:24
3906246855,2024-04-19 22:21:06,2024-04-19 22:09:39
3901173634,2024-04-16 14:57:53,2024-04-16 14:57:53
3905338148,2024-04-18 23:04:26,2024-04-18 22:49:40
3902783923,2024-04-18 02:19:20,2024-04-17 00:00:00
3884932296,2024-04-05 20:43:58,2024-04-05 20:31:12
3904088535,2024-04-19 12:27:40,2024-04-19 12:27:40
3905255350,2024-04-18 19:38:09,2024-04-18 19:26:10
3902846274,2024-04-19 21:39:17,2024-04-19 21:26:00
3885811763,2024-04-06 02:24:42,2024-04-06 02:03:35
3884442638,2024-04-05 21:01:41,2024-04-05 21:01:41
3886825826,2024-04-09 07:26:39,2024-04-09 07:26:39
3901938566,2024-04-18 19:47:09,2024-04-18 19:47:09
3885378281,2024-04-06 00:21:11,2024-04-06 00:21:11
3905304030,2024-04-18 21:32:02,2024-04-18 21:17:02
3889714345,2024-04-09 12:11:42,2024-04-09 12:11:42
3903892699,2024-04-19 04:42:53,2024-04-19 04:30:25
3900961355,2024-04-17 22:16:58,2024-04-17 22:04:07
3903815632,2024-04-18 20:40:23,2024-04-17 00:00:00
3903453951,2024-04-18 16:02:23,2024-04-18 16:02:23
3900941805,2024-04-17 21:22:09,2024-04-17 21:22:09
3905294761,2024-04-18 21:10:17,2024-04-18 20:57:34
3899537276,2024-04-16 15:08:34,2024-04-16 15:08:34
3895521959,2024-04-12 02:22:48,2024-04-12 02:11:02
3904393276,2024-04-17 23:11:26,2024-04-17 22:49:13
3905304928,2024-04-18 21:49:15,2024-04-18 21:37:22
3903827029,2024-04-18 21:22:21,2024-04-18 00:00:00
3902359059,2024-04-19 14:28:05,2024-04-19 14:28:05
3905370687,2024-04-19 03:10:29,2024-04-19 02:56:57
3905374480,2024-04-19 03:52:52,2024-04-19 03:33:25
3904703938,2024-04-19 21:33:25,2024-04-19 00:00:00
3901641800,2024-04-15 19:52:55,2024-04-15 19:52:55
3904985681,2024-04-18 16:30:59,2024-04-18 16:17:04
3905289118,2024-04-18 20:22:31,2024-04-18 20:10:50
3889776027,2024-04-09 13:26:04,2024-04-09 13:26:04
3904416905,2024-04-18 02:24:14,2024-04-17 00:00:00
3905822803,2024-04-19 12:28:53,2024-04-19 12:28:53
3906257215,2024-04-19 22:59:52,2024-04-19 00:00:00
3905299418,2024-04-18 21:17:53,2024-04-18 00:00:00
3895524679,2024-04-12 02:29:12,2024-04-11 00:00:00
3886461843,2024-04-09 04:05:29,2024-04-09 03:54:09
3903843298,2024-04-18 22:42:45,2024-04-18 22:31:13
3905395540,2024-04-19 04:59:49,2024-04-18 00:00:00
3901959788,2024-04-18 22:02:02,2024-04-18 21:49:50
3904990398,2024-04-18 16:45:03,2024-04-18 00:00:00
3901391548,2024-04-18 18:01:01,2024-04-18 18:01:01
3894204917,2024-04-11 17:19:25,2024-04-11 17:06:58
3895493802,2024-04-12 01:27:20,2024-04-12 01:10:25
3901948573,2024-04-18 21:21:50,2024-04-18 21:08:15
3902357194,2024-04-19 14:23:07,2024-04-19 14:23:07
3889719550,2024-04-09 12:28:45,2024-04-09 12:17:06
3894289303,2024-04-11 19:26:16,2024-04-11 19:14:15
3901949185,2024-04-18 21:06:45,2024-04-18 20:54:42
3899538932,2024-04-16 15:24:15,2024-04-16 15:24:15
3895216047,2024-04-11 19:48:04,2024-04-11 19:35:20
3905329831,2024-04-18 22:50:08,2024-04-18 22:38:19
3902359134,2024-04-19 14:33:09,2024-04-19 14:33:02
3904389022,2024-04-17 22:37:25,2024-04-17 00:00:00
3894286400,2024-04-11 18:58:17,2024-04-11 18:58:17
3901941159,2024-04-18 19:08:18,2024-04-18 19:08:18
3905270692,2024-04-18 20:00:56,2024-04-18 20:00:56
3889498218,2024-04-09 11:22:18,2024-04-09 10:37:40
3905330615,2024-04-18 22:44:00,2024-04-18 22:32:00
3904022072,2024-04-19 05:27:04,2024-04-19 05:27:04
3895803422,2024-04-12 04:27:23,2024-04-12 04:27:23
3902779943,2024-04-18 01:18:55,2024-04-18 01:18:55
3906253983,2024-04-19 23:09:01,2024-04-19 22:55:16
3884898958,2024-04-06 07:42:37,2024-04-06 07:42:37
3888024793,2024-04-06 11:14:29,2024-04-06 11:14:29
3887859356,2024-04-06 01:58:19,2024-04-06 01:46:58
3904367229,2024-04-17 21:52:24,2024-04-17 21:33:20
3906259402,2024-04-19 23:06:23,2024-04-19 22:55:38
3901388381,2024-04-18 18:17:24,2024-04-18 18:17:24
3905338699,2024-04-18 23:33:09,2024-04-18 23:33:09
3885109998,2024-04-07 03:44:44,2024-04-07 03:44:44
3891805647,2024-04-12 05:46:03,2024-04-12 05:46:03
3906233138,2024-04-19 21:47:33,2024-04-19 21:35:22
3902868031,2024-04-19 22:24:59,2024-04-19 22:13:00
3905394689,2024-04-19 05:02:29,2024-04-19 04:51:32
3904393417,2024-04-17 23:05:52,2024-04-17 22:54:13
3902843428,2024-04-19 21:17:22,2024-04-19 21:04:21
3904572821,2024-04-19 18:48:31,2024-04-19 18:36:34
3905304732,2024-04-18 21:46:54,2024-04-18 00:00:00
3887878497,2024-04-06 02:50:46,2024-03-12 02:39:39
3906252836,2024-04-19 22:52:45,2024-04-19 22:40:43
3905692452,2024-04-19 10:39:05,2024-04-18 00:00:00
3904952461,2024-04-18 15:27:53,2024-04-18 00:00:00
3904719633,2024-04-19 22:32:43,2024-04-19 22:14:21
3905230505,2024-04-18 17:43:12,2024-04-18 17:43:12
3900940787,2024-04-17 21:11:06,2024-04-17 21:00:27
3904933486,2024-04-18 14:49:48,2024-04-18 14:37:54
3887843070,2024-04-06 00:56:01,2024-04-06 00:56:01
3902867228,2024-04-19 22:12:03,2024-04-19 21:59:17
3885824928,2024-04-06 03:22:06,2024-04-05 00:00:00
3887100195,2024-04-09 13:12:32,2024-04-09 13:12:32
3904706024,2024-04-19 21:18:52,2024-04-19 21:06:41
3906233050,2024-04-19 22:10:19,2024-04-19 21:34:02
3894548333,2024-04-12 02:06:25,2024-04-12 01:54:09
3884442203,2024-04-05 21:05:33,2024-04-05 20:51:52
3887998081,2024-04-09 09:08:22,2024-04-09 09:08:22
3891810835,2024-04-12 06:21:43,2024-04-12 06:21:43
3905651541,2024-04-19 08:35:25,2024-04-19 08:19:23
3902748718,2024-04-17 22:19:43,2024-04-17 22:07:01
3888488368,2024-04-09 11:53:09,2024-04-09 11:53:09
3891087670,2024-04-11 21:11:27,2024-04-11 00:00:00
3902921231,2024-04-16 14:21:01,2024-04-16 14:21:01
3905339066,2024-04-18 22:57:31,2024-04-18 22:45:50
3901952003,2024-04-18 21:15:00,2024-04-18 21:15:00
3901940525,2024-04-18 19:50:21,2024-04-18 19:50:21
3898173048,2024-04-15 20:24:36,2024-04-15 20:24:36
3904411256,2024-04-18 00:30:45,2024-04-18 00:30:45
3905337361,2024-04-18 22:58:36,2024-04-18 22:46:56
3903890263,2024-04-19 04:34:06,2024-04-19 04:21:02
3904367205,2024-04-17 21:52:24,2024-04-17 21:32:55
3905828880,2024-04-19 13:15:33,2024-04-19 13:15:33
3887873234,2024-04-06 02:35:46,2024-04-06 02:23:57
3902752576,2024-04-17 22:38:27,2024-04-17 22:19:12
3894679353,2024-04-12 06:51:15,2024-04-12 06:51:15
3903838882,2024-04-18 22:37:41,2024-04-18 22:19:13
3902364891,2024-04-19 15:27:14,2024-04-19 15:27:14
3903811309,2024-04-18 20:17:10,2024-04-18 20:05:01
3888940734,2024-04-09 03:28:56,2024-04-09 03:18:00
3885103690,2024-04-06 10:58:19,2024-04-06 10:58:19
3906253821,2024-04-19 23:01:33,2024-04-19 22:50:02
3903472817,2024-04-18 17:23:30,2024-04-17 00:00:00
3903879532,2024-04-19 03:03:24,2024-04-18 00:00:00
3904369676,2024-04-17 22:09:48,2024-04-17 21:49:48
3904073153,2024-04-19 10:14:50,2024-04-19 09:54:13
3899539346,2024-04-16 15:15:46,2024-04-16 15:15:46
3901959119,2024-04-18 21:25:56,2024-04-18 21:25:56
3898160133,2024-04-15 18:42:07,2024-04-15 18:42:07
3889443479,2024-04-09 09:59:00,2024-04-09 09:42:18
3902866667,2024-04-19 22:31:06,2024-04-19 22:20:35
3902786202,2024-04-18 01:26:32,2024-04-18 01:14:49
3903449417,2024-04-18 15:33:30,2024-04-18 15:33:30
3887572572,2024-04-09 03:20:59,2024-03-15 02:58:31
3904710487,2024-04-19 21:46:42,2024-04-19 21:35:27
3900986036,2024-04-18 02:31:17,2024-04-18 02:31:17
3905655960,2024-04-19 09:04:09,2024-04-19 08:53:16
3884442989,2024-04-05 21:06:45,2024-04-05 21:06:45
3901358002,2024-04-18 16:34:27,2024-04-18 14:59:03
3884943143,2024-04-05 21:10:06,2024-04-05 00:00:00
3905373826,2024-04-19 04:34:37,2024-04-19 03:47:27
3894298063,2024-04-11 19:35:08,2024-04-11 19:35:08
3902757287,2024-04-17 22:33:33,2024-04-17 22:33:33
3888942448,2024-04-09 03:29:01,2024-04-08 00:00:00
3902342727,2024-04-19 12:51:56,2024-04-19 12:51:56
3905375130,2024-04-19 03:28:05,2024-04-17 00:00:00
3894996849,2024-04-11 19:09:40,2024-04-11 19:09:40
3887883004,2024-04-06 03:17:34,2024-04-05 00:00:00
3902759273,2024-04-17 23:04:00,2024-04-17 00:00:00
3894892615,2024-04-11 17:37:32,2024-04-11 17:25:55
3891067970,2024-04-11 18:46:32,2024-04-11 18:32:25
3901664849,2024-04-15 20:09:29,2024-04-15 20:09:29
3901345968,2024-04-18 14:24:26,2024-04-18 14:24:26
3901625828,2024-04-15 19:14:50,2024-04-15 19:14:50
3884899839,2024-04-06 08:10:37,2024-04-06 08:10:37
3901661644,2024-04-15 20:17:26,2024-04-15 20:17:26
3904092817,2024-04-19 13:01:06,2024-04-19 13:01:06
3905240578,2024-04-18 18:37:38,2024-04-18 18:37:38
3903479113,2024-04-18 17:38:38,2024-04-18 17:12:53
3895271718,2024-04-11 21:14:00,2024-04-11 21:00:41
3884834779,2024-04-06 03:34:58,2024-04-06 03:34:58
3903836269,2024-04-18 22:03:01,2024-04-18 21:51:57
3902919446,2024-04-16 14:19:09,2024-04-16 14:19:09
3901373976,2024-04-18 17:12:52,2024-04-18 17:00:46
3905368581,2024-04-19 02:53:46,2024-04-19 02:41:21
3904095561,2024-04-19 13:39:17,2024-04-19 13:39:17
3887577703,2024-04-09 03:42:37,2024-04-09 03:28:01
3887871159,2024-04-06 02:28:58,2024-04-05 00:00:00
3905365569,2024-04-19 02:38:15,2024-04-19 02:27:23
3884810065,2024-04-06 00:18:34,2024-04-06 00:18:34
3903475356,2024-04-18 16:41:26,2024-04-18 16:41:26
3905332628,2024-04-18 22:45:36,2024-04-18 22:39:16
3886442777,2024-04-09 03:12:02,2024-04-09 03:00:08
3903865722,2024-04-19 00:39:59,2024-04-19 00:39:59
3905300311,2024-04-18 21:16:51,2024-04-18 00:00:00
3906233470,2024-04-19 21:59:15,2024-04-19 21:46:26
3884929733,2024-04-06 02:31:28,2024-04-05 20:39:05
3888999731,2024-04-09 04:11:57,2024-04-09 04:08:50
3901936931,2024-04-18 20:12:22,2024-04-18 20:12:22
3901997705,2024-04-19 04:29:26,2024-04-19 00:00:00
3904382831,2024-04-17 22:25:45,2024-04-17 22:14:25
3900979766,2024-04-18 02:09:07,2024-04-18 01:54:18
3906097174,2024-04-19 19:23:32,2024-04-19 19:23:32
3904999945,2024-04-18 17:00:34,2024-04-17 00:00:00
3901357027,2024-04-18 15:10:23,2024-04-18 14:58:12
3884830851,2024-04-06 03:30:04,2024-04-06 03:14:53
3884918481,2024-04-05 20:11:34,2024-04-05 00:00:00
3903849116,2024-04-18 23:04:47,2024-04-18 22:52:42
3894565414,2024-04-12 03:28:50,2024-04-12 03:20:54
3899539107,2024-04-16 15:15:54,2024-04-16 15:15:54
3894543866,2024-04-12 01:23:03,2024-04-12 01:11:37
3890895185,2024-04-11 17:19:27,2024-04-11 17:19:27
3904917868,2024-04-18 14:03:41,2024-04-18 13:52:15
3904951315,2024-04-18 15:32:39,2024-04-18 00:00:00
3891018915,2024-04-11 18:18:14,2024-04-11 18:18:14
3885111681,2024-04-07 03:23:30,2024-04-07 03:23:30
3904953790,2024-04-18 15:26:07,2024-04-18 15:26:07
3905816160,2024-04-19 11:19:56,2024-04-19 11:19:56
3903469837,2024-04-18 16:55:46,2024-04-18 00:00:00
3902753780,2024-04-17 22:46:23,2024-04-17 22:37:24
3895539927,2024-04-12 03:19:18,2024-04-12 03:06:48
3901997628,2024-04-19 04:33:06,2024-04-19 00:00:00
3905838998,2024-04-19 13:50:17,2024-04-19 13:37:10
3905330158,2024-04-18 22:33:32,2024-04-18 22:10:04
3900967065,2024-04-17 23:00:27,2024-04-17 23:00:27
3905874929,2024-04-19 15:31:33,2024-04-19 00:00:00
3904386273,2024-04-17 22:28:47,2024-04-17 22:09:06
3905334076,2024-04-18 22:36:53,2024-04-18 22:23:36
3886839277,2024-04-09 09:05:34,2024-04-09 08:58:10
3887862136,2024-04-06 02:04:38,2024-04-05 00:00:00
3905600097,2024-04-19 05:03:08,2024-04-19 04:52:00
3906253669,2024-04-19 22:56:20,2024-04-19 00:00:00
3906254310,2024-04-19 22:46:23,2024-04-19 00:00:00
3901943823,2024-04-18 20:27:06,2024-04-18 20:27:06
3902843354,2024-04-19 21:24:00,2024-04-19 00:00:00
3884842800,2024-04-06 04:20:10,2024-03-12 03:55:06
3898156776,2024-04-15 19:25:11,2024-04-15 19:25:11
3902369493,2024-04-19 15:21:00,2024-04-19 15:21:00
3901697666,2024-04-15 21:02:37,2024-04-15 21:02:37
3904717782,2024-04-19 22:32:44,2024-04-19 22:14:18
3894565071,2024-04-12 03:17:25,2024-04-12 03:05:50
3904924480,2024-04-18 14:11:36,2024-04-18 14:11:36
3884935237,2024-04-05 20:40:52,2024-04-05 20:40:52
3884898622,2024-04-06 07:15:33,2024-04-06 07:15:33
3904582691,2024-04-19 19:41:21,2024-04-19 19:41:21
3905237946,2024-04-18 18:44:02,2024-04-18 18:44:02
3902844857,2024-04-19 21:37:17,2024-04-19 21:37:17
3902355815,2024-04-19 14:42:29,2024-04-19 14:30:59
3904928589,2024-04-18 14:22:08,2024-04-18 14:22:08
3905881686,2024-04-19 15:20:54,2024-04-19 15:20:54
3904390124,2024-04-17 22:38:39,2024-04-17 22:26:23
3901172188,2024-04-16 14:31:18,2024-04-16 14:31:18
3901698745,2024-04-15 21:17:39,2024-04-15 21:05:43
3894215087,2024-04-11 17:32:55,2024-04-11 17:32:55
3906255627,2024-04-19 23:08:38,2024-04-19 22:57:56
3905213162,2024-04-18 17:13:21,2024-04-18 17:13:21
3886896218,2024-04-09 12:54:09,2024-04-09 12:54:09
3904725080,2024-04-19 22:28:51,2024-04-19 22:28:51
3904947280,2024-04-18 15:09:44,2024-04-18 15:09:44
3887579363,2024-04-09 03:43:18,2024-04-08 00:00:00
3905203798,2024-04-18 17:05:45,2024-04-09 00:00:00
3898174493,2024-04-15 21:10:16,2024-04-15 20:58:05
3899533572,2024-04-16 15:05:13,2024-04-16 15:05:13
3889742723,2024-04-09 12:38:19,2024-04-09 12:38:19
3902842841,2024-04-19 21:39:17,2024-04-19 21:19:12
3903462124,2024-04-18 16:24:31,2024-04-12 04:05:14
3903475234,2024-04-18 16:45:47,2024-04-18 16:45:47
3900984432,2024-04-18 03:04:40,2024-04-18 02:52:11
3891069826,2024-04-11 18:46:32,2024-04-11 18:34:11
3904950441,2024-04-18 15:21:26,2024-04-18 15:16:58
3902821917,2024-04-19 18:42:02,2024-04-19 18:42:02
3888474589,2024-04-09 10:33:38,2024-03-29 00:00:00
3885822234,2024-04-06 02:43:00,2024-04-06 02:31:10
3900965341,2024-04-17 22:45:52,2024-04-17 22:45:52
3894284376,2024-04-11 18:55:09,2024-03-17 18:42:37
3904381914,2024-04-17 22:35:25,2024-04-17 00:00:00
3903802520,2024-04-18 19:17:46,2024-04-18 00:00:00
3885829553,2024-04-06 03:36:09,2024-04-06 00:00:00
3902758233,2024-04-17 22:53:19,2024-04-17 22:39:54
3902751855,2024-04-17 22:43:13,2024-04-17 00:00:00
3905235800,2024-04-18 18:16:05,2024-04-18 18:04:33
3904418844,2024-04-18 02:25:42,2024-04-18 02:13:03
3903445854,2024-04-18 15:42:20,2024-04-18 15:42:20
3905254166,2024-04-18 19:23:29,2024-04-18 00:00:00
3884004631,2024-04-15 19:33:01,2024-04-15 19:33:01
3904931770,2024-04-18 14:34:59,2024-04-18 14:34:59
3902755922,2024-04-17 23:31:25,2024-04-17 23:19:27
3902347170,2024-04-19 12:28:05,2024-04-19 12:28:05
3884829691,2024-04-06 03:18:54,2024-04-06 03:07:09
3903476647,2024-04-18 17:36:35,2024-04-18 00:00:00
3901349258,2024-04-18 14:42:57,2024-04-18 14:30:36
3904414331,2024-04-18 01:09:02,2024-04-18 01:09:02
3891089761,2024-04-11 21:14:02,2024-04-11 00:00:00
3906254848,2024-04-19 23:14:01,2024-04-19 00:00:00
3905204397,2024-04-18 17:02:08,2024-04-18 00:00:00
3887719397,2024-04-05 21:12:26,2024-04-05 00:00:00
3885869331,2024-04-06 05:57:16,2024-04-06 05:15:43
3884441127,2024-04-05 20:41:34,2024-04-05 20:41:34
3894547785,2024-04-12 02:24:06,2024-04-12 02:10:53
3904049998,2024-04-19 07:26:58,2024-04-19 07:14:19
3900977762,2024-04-18 01:30:10,2024-04-18 01:18:04
3904988129,2024-04-18 16:33:46,2024-03-24 16:13:25
3884892909,2024-04-06 06:43:38,2024-04-06 06:43:38
3904505485,2024-04-19 14:48:13,2024-04-19 14:48:13
3900940684,2024-04-17 21:09:53,2024-03-23 20:56:28
3902751976,2024-04-17 22:47:41,2024-04-17 22:36:14
3903449152,2024-04-18 15:36:41,2024-04-18 15:24:10
3895551513,2024-04-12 03:40:30,2024-04-11 00:00:00
3905855439,2024-04-19 14:14:26,2024-04-19 14:14:26
3898161471,2024-04-15 19:35:08,2024-04-15 19:22:06
3904364112,2024-04-17 21:08:48,2024-04-17 21:08:48
3905289221,2024-04-18 20:28:03,2024-04-18 20:15:32
3889291268,2024-04-09 08:36:46,2024-04-09 08:19:47
3905819114,2024-04-19 11:40:52,2024-04-19 11:21:51
3902755251,2024-04-17 22:39:27,2024-04-17 22:27:08
3905336028,2024-04-18 22:47:51,2024-04-18 22:34:51
3906253780,2024-04-19 23:10:33,2024-04-19 22:49:07
3905271422,2024-04-18 20:52:07,2024-04-18 20:52:07
3903445777,2024-04-18 15:36:41,2024-04-18 15:25:56
3904962921,2024-04-18 16:01:59,2024-04-18 15:50:05
3905292957,2024-04-18 21:09:41,2024-04-18 21:09:41
3902334024,2024-04-19 10:01:06,2024-04-19 10:01:06
3904364458,2024-04-17 21:40:26,2024-04-17 21:28:53
3905329505,2024-04-18 22:36:06,2024-04-18 00:00:00
3886889075,2024-04-09 12:58:39,2024-04-09 12:58:39
3902759207,2024-04-17 22:46:53,2024-04-17 22:46:53
3904394377,2024-04-17 23:05:15,2024-04-17 22:54:06
3902752765,2024-04-17 22:50:41,2024-04-17 22:28:47
3904057627,2024-04-19 08:43:11,2024-04-19 08:32:01
3906235067,2024-04-19 21:52:04,2024-04-19 21:36:36
3903880721,2024-04-19 03:37:24,2024-04-19 03:25:15
3900981838,2024-04-18 02:42:33,2024-04-18 02:30:56
3905242858,2024-04-18 18:47:09,2024-04-18 18:47:09
3901937706,2024-04-18 19:37:00,2024-04-18 19:37:00
3885812440,2024-04-06 02:16:34,2024-04-06 02:05:22
3903446512,2024-04-18 15:23:16,2024-04-18 15:23:16
3902844189,2024-04-19 21:30:23,2024-04-19 21:18:16
3901942730,2024-04-18 20:35:09,2024-04-18 20:23:00
3886461406,2024-04-09 04:28:16,2024-04-09 03:43:56
3905305910,2024-04-18 21:42:02,2024-04-18 21:42:02
3900077854,2024-04-15 20:13:10,2024-04-15 00:00:00
3891288391,2024-04-12 04:30:39,2024-04-12 03:49:40
3885112109,2024-04-06 18:41:00,2024-04-06 18:41:00
3887876724,2024-04-06 02:49:44,2024-04-06 02:39:28
3888827472,2024-04-09 13:43:22,2024-04-09 13:37:37
3901950083,2024-04-18 21:04:20,2024-04-18 20:52:23
3905689659,2024-04-19 10:36:48,2024-04-19 10:25:23
3894585777,2024-04-12 04:17:58,2024-04-12 04:06:38
3895808250,2024-04-12 04:59:38,2024-04-12 04:43:42
3903871967,2024-04-19 02:26:52,2024-04-19 02:15:15
3902320830,2024-04-19 09:07:01,2024-04-19 08:53:35
3792245483,2024-04-18 23:25:34,2024-04-18 23:25:34
3903884848,2024-04-19 04:10:14,2024-04-19 03:58:49
3906230477,2024-04-19 21:47:33,2024-04-19 21:35:00
3903459620,2024-04-18 16:34:04,2024-04-18 16:16:07
3895541182,2024-04-12 03:11:36,2024-04-12 02:57:57
3904934912,2024-04-18 15:08:21,2024-04-18 14:51:38
3904414914,2024-04-18 02:19:08,2024-04-17 00:00:00
3905692466,2024-04-19 10:25:19,2024-04-19 10:25:19
3901389312,2024-04-18 17:21:11,2024-04-18 17:21:11
3889111666,2024-04-09 04:45:25,2024-04-09 00:00:00
3895523849,2024-04-12 02:22:30,2024-04-12 02:10:47
3886453725,2024-04-09 03:40:20,2024-04-08 00:00:00
3902851858,2024-04-19 22:02:45,2024-04-19 22:02:45
3903881658,2024-04-19 03:50:14,2024-04-18 00:00:00
3904392799,2024-04-17 23:10:38,2024-04-17 00:00:00
3895520039,2024-04-12 02:04:22,2024-03-18 01:51:28
3905307745,2024-04-18 21:48:51,2024-04-18 21:38:12
3902955090,2024-04-16 15:27:59,2024-04-16 15:16:51
3891073654,2024-04-11 19:24:00,2024-04-11 19:24:00
3902925182,2024-04-16 14:28:09,2024-04-16 14:28:09
3901961311,2024-04-18 22:00:57,2024-04-18 22:00:57
3903896510,2024-04-19 04:48:43,2024-04-19 04:33:32
3889208304,2024-04-09 06:54:46,2024-04-09 06:54:46
3904431155,2024-04-18 02:46:40,2024-03-24 02:35:09
3906214795,2024-04-19 21:18:04,2024-04-19 00:00:00
3901624941,2024-04-15 19:35:15,2024-04-15 19:35:15
3901904494,2024-04-18 18:29:29,2024-04-18 18:29:29
3885833280,2024-04-06 03:29:16,2024-04-06 00:00:00
3902754566,2024-04-17 22:42:47,2024-04-17 22:30:40
3904724372,2024-04-19 22:46:37,2024-04-19 22:32:30
3886467252,2024-04-09 04:25:17,2024-04-09 04:07:03
3901667849,2024-04-15 20:13:22,2024-04-15 20:13:22
3905336500,2024-04-18 23:04:50,2024-04-18 22:49:26
3905305726,2024-04-18 21:51:52,2024-04-18 21:33:41
3901683656,2024-04-15 20:37:45,2024-04-15 20:37:45
3906248701,2024-04-19 22:31:15,2024-04-19 22:19:19
3905870919,2024-04-19 15:17:40,2024-04-19 15:05:04
3901950061,2024-04-18 20:58:15,2024-04-18 20:58:15
3903839904,2024-04-18 23:08:45,2024-04-18 22:23:42
3888005875,2024-04-06 04:00:41,2024-04-06 03:46:06
3903428569,2024-04-18 14:07:45,2024-04-18 14:07:45
3902919570,2024-04-16 14:22:37,2024-04-16 14:22:37
3905250613,2024-04-18 19:44:42,2024-04-12 00:00:00
3887475347,2024-04-05 19:58:50,2024-04-05 19:47:04
3884430592,2024-04-05 19:48:49,2024-04-05 00:00:00
3904430446,2024-04-18 02:54:48,2024-04-17 00:00:00
3894878268,2024-04-11 17:16:06,2024-04-11 17:16:06
3905666662,2024-04-19 09:38:28,2024-04-19 09:25:52
3887490541,2024-04-05 20:18:38,2024-04-05 20:06:03
3894901780,2024-04-11 17:45:58,2024-04-11 17:45:58
3905688797,2024-04-19 10:36:48,2024-04-19 10:25:26
3902325192,2024-04-19 09:19:24,2024-04-19 09:05:58
3905346594,2024-04-19 00:08:59,2024-04-19 00:08:59
3891800099,2024-04-12 04:31:05,2024-04-12 04:19:05
3888024791,2024-04-06 11:14:15,2024-04-06 11:14:15
3886881207,2024-04-09 11:08:40,2024-04-09 11:08:40
3904381776,2024-04-17 22:15:37,2024-04-17 22:15:37
3894884702,2024-04-11 17:26:33,2024-04-11 00:00:00
3902358060,2024-04-19 14:21:51,2024-04-19 14:21:51
3894284544,2024-04-11 18:56:24,2024-04-11 18:56:24
3904418938,2024-04-18 02:32:30,2024-04-18 02:18:39
3901934830,2024-04-18 18:41:41,2024-04-18 18:41:41
3884867489,2024-04-06 06:25:13,2024-04-06 06:25:13
3904510209,2024-04-19 15:11:21,2024-04-19 15:11:21
3889756201,2024-04-09 13:04:38,2024-04-09 13:04:38
3901983842,2024-04-19 02:31:51,2024-04-19 02:31:51
3887499529,2024-04-05 20:29:52,2024-04-05 00:00:00
3894905078,2024-04-11 17:47:38,2024-04-11 17:47:38
3891838120,2024-04-12 06:46:23,2024-04-12 06:33:54
3905846931,2024-04-19 13:59:51,2024-04-19 13:59:51
3905293914,2024-04-18 21:19:10,2024-04-18 21:07:23
3905662846,2024-04-19 09:28:00,2024-04-19 09:15:42
3886891821,2024-04-09 12:56:42,2024-04-09 12:56:42
3903815027,2024-04-18 20:18:36,2024-04-18 20:06:31
3906255336,2024-04-19 23:00:26,2024-04-19 22:48:24
3885832805,2024-04-06 04:00:36,2024-04-06 03:39:10
3886463540,2024-04-09 04:16:47,2024-04-08 00:00:00
3885869333,2024-04-06 05:57:15,2024-04-06 05:15:43
3895229447,2024-04-11 19:59:23,2024-04-11 19:59:23
3887718727,2024-04-05 21:02:26,2024-04-05 21:02:26
3885102139,2024-04-06 07:29:44,2024-04-06 07:29:44
3889490012,2024-04-09 10:29:23,2024-04-09 10:29:23
3905693815,2024-04-19 10:50:27,2024-04-19 10:50:27
3904708375,2024-04-19 21:37:27,2024-04-19 21:24:57
3895249459,2024-04-11 20:11:13,2024-04-11 20:11:13
3901613137,2024-04-15 19:19:52,2024-04-15 19:13:12
3902829524,2024-04-19 18:55:18,2024-04-19 18:55:18
3901159887,2024-04-16 14:25:13,2024-04-16 14:12:51
3900075168,2024-04-15 19:22:28,2024-04-15 19:22:28
3903825425,2024-04-18 21:21:33,2024-04-17 00:00:00
3887705186,2024-04-05 20:43:01,2024-04-05 20:29:14
3903430176,2024-04-18 14:06:45,2024-04-18 14:06:45
3895812037,2024-04-12 04:57:12,2024-04-11 00:00:00
3904722811,2024-04-19 22:56:25,2024-04-19 22:45:11
3906235417,2024-04-19 21:46:37,2024-04-19 21:46:37
3891070664,2024-04-11 19:02:27,2024-04-11 19:02:27
3885113232,2024-04-07 00:20:52,2024-04-07 00:20:52
3884437755,2024-04-05 20:52:17,2024-04-05 20:52:17
3905857318,2024-04-19 14:14:11,2024-04-19 14:14:11
3899535105,2024-04-16 14:59:08,2024-04-16 14:59:08
3905314416,2024-04-18 21:59:54,2024-04-18 21:59:54
3885870157,2024-04-06 05:57:15,2024-04-06 05:15:24
3889718952,2024-04-09 12:19:03,2024-04-09 12:19:03
3905397088,2024-04-19 04:27:48,2024-04-19 04:14:56
3902878632,2024-04-20 00:26:25,2024-04-19 00:00:00
3901356396,2024-04-18 15:06:13,2024-04-18 15:06:13
3887915315,2024-04-09 04:57:26,2024-04-09 04:45:17
3904379762,2024-04-17 22:21:26,2024-04-17 22:08:30
3884811164,2024-04-06 01:34:53,2024-04-06 01:22:22
3904389281,2024-04-17 22:45:41,2024-04-17 00:00:00
3887862545,2024-04-06 02:18:33,2024-04-06 01:59:41
3904362870,2024-04-17 21:54:28,2024-04-17 21:42:43
3901378079,2024-04-18 16:40:14,2024-04-18 00:00:00
3894873397,2024-04-11 17:18:42,2024-04-11 16:58:25
3895544338,2024-04-12 03:23:17,2024-04-11 00:00:00
3902747251,2024-04-17 21:45:06,2024-04-17 21:45:06
3903824576,2024-04-18 21:19:30,2024-04-18 21:08:53
3904942737,2024-04-18 15:10:58,2024-04-18 15:10:58
3901342855,2024-04-18 14:22:27,2024-04-18 14:10:14
3901378558,2024-04-18 16:47:21,2024-04-18 16:47:21
3902751602,2024-04-17 22:29:31,2024-04-17 22:17:41
3905646091,2024-04-19 07:30:58,2024-04-19 07:30:58
3901954922,2024-04-18 21:55:12,2024-04-18 21:43:27
3905205888,2024-04-18 17:15:27,2024-04-18 00:00:00
3903874985,2024-04-19 03:22:45,2024-04-18 00:00:00
3901990575,2024-04-19 03:17:34,2024-04-19 03:06:03
3904415936,2024-04-18 02:27:55,2024-04-18 02:16:03
3902359962,2024-04-19 15:19:11,2024-04-19 15:01:40
3891076806,2024-04-11 20:03:57,2024-04-11 20:03:57
3903887008,2024-04-19 03:50:10,2024-04-19 03:36:48
3895596955,2024-04-12 04:31:36,2024-04-12 04:31:36
3887871177,2024-04-06 02:28:58,2024-04-05 00:00:00
3901356382,2024-04-18 15:17:41,2024-04-18 15:02:50
3903875381,2024-04-19 02:45:17,2024-04-19 02:33:01
3899530376,2024-04-16 14:53:05,2024-04-16 14:53:05
3889243852,2024-04-09 07:30:44,2024-04-09 07:30:44
3886893724,2024-04-09 12:58:30,2024-04-09 12:58:30
3905299416,2024-04-18 21:17:53,2024-04-18 00:00:00
3889208572,2024-04-09 06:56:36,2024-04-09 06:56:36
3888022971,2024-04-06 11:03:38,2024-04-06 11:03:38
3905876699,2024-04-19 15:25:46,2024-04-19 15:13:40
3895555175,2024-04-12 03:41:16,2024-04-11 00:00:00
3901650120,2024-04-15 19:54:43,2024-04-15 19:54:43
3894873107,2024-04-11 17:17:20,2024-04-11 16:56:55
3903497698,2024-04-18 19:00:00,2024-04-18 18:43:05
3906228870,2024-04-19 21:53:39,2024-04-19 21:36:52
3884442235,2024-04-05 21:04:44,2024-04-05 20:52:35
3905367854,2024-04-19 03:07:52,2024-04-19 02:51:38
3906256165,2024-04-19 22:41:33,2024-04-19 22:41:33
3901397105,2024-04-18 18:27:40,2024-04-18 00:00:00
3904938279,2024-04-18 14:54:59,2024-04-18 00:00:00
3888934761,2024-04-09 03:19:30,2024-04-08 00:00:00
3901684833,2024-04-15 20:53:22,2024-04-15 00:00:00
3901938443,2024-04-18 19:37:04,2024-04-18 19:24:38
3898167029,2024-04-15 19:39:23,2024-04-15 19:39:23
3903472505,2024-04-18 16:49:30,2024-04-18 16:38:40
3906238094,2024-04-19 22:11:55,2024-04-19 00:00:00
3901949888,2024-04-18 21:30:49,2024-04-18 21:18:34
3906081493,2024-04-19 18:36:44,2024-04-19 00:00:00
3894275923,2024-04-11 18:36:41,2024-04-11 18:27:42
3898172196,2024-04-15 20:45:17,2024-04-15 20:32:54
3905843932,2024-04-19 14:04:13,2024-04-19 13:51:51
3905330284,2024-04-18 22:37:28,2024-04-18 22:14:38
3904364345,2024-04-17 21:36:06,2024-04-17 00:00:00
3905850891,2024-04-19 14:22:55,2024-04-19 14:11:22
3898163439,2024-04-15 19:46:55,2024-04-15 19:46:55
3904706890,2024-04-19 21:53:37,2024-04-19 00:00:00
3887888880,2024-04-06 03:37:34,2024-04-06 03:26:02
3902951358,2024-04-16 15:27:31,2024-04-16 15:16:17
3906096660,2024-04-19 19:50:01,2024-04-19 19:50:01
3904392798,2024-04-17 23:10:38,2024-04-17 00:00:00
3901348288,2024-04-18 14:24:40,2024-04-18 14:24:40
3895546498,2024-04-12 03:35:22,2024-04-12 03:22:51
3895216725,2024-04-11 19:58:42,2024-04-11 19:47:01
3895272651,2024-04-11 21:12:24,2024-04-11 20:59:46
3905829581,2024-04-19 12:48:11,2024-04-19 12:48:11
3889103278,2024-04-09 04:24:03,2024-04-09 04:10:15
3904702516,2024-04-19 21:26:38,2024-04-19 00:00:00
3904927579,2024-04-18 14:30:55,2024-04-18 14:16:23
3904566378,2024-04-19 18:21:15,2024-04-16 00:00:00
3894660939,2024-04-12 06:14:50,2024-04-12 06:01:54
3891278706,2024-04-12 03:43:06,2024-04-12 03:32:09
3900960643,2024-04-17 22:24:46,2024-04-17 22:24:46
3900960524,2024-04-17 22:22:22,2024-04-17 22:10:33
3888486839,2024-04-09 11:59:54,2024-04-09 11:59:54
3906236506,2024-04-19 22:11:55,2024-04-19 00:00:00
3903818755,2024-04-18 20:56:45,2024-04-18 20:56:45
3898163464,2024-04-16 02:03:31,2024-04-15 00:00:00
3904387645,2024-04-17 22:38:21,2024-04-17 22:25:21
3905288475,2024-04-18 20:43:32,2024-04-18 20:27:31
3891079289,2024-04-11 19:51:47,2024-04-11 19:51:47
3899525484,2024-04-16 14:35:48,2024-04-16 14:35:48
3887935817,2024-04-09 07:10:31,2024-04-09 07:10:31
3903874100,2024-04-19 02:13:15,2024-04-18 00:00:00
3901967416,2024-04-18 22:54:32,2024-04-18 22:54:32
3900980214,2024-04-17 23:49:54,2024-04-17 23:49:54
3904366930,2024-04-17 22:10:12,2024-04-17 21:57:53
3905364704,2024-04-19 02:33:33,2024-04-19 02:21:12
3905208522,2024-04-18 17:21:46,2024-04-18 00:00:00
3904932678,2024-04-18 14:54:59,2024-04-18 00:00:00
3905302262,2024-04-18 21:28:35,2024-04-18 00:00:00
3904940431,2024-04-18 15:14:27,2024-04-18 15:14:27
3904067007,2024-04-19 09:34:41,2024-04-19 09:22:37
3901939314,2024-04-18 19:52:34,2024-04-18 19:52:34
3905357695,2024-04-19 01:51:14,2024-04-19 01:37:29
3900074985,2024-04-15 20:08:57,2024-04-15 19:56:14
3884804930,2024-04-06 00:30:47,2024-04-06 00:30:47
3900949710,2024-04-17 21:38:49,2024-04-17 21:27:02
3887575578,2024-04-09 03:28:22,2024-04-08 00:00:00
3905324922,2024-04-18 22:25:47,2024-04-18 22:13:05
3887474692,2024-04-05 19:51:58,2024-04-05 19:51:58
3905355970,2024-04-19 01:45:31,2024-04-19 01:34:14
3905847740,2024-04-19 13:57:04,2024-04-19 13:57:04
3898158709,2024-04-15 19:36:20,2024-04-15 19:24:40
3906222629,2024-04-19 21:18:18,2024-04-19 21:06:33
3905696709,2024-04-19 11:15:43,2024-04-19 11:05:00
3894212373,2024-04-11 17:30:16,2024-04-11 17:30:16
3905660521,2024-04-19 09:10:35,2024-04-19 08:56:57
3905693901,2024-04-19 11:08:25,2024-04-19 10:56:00
3904966858,2024-04-18 16:13:21,2024-03-24 16:00:13
3906093658,2024-04-19 18:59:24,2024-04-19 18:59:24
3898175613,2024-04-15 21:16:20,2024-04-15 21:00:20
3905850001,2024-04-19 13:47:01,2024-04-19 13:47:01
3894582374,2024-04-12 04:04:37,2024-04-10 00:00:00
3885815070,2024-04-06 02:18:19,2024-04-06 02:05:20
3885837131,2024-04-06 04:00:36,2024-04-06 03:39:12
3895810529,2024-04-12 05:04:33,2024-04-11 00:00:00
3903876973,2024-04-19 03:32:13,2024-04-19 00:00:00
3888978625,2024-04-09 04:13:47,2024-04-09 04:00:29
3904504853,2024-04-19 15:09:38,2024-04-18 00:00:00
3894896611,2024-04-11 17:50:35,2024-04-11 00:00:00
3887883657,2024-04-06 03:17:26,2024-04-05 00:00:00
3887710471,2024-04-05 20:38:08,2024-04-05 20:38:08
3905330335,2024-04-18 22:29:07,2024-04-18 00:00:00
3888943255,2024-04-09 03:26:01,2024-04-09 03:11:23
3904942116,2024-04-18 15:07:59,2024-04-18 14:55:15
3901677057,2024-04-15 20:34:08,2024-04-15 20:22:03
3894271662,2024-04-11 18:15:07,2024-04-11 18:15:07
3903838952,2024-04-18 22:35:06,2024-04-18 00:00:00
3903485146,2024-04-18 17:48:03,2024-04-18 17:48:03
3905307045,2024-04-18 21:36:30,2024-04-18 21:25:32
3888033452,2024-04-06 22:02:31,2024-04-06 22:02:31
3884432497,2024-04-05 19:50:51,2024-04-05 19:50:51
3904954514,2024-04-18 15:37:12,2024-04-18 15:20:33
3901679345,2024-04-15 20:29:51,2024-04-15 20:29:51
3898173121,2024-04-15 20:30:27,2024-04-15 20:30:27
3905300363,2024-04-18 21:19:33,2024-04-18 21:06:51
3901956559,2024-04-18 21:44:57,2024-04-18 00:00:00
3902862944,2024-04-19 22:41:51,2024-04-19 22:29:55
3904725192,2024-04-19 22:43:56,2024-04-19 22:32:39
3884438476,2024-04-05 20:36:25,2024-04-05 20:36:25
3901946075,2024-04-18 20:35:09,2024-04-18 20:35:09
3905300146,2024-04-18 21:10:19,2024-04-18 20:55:31
3905647937,2024-04-19 08:35:25,2024-04-19 08:18:18
3905340366,2024-04-18 23:12:09,2024-04-18 23:12:09
3900982683,2024-04-18 02:24:53,2024-04-18 02:12:09
3901346474,2024-04-18 14:10:16,2024-04-18 13:58:22
3891256630,2024-04-12 02:17:53,2024-04-12 02:06:18
3884834444,2024-04-06 03:38:34,2024-04-06 03:20:22
3905209347,2024-04-18 17:11:13,2024-04-18 00:00:00
3679026145,2024-04-16 14:41:46,2024-04-16 14:41:46
3902832605,2024-04-19 19:23:07,2024-04-19 19:23:07
3903481726,2024-04-18 17:47:24,2024-04-18 17:47:24
3901352034,2024-04-18 14:22:44,2024-04-18 14:22:44
3905310526,2024-04-18 21:59:06,2024-04-18 21:46:14
3905845989,2024-04-19 13:59:01,2024-04-19 13:59:01
3903816010,2024-04-18 20:26:01,2024-04-18 00:00:00
3901945586,2024-04-18 21:09:52,2024-04-18 20:57:58
3902754506,2024-04-17 22:39:06,2024-04-17 22:27:45
3894871071,2024-04-11 17:11:39,2024-04-11 16:54:52
3901934861,2024-04-18 18:43:23,2024-04-18 18:43:23
3900066761,2024-04-15 19:07:41,2024-04-15 18:55:50
3904991870,2024-04-18 16:49:41,2024-04-18 00:00:00
3905673074,2024-04-19 09:50:41,2024-04-19 09:35:26
3904991464,2024-04-18 16:39:40,2024-04-18 16:27:13
3904366727,2024-04-17 22:02:15,2024-04-17 00:00:00
3884822372,2024-04-06 02:46:21,2024-04-06 02:34:37
3906085694,2024-04-19 18:33:14,2024-04-19 18:33:14
3904070954,2024-04-19 10:33:23,2024-04-18 00:00:00
3903809243,2024-04-18 19:42:04,2024-04-18 19:37:08
3906235076,2024-04-19 21:51:08,2024-04-19 21:36:56
3903456753,2024-04-18 16:22:22,2024-04-18 00:00:00
3905648685,2024-04-19 08:24:02,2024-04-19 08:00:25
3899518277,2024-04-16 14:23:42,2024-04-15 20:08:20
3900938733,2024-04-17 21:07:29,2024-04-17 00:00:00
3906097252,2024-04-19 19:22:11,2024-04-19 19:22:11
3887998126,2024-04-09 09:21:34,2024-04-08 00:00:00
3902752979,2024-04-17 22:48:11,2024-04-17 22:37:17
3891011886,2024-04-11 18:04:22,2024-04-11 18:04:22
3903840412,2024-04-18 22:36:06,2024-04-18 22:13:15
3905818398,2024-04-19 11:41:19,2024-04-19 11:41:19
3904721078,2024-04-19 21:57:47,2024-04-19 21:57:47
3902827813,2024-04-19 18:43:42,2024-04-19 18:43:42
3906230661,2024-04-19 21:52:30,2024-04-19 00:00:00
3895554923,2024-04-12 03:48:55,2024-04-12 03:32:47
3901625986,2024-04-15 19:21:18,2024-04-15 19:21:18
3902743122,2024-04-17 21:37:31,2024-04-17 21:23:11
3904950534,2024-04-18 15:32:35,2024-04-18 00:00:00
3888938956,2024-04-09 03:33:20,2024-04-09 03:21:11
3891077280,2024-04-11 19:21:14,2024-04-11 19:21:14
3900944090,2024-04-17 21:19:15,2024-04-17 00:00:00
3884855774,2024-04-06 05:52:13,2024-04-06 05:52:13
3905368154,2024-04-19 02:21:46,2024-04-19 02:10:46
3902757697,2024-04-18 01:00:07,2024-04-17 22:58:25
3905869082,2024-04-19 14:50:38,2024-04-16 00:00:00
3887896929,2024-04-06 03:49:35,2024-04-06 03:32:39
3904415209,2024-04-18 01:47:12,2024-04-18 01:47:12
3902340797,2024-04-19 12:38:58,2024-04-19 12:38:58
3895804749,2024-04-12 04:57:12,2024-04-11 00:00:00
3902736910,2024-04-17 21:34:49,2024-04-17 21:19:28
3885825909,2024-04-06 03:22:05,2024-04-05 00:00:00
3905824801,2024-04-19 12:34:35,2024-04-19 12:34:35
3895803023,2024-04-12 04:31:57,2024-04-12 04:20:08
3900945353,2024-04-17 21:18:31,2024-04-17 21:18:31
3884822364,2024-04-06 02:46:21,2024-04-06 02:34:25
3905202142,2024-04-18 16:47:23,2024-04-18 16:47:23
3904964123,2024-04-18 15:51:32,2024-04-18 15:39:46
3902741163,2024-04-17 21:34:02,2024-04-17 21:16:43
3887838660,2024-04-06 00:55:57,2024-04-06 00:55:57
3891854459,2024-04-12 06:54:09,2024-04-12 06:54:09
3904381997,2024-04-17 22:33:41,2024-04-17 22:22:45
3905623093,2024-04-19 06:41:31,2024-04-19 06:41:31
3887946622,2024-04-09 08:31:22,2024-04-09 08:31:22
3888939845,2024-04-09 03:36:39,2024-04-09 03:20:36
3887588762,2024-04-09 04:15:55,2024-04-09 03:45:39
3889715792,2024-04-09 12:28:19,2024-04-09 12:16:38
3905294283,2024-04-18 20:54:11,2024-04-18 20:40:52
3901608046,2024-04-15 19:02:45,2024-04-15 19:02:45
3905359544,2024-04-19 01:41:38,2024-04-19 01:41:38
3900964711,2024-04-17 23:03:32,2024-04-17 23:03:32
3905614056,2024-04-19 05:51:29,2024-04-19 05:51:29
3904430516,2024-04-18 03:00:43,2024-04-18 02:50:08
3884433280,2024-04-05 19:41:36,2024-04-05 19:41:36
3895532017,2024-04-12 02:43:37,2024-04-12 02:29:54
3906082188,2024-04-19 18:22:11,2024-04-19 18:22:11
3891076336,2024-04-11 19:14:39,2024-04-11 19:14:39
3904432320,2024-04-18 03:04:15,2024-04-18 02:51:00
3904428807,2024-04-18 03:02:46,2024-04-18 02:51:28
3895542654,2024-04-12 03:23:41,2024-04-11 00:00:00
3906253167,2024-04-19 22:36:02,2024-04-19 22:22:56
3902873352,2024-04-19 23:17:18,2024-04-19 23:17:18
3905886054,2024-04-19 15:31:20,2024-04-18 00:00:00
3886460427,2024-04-09 03:56:07,2024-04-09 03:44:05
3901943650,2024-04-18 20:21:24,2024-04-18 20:10:12
3903810817,2024-04-18 20:18:05,2024-04-18 20:18:05
3904071274,2024-04-19 10:08:10,2024-04-17 00:00:00
3900975628,2024-04-18 02:39:27,2024-03-23 23:27:39
3904090897,2024-04-19 12:56:00,2024-04-19 12:56:00
3905272511,2024-04-18 20:02:11,2024-04-18 20:02:11
3902843966,2024-04-19 21:39:17,2024-04-19 21:26:00
3905233250,2024-04-18 17:47:48,2024-04-18 17:47:48
3905304396,2024-04-18 21:44:12,2024-04-18 21:27:27
3888021967,2024-04-06 11:04:08,2024-04-06 11:04:08
3886455203,2024-04-09 03:43:33,2024-04-09 03:30:54
3887491518,2024-04-05 20:06:42,2024-04-05 20:06:42
3901668707,2024-04-15 20:23:36,2024-04-15 20:11:49
3900977305,2024-04-17 23:25:55,2024-04-17 23:25:55
3901964494,2024-04-18 22:46:30,2024-04-18 22:32:21
3901939300,2024-04-18 19:32:32,2024-04-18 19:32:32
3902353316,2024-04-19 13:48:03,2024-04-19 13:48:03
3887995756,2024-04-09 09:31:00,2024-04-09 00:00:00
3906262675,2024-04-20 00:11:48,2024-04-20 00:11:48
3886830216,2024-04-09 08:21:36,2024-04-09 08:07:01
3894950886,2024-04-11 18:28:20,2024-04-11 18:28:20
3901356430,2024-04-18 15:18:03,2024-04-18 00:00:00
3887701623,2024-04-05 20:39:37,2024-04-05 20:27:51
3902351777,2024-04-19 14:14:08,2024-04-19 14:14:08
3905698199,2024-04-19 10:51:00,2024-04-19 10:51:00
3894557809,2024-04-12 03:02:12,2024-04-11 00:00:00
3903186352,2024-04-16 18:46:53,2024-04-16 18:46:53
3904725019,2024-04-19 22:54:30,2024-04-19 22:25:14
3891077217,2024-04-11 19:27:13,2024-04-08 00:00:00
3899526631,2024-04-16 14:43:22,2024-04-16 14:43:22
3902742061,2024-04-17 21:19:26,2024-04-17 21:19:26
3905236931,2024-04-18 18:39:34,2024-04-18 18:39:34
3895814277,2024-04-12 05:19:29,2024-04-12 00:00:00
3904719736,2024-04-19 22:46:34,2024-04-19 22:16:52
3903811298,2024-04-18 20:17:29,2024-04-18 20:04:53
3898163380,2024-04-15 19:36:01,2024-04-15 19:36:01
3906230536,2024-04-19 21:42:08,2024-04-19 21:35:32
3899534805,2024-04-16 15:23:16,2024-04-15 00:00:00
3885105233,2024-04-06 09:37:38,2024-04-06 09:37:38
3902878411,2024-04-20 00:01:38,2024-04-20 00:01:38
3901948039,2024-04-18 20:40:59,2024-04-18 20:40:59
3885383477,2024-04-06 00:24:25,2024-04-06 00:24:25
3902821938,2024-04-19 18:45:43,2024-04-19 18:45:43
3904373211,2024-04-17 22:09:16,2024-04-17 21:56:50
3904397805,2024-04-17 23:29:24,2024-04-17 23:17:38
3901696216,2024-04-15 21:09:00,2024-04-15 20:53:13
3905210157,2024-04-18 17:06:57,2024-04-18 16:54:51
3886837957,2024-04-09 09:19:30,2024-04-09 09:06:30
3905665766,2024-04-19 09:34:01,2024-04-18 00:00:00
3895520935,2024-04-12 02:21:40,2024-04-12 02:08:58
3905297616,2024-04-18 21:10:09,2024-04-18 21:10:09
3901699025,2024-04-15 21:12:23,2024-04-15 20:59:37
3902839634,2024-04-19 21:24:00,2024-04-19 00:00:00
3899538732,2024-04-16 15:20:31,2024-04-16 15:20:31
3903828795,2024-04-18 21:36:40,2024-04-18 21:36:40
3904059862,2024-04-19 09:22:19,2024-04-18 00:00:00
3902754589,2024-04-17 22:58:24,2024-04-17 22:31:45
3905302360,2024-04-18 21:32:00,2024-04-18 21:20:21
3900981711,2024-04-18 02:24:53,2024-04-18 02:12:08
3885103599,2024-04-06 10:13:09,2024-04-06 10:13:09
3903498199,2024-04-18 18:30:23,2024-04-18 18:30:23
3904942731,2024-04-18 15:25:53,2024-04-18 15:10:42
3888999921,2024-04-09 04:26:18,2024-04-08 00:00:00
3888959273,2024-04-09 03:50:59,2024-04-09 03:33:01
3884814729,2024-04-06 02:21:16,2024-04-06 02:10:09
3905359842,2024-04-19 02:19:56,2024-04-18 00:00:00
3901983246,2024-04-19 00:18:01,2024-04-19 00:18:01
3905302376,2024-04-18 21:34:21,2024-04-18 21:21:08
3900968478,2024-04-17 23:16:32,2024-04-17 23:04:35
3904365277,2024-04-17 21:42:14,2024-03-23 21:23:09
3886837477,2024-04-09 09:05:35,2024-04-09 08:52:06
3894294471,2024-04-11 19:49:44,2024-04-11 00:00:00
3903446751,2024-04-18 15:41:33,2024-04-18 15:29:24
3901953362,2024-04-18 21:38:27,2024-04-18 21:20:40
3884924864,2024-04-05 20:20:03,2024-04-05 20:20:03
3901641401,2024-04-15 19:51:42,2024-04-15 19:51:42
3905226022,2024-04-18 17:31:34,2024-04-18 17:31:34
3904361599,2024-04-17 21:43:54,2024-04-17 21:30:04
3905239612,2024-04-18 18:44:13,2024-04-18 18:44:13
3887884061,2024-04-06 03:07:44,2024-04-06 02:51:57
3905252527,2024-04-18 19:27:26,2024-04-18 19:27:26
3885858668,2024-04-06 04:55:17,2024-04-06 04:32:05
3903871481,2024-04-19 01:21:31,2024-04-19 01:10:04
3884436907,2024-04-05 20:47:16,2024-04-05 00:00:00
3888959284,2024-04-09 03:50:58,2024-04-09 03:33:08
3890894270,2024-04-11 17:14:39,2024-04-11 17:14:39
3902876847,2024-04-20 00:18:01,2024-04-20 00:18:01
3901348553,2024-04-18 14:38:30,2024-04-18 14:38:30
3895222638,2024-04-11 19:57:34,2024-04-11 19:56:54
3904386547,2024-04-17 22:31:53,2024-04-17 00:00:00
3905823748,2024-04-19 12:28:08,2024-04-19 12:28:08
3905298998,2024-04-18 21:26:12,2024-04-18 21:26:12
3905297672,2024-04-18 21:20:55,2024-03-24 21:10:55
3901375706,2024-04-18 16:45:37,2024-04-18 16:45:37
3903831273,2024-04-18 21:37:23,2024-04-18 21:25:40
3901903355,2024-04-18 18:26:33,2024-04-18 18:26:33
3901667723,2024-04-15 20:23:36,2024-04-15 20:11:28
3901387991,2024-04-18 18:14:20,2024-04-18 17:34:33
3901697202,2024-04-16 00:33:07,2024-04-15 21:00:46
3905306192,2024-04-18 21:43:36,2024-04-18 21:25:44
3891075451,2024-04-11 19:17:09,2024-04-11 19:16:25
3905817088,2024-04-19 11:20:11,2024-04-19 11:20:11
3901981141,2024-04-18 23:45:49,2024-04-18 23:45:49
3898173174,2024-04-15 20:44:06,2024-04-11 00:00:00
3898173889,2024-04-15 21:16:14,2024-04-15 21:03:43
3905253489,2024-04-18 19:31:14,2024-04-18 19:31:14
3905291096,2024-04-18 20:31:28,2024-04-18 20:17:50
3901964321,2024-04-18 22:15:02,2024-04-18 22:15:02
3905302805,2024-04-18 21:40:41,2024-04-18 21:29:17
3891006821,2024-04-11 17:58:46,2024-04-11 17:58:46
3905374421,2024-04-19 03:42:26,2024-04-19 03:27:37
3894908004,2024-04-11 17:46:20,2024-04-11 17:46:20
3906231354,2024-04-19 21:56:40,2024-04-19 21:41:45
3901357222,2024-04-18 15:21:24,2024-04-18 15:06:29
3904052414,2024-04-19 06:35:15,2024-04-19 06:23:56
3903839932,2024-04-18 22:41:14,2024-04-18 22:26:43
3905237799,2024-04-18 18:15:26,2024-04-18 18:15:26
3899532253,2024-04-16 15:10:34,2024-04-16 14:56:34
3905656196,2024-04-19 08:42:50,2024-04-19 08:28:17
3884434253,2024-04-05 20:06:21,2024-04-05 20:06:21
3904569101,2024-04-19 18:21:17,2024-03-25 18:05:07
3903845893,2024-04-19 00:14:23,2024-03-25 00:00:26
3898175614,2024-04-15 21:11:02,2024-04-15 21:00:23
3902920820,2024-04-16 14:42:24,2024-04-16 00:00:00
3887832903,2024-04-06 00:17:15,2024-04-06 00:17:15
3905394818,2024-04-19 05:19:00,2024-04-19 05:01:04
3900090420,2024-04-15 20:49:33,2024-04-15 20:37:36
3905209022,2024-04-18 16:53:39,2024-04-18 16:53:39
3906249397,2024-04-19 22:30:19,2024-04-19 22:10:09
3905625029,2024-04-19 06:41:44,2024-04-19 06:41:44
3904380958,2024-04-17 22:29:34,2024-04-17 22:16:51
3900958928,2024-04-17 22:11:56,2024-04-17 22:11:56
3887700775,2024-04-05 20:20:35,2024-04-05 20:20:23
3884917043,2024-04-05 19:39:59,2024-04-05 19:39:59
3889139917,2024-04-09 05:30:27,2024-04-09 05:16:00
3887586389,2024-04-09 03:55:07,2024-04-09 03:43:24
3905858430,2024-04-19 14:30:12,2024-04-19 00:00:00
3901375679,2024-04-18 16:44:10,2024-04-18 16:44:10
3899530530,2024-04-16 15:08:08,2024-04-16 14:56:45
3905213049,2024-04-18 17:20:27,2024-04-18 17:00:25
3891249901,2024-04-12 01:21:31,2024-04-12 01:21:31
3889116267,2024-04-09 04:50:28,2024-04-09 04:37:03
3895514631,2024-04-12 01:48:46,2024-04-12 01:48:46
3904385691,2024-04-17 22:37:43,2024-04-17 22:23:50
3547664337,2024-04-09 06:31:54,2024-04-09 06:31:54
3902831425,2024-04-19 18:54:43,2024-04-19 18:54:43
3904961233,2024-04-18 15:51:04,2024-04-18 15:35:41
3905350216,2024-04-19 00:22:37,2024-04-19 00:22:37
3887837476,2024-04-06 00:07:14,2024-04-05 23:54:20
3901939698,2024-04-18 20:11:48,2024-04-18 20:11:48
3904389144,2024-04-17 22:39:14,2024-04-17 22:26:18
3904398485,2024-04-17 23:30:39,2024-04-17 23:14:19
3889297093,2024-04-09 08:27:55,2024-04-09 08:27:55
3906083088,2024-04-19 18:39:17,2024-04-19 18:23:35
3889403735,2024-04-09 08:37:17,2024-04-09 08:37:17
3904930358,2024-04-18 14:23:06,2024-04-18 14:20:49
3904595242,2024-04-19 21:44:28,2024-04-19 20:13:56
3904429600,2024-04-18 03:00:47,2024-04-18 02:50:06
3894549713,2024-04-12 02:20:41,2024-04-11 00:00:00
3884439828,2024-04-05 21:06:43,2024-04-05 20:55:16
3884820626,2024-04-06 02:36:00,2024-04-05 00:00:00
3885807866,2024-04-06 02:07:58,2024-04-06 01:56:05
3902356685,2024-04-19 14:55:13,2024-04-19 14:55:13
3900956944,2024-04-17 22:06:19,2024-04-17 21:54:35
3904388756,2024-04-17 23:07:44,2024-04-17 22:50:04
3887889257,2024-04-06 03:35:23,2024-04-06 03:18:11
3894567472,2024-04-12 03:37:54,2024-04-12 03:24:19
3901394243,2024-04-18 17:39:28,2024-04-18 17:39:28
3904369803,2024-04-17 21:54:05,2024-04-17 21:54:05
3902759058,2024-04-17 22:55:16,2024-04-17 22:38:34
3906223360,2024-04-19 21:19:01,2024-04-19 21:09:13
3901160233,2024-04-16 14:16:32,2024-04-16 14:03:04
3906097035,2024-04-19 18:51:05,2024-04-19 18:51:05
3904425744,2024-04-18 02:51:38,2024-04-18 02:39:52
3903432127,2024-04-18 14:22:29,2024-04-18 00:00:00
3906232546,2024-04-19 22:02:12,2024-04-19 00:00:00
3900072637,2024-04-15 19:26:27,2024-04-15 19:26:27
3904416860,2024-04-18 02:24:51,2024-04-17 00:00:00
3903836006,2024-04-18 21:42:05,2024-04-18 21:42:05
3889122545,2024-04-09 05:00:37,2024-04-08 00:00:00
3895566192,2024-04-12 03:57:02,2024-04-12 03:45:02
3903445638,2024-04-18 15:23:13,2024-04-18 15:23:13
3903825707,2024-04-18 21:28:31,2024-04-18 00:00:00
3905335154,2024-04-18 22:40:43,2024-04-18 22:27:13
3901947048,2024-04-18 20:47:59,2024-04-18 00:00:00
3895558592,2024-04-12 03:48:53,2024-04-12 03:36:28
3889125731,2024-04-09 05:06:43,2024-04-09 04:55:56
3905615110,2024-04-19 06:26:10,2024-04-19 06:26:10
3902946311,2024-04-16 15:10:43,2024-04-16 15:10:43
3901942267,2024-04-18 19:35:44,2024-04-18 19:35:44
3904928269,2024-04-18 14:28:26,2024-04-18 00:00:00
3895811525,2024-04-12 05:03:10,2024-04-12 04:51:10
3901953744,2024-04-18 21:34:19,2024-04-18 21:34:19
3904362680,2024-04-17 21:37:53,2024-04-17 21:35:01
3898173608,2024-04-15 21:09:09,2024-04-15 00:00:00
3902356920,2024-04-19 15:08:44,2024-04-19 14:56:14
3898175570,2024-04-15 21:12:14,2024-04-15 20:59:23
3898173765,2024-04-15 21:12:14,2024-04-15 20:59:24
3901677053,2024-04-15 20:34:08,2024-04-15 20:21:59
3903443991,2024-04-18 15:19:05,2024-04-18 15:19:05
3901699027,2024-04-15 21:12:19,2024-04-15 20:59:38
3891268761,2024-04-12 03:11:18,2024-04-11 00:00:00
3902922384,2024-04-16 14:25:59,2024-04-16 14:25:59
3894876827,2024-04-11 17:19:37,2024-04-11 17:06:59
3906095971,2024-04-19 19:50:46,2024-04-19 19:50:46
3905247564,2024-04-18 19:11:00,2024-04-18 19:11:00
3891016598,2024-04-11 18:12:36,2024-04-11 18:12:36
3903840743,2024-04-18 22:20:33,2024-04-18 22:20:33
3894412736,2024-04-11 21:13:35,2024-04-11 21:01:23
3884433417,2024-04-05 20:13:55,2024-04-05 20:01:34
3904390353,2024-04-17 22:51:24,2024-04-17 22:37:34
3889731581,2024-04-09 12:23:58,2024-04-09 12:23:58
3904056044,2024-04-19 07:26:58,2024-04-19 07:14:22
3901353198,2024-04-18 14:48:54,2024-04-18 14:35:52
3884926916,2024-04-05 20:39:21,2024-04-05 20:27:54
3897799795,2024-04-15 18:55:49,2024-04-15 18:55:49
3905251459,2024-04-18 19:12:23,2024-04-18 19:12:23
3903464468,2024-04-18 16:36:22,2024-04-18 16:19:53
3889239469,2024-04-09 07:25:21,2024-04-09 07:25:21
3885111376,2024-04-06 20:20:12,2024-04-06 20:20:12
3905391947,2024-04-19 04:57:00,2024-04-19 04:38:48
3904419243,2024-04-18 02:05:23,2024-04-17 00:00:00
3887713091,2024-04-05 20:52:48,2024-04-05 20:40:02
3895560636,2024-04-12 03:53:27,2024-04-12 03:42:12
3901981789,2024-04-19 01:48:58,2024-04-19 01:48:58
3898156689,2024-04-15 19:05:27,2024-04-15 19:05:27
3888027917,2024-04-06 22:01:13,2024-04-06 22:01:13
3905621552,2024-04-19 06:42:39,2024-04-19 06:42:39
3894548432,2024-04-12 02:19:03,2024-04-11 00:00:00
3902750588,2024-04-17 22:35:25,2024-04-17 22:13:35
3902900415,2024-04-16 14:36:43,2024-04-16 14:36:43
3902306340,2024-04-19 05:57:44,2024-04-19 05:57:44
3899523682,2024-04-16 14:43:10,2024-04-16 14:43:10
3906248908,2024-04-19 22:44:57,2024-04-19 22:33:39
3891065973,2024-04-11 18:30:54,2024-04-11 18:30:54
3905241042,2024-04-18 18:01:45,2024-04-18 18:01:45
3894999179,2024-04-11 18:54:22,2024-04-11 18:54:22
3906223393,2024-04-19 21:25:14,2024-04-19 21:10:30
3905297481,2024-04-18 21:00:39,2024-04-18 21:00:39
3901983746,2024-04-19 02:26:54,2024-04-19 02:15:14
3887486544,2024-04-05 19:59:36,2024-04-05 19:59:36
3905839873,2024-04-19 13:48:08,2024-04-19 13:48:08
3904055440,2024-04-19 07:49:54,2024-04-19 07:49:54
3901981493,2024-04-19 00:46:29,2024-04-19 00:33:07
3901988080,2024-04-19 02:42:53,2024-04-19 02:30:42
3905857367,2024-04-19 14:14:55,2024-04-19 14:14:55
3891251852,2024-04-12 02:01:05,2024-04-12 01:49:09
3901943134,2024-04-18 19:12:05,2024-04-18 19:12:05
3889417415,2024-04-09 09:12:26,2024-04-09 00:00:00
3886831284,2024-04-09 08:24:32,2024-04-08 00:00:00
3887992812,2024-04-09 09:21:34,2024-04-08 00:00:00
3901372037,2024-04-18 16:22:06,2024-04-17 00:00:00
3885857581,2024-04-06 04:36:37,2024-04-06 04:23:30
3905298764,2024-04-18 21:34:16,2024-04-18 21:16:01
3891070576,2024-04-11 18:38:54,2024-04-11 18:38:54
3899526205,2024-04-16 14:25:36,2024-04-16 14:25:36
3904360832,2024-04-17 21:30:55,2024-04-17 21:19:32
3900961338,2024-04-17 22:04:24,2024-04-17 22:04:24
3885841974,2024-04-06 04:25:06,2024-04-01 00:00:00
3898159217,2024-04-15 19:02:48,2024-04-15 19:02:48
3895827699,2024-04-12 05:38:22,2024-04-11 00:00:00
3906220888,2024-04-19 21:21:13,2024-04-19 21:09:29
3901937894,2024-04-18 20:18:23,2024-04-18 00:00:00
3905874924,2024-04-19 15:31:32,2024-04-19 00:00:00
3901948362,2024-04-18 21:12:41,2024-04-18 00:00:00
3905377388,2024-04-19 04:02:26,2024-04-18 00:00:00
3905212198,2024-04-18 17:01:10,2024-04-18 17:01:10
3888031683,2024-04-06 22:03:14,2024-04-06 22:03:14
3884436683,2024-04-05 20:28:50,2024-04-05 20:16:06
3906258379,2024-04-19 23:09:43,2024-04-19 00:00:00
3902750257,2024-04-17 22:11:17,2024-04-17 00:00:00
3904587310,2024-04-19 19:40:50,2024-04-19 19:40:50
3902344458,2024-04-19 12:46:17,2024-04-19 12:34:28
3903424985,2024-04-18 14:22:13,2024-04-18 14:05:16
3901941565,2024-04-18 20:01:57,2024-04-18 20:01:57
3902819805,2024-04-19 18:37:06,2024-04-19 18:37:06
3888443765,2024-04-09 10:28:18,2024-04-09 00:00:00
3903471662,2024-04-18 16:54:57,2024-04-17 00:00:00
3903876027,2024-04-19 02:08:08,2024-04-19 01:56:28
3901673048,2024-04-15 20:21:22,2024-04-15 20:10:18
3905243122,2024-04-18 18:26:44,2024-04-18 18:26:44
3903835755,2024-04-18 22:28:01,2024-04-18 22:12:21
3902842532,2024-04-19 21:20:00,2024-04-19 21:06:37
3902828743,2024-04-19 19:23:34,2024-04-19 19:23:34
3905347762,2024-04-19 01:20:51,2024-04-19 01:20:51
3902915218,2024-04-16 14:47:22,2024-04-16 14:47:22
3905350381,2024-04-19 00:46:04,2024-04-19 00:46:04
3904722607,2024-04-19 22:46:29,2024-04-19 22:35:15
3905244169,2024-04-18 18:40:21,2024-04-18 18:40:21
3904944503,2024-04-18 15:07:53,2024-04-18 15:07:53
3906071626,2024-04-19 18:23:48,2024-04-19 00:00:00
3903822706,2024-04-18 21:19:24,2024-04-18 21:05:56
3887596433,2024-04-09 04:09:55,2024-04-09 03:56:30
3899536357,2024-04-16 15:07:53,2024-04-16 15:07:53
3903458030,2024-04-18 16:15:32,2024-04-18 00:00:00
3884843664,2024-04-06 04:08:49,2024-04-05 00:00:00
3905695052,2024-04-19 10:39:05,2024-04-18 00:00:00
3902929847,2024-04-16 14:55:25,2024-04-15 00:00:00
3905319003,2024-04-18 22:23:56,2024-04-18 22:02:51
3891071849,2024-04-11 19:22:29,2024-04-11 19:22:29
3901641390,2024-04-15 19:51:18,2024-04-15 19:51:18
3901374838,2024-04-18 17:13:06,2024-04-18 17:13:06
3902829701,2024-04-19 19:18:59,2024-04-19 19:18:59
3887890771,2024-04-06 03:37:34,2024-04-06 03:26:00
3901170493,2024-04-16 14:52:22,2024-04-16 14:41:01
3900080527,2024-04-15 20:17:31,2024-04-15 20:04:58
3901997700,2024-04-19 04:27:43,2024-04-18 00:00:00
3884899879,2024-04-06 08:30:31,2024-04-06 08:30:31
3901941808,2024-04-18 20:20:42,2024-04-18 20:20:42
3898174546,2024-04-15 20:59:23,2024-04-15 20:59:23
3905208503,2024-04-18 17:01:08,2024-04-18 17:01:08
3904427752,2024-04-18 02:50:17,2024-04-18 02:50:17
3902920021,2024-04-16 14:29:59,2024-04-16 00:00:00
3887103286,2024-04-09 13:31:17,2024-04-09 13:31:17
3901633112,2024-04-15 19:31:03,2024-04-15 19:31:03
3905295633,2024-04-18 21:19:40,2024-04-18 21:05:26
3903820636,2024-04-18 21:14:31,2024-04-18 00:00:00
3900945020,2024-04-17 21:17:15,2024-04-17 21:00:35
3903491528,2024-04-18 18:20:16,2024-04-18 18:20:16
3902754223,2024-04-17 22:26:49,2024-04-17 22:15:21
3898161225,2024-04-15 18:55:02,2024-04-15 18:55:02
3895547342,2024-04-12 03:31:50,2024-04-12 03:21:02
3903896893,2024-04-19 05:03:03,2024-04-19 04:39:20
3902359408,2024-04-19 14:44:52,2024-04-19 14:44:52
3902863706,2024-04-19 22:17:29,2024-04-19 22:04:56
3899536295,2024-04-16 15:10:36,2024-04-16 15:10:36
3891070678,2024-04-11 19:03:29,2024-04-11 18:53:12
3887997482,2024-04-09 09:33:10,2024-04-09 09:16:15
3894567983,2024-04-12 03:58:24,2024-04-12 03:38:51
3903468498,2024-04-18 17:03:23,2024-04-18 16:29:37
3902755770,2024-04-17 23:06:28,2024-04-17 22:55:10
3887498296,2024-04-05 20:22:42,2024-04-05 20:11:13
3906233215,2024-04-19 21:52:10,2024-04-19 00:00:00
3905302318,2024-04-18 21:30:33,2024-04-18 00:00:00
3833894876,2024-04-19 00:19:59,2024-04-19 00:19:59
3902761095,2024-04-18 01:00:07,2024-04-17 22:57:32
3903496536,2024-04-18 18:37:33,2024-04-18 18:37:33
3902829695,2024-04-19 19:18:27,2024-04-19 19:18:27
3905330895,2024-04-18 22:45:36,2024-04-18 22:40:51
3901345536,2024-04-18 14:04:36,2024-04-18 14:04:36
3889716827,2024-04-09 12:28:45,2024-04-09 12:17:05
3889102276,2024-04-09 04:23:37,2024-04-09 04:09:43
3901677476,2024-04-15 20:44:55,2024-04-15 20:28:32
3886826452,2024-04-09 07:10:02,2024-04-09 07:10:02
3884939253,2024-04-05 21:07:41,2024-04-05 20:55:05
3894997641,2024-04-11 19:06:55,2024-04-11 19:06:55
3904361463,2024-04-17 21:41:35,2024-04-17 21:25:04
3905352361,2024-04-19 01:02:06,2024-04-18 00:00:00
3901697276,2024-04-15 21:08:58,2024-04-15 20:54:20
3904368504,2024-04-17 21:55:15,2024-04-17 00:00:00
3903836658,2024-04-18 22:20:14,2024-04-18 22:08:39
3905310310,2024-04-18 21:48:51,2024-04-18 21:38:04
3903446058,2024-04-18 14:56:54,2024-04-18 14:56:54
3894287104,2024-04-11 19:01:10,2024-04-11 18:49:13
3902865992,2024-04-19 22:53:00,2024-04-19 22:53:00
3902844456,2024-04-19 21:39:17,2024-04-19 21:26:50
3904388052,2024-04-17 22:36:47,2024-04-17 00:00:00
3887476184,2024-04-05 19:53:54,2024-04-05 19:41:30
3901375511,2024-04-18 16:31:47,2024-04-18 16:31:47
3904953296,2024-04-18 15:27:53,2024-04-17 00:00:00
3904724594,2024-04-19 22:56:27,2024-03-25 22:44:58
3885832793,2024-04-06 04:00:37,2024-04-06 03:39:08
3904391640,2024-04-17 23:05:13,2024-04-17 00:00:00
3885840174,2024-04-06 04:00:36,2024-04-06 03:43:07
3905868889,2024-04-19 14:56:49,2024-04-19 14:56:49
3902363858,2024-04-19 15:18:18,2024-04-19 15:06:49
3904408940,2024-04-18 01:32:43,2024-04-18 01:20:21
3905295505,2024-04-18 20:59:58,2024-04-18 20:59:58
3898171517,2024-04-15 20:54:17,2024-04-15 20:43:53
3905876696,2024-04-19 15:29:00,2024-04-19 15:13:33
3899521996,2024-04-16 14:32:38,2024-04-16 14:32:38
3884819709,2024-04-06 02:36:00,2024-04-05 00:00:00
3905844211,2024-04-19 13:47:31,2024-04-19 13:47:31
3905838977,2024-04-19 13:36:47,2024-04-19 13:36:47
3905363816,2024-04-19 02:31:00,2024-04-18 00:00:00
3906232438,2024-04-19 21:59:24,2024-04-19 21:45:26
3904091630,2024-04-19 12:56:19,2024-04-19 12:56:19
3902738485,2024-04-17 21:30:15,2024-04-17 00:00:00
3904965593,2024-04-18 16:02:48,2024-04-18 15:49:41
3894282431,2024-04-11 18:43:15,2024-04-11 00:00:00
3902806456,2024-04-19 18:16:03,2024-04-19 18:16:03
3902359200,2024-04-19 14:38:23,2024-04-19 14:38:23
3900095424,2024-04-15 21:16:29,2024-04-15 20:59:11
3891270629,2024-04-12 03:11:18,2024-04-11 00:00:00
3886214858,2024-04-07 03:03:10,2024-04-07 03:03:10
3904362564,2024-04-17 21:49:53,2024-04-17 00:00:00
3901950531,2024-04-18 21:10:26,2024-04-18 21:10:26
3904066608,2024-04-19 10:13:24,2024-04-19 09:46:05
3904386487,2024-04-17 22:36:47,2024-04-17 00:00:00
3901952236,2024-04-18 21:20:44,2024-04-18 21:20:44
3903444797,2024-04-18 15:36:19,2024-04-18 15:23:01
3904719457,2024-04-19 22:28:51,2024-04-19 22:08:38
3905327980,2024-04-18 22:43:31,2024-04-18 22:31:57
3903473884,2024-04-18 17:06:39,2024-04-18 00:00:00
3904415700,2024-04-18 02:23:54,2024-04-18 02:08:54
3902748892,2024-04-17 22:35:26,2024-04-17 22:13:33
3898168996,2024-04-15 20:51:09,2024-04-15 20:51:09
3905295985,2024-04-18 21:28:35,2024-04-18 00:00:00
3902830395,2024-04-19 18:56:13,2024-04-19 18:56:13
3904376371,2024-04-17 22:23:42,2024-04-17 22:02:19
3905878181,2024-04-19 15:09:49,2024-04-19 15:09:49
3902883079,2024-04-19 23:57:11,2024-04-19 23:57:11
3905850836,2024-04-19 14:10:08,2024-04-19 14:10:08
3901678057,2024-04-15 20:39:09,2024-04-15 00:00:00
3886465317,2024-04-09 04:10:31,2024-04-04 00:00:00
3898167134,2024-04-15 20:03:21,2024-04-15 19:53:26
3901964411,2024-04-18 22:27:20,2024-04-18 22:27:20
3889121493,2024-04-09 04:57:31,2024-04-09 04:44:49
3894922461,2024-04-11 18:04:56,2024-04-11 18:04:56
3886877739,2024-04-09 11:08:29,2024-04-09 11:08:29
3904725537,2024-04-19 23:14:34,2024-04-19 00:00:00
3905693272,2024-04-19 10:36:48,2024-04-19 10:25:26
3902751109,2024-04-17 22:11:17,2024-04-17 00:00:00
3903830202,2024-04-18 21:33:40,2024-04-18 21:21:37
3905331607,2024-04-18 22:47:02,2024-04-18 22:37:28
3895827697,2024-04-12 05:38:22,2024-04-11 00:00:00
3903846061,2024-04-18 22:42:16,2024-04-18 22:29:49
3903825650,2024-04-18 21:26:18,2024-04-18 00:00:00
3894542974,2024-04-12 01:26:06,2024-04-12 01:14:12
3902755411,2024-04-17 22:46:37,2024-04-17 22:35:09
3906246987,2024-04-19 22:31:17,2024-04-19 00:00:00
3895828496,2024-04-12 05:38:22,2024-04-11 00:00:00
3901365304,2024-04-18 16:00:29,2024-04-18 15:48:40
3902363376,2024-04-19 15:06:21,2024-04-19 14:54:06
3904920920,2024-04-18 14:08:23,2024-04-18 14:08:23
3904988719,2024-04-18 16:38:56,2024-04-17 00:00:00
3885807506,2024-04-06 01:26:10,2024-04-06 01:14:25
3895221892,2024-04-11 19:57:33,2024-04-11 19:57:33
3888821781,2024-04-09 13:23:19,2024-04-09 13:23:19
3906245890,2024-04-19 22:30:19,2024-04-19 22:09:59
3904930435,2024-04-18 14:25:14,2024-04-18 14:25:14
3905667794,2024-04-19 09:50:41,2024-04-19 09:35:36
3894284787,2024-04-11 19:23:48,2024-04-11 19:10:45
3884801688,2024-04-06 00:23:19,2024-04-05 00:00:00
3902341957,2024-04-19 12:57:59,2024-04-19 12:57:59
3891840573,2024-04-12 06:36:58,2024-04-12 06:36:58
3903837938,2024-04-18 22:37:41,2024-04-18 22:18:54
3902844225,2024-04-19 21:39:17,2024-04-19 21:19:06
3895208286,2024-04-11 19:13:53,2024-04-11 19:13:53
3891071251,2024-04-11 18:33:18,2024-04-11 18:33:18
3904961344,2024-04-18 15:54:46,2024-04-18 00:00:00
3890893424,2024-04-11 17:12:02,2024-04-11 17:12:02
3904722775,2024-04-19 22:54:47,2024-04-19 22:42:15
3906201196,2024-04-19 19:48:45,2024-04-19 19:48:45
3895595869,2024-04-12 04:16:20,2024-04-12 04:16:20
3884989743,2024-04-05 23:57:48,2024-04-05 23:46:03
3904390504,2024-04-17 23:03:53,2024-04-17 00:00:00
3902359728,2024-04-19 15:06:37,2024-04-19 15:06:37
3905247742,2024-04-18 19:22:09,2024-04-18 19:10:20
3895808433,2024-04-12 04:45:16,2024-04-12 04:45:16
3906099182,2024-04-19 19:26:33,2024-04-19 19:26:33
3903807473,2024-04-18 19:46:03,2024-04-18 19:31:54
3887834880,2024-04-06 00:26:33,2024-04-06 00:26:33
3895556923,2024-04-12 03:51:27,2024-04-11 00:00:00
3885106385,2024-04-06 10:59:05,2024-04-06 10:59:05
3904951775,2024-04-18 15:37:18,2024-04-18 15:24:06
3898166540,2024-04-15 20:13:00,2024-04-15 20:13:00
3905334517,2024-04-18 22:58:51,2024-04-18 22:40:17
3905848494,2024-04-19 13:50:59,2024-04-19 13:50:59
3884813110,2024-04-06 02:11:55,2024-04-06 01:59:34
3888801850,2024-04-09 12:50:30,2024-04-09 12:50:30
3895282227,2024-04-11 21:15:59,2024-04-11 21:15:59
3888938727,2024-04-09 03:24:54,2024-04-09 03:12:31
3905328452,2024-04-18 22:34:39,2024-04-18 22:12:33
3901986089,2024-04-19 02:27:31,2024-04-19 02:15:32
3906249368,2024-04-19 22:22:55,2024-04-19 22:09:37
3901988451,2024-04-19 03:11:50,2024-04-18 00:00:00
3890895123,2024-04-11 17:08:47,2024-04-11 17:08:47
3884438493,2024-04-05 20:35:54,2024-04-05 20:35:54
3904424361,2024-04-18 02:46:16,2024-04-18 02:27:09
3906258732,2024-04-19 23:29:00,2024-04-19 23:29:00
3904714460,2024-04-19 22:05:29,2024-04-19 21:51:30
3898172017,2024-04-15 20:32:23,2024-04-15 20:32:23
3906254707,2024-04-19 23:08:10,2024-04-19 22:49:35
3900964193,2024-04-17 22:22:22,2024-04-17 22:10:46
3901937818,2024-04-18 19:56:19,2024-04-18 19:56:19
3904378930,2024-04-17 22:15:40,2024-04-17 22:04:29
3906069813,2024-04-19 18:09:36,2024-04-19 18:09:36
3902749795,2024-04-17 22:35:26,2024-04-17 22:13:34
3904429488,2024-04-18 02:51:37,2024-04-18 02:40:51
3903815629,2024-04-18 20:40:23,2024-04-17 00:00:00
3904708103,2024-04-19 21:24:46,2024-04-19 21:13:48
3900082289,2024-04-15 20:18:00,2024-04-15 00:00:00
3898166215,2024-04-15 20:03:50,2024-04-15 20:03:50
3889123467,2024-04-09 05:01:41,2024-04-09 04:48:01
3905304718,2024-04-18 21:43:33,2024-04-18 00:00:00
3905304215,2024-04-18 21:38:43,2024-04-18 21:24:32
3898158598,2024-04-15 19:27:24,2024-04-15 19:17:17
3900948571,2024-04-17 21:21:04,2024-04-17 21:21:04
3906230255,2024-04-19 21:27:27,2024-04-19 21:27:27
3864519762,2024-04-19 18:06:48,2024-04-19 18:06:48
3904726520,2024-04-19 23:04:08,2024-04-19 23:03:34
3902832535,2024-04-19 19:12:57,2024-04-19 19:12:57
3901392969,2024-04-18 18:30:18,2024-04-18 18:18:33
3905829691,2024-04-19 12:54:22,2024-04-19 12:54:22
3902354399,2024-04-19 13:53:57,2024-04-19 13:53:57
3904361716,2024-04-17 21:47:15,2024-03-23 21:32:52
3903843265,2024-04-18 22:55:23,2024-04-18 00:00:00
3891074941,2024-04-11 19:42:27,2024-04-11 19:42:27
3887485023,2024-04-05 20:17:14,2024-04-05 00:00:00
3903474884,2024-04-18 17:24:22,2024-04-18 16:59:39
3901949715,2024-04-18 21:28:06,2024-04-18 21:15:28
3905374189,2024-04-19 03:19:27,2024-04-18 00:00:00
3906260035,2024-04-19 23:03:21,2024-04-19 00:00:00
3884435057,2024-04-05 19:38:25,2024-04-05 19:38:25
3903810625,2024-04-18 20:23:48,2024-04-18 20:10:19
3904945286,2024-04-18 15:20:01,2024-04-18 00:00:00
3900077383,2024-04-15 19:41:36,2024-04-15 19:41:36
3903457440,2024-04-18 16:04:52,2024-04-18 16:04:52
3901940900,2024-04-18 20:23:05,2024-04-18 20:23:05
3901699032,2024-04-15 21:12:23,2024-04-15 20:59:51
3904383886,2024-04-17 23:05:31,2024-04-17 00:00:00
3900081337,2024-04-15 20:13:10,2024-04-15 00:00:00
3884813081,2024-04-06 02:03:46,2024-04-06 01:53:03
3902881320,2024-04-19 23:24:16,2024-04-19 23:24:16
3901930827,2024-04-18 18:39:33,2024-04-18 18:39:33
3885862587,2024-04-06 04:57:24,2024-04-06 04:44:22
3889114500,2024-04-09 04:50:28,2024-04-09 04:37:11
3895263956,2024-04-11 21:16:54,2024-04-11 00:00:00
3904726099,2024-04-19 22:42:00,2024-04-19 00:00:00
3901936380,2024-04-18 18:55:08,2024-04-18 18:55:08
3901353353,2024-04-18 14:45:42,2024-04-18 14:45:42
3885857586,2024-04-06 04:35:18,2024-04-06 04:23:51
3898161338,2024-04-15 19:19:13,2024-04-15 19:06:01
3884993214,2024-04-06 00:14:44,2024-03-27 00:00:00
3902353878,2024-04-19 14:21:29,2024-04-19 14:21:29
3904418944,2024-04-18 02:31:26,2024-04-18 02:19:24
3905325991,2024-04-18 22:33:58,2024-04-18 00:00:00
3905361345,2024-04-19 01:41:36,2024-04-19 01:29:29
3904361274,2024-04-17 21:28:25,2024-04-17 00:00:00
3887709891,2024-04-05 20:55:45,2024-04-05 20:44:38
3901342597,2024-04-18 14:08:46,2024-04-18 14:08:46
3906226811,2024-04-19 21:41:45,2024-04-19 21:29:03
3903474947,2024-04-18 17:39:23,2024-04-18 00:00:00
3906231123,2024-04-19 21:45:55,2024-04-19 21:33:50
3891075325,2024-04-11 18:57:32,2024-04-11 18:57:32
3905397421,2024-04-19 04:54:15,2024-04-19 04:41:29
3900962188,2024-04-17 22:09:37,2024-04-17 00:00:00
3906252389,2024-04-19 22:40:13,2024-04-19 22:21:41
3901940801,2024-04-18 20:14:04,2024-04-18 20:14:04
3905368256,2024-04-19 02:36:17,2024-04-19 02:23:53
3904721853,2024-04-19 22:39:45,2024-04-19 22:27:12
3886463765,2024-04-09 04:25:17,2024-04-09 04:07:08
3884428894,2024-04-05 19:39:00,2024-04-05 19:39:00
3891817708,2024-04-12 06:25:09,2024-04-12 06:25:09
3906236405,2024-04-19 22:06:29,2024-04-19 21:54:14
3901174713,2024-04-16 15:16:04,2024-04-16 14:59:06
3889745832,2024-04-09 12:44:32,2024-04-09 12:44:32
3902939942,2024-04-16 15:02:38,2024-04-16 15:02:38
3891256033,2024-04-12 01:09:01,2024-04-12 01:09:01
3895804304,2024-04-12 05:11:16,2024-04-12 04:29:01
3903849462,2024-04-19 00:14:22,2024-04-18 00:00:00
3899535073,2024-04-16 15:09:59,2024-04-16 14:58:17
3891246965,2024-04-12 00:33:16,2024-04-12 00:33:16
3902829859,2024-04-19 19:48:02,2024-04-19 19:36:09
3888028879,2024-04-06 21:28:18,2024-04-05 00:00:00
3901942820,2024-04-18 20:43:17,2024-04-18 20:30:53
3894547236,2024-04-12 01:45:14,2024-04-11 00:00:00
3901165995,2024-04-16 14:52:13,2024-04-16 14:39:20
3884808725,2024-04-06 01:41:54,2024-04-06 01:41:54
3905308482,2024-04-18 21:43:21,2024-04-18 21:32:09
3894297633,2024-04-11 20:09:32,2024-04-11 19:57:18
3903182940,2024-04-16 18:46:34,2024-04-16 18:46:34
3894290070,2024-04-11 19:08:05,2024-04-11 00:00:00
3902783948,2024-04-18 02:23:28,2024-04-18 02:07:51
3900076153,2024-04-15 19:31:07,2024-04-15 19:31:07
3901984736,2024-04-19 03:15:34,2024-04-19 03:01:44
3885810271,2024-04-06 01:12:13,2024-04-06 01:00:31
3905363747,2024-04-19 02:21:49,2024-04-19 02:09:32
3904390708,2024-04-17 23:05:15,2024-04-17 22:54:28
3905301004,2024-04-18 21:21:57,2024-04-18 21:21:57
3901632308,2024-04-15 19:30:23,2024-04-15 19:30:23
3904067547,2024-04-19 10:01:23,2024-04-19 09:46:37
3902351133,2024-04-19 13:34:12,2024-04-19 13:34:12
3905341299,2024-04-18 23:29:37,2024-04-18 23:14:20
3901954569,2024-04-18 21:28:29,2024-04-18 21:28:29
3902931404,2024-04-16 14:40:26,2024-04-16 14:40:26
3906254571,2024-04-19 22:58:02,2024-04-19 22:42:09
3902836953,2024-04-19 21:19:21,2024-04-19 21:08:07
3880380418,2024-04-18 15:15:10,2024-04-18 15:15:10
3902763168,2024-04-18 00:15:08,2024-03-23 23:59:39
3905880810,2024-04-19 15:36:16,2024-04-19 00:00:00
3884822260,2024-04-06 02:36:00,2024-04-05 00:00:00
3906254910,2024-04-19 23:08:51,2024-04-19 22:55:56
3895218002,2024-04-11 19:50:37,2024-04-11 19:37:34
3902354073,2024-04-19 13:33:36,2024-04-19 13:33:36
3904064479,2024-04-19 10:01:01,2024-04-19 09:39:24
3903883574,2024-04-19 03:53:56,2024-04-18 00:00:00
3887720536,2024-04-05 21:13:20,2024-04-05 21:05:45
3900080230,2024-04-15 20:06:04,2024-04-15 19:53:28
3895513645,2024-04-12 01:59:31,2024-04-12 01:47:35
3894212059,2024-04-11 17:20:10,2024-04-11 17:07:25
3904719153,2024-04-19 22:08:42,2024-04-19 00:00:00
3884440653,2024-04-05 21:05:57,2024-04-05 20:54:22
3905306811,2024-04-18 21:57:13,2024-04-18 00:00:00
3901983301,2024-04-19 00:46:29,2024-04-19 00:33:22
3905241180,2024-04-18 18:17:54,2024-04-18 18:17:54
3885855624,2024-04-06 04:31:40,2024-04-06 04:25:14
3904957711,2024-04-18 15:49:38,2024-04-18 00:00:00
3885857716,2024-04-06 04:43:22,2024-04-06 04:31:57
3905290837,2024-04-18 20:55:26,2024-04-18 20:42:46
3891250165,2024-04-12 00:26:14,2024-04-12 00:26:14
3887570772,2024-04-09 03:20:59,2024-03-15 02:58:46
3894873664,2024-04-11 17:13:50,2024-04-11 17:00:15
3885101961,2024-04-06 10:48:24,2024-04-06 10:48:24
3902759778,2024-04-18 00:15:07,2024-03-24 00:01:01
3903842251,2024-04-18 22:37:41,2024-04-18 22:21:58
3906220959,2024-04-19 21:27:01,2024-04-19 21:11:48
3902344827,2024-04-19 13:26:41,2024-04-19 13:26:41
3895543393,2024-04-12 03:29:00,2024-03-18 03:13:43
3906256023,2024-04-19 22:49:02,2024-04-19 00:00:00
3884800424,2024-04-06 00:00:00,2024-04-06 00:00:00
3901947388,2024-04-18 21:04:40,2024-04-18 21:04:40
3889172709,2024-04-09 06:21:26,2024-04-09 06:09:40
3906257286,2024-04-19 23:07:15,2024-04-19 00:00:00
3903824520,2024-04-18 21:18:55,2024-04-18 00:00:00
3906235037,2024-04-19 21:47:33,2024-04-19 21:35:29
3884807751,2024-04-06 01:41:52,2024-04-06 01:41:52
3900948373,2024-04-17 21:42:09,2024-03-23 21:19:21
3904386218,2024-04-17 22:20:41,2024-04-17 22:08:43
3891017362,2024-04-11 18:09:39,2024-04-11 18:09:39
3904953340,2024-04-18 15:21:26,2024-04-18 15:16:57
3902848184,2024-04-19 21:39:17,2024-04-19 21:24:11
3895554928,2024-04-12 03:48:55,2024-04-12 03:32:50
3904095543,2024-04-19 13:35:21,2024-04-19 13:35:21
3906226416,2024-04-19 21:28:17,2024-03-25 21:16:39
3899523267,2024-04-16 14:27:55,2024-04-16 14:27:55
3902831423,2024-04-19 19:03:10,2024-04-19 19:03:10
3888944503,2024-04-09 03:33:53,2024-04-09 00:00:00
3887933390,2024-04-09 06:06:06,2024-04-09 05:54:36
3903494557,2024-04-18 18:30:00,2024-04-18 18:30:00
3902755616,2024-04-17 22:55:26,2024-04-17 00:00:00
3905363419,2024-04-19 02:19:56,2024-04-18 00:00:00
3886885021,2024-04-09 11:51:49,2024-04-09 11:51:49
3905340015,2024-04-18 23:02:15,2024-04-18 00:00:00
3904722801,2024-04-19 23:00:24,2024-04-19 00:00:00
3902863336,2024-04-19 21:54:52,2024-04-19 21:54:52
3902322794,2024-04-19 09:07:01,2024-04-19 08:54:33
3895491607,2024-04-12 00:56:46,2024-04-12 00:56:46
3905289407,2024-04-18 20:37:21,2024-04-18 20:25:57
3901962761,2024-04-18 23:03:17,2024-04-18 00:00:00
3891264684,2024-04-12 02:47:18,2024-04-12 02:34:30
3901992922,2024-04-19 04:27:58,2024-04-18 00:00:00
3902344347,2024-04-19 12:23:07,2024-04-19 12:23:07
3902320489,2024-04-19 08:32:16,2024-04-19 08:18:33
3903881247,2024-04-19 02:56:51,2024-04-19 02:56:51
3887896103,2024-04-06 03:38:44,2024-04-06 03:27:25
3906223265,2024-04-19 21:19:30,2024-04-19 21:05:41
3894886783,2024-04-11 17:17:24,2024-04-11 17:17:24
3904431346,2024-04-18 02:53:55,2024-04-18 02:42:07
3895221139,2024-04-11 20:03:02,2024-04-11 19:51:10
3898172826,2024-04-15 21:12:25,2024-04-15 00:00:00
3888027114,2024-04-06 11:03:31,2024-04-06 11:03:31
3898166631,2024-04-15 20:14:03,2024-04-15 20:14:03
3904511022,2024-04-19 15:18:27,2024-04-19 15:06:51
3901939252,2024-04-18 19:16:22,2024-04-18 19:16:22
3895494174,2024-04-12 00:56:44,2024-04-12 00:56:44
3902757383,2024-04-17 22:46:23,2024-04-17 22:37:28
3895546230,2024-04-12 03:33:36,2024-04-12 03:16:34
3891066679,2024-04-11 20:04:40,2024-04-11 20:04:40
3902353983,2024-04-19 14:40:30,2024-04-19 14:27:23
3903807663,2024-04-18 20:01:57,2024-04-18 19:44:30
3905372728,2024-04-19 03:39:21,2024-04-18 00:00:00
3906230107,2024-04-19 21:29:36,2024-04-19 21:29:36
3895515586,2024-04-12 01:59:17,2024-04-12 01:47:14
3887883678,2024-04-06 03:17:26,2024-04-05 00:00:00
3901944034,2024-04-18 20:26:05,2024-04-18 20:13:27
3887862132,2024-04-06 02:04:38,2024-04-05 00:00:00
3905334477,2024-04-18 22:52:04,2024-04-18 00:00:00
3884443704,2024-04-05 21:05:10,2024-04-05 21:05:10
3905865173,2024-04-19 14:44:28,2024-04-19 14:30:53
3898166700,2024-04-15 20:17:40,2024-04-15 20:17:40
3887909411,2024-04-09 04:32:00,2024-04-09 04:20:15
3895562433,2024-04-12 03:55:03,2024-04-12 03:42:48
3904972378,2024-04-18 16:04:09,2024-04-18 16:04:09
3905346035,2024-04-19 00:01:33,2024-04-18 23:40:31
3901377608,2024-04-18 16:56:34,2024-04-18 16:56:34
3905825166,2024-04-19 12:15:16,2024-04-19 12:15:16
3898163215,2024-04-15 19:27:46,2024-04-15 19:27:46
3902751894,2024-04-17 22:43:19,2024-04-17 22:32:20
3902863215,2024-04-19 21:55:03,2024-04-19 00:00:00
3903805862,2024-04-18 19:46:50,2024-04-18 19:46:50
3895207495,2024-04-11 19:35:00,2024-04-11 19:22:57
3902846250,2024-04-19 21:25:19,2024-04-19 21:25:19
3905375219,2024-04-19 03:32:59,2024-04-19 03:20:49
3884444120,2024-04-19 18:30:10,2024-04-19 18:30:10
3901171408,2024-04-16 14:40:31,2024-04-16 14:40:31
3906091970,2024-04-19 19:16:33,2024-04-19 19:16:33
3903846140,2024-04-18 22:51:45,2024-04-18 00:00:00
3887877769,2024-04-06 02:47:55,2024-04-06 02:47:55
3898167847,2024-04-15 20:24:16,2024-04-15 20:24:16
3898171324,2024-04-15 20:36:49,2024-04-15 20:36:49
3901942343,2024-04-18 19:42:27,2024-04-18 19:42:27
3905326814,2024-04-18 22:25:47,2024-04-18 22:13:07
3905296952,2024-04-18 21:15:25,2024-04-18 21:15:25
3905304908,2024-04-18 21:49:15,2024-04-18 21:36:46
3888947457,2024-04-09 03:36:30,2024-04-09 03:25:55
3884894273,2024-04-06 06:41:25,2024-04-06 06:41:25
3884449483,2024-04-05 21:15:28,2024-04-05 21:15:28
3900087592,2024-04-15 20:39:35,2024-04-15 00:00:00
3902332283,2024-04-19 10:21:31,2024-04-19 10:04:31
3906220834,2024-04-19 21:19:52,2024-04-19 00:00:00
3889701790,2024-04-09 11:04:48,2024-04-09 11:04:48
3887721401,2024-04-05 21:07:51,2024-04-05 21:07:51
3905337569,2024-04-18 23:19:32,2024-04-18 22:56:35
3884814762,2024-04-06 02:24:36,2024-04-06 02:11:52
3885112261,2024-04-06 22:12:30,2024-04-06 22:12:30
3900961608,2024-04-17 22:43:05,2024-04-17 22:30:21
3900943394,2024-04-17 21:15:44,2024-04-17 21:15:44
3895488700,2024-04-12 00:36:52,2024-04-12 00:36:52
3898172076,2024-04-15 20:38:14,2024-04-15 20:26:02
3902858835,2024-04-19 21:53:45,2024-04-19 21:42:02
3903839853,2024-04-18 22:35:12,2024-04-18 00:00:00
3906247860,2024-04-19 22:43:12,2024-04-19 22:27:10
3891041847,2024-04-11 18:26:38,2024-04-11 18:22:48
3902918564,2024-04-16 14:21:41,2024-04-16 14:21:41
3886461289,2024-04-09 03:42:26,2024-04-09 03:42:26
3901957864,2024-04-18 21:58:12,2024-04-18 00:00:00
3905339596,2024-04-18 23:31:22,2024-04-18 23:17:36
3887573211,2024-04-09 03:20:59,2024-03-15 02:58:49
3905301714,2024-04-18 21:42:38,2024-04-09 00:00:00
3889115142,2024-04-09 04:43:13,2024-04-09 04:32:05
3885863708,2024-04-06 05:12:55,2024-04-06 04:55:57
3905333139,2024-04-18 22:41:12,2024-04-18 22:22:25
3895271686,2024-04-11 21:12:40,2024-04-11 20:59:22
3903844495,2024-04-18 23:08:17,2024-04-18 22:38:20
3902761014,2024-04-17 23:01:57,2024-04-17 00:00:00
3903450317,2024-04-18 15:36:20,2024-04-18 15:36:20
3905311296,2024-04-18 21:55:24,2024-04-18 00:00:00
3901360298,2024-04-18 15:26:10,2024-04-18 15:14:02
3901955849,2024-04-18 21:54:57,2024-04-18 00:00:00
3902753442,2024-04-17 22:35:25,2024-04-17 22:23:04
3904995395,2024-04-18 16:50:44,2024-04-18 16:37:34
3902359050,2024-04-19 14:40:30,2024-04-19 14:27:18
3905251224,2024-04-18 19:22:23,2024-04-18 19:09:47
3902756350,2024-04-17 22:45:35,2024-04-17 22:34:01
3904502114,2024-04-19 14:17:00,2024-04-19 14:17:00
3905333087,2024-04-18 23:01:04,2024-04-18 00:00:00
3895217130,2024-04-11 19:50:36,2024-04-11 19:37:34
3903442967,2024-04-18 15:28:45,2024-04-18 00:00:00
3902862110,2024-04-19 21:54:34,2024-04-19 21:41:56
3889721317,2024-04-09 12:29:49,2024-04-09 12:17:38
3903810824,2024-04-18 20:18:04,2024-04-18 20:18:04
3889148835,2024-04-09 05:50:19,2024-04-09 00:00:00
3901977527,2024-04-19 00:11:28,2024-04-19 00:11:28
3904991273,2024-04-18 16:41:20,2024-04-18 16:22:23
3904388781,2024-04-17 23:02:47,2024-04-17 22:51:02
3886451772,2024-04-09 03:42:05,2024-04-08 00:00:00
3891013812,2024-04-11 18:09:12,2024-04-11 18:09:12
3889148839,2024-04-09 05:50:19,2024-04-09 00:00:00
3894543916,2024-04-12 01:26:06,2024-04-12 01:14:07
3904408733,2024-04-18 00:48:56,2024-04-18 00:48:56
3902734833,2024-04-17 21:30:15,2024-04-17 00:00:00
3889442823,2024-04-09 09:55:33,2024-04-08 00:00:00
3899543129,2024-04-16 15:25:00,2024-04-16 15:25:00
3905239253,2024-04-18 18:15:05,2024-04-18 18:15:05
3889110202,2024-04-09 04:38:23,2024-04-09 04:23:56
3891280054,2024-04-12 03:30:17,2024-03-18 03:18:29
3885106003,2024-04-06 07:59:51,2024-04-06 07:59:51
3904503892,2024-04-19 15:11:31,2024-04-19 14:59:32
3904387768,2024-04-17 22:43:02,2024-04-17 22:32:01
3884431598,2024-04-05 19:43:55,2024-04-05 19:43:55
3904406406,2024-04-18 00:19:43,2024-04-17 00:00:00
3902754105,2024-04-17 22:30:06,2024-04-17 00:00:00
3902371380,2024-04-19 15:24:50,2024-04-19 15:24:50
3905296703,2024-04-18 21:08:42,2024-04-18 21:08:42
3894889444,2024-04-11 17:17:16,2024-04-11 17:17:16
3901944650,2024-04-18 21:02:15,2024-04-18 21:02:15
3903810260,2024-04-18 19:52:07,2024-04-18 19:52:07
3901345928,2024-04-18 14:26:22,2024-04-18 14:26:22
3903802564,2024-04-18 19:10:09,2024-04-18 19:10:09
3901940806,2024-04-18 20:14:33,2024-04-18 20:14:33
3904708377,2024-04-19 21:37:27,2024-04-19 21:24:58
3887838642,2024-04-06 00:43:25,2024-04-06 00:43:25
3894616701,2024-04-12 04:54:39,2024-04-12 04:38:39
3901983858,2024-04-19 02:47:22,2024-04-19 02:34:40
3904360920,2024-04-17 21:24:59,2024-04-17 21:24:59
3901986087,2024-04-19 02:26:57,2024-04-19 02:15:28
3901942525,2024-04-18 20:18:47,2024-04-18 20:07:28
3900959650,2024-04-17 22:03:44,2024-04-17 22:03:44
3902369543,2024-04-19 15:24:26,2024-04-19 15:24:26
3906228314,2024-04-19 21:32:02,2024-04-19 21:20:44
3891088798,2024-04-11 21:14:02,2024-04-11 00:00:00
3887839208,2024-04-06 00:42:53,2024-04-06 00:42:53
3906257515,2024-04-19 23:08:38,2024-04-19 22:56:59
3902756391,2024-04-17 22:51:42,2024-04-17 22:35:30
3905255626,2024-04-18 19:46:26,2024-04-18 19:34:30
3903448317,2024-04-18 15:36:19,2024-04-18 15:23:01
3905345067,2024-04-18 23:38:56,2024-04-18 23:38:56
3901961019,2024-04-18 21:57:15,2024-04-18 21:44:30
3887883878,2024-04-06 03:27:07,2024-04-06 03:14:42
3888935529,2024-04-09 03:11:48,2024-04-09 02:59:42
3904414910,2024-04-18 02:07:25,2024-04-18 01:56:17
3889445611,2024-04-09 09:58:16,2024-04-09 09:45:42
3884924121,2024-04-05 20:10:00,2024-04-05 20:09:41
3904392131,2024-04-17 22:27:24,2024-04-17 22:27:24
3905306710,2024-04-18 21:46:26,2024-04-18 21:34:43
3904579456,2024-04-19 19:11:51,2024-04-19 19:11:51
3887890773,2024-04-06 03:37:34,2024-04-06 03:26:01
3889282831,2024-04-09 08:18:03,2024-04-09 00:00:00
3901945214,2024-04-18 20:43:17,2024-04-18 20:30:54
3901979723,2024-04-19 01:29:38,2024-04-19 01:18:11
3895566635,2024-04-12 04:02:26,2024-04-11 00:00:00
3902941522,2024-04-16 15:16:37,2024-04-16 14:59:55
3901958467,2024-04-18 21:44:41,2024-04-18 21:32:39
3902364167,2024-04-19 15:19:11,2024-04-19 15:01:40
3884438462,2024-04-05 20:48:33,2024-04-05 20:34:04
3903847543,2024-04-18 23:26:51,2024-04-18 00:00:00
3904956288,2024-04-18 15:21:58,2024-04-18 15:21:58
3901642113,2024-04-15 19:54:39,2024-03-21 19:41:49
3898171313,2024-04-15 20:52:39,2024-04-15 20:27:49
3905668781,2024-04-19 09:55:43,2024-04-18 00:00:00
3900987195,2024-04-18 03:04:40,2024-04-18 02:52:11
3794986432,2024-04-11 18:09:53,2024-04-11 18:09:53
3900082189,2024-04-15 20:17:32,2024-04-15 20:04:23
3902355607,2024-04-19 14:32:03,2024-04-19 14:32:03
3906227468,2024-04-19 21:17:02,2024-04-19 21:17:02
3905872661,2024-04-19 15:05:02,2024-04-19 15:05:02
3902937058,2024-04-16 14:46:29,2024-04-16 14:46:29
3901945072,2024-04-18 20:28:18,2024-04-18 20:28:18
3898156784,2024-04-15 19:30:23,2024-04-15 19:18:18
3884437730,2024-04-05 20:57:14,2024-04-05 20:57:14
3905288882,2024-04-18 20:49:46,2024-04-18 20:38:18
3889116270,2024-04-09 04:50:28,2024-04-09 04:37:07
3903869469,2024-04-19 01:08:14,2024-04-19 00:56:56
3898156667,2024-04-15 19:03:39,2024-04-15 19:03:39
3903466546,2024-04-18 16:35:38,2024-04-18 16:23:38
3901379157,2024-04-18 16:41:44,2024-04-17 00:00:00
3904429186,2024-04-18 02:43:53,2024-04-18 02:31:37
3901164734,2024-04-16 14:15:05,2024-04-16 14:15:05
3889411623,2024-04-09 08:50:16,2024-04-09 08:50:16
3887468976,2024-04-05 19:51:55,2024-04-05 19:37:21
3904409663,2024-04-18 01:01:31,2024-04-17 00:00:00
3904727072,2024-04-19 22:43:56,2024-04-19 22:32:39
3906224916,2024-04-19 21:29:30,2024-04-19 21:29:30
3901393501,2024-04-18 17:53:32,2024-04-18 17:53:32
3901945186,2024-04-18 20:29:32,2024-04-18 20:29:32
3905394245,2024-04-19 04:40:37,2024-04-19 04:13:30
3906222940,2024-04-19 21:41:08,2024-04-19 00:00:00
3903838921,2024-04-18 22:36:28,2024-04-18 22:20:33
3891071892,2024-04-11 19:23:47,2024-04-11 19:23:47
3903466920,2024-04-18 16:59:21,2024-04-18 16:30:17
3888031890,2024-04-07 01:49:52,2024-04-07 01:49:52
3904387725,2024-04-17 22:44:59,2024-04-17 22:29:09
3901979218,2024-04-18 23:48:00,2024-04-18 23:48:00
3885103388,2024-04-06 08:18:50,2024-04-06 08:18:50
3901378485,2024-04-18 16:48:27,2024-04-18 16:37:15
3904396072,2024-04-17 22:57:58,2024-04-17 22:45:52
3904962666,2024-04-18 15:57:57,2024-04-18 15:46:35
3905848673,2024-04-19 13:55:26,2024-04-19 13:55:26
3895800681,2024-04-12 04:27:24,2024-04-12 04:27:24
3902866546,2024-04-19 22:19:58,2024-04-19 22:04:15
3894211595,2024-04-11 17:33:24,2024-04-11 00:00:00
3906223822,2024-04-19 21:42:44,2024-04-19 21:23:28
3905369156,2024-04-19 02:24:21,2024-04-19 02:12:15
3905370083,2024-04-19 02:24:07,2024-04-18 00:00:00
3902806239,2024-04-19 18:12:17,2024-04-19 18:12:17
3902344775,2024-04-19 13:01:45,2024-04-19 13:01:45
3901360429,2024-04-18 15:30:31,2024-04-18 15:15:27
3901919658,2024-04-18 18:32:04,2024-04-18 18:32:04
3895219797,2024-04-11 20:09:34,2024-04-11 00:00:00
3906247768,2024-04-19 22:40:43,2024-04-19 22:21:53
3905344943,2024-04-19 00:08:39,2024-04-18 23:56:29
3902761490,2024-04-18 00:15:07,2024-04-07 00:00:00
3905671283,2024-04-19 09:53:53,2024-04-09 00:00:00
3905336690,2024-04-18 23:09:54,2024-04-18 00:00:00
3904990249,2024-04-18 16:32:00,2024-04-18 16:20:46
3905335767,2024-04-18 23:02:50,2024-04-18 22:50:55
3906080271,2024-04-19 18:33:12,2024-04-18 00:00:00
3898170896,2024-04-15 20:50:26,2024-04-15 20:50:26
3900962182,2024-04-17 22:09:50,2024-04-17 21:57:03
3905330390,2024-04-18 22:23:41,2024-04-18 22:23:41
3906250691,2024-04-19 22:36:28,2024-03-25 22:23:14
3902339288,2024-04-19 10:37:59,2024-04-19 10:37:59
3906250761,2024-04-19 22:37:17,2024-04-19 22:27:36
3889417423,2024-04-09 09:12:26,2024-04-09 00:00:00
3902827028,2024-04-19 18:48:04,2024-04-19 00:00:00
3894671037,2024-04-12 06:24:37,2024-04-12 06:12:16
3902747706,2024-04-17 22:31:54,2024-04-17 22:05:59
3885107174,2024-04-06 10:50:04,2024-04-06 10:50:04
3895805304,2024-04-12 04:44:40,2024-04-12 04:32:38
3902355283,2024-04-19 14:05:48,2024-04-19 14:05:48
3904997692,2024-04-18 16:58:17,2024-04-18 16:46:24
3886843057,2024-04-09 09:19:30,2024-04-09 09:06:12
3900072544,2024-04-15 19:23:23,2024-04-15 19:23:23
3894881209,2024-04-11 17:21:24,2024-04-11 17:09:08
3901394625,2024-04-18 18:14:01,2024-04-18 18:14:01
3901942346,2024-04-18 19:42:42,2024-04-18 19:42:42
3900940836,2024-04-17 21:15:42,2024-04-17 21:04:40
3901372266,2024-04-18 16:28:49,2024-04-18 00:00:00
3885860892,2024-04-06 05:06:20,2024-04-06 04:46:10
3901455502,2024-04-15 18:39:12,2024-04-15 18:39:12
3901356370,2024-04-18 15:14:14,2024-04-18 00:00:00
3904409117,2024-04-18 00:09:17,2024-04-17 23:56:20
3904394336,2024-04-17 23:03:58,2024-04-17 00:00:00
3904987813,2024-04-18 16:38:23,2024-04-18 16:27:44
3898166761,2024-04-15 20:31:06,2024-04-15 20:19:49
3894914966,2024-04-11 18:02:50,2024-04-11 18:02:50
3894870474,2024-04-11 17:17:53,2024-04-11 16:56:48
3904941620,2024-04-18 15:08:38,2024-04-18 15:08:38
3905873936,2024-04-19 15:31:32,2024-04-19 00:00:00
3898160223,2024-04-15 18:52:20,2024-04-15 18:52:20
3902345422,2024-04-19 12:46:17,2024-04-19 12:34:32
3894891810,2024-04-11 17:37:32,2024-04-11 17:25:57
3900982725,2024-04-18 02:26:46,2024-04-18 02:14:48
3902845201,2024-04-19 21:39:17,2024-04-19 21:19:38
3901390779,2024-04-18 18:27:10,2024-04-18 18:27:10
3895566927,2024-04-12 04:26:08,2024-04-12 03:54:50
3904568870,2024-04-19 18:27:53,2024-04-19 18:27:53
3900987104,2024-04-18 02:51:39,2024-04-18 02:39:52
3887879374,2024-04-06 03:07:44,2024-04-06 02:51:48
3905339068,2024-04-18 22:57:44,2024-04-18 00:00:00
3889714841,2024-04-09 12:28:19,2024-04-09 12:16:40
3888811323,2024-04-09 13:01:50,2024-04-09 13:01:50
3888932991,2024-04-09 03:19:31,2024-04-08 00:00:00
3903449919,2024-04-18 15:44:51,2024-04-18 15:44:51
3901689959,2024-04-15 20:49:29,2024-04-15 20:49:29
3894899597,2024-04-11 18:02:42,2024-04-11 17:41:23
3901641538,2024-04-15 19:51:51,2024-04-15 19:51:51
3902831396,2024-04-19 18:48:23,2024-04-19 18:48:23
3905327685,2024-04-18 22:30:01,2024-04-18 22:17:30
3888803597,2024-04-09 12:47:05,2024-04-09 12:47:05
3904584467,2024-04-19 19:38:46,2024-04-19 19:38:46
3904068836,2024-04-19 10:14:50,2024-04-19 09:54:25
3906070800,2024-04-19 18:24:23,2024-04-19 18:12:30
3901942350,2024-04-18 19:43:30,2024-04-18 19:43:30
3904385747,2024-04-17 22:38:39,2024-04-17 22:26:23
3889747299,2024-04-09 12:43:21,2024-04-09 12:43:21
3884438827,2024-04-05 21:04:24,2024-04-05 20:54:07
3901978341,2024-04-18 23:56:05,2024-04-18 23:56:05
3902317123,2024-04-19 07:33:27,2024-04-19 07:33:27
3458210342,2024-04-18 17:12:49,2024-04-18 17:12:49
3889453027,2024-04-09 10:06:37,2024-04-09 09:49:29
3904728063,2024-04-19 22:47:19,2024-04-19 22:34:41
3894210672,2024-04-11 17:23:39,2024-04-11 17:09:43
3901954917,2024-04-18 21:57:12,2024-04-18 00:00:00
3904418310,2024-04-18 02:05:23,2024-04-17 00:00:00
3902367496,2024-04-19 15:27:08,2024-04-18 00:00:00
3511440340,2024-04-19 02:47:42,2024-04-19 02:47:42
3902366178,2024-04-19 15:04:47,2024-04-19 15:04:47
3888024801,2024-04-06 11:18:43,2024-04-06 11:18:43
3901979184,2024-04-19 00:39:16,2024-04-19 00:39:16
3905302346,2024-04-18 21:31:22,2024-04-18 21:19:28
3906265232,2024-04-20 00:08:33,2024-04-19 23:56:26
3906227834,2024-04-19 21:29:08,2024-04-19 21:29:08
3904382333,2024-04-17 22:18:00,2024-04-17 22:04:02
3884939329,2024-04-05 20:55:55,2024-04-05 20:55:55
3884921389,2024-04-05 20:25:52,2024-04-05 20:07:56
3888004706,2024-04-06 03:50:37,2024-04-06 03:38:58
3890894201,2024-04-11 17:18:39,2024-04-11 17:18:39
3891072639,2024-04-11 19:10:56,2024-04-11 19:10:56
3894287443,2024-04-11 19:26:16,2024-04-11 19:14:11
3895252401,2024-04-18 15:07:54,2024-04-18 15:07:54
3899533476,2024-04-16 15:13:59,2024-04-16 14:59:56
3895528161,2024-04-12 02:22:19,2024-04-11 00:00:00
3901955321,2024-04-18 21:33:48,2024-04-18 21:21:45
3903838989,2024-04-18 22:37:20,2024-04-18 22:23:41
3901496929,2024-04-15 19:01:03,2024-04-15 19:01:03
3902355141,2024-04-19 13:46:49,2024-04-19 13:46:49
3905876025,2024-04-19 14:56:54,2024-04-19 14:56:54
3894548321,2024-04-12 01:51:03,2024-04-12 01:51:03
3895215103,2024-04-11 19:48:04,2024-04-11 19:35:32
3904419244,2024-04-18 02:05:23,2024-04-17 00:00:00
3905803686,2024-04-19 11:13:41,2024-04-19 11:13:41
3889239433,2024-04-09 07:24:53,2024-04-09 07:24:53
3903463486,2024-04-18 16:38:51,2024-04-18 00:00:00
3898157476,2024-04-15 18:38:14,2024-04-15 18:38:14
3891068947,2024-04-11 18:34:31,2024-04-11 18:34:31
3886840539,2024-04-09 09:19:30,2024-04-09 09:06:18
3901945450,2024-04-18 21:04:33,2024-04-18 20:53:28
3887704142,2024-04-05 20:43:01,2024-04-05 20:27:40
3884806509,2024-04-06 00:16:30,2024-04-06 00:16:30
3898167024,2024-04-15 19:38:43,2024-04-15 19:38:43
3905303509,2024-04-18 21:36:30,2024-04-18 21:25:33
3884920783,2024-04-05 20:25:30,2024-04-05 20:13:04
3906226770,2024-04-19 21:27:35,2024-04-19 21:27:35
3905394275,2024-04-19 04:41:55,2024-04-19 04:15:58
3894562457,2024-04-12 03:27:17,2024-04-11 00:00:00
3903429488,2024-04-18 14:20:50,2024-04-18 00:00:00
3905865837,2024-04-19 14:50:13,2024-04-19 14:50:13
3887476336,2024-04-05 19:58:50,2024-04-05 19:47:08
3902323722,2024-04-19 09:19:24,2024-04-19 09:05:54
3894281015,2024-04-11 18:28:01,2024-04-11 18:28:01
3901472360,2024-04-15 18:46:26,2024-04-15 18:46:26
3902358260,2024-04-19 14:36:11,2024-04-19 14:36:11
3904564800,2024-04-19 18:02:43,2024-04-19 18:02:43
3887495209,2024-04-05 20:09:17,2024-04-05 20:09:17
3903885473,2024-04-19 04:19:11,2024-04-19 03:46:30
3889721467,2024-04-09 12:18:26,2024-04-09 12:18:26
3904501448,2024-04-19 14:03:52,2024-04-19 14:03:52
3887581359,2024-04-09 03:59:12,2024-04-09 03:39:28
3905874325,2024-04-19 15:15:02,2024-04-19 15:01:59
3904986925,2024-04-18 16:26:59,2024-04-18 16:26:59
3905332120,2024-04-18 22:32:40,2024-04-18 22:21:09
3903887004,2024-04-19 03:50:10,2024-04-19 03:36:42
3905203489,2024-04-18 17:08:06,2024-04-18 16:48:44
3902362733,2024-04-19 15:02:25,2024-04-19 15:02:25
3902736538,2024-04-17 21:20:43,2024-04-17 21:08:44
3889705284,2024-04-09 10:58:08,2024-04-09 10:58:08
3903811113,2024-04-18 19:52:09,2024-04-18 19:52:09
3903443825,2024-04-18 15:22:07,2024-04-18 15:09:38
3902371357,2024-04-19 15:24:02,2024-04-19 15:24:02
3902831397,2024-04-19 18:49:00,2024-04-19 18:49:00
3904984613,2024-04-18 16:33:10,2024-04-18 16:33:10
3903444387,2024-04-18 15:01:04,2024-04-18 15:01:04
3889706880,2024-04-09 11:44:08,2024-04-09 11:44:08
3902946054,2024-04-16 15:20:49,2024-04-16 15:06:16
3902948256,2024-04-16 15:25:00,2024-04-16 15:13:38
3900080550,2024-04-15 20:20:49,2024-04-15 20:05:06
3905249934,2024-04-18 19:26:57,2024-04-18 19:26:57
3891249553,2024-04-12 00:32:32,2024-04-12 00:32:32
3900960569,2024-04-17 22:29:01,2024-04-17 00:00:00
3889156130,2024-04-09 05:39:19,2024-04-09 05:39:19
3901398923,2024-04-18 18:26:34,2024-04-18 18:26:34
3904058989,2024-04-19 09:22:19,2024-04-18 00:00:00
3888029607,2024-04-06 18:36:34,2024-04-06 18:36:34
3904383936,2024-04-17 22:39:38,2024-04-17 22:20:49
3905381802,2024-04-19 04:25:25,2024-04-19 04:05:21
3901944600,2024-04-18 21:02:27,2024-04-18 21:02:27
3901697529,2024-04-15 21:09:29,2024-04-15 20:57:38
3901181189,2024-04-16 15:25:10,2024-04-16 00:00:00
3905335221,2024-04-18 22:44:35,2024-04-18 22:32:01
3890894450,2024-04-11 17:32:45,2024-04-11 17:32:45
3895217129,2024-04-11 19:50:37,2024-04-11 19:37:34
3905335094,2024-04-18 22:38:08,2024-04-18 00:00:00
3894579677,2024-04-12 04:08:06,2024-04-11 00:00:00
3888006987,2024-04-06 04:17:13,2024-04-06 03:51:37
3884431629,2024-04-05 20:12:45,2024-04-05 20:12:45
3905392673,2024-04-19 04:43:49,2024-04-18 00:00:00
3900953060,2024-04-17 21:38:49,2024-04-17 21:26:47
3902951791,2024-04-16 15:22:54,2024-04-16 15:22:54
3900977235,2024-04-17 23:49:25,2024-04-17 23:13:16
3904950551,2024-04-18 15:29:55,2024-04-18 00:00:00
3884933545,2024-04-05 20:43:15,2024-04-05 20:43:15
3886441927,2024-04-09 03:11:13,2024-04-08 00:00:00
3895515746,2024-04-12 02:20:17,2024-04-12 01:51:37
3898167971,2024-04-15 20:44:16,2024-04-15 20:32:31
3901379545,2024-04-18 17:00:22,2024-04-18 17:00:22
3894552146,2024-04-12 02:12:19,2024-04-11 00:00:00
3900978792,2024-04-18 01:43:24,2024-04-18 01:31:16
3905372329,2024-04-19 03:08:23,2024-04-19 02:55:07
3903890061,2024-04-19 04:20:02,2024-04-19 04:06:25
3906228547,2024-04-19 21:28:39,2024-04-19 21:28:39
3891070663,2024-04-11 18:55:45,2024-04-11 18:55:45
3901391189,2024-04-18 17:47:15,2024-04-18 17:47:15
3895541648,2024-04-12 03:28:37,2024-04-12 03:13:18
3888033428,2024-04-06 21:39:01,2024-04-06 21:39:01
3894903523,2024-04-11 17:45:46,2024-04-11 17:45:46
3885863424,2024-04-06 04:57:23,2024-04-06 04:44:21
3903836151,2024-04-18 21:47:29,2024-04-18 21:47:29
3895528144,2024-04-12 02:25:35,2024-04-12 02:11:24
3889779595,2024-04-09 13:39:18,2024-04-09 13:39:18
3891270633,2024-04-12 03:11:00,2024-04-12 02:57:11
3894926621,2024-04-11 18:18:56,2024-04-11 00:00:00
3894569023,2024-04-12 03:33:34,2024-04-12 03:21:57
3904359759,2024-04-17 21:10:05,2024-04-17 21:10:05
3894564390,2024-04-12 03:28:41,2024-04-11 00:00:00
3903476891,2024-04-18 17:53:51,2024-04-18 17:34:20
3891093047,2024-04-11 21:11:27,2024-04-11 00:00:00
3901984029,2024-04-19 01:59:33,2024-04-19 01:47:55
3895812299,2024-04-12 05:17:10,2024-04-11 00:00:00
3891073518,2024-04-11 19:11:25,2024-04-11 19:11:25
3905363959,2024-04-19 02:38:33,2024-04-19 02:38:33
3906069835,2024-04-19 18:23:48,2024-04-19 00:00:00
3905849939,2024-04-19 14:09:46,2024-04-19 14:09:46
3887479740,2024-04-05 19:57:25,2024-04-05 19:57:25
3904715713,2024-04-19 22:16:11,2024-04-19 22:04:14
3901173733,2024-04-16 15:12:22,2024-04-16 00:00:00
3898168846,2024-04-15 20:36:46,2024-04-15 20:36:46
3894611313,2024-04-12 04:42:52,2024-04-12 00:00:00
3891818095,2024-04-12 06:22:50,2024-04-12 06:22:50
3905661416,2024-04-19 09:13:33,2024-04-07 21:00:10
3905251106,2024-04-18 18:56:58,2024-04-18 18:56:58
3894208786,2024-04-11 17:26:48,2024-03-17 17:14:19
3905327545,2024-04-18 22:33:53,2024-04-18 22:11:34
3889160039,2024-04-09 05:54:29,2024-04-09 05:54:29
3884831622,2024-04-06 03:30:04,2024-04-06 03:15:02
3903875417,2024-04-19 02:52:29,2024-04-19 02:40:09
3901170474,2024-04-16 14:52:10,2024-04-16 14:40:03
3903472737,2024-04-18 16:59:33,2024-04-18 16:45:30
3900080524,2024-04-15 20:19:44,2024-04-15 20:04:52
3901694732,2024-04-15 21:10:17,2024-04-15 20:56:16
3900096452,2024-04-15 21:12:50,2024-04-15 21:01:37
3884894749,2024-04-06 06:44:14,2024-04-06 06:44:14
3898172126,2024-04-15 20:29:53,2024-04-15 20:29:53
3901378445,2024-04-18 16:45:12,2024-04-18 16:34:58
3904365184,2024-04-17 21:18:55,2024-04-17 21:18:55
3902757069,2024-04-17 22:46:07,2024-04-17 22:23:09
3905276827,2024-04-18 20:17:48,2024-04-18 20:05:48
3889282977,2024-04-09 08:29:01,2024-04-09 08:14:13
3901965801,2024-04-18 23:59:27,2024-04-18 23:02:24
3888000699,2024-04-06 03:49:33,2024-04-06 03:33:00
3904365721,2024-04-17 21:48:49,2024-04-17 21:37:19
3891282373,2024-04-12 03:54:56,2024-04-11 00:00:00
3901980612,2024-04-19 01:29:37,2024-04-19 01:18:01
3902321377,2024-04-19 08:29:51,2024-04-19 08:16:47
3899531572,2024-04-16 15:01:35,2024-04-16 15:01:35
3900943294,2024-04-17 21:11:06,2024-04-17 21:01:46
3902360009,2024-04-19 14:59:11,2024-04-19 14:59:11
3904974167,2024-04-18 16:13:45,2024-04-18 16:01:25
3895841459,2024-04-12 05:55:52,2024-04-12 05:55:52
3894878010,2024-04-11 17:11:36,2024-04-11 16:59:53
3894675633,2024-04-12 06:51:11,2024-04-12 06:51:11
3904715859,2024-04-19 22:21:29,2024-04-19 22:10:16
3902878353,2024-04-19 23:28:32,2024-04-19 23:28:32
3904941170,2024-04-18 14:56:41,2024-04-18 14:56:41
3904580127,2024-04-19 18:54:34,2024-04-19 18:54:34
3905284601,2024-04-18 20:23:02,2024-04-18 00:00:00
3901679357,2024-04-15 20:30:59,2024-04-15 20:30:59
3884915177,2024-04-05 19:35:56,2024-04-05 19:35:56
3900957663,2024-04-17 22:00:50,2024-04-17 00:00:00
3904408473,2024-04-18 00:25:16,2024-04-18 00:25:16
3900087920,2024-04-15 20:52:16,2024-04-15 20:39:21
3905207996,2024-04-18 17:08:31,2024-04-18 17:08:31
3902311112,2024-04-19 06:28:35,2024-04-19 06:28:35
3901633102,2024-04-15 19:32:43,2024-04-15 19:32:43
3894996749,2024-04-11 19:08:11,2024-04-11 18:56:31
3902913831,2024-04-16 14:17:51,2024-04-16 14:17:51
3885823893,2024-04-06 03:22:05,2024-04-05 00:00:00
3902751952,2024-04-17 22:46:14,2024-04-17 00:00:00
3885851126,2024-04-06 04:16:23,2024-04-05 00:00:00
3904721059,2024-04-19 22:10:32,2024-04-19 00:00:00
3901984623,2024-04-19 03:11:50,2024-04-18 00:00:00
3888035108,2024-04-07 01:16:25,2024-04-07 01:16:25
3900966232,2024-04-17 22:42:20,2024-04-17 22:27:04
3903877152,2024-04-19 02:50:32,2024-04-18 00:00:00
3905371846,2024-04-19 03:28:35,2024-04-19 03:13:12
3901168703,2024-04-16 14:52:12,2024-04-16 14:39:25
3904920744,2024-04-18 14:01:08,2024-04-18 14:01:08
3901955345,2024-04-18 21:23:36,2024-04-18 21:23:36
3903825483,2024-04-18 21:22:06,2024-04-18 21:09:01
3895277427,2024-04-11 21:17:36,2024-04-11 21:09:48
3904969494,2024-04-18 16:03:04,2024-04-18 16:03:04
3884808730,2024-04-06 01:42:37,2024-04-06 01:42:37
3904945234,2024-04-18 15:22:03,2024-04-18 15:22:03
3905308636,2024-04-18 21:49:15,2024-04-18 21:35:45
3894562491,2024-04-12 03:16:41,2024-04-12 03:04:24
3902866676,2024-04-19 22:24:21,2024-04-19 22:24:21
3903847178,2024-04-18 22:48:20,2024-04-18 22:36:35
3887875266,2024-04-06 02:43:44,2024-04-06 02:28:16
3904392703,2024-04-17 22:56:50,2024-04-17 22:56:50
3905831299,2024-04-19 12:54:22,2024-04-19 12:54:22
3901667916,2024-04-15 20:26:26,2024-04-15 20:15:15
3903481015,2024-04-18 17:39:23,2024-04-18 00:00:00
3901682366,2024-04-15 20:44:15,2024-04-15 20:32:19
3902867197,2024-04-19 22:08:30,2024-04-19 21:56:11
3905393721,2024-04-19 04:52:34,2024-04-18 00:00:00
3903453845,2024-04-18 15:57:49,2024-04-18 15:57:49
3891008087,2024-04-11 17:56:47,2024-04-11 17:44:48
3905333647,2024-04-18 22:45:36,2024-04-18 22:41:01
3906251423,2024-04-19 22:41:12,2024-04-19 00:00:00
3891071517,2024-04-11 18:39:33,2024-04-11 18:39:33
3902943727,2024-04-16 15:25:13,2024-04-16 15:12:28
3891810847,2024-04-12 06:21:45,2024-04-12 06:21:45
3906253755,2024-04-19 22:58:45,2024-04-19 22:48:03
3904366420,2024-04-17 21:47:42,2024-04-17 21:36:32
3901985163,2024-04-19 02:26:57,2024-04-18 00:00:00
3885111701,2024-04-07 03:40:35,2024-04-07 03:40:35
3901942875,2024-04-18 20:47:59,2024-04-18 00:00:00
3904710007,2024-04-19 21:32:51,2024-04-19 00:00:00
3891816908,2024-04-12 06:25:32,2024-04-12 06:25:32
3884438389,2024-04-05 20:27:22,2024-04-05 20:27:22
3905254410,2024-04-18 19:36:49,2024-04-18 19:30:08
3900975990,2024-04-18 00:29:08,2024-04-18 00:16:54
3904086114,2024-04-19 12:15:02,2024-04-17 00:00:00
3884935342,2024-04-05 20:56:27,2024-04-05 20:44:27
3901675534,2024-04-15 20:44:56,2024-04-15 20:26:28
3902365732,2024-04-19 15:31:23,2024-04-19 15:31:23
3884434778,2024-04-05 20:21:31,2024-04-05 20:21:31
3885810223,2024-04-06 01:07:06,2024-04-06 00:55:40
3905287539,2024-04-18 20:41:45,2024-04-18 20:28:01
3887474517,2024-04-05 19:54:52,2024-04-05 19:54:52
3904712636,2024-04-19 21:59:47,2024-04-19 21:40:37
3900943715,2024-04-17 21:19:55,2024-04-17 21:19:55
3905880707,2024-04-19 15:21:03,2024-04-19 15:21:03
3891245999,2024-04-12 00:25:10,2024-04-12 00:25:10
3901672390,2024-04-15 20:25:50,2024-04-15 20:14:11
3888452850,2024-04-09 10:34:40,2024-04-08 16:17:08
3886838586,2024-04-09 09:19:30,2024-04-09 09:06:21
3898160908,2024-04-15 19:50:20,2024-04-15 19:50:20
3903827451,2024-04-18 21:25:44,2024-04-18 21:25:44
3895494172,2024-04-12 00:56:42,2024-04-12 00:56:42
3886486522,2024-04-09 06:13:12,2024-04-09 06:13:12
3905882431,2024-04-19 15:17:49,2024-04-19 15:17:49
3901944998,2024-04-18 21:16:27,2024-04-18 21:16:27
3904924549,2024-04-18 14:16:04,2024-04-18 14:16:04
3904406752,2024-04-18 00:54:52,2024-04-17 00:00:00
3887474177,2024-04-05 19:39:40,2024-04-05 19:39:40
3903885028,2024-04-19 03:50:10,2024-04-19 03:36:41
3904365387,2024-04-17 21:28:06,2024-04-17 21:28:06
3887909422,2024-04-09 04:31:35,2024-03-15 04:20:24
3894614628,2024-04-12 04:55:23,2024-04-12 04:33:48
3904999946,2024-04-18 17:00:34,2024-04-17 00:00:00
3904085733,2024-04-19 12:15:19,2024-04-08 00:00:00
3895542196,2024-04-12 03:08:38,2024-04-12 02:58:23
3905350064,2024-04-19 00:11:09,2024-04-18 23:55:45
3901977993,2024-04-19 01:54:28,2024-04-19 01:54:28
3895810656,2024-04-12 05:03:40,2024-04-11 00:00:00
3887701179,2024-04-05 20:27:25,2024-04-05 20:16:14
3902862901,2024-04-19 22:38:49,2024-04-19 22:27:01
3888022997,2024-04-06 11:13:48,2024-04-06 11:13:48
3885821385,2024-04-06 02:43:00,2024-04-06 02:30:57
3887712919,2024-04-05 20:55:09,2024-04-05 20:55:09
3887878759,2024-04-06 02:58:56,2024-04-06 02:47:39
3887907124,2024-04-09 04:25:59,2024-04-09 04:12:58
3886451987,2024-04-09 03:47:41,2024-04-08 00:00:00
3901357522,2024-04-18 15:32:42,2024-04-01 00:00:00
3905680547,2024-04-19 10:01:43,2024-04-19 10:01:43
3901935945,2024-04-18 18:47:55,2024-04-18 18:47:55
3904400889,2024-04-17 23:50:25,2024-04-17 00:00:00
3906220932,2024-04-19 21:25:14,2024-04-19 21:10:31
3904372004,2024-04-17 21:59:27,2024-04-17 21:46:55
3885804875,2024-04-06 01:26:10,2024-04-06 01:14:16
3887897611,2024-04-06 03:42:00,2024-04-06 03:30:38
3905878951,2024-04-19 15:31:20,2024-04-18 00:00:00
3885846885,2024-04-06 04:31:58,2024-04-06 04:11:45
3905327422,2024-04-18 22:25:06,2024-04-18 00:00:00
3891267962,2024-04-12 03:12:07,2024-04-12 03:00:57
3895805689,2024-04-12 04:59:38,2024-04-12 04:43:40
3884851658,2024-04-06 04:29:38,2024-04-06 04:17:00
3884436924,2024-04-05 20:37:05,2024-04-05 20:37:05
3905628852,2024-04-19 06:50:45,2024-04-19 06:50:45
3901351179,2024-04-18 14:30:22,2024-04-18 14:30:22
3905326685,2024-04-18 22:22:24,2024-04-18 00:00:00
3905368238,2024-04-19 02:33:07,2024-04-19 02:21:06
3902749818,2024-04-17 22:27:21,2024-04-17 22:14:11
3895594806,2024-04-12 04:16:29,2024-04-12 04:16:29
3884431507,2024-04-05 19:42:39,2024-04-05 19:31:19
3902800410,2024-04-19 18:35:45,2024-04-19 18:35:45
3906230559,2024-04-19 21:52:04,2024-04-19 21:36:36
3894941768,2024-04-11 18:21:53,2024-04-11 18:21:53
3898156782,2024-04-15 19:30:24,2024-04-15 19:18:05
3894533187,2024-04-12 00:36:58,2024-04-12 00:24:26
3895203068,2024-04-11 19:20:22,2024-04-11 00:00:00
3903447946,2024-04-18 16:00:16,2024-04-18 15:41:18
3887998116,2024-04-09 09:21:34,2024-04-08 00:00:00
3687125020,2024-04-06 21:08:33,2024-04-06 21:08:33
3905302215,2024-04-18 21:28:35,2024-04-18 00:00:00
3901941985,2024-04-18 20:41:25,2024-04-18 20:41:25
3901992458,2024-04-19 03:55:26,2024-04-19 03:44:09
3905299310,2024-04-18 21:11:42,2024-04-18 21:00:10
3904954776,2024-04-18 15:40:22,2024-04-18 15:27:26
3905345736,2024-04-19 00:22:30,2024-04-19 00:10:21
3905294892,2024-04-18 21:20:02,2024-04-17 00:00:00
3904378956,2024-04-17 22:15:40,2024-04-17 22:04:41
3894572063,2024-04-12 03:58:24,2024-04-12 03:38:52
3895595511,2024-04-12 04:23:08,2024-04-12 04:11:30
3904091249,2024-04-19 12:30:31,2024-04-19 12:30:31
3895542251,2024-04-12 03:12:41,2024-04-12 03:00:25
3904073438,2024-04-19 10:17:24,2024-04-19 10:06:02
3901651785,2024-04-15 20:02:26,2024-04-15 20:02:26
3884437433,2024-04-05 20:35:40,2024-04-05 20:35:40
3901368993,2024-04-18 16:13:22,2024-04-18 16:13:22
3906089341,2024-04-19 18:36:26,2024-04-19 18:36:26
3901484323,2024-04-15 19:01:55,2024-04-15 00:00:00
3889289291,2024-04-09 08:36:46,2024-04-09 08:19:03
3905369743,2024-04-19 03:10:29,2024-04-19 02:56:55
3902368514,2024-04-19 15:25:55,2024-04-19 15:25:55
3894567350,2024-04-12 03:33:03,2024-04-11 00:00:00
3884991627,2024-04-06 00:14:44,2024-03-11 23:59:57
3905667588,2024-04-19 09:38:27,2024-04-19 09:25:49
3889771181,2024-04-09 13:27:51,2024-04-09 13:27:51
3884435186,2024-04-05 20:08:53,2024-04-05 19:57:05
2147609712,2024-04-12 06:46:24,2024-04-12 06:32:22
3889425951,2024-04-09 09:36:41,2024-04-09 09:25:54
3903840440,2024-04-18 22:28:34,2024-04-18 00:00:00
3895547109,2024-04-12 03:26:20,2024-04-12 03:11:47
3887494800,2024-04-05 20:22:42,2024-04-05 20:11:14
3889477401,2024-04-09 10:18:16,2024-04-09 10:03:51
3901396404,2024-04-18 18:22:47,2024-04-18 18:22:47
3903870699,2024-04-19 01:56:58,2024-04-19 01:46:30
3889472187,2024-04-09 10:18:16,2024-04-09 10:01:50
3899529897,2024-04-16 14:58:57,2024-04-16 14:58:57
3901693418,2024-04-15 20:55:32,2024-04-15 20:55:32
3901698621,2024-04-15 21:14:32,2024-04-15 21:01:43
3887842011,2024-04-06 00:44:18,2024-04-06 00:44:18
3901348814,2024-04-18 14:47:11,2024-04-18 14:47:11
3901943108,2024-04-18 19:15:22,2024-04-17 00:00:00
3898174037,2024-04-15 20:38:58,2024-04-15 20:38:58
3905378057,2024-04-19 03:37:27,2024-04-19 03:24:56
3904949296,2024-04-18 15:32:16,2024-04-18 00:00:00
3899525111,2024-04-16 14:18:44,2024-04-16 14:18:44
3887871025,2024-04-06 02:23:31,2024-04-06 02:11:15
3905874306,2024-04-19 15:01:42,2024-04-19 15:01:42
3887999695,2024-04-09 10:04:12,2024-04-09 09:39:06
3904379663,2024-04-17 22:17:50,2024-04-17 00:00:00
3902746952,2024-04-17 22:15:18,2024-04-17 22:03:39
3905394719,2024-04-19 05:06:52,2024-04-19 04:55:22
3884867299,2024-04-06 06:24:22,2024-04-06 06:24:22
3903881563,2024-04-19 03:32:58,2024-04-19 03:20:40
3901366561,2024-04-18 16:18:29,2024-04-18 00:00:00
3886848085,2024-04-09 09:16:36,2024-04-09 09:16:36
3904957814,2024-04-18 15:57:07,2024-04-18 15:41:36
3902865613,2024-04-19 22:03:31,2024-04-19 22:03:31
3905317482,2024-04-18 22:14:48,2024-04-18 22:03:01
3906095958,2024-04-19 19:43:47,2024-04-19 19:43:47
3901667990,2024-04-15 20:28:10,2024-04-15 00:00:00
3905329501,2024-04-18 22:38:07,2024-04-18 00:00:00
3888005735,2024-04-06 03:58:11,2024-04-06 03:43:05
3905819298,2024-04-19 11:38:04,2024-04-19 11:38:04
3905206234,2024-04-18 17:02:08,2024-04-18 00:00:00
3904931961,2024-04-18 14:41:28,2024-04-18 14:41:28
3885102433,2024-04-06 08:41:03,2024-04-06 08:41:03
3903456669,2024-04-18 16:08:38,2024-04-18 16:08:38
3901943742,2024-04-18 20:17:52,2024-04-18 20:17:52
3895594816,2024-04-12 04:16:35,2024-04-12 04:16:35
3901976823,2024-04-19 01:02:21,2024-04-19 01:02:21
3905331726,2024-04-18 22:56:51,2024-04-18 00:00:00
3887587855,2024-04-09 04:15:55,2024-04-09 03:45:36
3905842543,2024-04-19 13:50:17,2024-04-19 13:37:11
3885870164,2024-04-06 05:57:19,2024-04-06 05:15:31
3891077252,2024-04-11 19:46:53,2024-04-11 19:18:03
3905271751,2024-04-18 20:21:16,2024-03-24 20:01:30
3904724933,2024-04-20 00:14:36,2024-04-19 00:00:00
3888025758,2024-04-06 12:15:45,2024-04-06 12:15:45
3900960580,2024-04-17 22:31:12,2024-04-17 22:17:50
3906225917,2024-04-19 21:29:19,2024-04-19 21:29:19
3894545521,2024-04-12 01:26:06,2024-04-12 01:14:12
3891271651,2024-04-12 03:08:50,2024-04-12 02:57:28
3904389540,2024-04-17 22:44:04,2024-04-17 22:44:04
3901392081,2024-04-18 17:20:05,2024-04-18 17:20:05
3891808115,2024-04-12 05:01:27,2024-04-12 05:01:27
3887489324,2024-04-05 20:03:20,2024-04-05 20:03:20
3891076409,2024-04-11 19:35:10,2024-04-11 19:22:13
3887705990,2024-04-05 20:48:54,2024-04-05 20:38:13
3885827659,2024-04-06 03:20:50,2024-04-05 00:00:00
3901695367,2024-04-15 21:08:53,2024-04-15 20:52:00
3902322968,2024-04-19 09:19:24,2024-04-19 09:06:20
3905830192,2024-04-19 12:35:03,2024-04-19 12:35:03
3889720611,2024-04-09 12:18:14,2024-04-09 12:18:14
3885865475,2024-04-06 05:13:26,2024-04-06 04:46:25
3901936513,2024-04-18 19:12:24,2024-04-18 19:12:24
3901345859,2024-04-18 14:16:53,2024-04-18 14:16:53
3901345891,2024-04-18 14:18:32,2024-04-18 14:18:32
3887702406,2024-04-05 20:35:49,2024-04-05 20:23:27
3895598320,2024-04-12 04:37:30,2024-04-11 00:00:00
3902750580,2024-04-17 22:25:02,2024-04-17 00:00:00
3894561107,2024-04-12 02:52:30,2024-04-12 02:39:20
3904706397,2024-04-19 21:32:17,2024-04-19 00:00:00
3901936355,2024-04-18 18:52:06,2024-04-18 18:52:06
3905845985,2024-04-19 13:58:45,2024-04-19 13:58:45
3904970171,2024-04-18 15:54:22,2024-04-18 15:54:22
3905339212,2024-04-18 23:06:07,2024-04-18 22:53:58
3905607723,2024-04-19 05:37:19,2024-04-19 05:26:04
3895815426,2024-04-12 05:09:22,2024-04-12 04:58:26
3901945130,2024-04-18 20:36:25,2024-04-18 00:00:00
3901981173,2024-04-19 00:02:05,2024-04-19 00:02:05
3888020348,2024-04-06 04:21:19,2024-04-06 04:03:31
3904394014,2024-04-17 22:56:18,2024-04-17 22:39:02
3902365035,2024-04-19 15:12:31,2024-04-19 14:59:15
3891071634,2024-04-11 18:58:33,2024-04-11 18:58:33
3901980502,2024-04-19 00:46:29,2024-04-19 00:33:16
3904954992,2024-04-18 15:34:53,2024-04-18 15:34:53
3900961626,2024-04-17 22:41:42,2024-04-17 22:41:42
3884914703,2024-04-05 19:57:34,2024-04-05 19:57:34
3904961093,2024-04-18 16:20:33,2024-04-18 16:20:33
3904933184,2024-04-18 14:28:59,2024-04-18 14:28:59
3901672074,2024-04-15 20:22:12,2024-04-15 00:00:00
3884919292,2024-04-05 20:11:15,2024-04-05 19:59:51
3887853960,2024-04-06 01:52:43,2024-04-06 01:40:39
3904057428,2024-04-19 08:16:37,2024-04-19 08:05:15
3894412823,2024-04-11 21:16:38,2024-04-11 21:05:27
3904069101,2024-04-19 10:01:01,2024-04-19 09:39:16
3886216020,2024-04-06 20:34:00,2024-04-06 20:34:00
3900967019,2024-04-17 22:45:32,2024-04-17 22:45:32
3906255158,2024-04-19 22:52:16,2024-04-19 22:39:17
3904388597,2024-04-17 22:53:20,2024-04-17 22:41:23
3888954708,2024-04-09 03:50:58,2024-04-09 03:33:08
3902787231,2024-04-18 01:47:48,2024-04-18 01:47:48
3888025697,2024-04-06 11:25:54,2024-04-06 11:25:54
3902756829,2024-04-17 23:26:53,2024-04-17 00:00:00
3901982026,2024-04-18 23:21:13,2024-04-18 23:21:13
3902344386,2024-04-19 12:27:14,2024-04-19 12:27:14
3887878826,2024-04-06 03:07:44,2024-04-06 02:51:49
3901391195,2024-04-18 17:33:56,2024-04-18 17:33:56
3885858036,2024-04-06 04:27:12,2024-04-05 00:00:00
3891082220,2024-04-11 20:06:10,2024-04-11 20:06:10
3905291352,2024-04-18 20:32:45,2024-04-18 20:32:45
3901346935,2024-04-18 15:26:49,2024-04-18 15:26:49
3900072460,2024-04-15 19:21:57,2024-04-15 19:21:57
3885111458,2024-04-06 22:12:02,2024-04-06 22:12:02
3900944549,2024-04-17 21:29:47,2024-04-17 21:18:26
3891019682,2024-04-11 18:19:58,2024-04-11 18:19:58
3906231335,2024-04-19 21:52:15,2024-04-19 21:40:36
3901984335,2024-04-19 02:46:54,2024-04-19 00:00:00
3904359917,2024-04-17 21:37:14,2024-04-17 21:20:52
3906250429,2024-04-19 22:30:19,2024-04-19 22:11:24
3887476809,2024-04-05 19:53:04,2024-04-05 19:53:04
3904501831,2024-04-19 14:37:45,2024-04-19 14:26:40
3887713280,2024-04-05 20:42:33,2024-04-05 20:42:33
3887496291,2024-04-05 20:27:00,2024-04-05 00:00:00
3899522711,2024-04-16 14:40:23,2024-04-16 14:40:23
3903891949,2024-04-19 04:46:50,2024-04-19 04:34:08
3905326927,2024-04-18 22:31:31,2024-04-18 22:17:27
3904503158,2024-04-19 14:37:45,2024-04-19 14:25:55
3903814159,2024-04-18 20:20:28,2024-04-18 20:08:20
3886883359,2024-04-09 12:13:55,2024-04-09 12:13:55
3888972919,2024-04-09 04:11:43,2024-04-09 03:55:34
3902360797,2024-04-19 15:01:11,2024-04-19 15:01:11
3902865878,2024-04-19 22:27:23,2024-04-19 22:27:23
3887718474,2024-04-05 20:56:20,2024-04-05 20:56:20
3889720466,2024-04-09 12:39:12,2024-04-09 12:17:29
3904566830,2024-04-19 18:30:16,2024-04-19 00:00:00
3905314792,2024-04-18 22:23:56,2024-04-18 22:03:24
3895524751,2024-04-12 02:33:03,2024-04-12 02:19:50
3904992645,2024-04-18 16:52:28,2024-04-17 00:00:00
3901976568,2024-04-19 00:09:24,2024-04-19 00:09:24
3903465373,2024-04-18 16:20:17,2024-04-18 16:20:17
3905370125,2024-04-19 02:29:46,2024-04-19 02:16:23
3902947294,2024-04-16 15:13:36,2024-04-09 00:00:00
3905255131,2024-04-18 19:10:39,2024-04-18 19:10:39
3891252189,2024-04-12 00:46:55,2024-04-12 00:32:13
3894543920,2024-04-12 01:26:06,2024-04-12 01:14:09
3901356605,2024-04-18 15:12:49,2024-04-18 15:12:49
3880176089,2024-04-11 17:54:50,2024-04-11 17:54:50
3901630280,2024-04-15 19:44:28,2024-04-15 19:44:28
3891077558,2024-04-11 19:43:07,2024-04-11 19:31:14
3901941624,2024-04-18 20:10:47,2024-04-18 20:10:47
3894882264,2024-04-11 17:11:40,2024-04-11 17:11:40
3895809333,2024-04-12 04:57:12,2024-04-11 00:00:00
3905247486,2024-04-18 18:58:07,2024-04-18 18:58:07
3902862526,2024-04-19 21:52:46,2024-04-19 21:52:46
3888025698,2024-04-06 11:26:10,2024-04-06 11:26:10
3902913489,2024-04-16 14:16:06,2024-04-16 14:16:06
3888000713,2024-04-06 03:49:32,2024-04-06 03:33:21
3885861425,2024-04-06 04:55:17,2024-04-06 04:37:36
3906096213,2024-04-19 19:11:48,2024-04-19 19:11:48
3894555997,2024-04-12 03:11:54,2024-04-11 00:00:00
3898169293,2024-04-15 20:27:22,2024-04-15 20:11:57
3891027917,2024-04-11 18:31:52,2024-04-11 18:19:48
3904392478,2024-04-17 22:54:03,2024-04-17 22:42:38
3895594808,2024-04-12 04:16:31,2024-04-12 04:16:31
3900959733,2024-04-17 22:32:35,2024-04-17 00:00:00
3884442151,2024-04-05 20:46:43,2024-04-05 20:46:43
3902760416,2024-04-17 23:31:36,2024-04-17 00:00:00
3898169787,2024-04-15 20:45:17,2024-04-15 20:32:54
3887870884,2024-04-06 02:39:46,2024-04-06 02:28:04
3905208364,2024-04-18 17:20:26,2024-04-18 16:57:14
3894957728,2024-04-11 18:32:35,2024-04-11 18:32:35
3905839602,2024-04-19 13:27:30,2024-04-19 13:27:30
3904406737,2024-04-18 00:42:02,2024-04-18 00:42:02
3905323994,2024-04-18 22:26:45,2024-04-18 22:14:18
3906256029,2024-04-19 22:48:53,2024-04-19 00:00:00
3901351288,2024-04-18 14:46:20,2024-04-18 14:46:20
3895521584,2024-04-12 02:17:40,2024-04-12 02:05:23
3904094974,2024-04-19 14:23:12,2024-04-19 14:08:23
3904357866,2024-04-17 21:26:02,2024-04-17 21:14:23
3901343659,2024-04-18 13:58:41,2024-04-18 13:58:41
3901345958,2024-04-18 14:36:26,2024-04-18 00:00:00
3905203277,2024-04-18 17:02:08,2024-04-18 00:00:00
3901662953,2024-04-15 20:18:41,2024-04-15 20:18:41
3898160667,2024-04-15 19:27:13,2024-04-15 19:27:13
3905310321,2024-04-18 21:53:51,2024-04-18 21:38:31
3905363545,2024-04-19 02:15:47,2024-04-18 00:00:00
3894567339,2024-04-12 03:33:03,2024-04-11 00:00:00
3889750545,2024-04-09 12:52:31,2024-04-09 12:52:31
3899520176,2024-04-16 14:14:13,2024-04-16 14:14:13
3884434305,2024-04-05 20:21:29,2024-04-05 20:09:11
3902938935,2024-04-16 15:21:38,2024-04-16 00:00:00
3904972425,2024-04-18 16:06:02,2024-04-18 16:06:02
3889453588,2024-04-09 10:12:11,2024-04-09 09:55:31
3904417933,2024-04-18 02:23:58,2024-04-18 02:12:50
3902359183,2024-04-19 14:36:35,2024-04-19 14:36:35
3902759692,2024-04-18 00:15:08,2024-03-23 23:59:36
3906091917,2024-04-19 19:02:53,2024-04-19 19:02:53
3902357249,2024-04-19 14:26:31,2024-04-19 14:26:31
3898160943,2024-04-15 19:53:00,2024-04-15 19:53:00
3905816860,2024-04-19 12:01:12,2024-04-19 12:01:12
3904390368,2024-04-17 22:49:45,2024-04-17 22:37:56
3904986891,2024-04-18 16:25:35,2024-04-18 16:25:35
3895271679,2024-04-11 21:12:40,2024-04-11 20:59:20
3901392259,2024-04-18 17:39:58,2024-04-18 17:39:58
3904428574,2024-04-18 02:49:13,2024-04-18 02:37:45
3901347571,2024-04-18 14:16:17,2024-04-18 14:16:17
3901167602,2024-04-16 14:44:29,2024-04-16 14:32:30
3904707273,2024-04-19 21:18:02,2024-04-19 21:18:02
3895570410,2024-04-12 04:08:48,2024-04-11 00:00:00
3884895985,2024-04-06 07:24:33,2024-04-06 07:24:33
3895599270,2024-04-12 04:37:30,2024-04-11 00:00:00
3884435854,2024-04-05 20:27:46,2024-04-05 20:27:46
3905856091,2024-04-19 14:23:20,2024-04-19 14:08:51
3906254496,2024-04-19 22:52:16,2024-04-19 22:39:18
3905341063,2024-04-18 23:09:06,2024-04-18 00:00:00
3905818531,2024-04-19 11:49:41,2024-04-19 11:49:41
3901954675,2024-04-18 21:44:57,2024-04-18 00:00:00
3904956350,2024-04-18 15:23:08,2024-04-18 15:22:58
3905313233,2024-04-18 22:01:09,2024-04-18 00:00:00
3905240354,2024-04-18 18:14:23,2024-04-18 18:14:23
3894564155,2024-04-12 03:19:00,2024-04-12 03:07:36
3901955876,2024-04-18 21:56:43,2024-04-18 21:44:28
3898163079,2024-04-15 19:36:20,2024-04-15 19:24:43
3904428551,2024-04-18 02:47:54,2024-04-18 02:35:54
3904392063,2024-04-17 22:42:42,2024-04-17 22:24:51
3901357943,2024-04-18 15:48:27,2024-04-17 00:00:00
3888979219,2024-04-09 04:09:36,2024-04-09 03:58:47
3906247540,2024-04-19 22:27:21,2024-04-19 22:11:09
3884435681,2024-04-05 20:13:59,2024-04-05 20:13:59
3905310386,2024-04-18 21:54:29,2024-04-18 21:42:58
3901677723,2024-04-15 20:43:51,2024-04-15 20:32:15
3887907757,2024-04-09 04:44:31,2024-04-09 04:26:03
3906099226,2024-04-19 19:29:24,2024-04-19 19:29:24
3904400613,2024-04-17 23:31:04,2024-04-17 23:31:04
3891251523,2024-04-12 01:30:16,2024-04-12 01:18:13
3888027130,2024-04-06 11:07:43,2024-04-06 11:07:43
3906254726,2024-04-19 23:09:51,2024-04-19 22:50:03
3904369261,2024-04-17 21:37:53,2024-04-17 21:34:01
3901938381,2024-04-18 19:30:19,2024-04-18 19:17:56
3902839674,2024-04-19 21:14:35,2024-04-19 00:00:00
3901389731,2024-04-18 17:56:17,2024-04-18 17:56:17
3905204634,2024-04-18 17:08:53,2024-04-18 16:54:05
3905656195,2024-04-19 08:42:50,2024-04-19 08:28:12
3906091750,2024-04-19 18:57:07,2024-04-19 00:00:00
3901388602,2024-04-18 17:44:48,2024-04-18 17:44:48
3904960371,2024-04-18 15:40:15,2024-04-18 15:40:15
3905881612,2024-04-19 15:31:20,2024-04-18 00:00:00
3904068869,2024-04-19 10:07:56,2024-04-18 00:00:00
3895269284,2024-04-11 21:16:54,2024-04-11 00:00:00
3905611304,2024-04-19 05:51:27,2024-04-19 05:51:27
3903476468,2024-04-18 17:00:44,2024-04-18 17:00:44
3891093300,2024-04-11 21:12:17,2024-04-11 21:01:05
3904367283,2024-04-17 21:35:35,2024-04-17 21:35:35
3901373702,2024-04-18 16:34:18,2024-04-18 16:34:18
3905238869,2024-04-18 18:40:41,2024-04-18 18:40:41
3905330565,2024-04-18 22:43:47,2024-04-18 22:28:10
3905664725,2024-04-19 09:27:52,2024-04-19 09:16:01
3902947884,2024-04-16 15:27:09,2024-04-16 15:15:24
3901956551,2024-04-18 21:46:26,2024-04-18 00:00:00
3904990686,2024-04-18 17:00:19,2024-04-18 00:00:00
3885101334,2024-04-06 07:24:01,2024-04-06 07:24:01
3884827386,2024-04-06 03:12:08,2024-04-06 00:00:00
3903497399,2024-04-18 18:34:48,2024-04-18 18:34:48
3891246931,2024-04-12 00:26:34,2024-04-12 00:26:34
3894888973,2024-04-11 17:37:32,2024-04-11 17:25:55
3901942967,2024-04-18 20:45:32,2024-04-18 20:45:32
3905333185,2024-04-18 22:38:07,2024-03-24 22:24:32
3898176327,2024-04-15 21:00:28,2024-04-15 21:00:28
3887105459,2024-04-09 13:38:02,2024-04-09 13:38:02
3889715346,2024-04-09 12:23:07,2024-04-09 12:12:01
3889488825,2024-04-09 10:37:44,2024-04-08 00:00:00
3901694257,2024-04-15 20:49:33,2024-04-15 20:49:33
3894533362,2024-04-12 00:36:58,2024-04-12 00:24:44
3904385842,2024-04-17 22:45:26,2024-04-17 22:32:51
3898166952,2024-04-15 20:45:17,2024-04-15 20:32:54
3904361736,2024-04-17 21:52:13,2024-04-17 21:33:17
3899534475,2024-04-16 15:01:25,2024-04-16 15:01:25
3891076949,2024-04-11 20:02:53,2024-04-11 20:02:53
3904710263,2024-04-19 21:43:00,2024-04-19 00:00:00
3901168684,2024-04-16 14:39:56,2024-04-16 14:39:56
3894612614,2024-04-12 04:48:35,2024-04-12 04:31:36
3901393077,2024-04-18 17:25:56,2024-04-18 17:25:56
3903472757,2024-04-18 17:24:55,2024-04-18 16:46:14
3902746649,2024-04-17 21:46:34,2024-04-17 21:46:34
3904362475,2024-04-17 21:40:45,2024-04-17 00:00:00
3885851345,2024-04-06 04:20:46,2024-04-05 00:00:00
3888993529,2024-04-09 04:19:29,2024-04-09 04:03:44
3890895616,2024-04-11 17:35:34,2024-04-11 17:35:34
3901976386,2024-04-18 23:46:44,2024-04-18 23:35:16
3901694885,2024-04-15 21:12:23,2024-04-15 20:59:49
3903846170,2024-04-18 23:02:05,2024-04-18 22:34:39
3902789482,2024-04-18 02:47:19,2024-04-17 00:00:00
3904096451,2024-04-19 13:28:45,2024-04-19 13:28:45
3898160983,2024-04-15 20:02:26,2024-04-15 20:02:26
3901940460,2024-04-18 19:38:46,2024-04-18 19:38:46
3901990337,2024-04-19 03:11:50,2024-04-18 00:00:00
3887493742,2024-04-05 20:22:59,2024-04-05 20:10:53
3905209328,2024-04-18 17:20:25,2024-04-18 16:57:02
3903475258,2024-04-18 16:50:58,2024-04-18 16:38:48
3895839644,2024-04-12 06:08:13,2024-04-12 05:55:44
3894567314,2024-04-12 03:29:10,2024-04-12 00:00:00
3904514243,2024-04-19 15:37:30,2024-04-19 00:00:00
3894874027,2024-04-11 17:08:46,2024-04-11 00:00:00
3906090992,2024-04-19 18:59:18,2024-04-19 18:59:18
3898173161,2024-04-15 20:36:30,2024-04-15 20:36:30
3889702854,2024-04-09 11:10:43,2024-04-09 11:10:43
3884880475,2024-04-06 06:34:34,2024-04-06 06:34:34
3905693847,2024-04-19 10:52:38,2024-04-19 10:52:38
3889495472,2024-04-09 10:27:47,2024-04-09 10:27:47
3906072618,2024-04-19 18:08:46,2024-04-19 18:08:46
3889126518,2024-04-09 05:06:43,2024-04-09 04:55:58
3901979920,2024-04-19 02:14:51,2024-04-19 02:03:02
3905873545,2024-04-19 15:04:38,2024-04-19 15:04:38
3905308725,2024-04-18 21:51:52,2024-04-18 21:39:40
3899527095,2024-04-16 14:40:03,2024-04-16 14:27:31
3906096199,2024-04-19 19:08:33,2024-04-19 19:08:33
3895207749,2024-04-11 19:37:10,2024-04-11 19:37:10
3906247604,2024-04-19 22:37:12,2024-04-19 22:14:01
3904388363,2024-04-17 22:44:54,2024-04-17 22:32:05
3884425580,2024-04-05 20:12:00,2024-04-05 20:12:00
3902876607,2024-04-19 23:59:12,2024-04-19 23:59:12
3902740865,2024-04-17 21:49:55,2024-04-17 00:00:00
3901956557,2024-04-18 21:44:41,2024-04-18 21:32:45
3899537964,2024-04-16 15:16:44,2024-04-16 15:16:44
3905644981,2024-04-19 08:21:27,2024-04-19 00:00:00
3906224302,2024-04-19 21:22:40,2024-04-19 00:00:00
3902734451,2024-04-17 21:18:27,2024-04-17 21:04:40
3901679303,2024-04-15 20:44:55,2024-04-15 20:28:03
3905377065,2024-04-19 03:36:58,2024-04-19 03:25:31
3900966028,2024-04-17 22:26:45,2024-04-17 22:07:16
3891277662,2024-04-12 03:44:41,2024-04-12 03:31:24
3901983542,2024-04-19 01:41:50,2024-04-19 01:41:50
3905374465,2024-04-19 03:52:37,2024-04-19 03:32:54
3887872386,2024-04-06 02:43:44,2024-04-06 02:27:54
3905293354,2024-04-18 20:53:31,2024-04-18 20:42:27
3906227798,2024-04-19 21:40:23,2024-04-19 00:00:00
3904716517,2024-04-19 22:10:04,2024-04-19 00:00:00
3904503289,2024-04-19 14:46:08,2024-04-19 00:00:00
3905368202,2024-04-19 02:31:00,2024-04-18 00:00:00
3891255174,2024-04-12 00:57:40,2024-04-12 00:57:40
3901668603,2024-04-15 20:22:10,2024-04-15 20:10:53
3906248652,2024-04-19 22:30:14,2024-04-19 22:17:04
3900958203,2024-04-17 21:42:53,2024-04-17 21:42:53
3905824742,2024-04-19 12:32:07,2024-04-19 12:32:07
3901990052,2024-04-19 02:42:53,2024-04-19 02:30:55
3906229256,2024-04-19 21:35:58,2024-04-19 21:25:40
3902867427,2024-04-19 22:18:00,2024-04-19 22:18:00
3884443818,2024-04-05 21:17:16,2024-04-05 00:00:00
3903823721,2024-04-18 21:18:55,2024-04-18 00:00:00
3895815394,2024-04-12 05:09:23,2024-04-12 04:58:13
3894893665,2024-04-11 17:34:08,2024-04-11 17:34:08
3904949777,2024-04-18 15:21:24,2024-04-18 15:17:04
3887915007,2024-04-09 04:50:41,2024-04-08 00:00:00
3905875307,2024-04-19 15:09:53,2024-04-19 15:09:53
3901695283,2024-04-15 21:03:08,2024-04-15 20:50:57
3901389270,2024-04-18 17:14:13,2024-04-18 17:14:13
3901694949,2024-04-15 21:14:09,2024-04-15 21:01:57
3902855139,2024-04-19 21:39:56,2024-04-19 21:39:56
3905871160,2024-04-19 15:03:10,2024-04-18 00:00:00
3901698255,2024-04-15 20:54:52,2024-04-15 20:54:52
3889484364,2024-04-09 10:26:37,2024-04-09 10:14:45
3901379546,2024-04-18 17:01:20,2024-04-18 17:01:20
3905289410,2024-04-18 20:37:21,2024-04-18 20:26:04
3898155797,2024-04-15 18:57:59,2024-04-15 18:57:59
3894277628,2024-04-11 18:36:40,2024-04-11 18:27:55
3904390385,2024-04-17 22:52:56,2024-04-17 22:38:58
3900072233,2024-04-15 19:05:57,2024-04-15 19:05:57
3894216382,2024-04-11 17:42:12,2024-04-11 17:42:12
3898164159,2024-04-15 19:38:31,2024-04-15 19:38:31
3894218302,2024-04-11 17:42:02,2024-04-11 00:00:00
3904726723,2024-04-20 00:14:37,2024-04-11 00:00:00
3891093071,2024-04-11 21:11:39,2024-04-11 20:57:25
3902350743,2024-04-19 14:11:44,2024-04-19 14:11:44
3891278470,2024-04-12 03:26:32,2024-04-12 03:26:32
3904389582,2024-04-17 22:59:43,2024-04-17 00:00:00
3903878014,2024-04-19 02:30:16,2024-04-18 00:00:00
3902348757,2024-04-19 13:56:36,2024-04-19 13:56:36
3905801167,2024-04-19 11:12:34,2024-04-19 00:00:00
3905333290,2024-04-18 22:30:40,2024-04-18 22:30:40
3901937905,2024-04-18 20:20:06,2024-04-18 20:07:54
3885812217,2024-04-06 02:05:40,2024-04-06 01:49:22
3902754968,2024-04-17 23:01:57,2024-04-17 00:00:00
3902943732,2024-04-16 15:26:16,2024-04-16 15:12:39
3905397477,2024-04-19 04:57:57,2024-04-19 04:44:48
3904399930,2024-04-17 23:50:25,2024-04-17 00:00:00
3904992740,2024-04-18 16:46:28,2024-04-18 16:34:35
3903881487,2024-04-19 03:32:49,2024-04-18 00:00:00
3887882381,2024-04-06 03:06:42,2024-04-05 00:00:00
3906255683,2024-04-19 23:04:06,2024-04-19 23:04:06
3887868799,2024-04-06 02:30:54,2024-04-05 00:00:00
3894996733,2024-04-11 18:56:57,2024-04-11 18:56:57
3903471527,2024-04-18 16:50:31,2024-04-18 16:38:57
3898158901,2024-04-15 19:31:06,2024-04-15 19:31:06
3901954135,2024-04-18 21:42:54,2024-04-18 21:19:29
3891276321,2024-04-12 03:14:16,2024-04-12 03:14:16
3902845044,2024-04-19 21:24:19,2024-04-19 21:12:18
3901139606,2024-04-16 15:19:27,2024-04-16 12:45:54
3889485844,2024-04-09 10:37:03,2024-04-09 10:19:51
3904380998,2024-04-17 22:31:35,2024-04-17 22:19:04
3904387323,2024-04-17 22:23:33,2024-04-17 00:00:00
3886832801,2024-04-09 08:32:57,2024-04-09 08:32:57
3889126796,2024-04-09 05:10:27,2024-04-09 04:59:26
3906236420,2024-04-19 22:05:26,2024-04-19 00:00:00
3884915772,2024-04-05 20:10:44,2024-04-05 00:00:00
3903879087,2024-04-19 02:58:00,2024-04-19 02:30:01
3891250854,2024-04-12 01:58:58,2024-04-12 01:47:21
3904720665,2024-04-19 22:32:43,2024-04-19 22:14:20
3905329299,2024-04-18 22:37:10,2024-04-18 22:15:53
3906249800,2024-04-19 22:33:23,2024-04-19 22:33:23
3904506938,2024-04-19 15:14:27,2024-04-19 15:02:52
3905851424,2024-04-19 14:18:48,2024-04-19 00:00:00
3889424146,2024-04-09 09:16:24,2024-04-09 09:16:24
3895809121,2024-04-12 04:59:38,2024-04-12 04:44:04
3894938321,2024-04-11 18:15:47,2024-04-11 18:15:47
3901997613,2024-04-19 04:25:59,2024-04-19 04:07:43
3901964371,2024-04-18 22:19:19,2024-04-18 22:19:19
3902316836,2024-04-19 08:45:28,2024-04-19 08:32:53
3905669416,2024-04-19 09:43:22,2024-04-15 00:00:00
3903881531,2024-04-19 03:32:49,2024-04-18 00:00:00
3890896255,2024-04-11 17:30:16,2024-04-11 17:30:16
3887700479,2024-04-05 20:29:52,2024-04-05 00:00:00
3902349750,2024-04-19 13:58:12,2024-04-19 13:58:12
3902343477,2024-04-19 12:46:17,2024-04-19 12:34:46
3887835724,2024-04-06 00:31:27,2024-04-06 00:19:42
3904563633,2024-04-19 18:05:45,2024-04-19 17:53:30
3905338327,2024-04-18 23:08:19,2024-04-18 22:55:59
3898161354,2024-04-15 19:13:22,2024-04-15 19:13:22
3904992207,2024-04-18 16:33:53,2024-04-18 16:21:46
3901177193,2024-04-16 14:52:32,2024-04-16 14:52:32
3901392151,2024-04-18 17:33:54,2024-04-18 17:33:54
3885844674,2024-04-06 04:19:35,2024-04-05 00:00:00
3902783333,2024-04-18 00:54:20,2024-04-18 00:42:38
3891082049,2024-04-11 19:55:36,2024-04-11 19:55:36
3903805731,2024-04-18 19:42:05,2024-04-18 19:37:05
3903838955,2024-04-18 22:33:01,2024-04-18 00:00:00
3903474709,2024-04-18 17:03:25,2024-04-18 00:00:00
3889490159,2024-04-09 10:37:04,2024-04-09 10:19:48
3888030787,2024-04-06 21:23:02,2024-04-06 21:23:02
3889739306,2024-04-09 12:32:21,2024-04-09 12:32:21
3898159418,2024-04-15 18:52:16,2024-04-15 18:52:16
3904057429,2024-04-19 08:16:37,2024-04-19 08:05:16
3901635569,2024-04-15 20:08:01,2024-04-15 20:08:01
3901989066,2024-04-19 02:42:54,2024-04-19 02:30:27
3906252382,2024-04-19 22:35:07,2024-04-19 22:21:10
3894905577,2024-04-11 18:01:44,2024-04-11 17:48:51
3905314126,2024-04-18 21:59:06,2024-04-18 21:46:29
3902747249,2024-04-17 22:00:17,2024-04-17 21:44:01
3886881398,2024-04-09 11:40:46,2024-04-09 11:40:46
3903830542,2024-04-18 21:47:43,2024-04-18 21:34:04
3902361636,2024-04-19 15:11:02,2024-04-19 14:57:07
3902925275,2024-04-16 14:32:28,2024-04-16 14:32:28
3891255108,2024-04-12 00:45:09,2024-04-12 00:45:09
3887836979,2024-04-06 00:44:46,2024-04-06 00:44:46
3904575428,2024-04-19 19:05:10,2024-04-02 00:00:00
3886213531,2024-04-06 20:32:54,2024-04-06 20:32:54
3895844926,2024-04-12 06:15:58,2024-04-12 06:15:58
3901939831,2024-04-18 20:17:19,2024-04-18 20:17:19
3899532160,2024-04-16 15:01:18,2024-04-16 15:01:18
3514667133,2024-04-15 19:57:54,2024-04-15 19:57:54
3906255414,2024-04-19 23:02:06,2024-04-19 00:00:00
3906247864,2024-04-19 22:38:11,2024-04-19 22:27:15
3905295449,2024-04-18 21:10:19,2024-04-18 20:55:47
3906079018,2024-04-19 18:28:37,2024-04-19 18:16:17
3903450108,2024-04-18 15:36:18,2024-04-18 00:00:00
3906083123,2024-04-19 18:25:54,2024-04-19 18:25:54
3901171097,2024-04-16 14:37:42,2024-04-16 14:26:46
3905329814,2024-04-18 23:11:10,2024-04-18 22:37:44
3905833561,2024-04-19 13:06:34,2024-04-19 13:06:34
3888035026,2024-04-07 00:22:18,2024-04-07 00:22:18
3888006812,2024-04-06 04:00:16,2024-04-06 03:46:44
3888964506,2024-04-09 03:55:33,2024-04-09 03:45:36
3904975048,2024-04-18 16:12:11,2024-03-24 16:02:00
3903809481,2024-04-18 20:11:50,2024-04-18 19:54:24
3904398777,2024-04-17 23:25:46,2024-04-17 23:25:46
3902360091,2024-04-19 14:35:19,2024-04-19 14:35:19
3901647510,2024-04-15 19:55:35,2024-04-15 19:55:35
3889434548,2024-04-09 09:40:52,2024-04-09 09:30:26
3885836996,2024-04-06 04:07:06,2024-04-05 00:00:00
3901967292,2024-04-18 22:39:06,2024-04-18 22:39:06
3905617945,2024-04-19 06:42:27,2024-04-19 06:42:27
3904363364,2024-04-17 21:24:18,2024-04-17 21:24:18
3904709049,2024-04-19 21:32:51,2024-04-19 00:00:00
3898162623,2024-04-15 19:30:21,2024-04-15 19:30:21
3900070190,2024-04-15 18:44:16,2024-04-15 18:44:16
3885104451,2024-04-06 10:56:07,2024-04-06 10:56:07
3903842155,2024-04-18 22:28:42,2024-04-18 22:17:36
3906225767,2024-04-19 21:39:26,2024-04-19 21:25:00
3902928653,2024-04-16 14:51:42,2024-04-16 14:40:02
3901943601,2024-04-18 20:09:52,2024-04-18 20:09:52
3899517717,2024-04-16 14:13:59,2024-04-16 14:13:59
3904060802,2024-04-19 09:27:15,2024-04-19 09:15:17
3884891473,2024-04-06 06:40:31,2024-04-06 06:40:31
3889434759,2024-04-09 09:50:54,2024-04-09 09:32:56
3889149589,2024-04-09 05:50:19,2024-04-09 00:00:00
3903842534,2024-04-18 23:04:20,2024-04-18 22:36:11
3898160535,2024-04-15 19:36:20,2024-04-15 19:24:51
3901965327,2024-04-18 22:26:36,2024-04-18 22:13:06
3891252548,2024-04-12 01:22:17,2024-04-12 01:22:17
3889437509,2024-04-09 09:50:54,2024-04-09 09:32:57
3891280413,2024-04-12 03:46:18,2024-04-11 00:00:00
3884432683,2024-04-05 20:07:46,2024-04-05 20:07:46
3901937395,2024-04-18 18:56:47,2024-04-18 18:56:47
3901359166,2024-04-18 15:18:03,2024-04-18 00:00:00
3904998436,2024-04-18 16:43:13,2024-04-18 16:43:13
3905608578,2024-04-19 05:37:18,2024-04-19 05:37:18
3904501720,2024-04-19 14:15:19,2024-04-19 14:15:19
3888001295,2024-04-06 03:41:59,2024-04-06 03:30:29
3905345005,2024-04-18 23:37:29,2024-04-18 23:25:57
3900089527,2024-04-15 20:32:12,2024-04-15 20:29:24
3906259433,2024-04-19 23:08:45,2024-04-19 00:00:00
3900944194,2024-04-17 21:27:46,2024-04-17 21:14:27
3901949561,2024-04-18 21:20:50,2024-04-18 00:00:00
3903839262,2024-04-18 22:21:30,2024-04-18 22:02:08
3900067646,2024-04-15 18:50:57,2024-04-15 18:50:57
3885831267,2024-04-06 03:34:47,2024-04-06 03:18:30
3905249469,2024-04-18 19:00:01,2024-04-18 19:00:01
3899519511,2024-04-16 14:15:09,2024-04-16 14:15:09
3899525628,2024-04-16 14:42:22,2024-04-16 14:42:22
3903473529,2024-04-18 17:13:28,2024-04-18 16:39:46
3889113335,2024-04-09 04:41:39,2024-04-09 04:29:31
3894681049,2024-04-12 06:50:19,2024-04-12 06:50:19
3904089081,2024-04-19 12:15:19,2024-04-10 00:00:00
3902786746,2024-04-18 02:38:47,2024-04-18 02:26:07
3887915130,2024-04-09 04:55:17,2024-04-09 04:39:05
3887841149,2024-04-06 00:43:25,2024-04-06 00:43:25
3904936266,2024-04-18 14:33:16,2024-04-18 14:33:16
3905658788,2024-04-19 09:12:14,2024-04-19 09:01:05
3904954875,2024-04-18 15:30:00,2024-04-18 15:30:00
3888419758,2024-04-09 10:22:27,2024-04-09 10:04:21
3901375465,2024-04-18 16:25:17,2024-04-18 16:25:17
3884921130,2024-04-05 20:20:25,2024-04-05 00:00:00
3902831585,2024-04-19 19:17:26,2024-04-19 19:17:26
3904724333,2024-04-19 22:41:23,2024-04-19 00:00:00
3888932866,2024-04-09 03:13:46,2024-04-09 02:59:35
3903872918,2024-04-19 02:32:09,2024-04-19 02:20:20
3890894304,2024-04-11 17:17:48,2024-04-11 17:17:48
3894209784,2024-04-11 17:23:55,2024-04-11 17:23:55
3901161317,2024-04-16 14:18:27,2024-04-16 14:05:21
3889702659,2024-04-09 10:59:42,2024-04-09 10:59:42
3902865223,2024-04-19 21:59:32,2024-04-19 21:43:55
3887713456,2024-04-05 20:46:19,2024-04-05 20:46:19
3905331222,2024-04-18 22:33:10,2024-04-18 22:21:45
3888805484,2024-04-09 12:54:41,2024-04-09 12:54:41
3889418965,2024-04-09 09:17:14,2024-04-09 09:17:14
3891266158,2024-04-12 02:47:18,2024-04-12 02:34:31
3891834629,2024-04-12 06:46:24,2024-04-12 06:32:20
3905802710,2024-04-19 11:13:53,2024-04-19 11:13:53
3903875931,2024-04-19 03:22:13,2024-04-18 00:00:00
3887482162,2024-04-05 20:11:17,2024-04-05 19:54:31
3901982608,2024-04-19 01:12:47,2024-04-19 01:12:47
3900956664,2024-04-17 21:45:09,2024-04-17 21:45:09
3904420134,2024-04-18 02:05:44,2024-04-18 01:52:30
3906257304,2024-04-19 23:10:34,2024-04-19 22:49:31
3905846637,2024-04-19 14:04:13,2024-04-19 13:51:49
3891808462,2024-04-12 05:53:26,2024-04-12 05:53:26
3902362661,2024-04-19 15:08:46,2024-04-19 14:56:52
3902760661,2024-04-18 00:15:08,2024-03-23 23:59:40
3905611334,2024-04-19 05:58:11,2024-04-19 05:58:11
3902758503,2024-04-18 01:00:06,2024-04-17 22:57:44
3900976512,2024-04-17 23:49:16,2024-04-17 23:37:30
3905851715,2024-04-19 14:19:17,2024-04-19 14:08:36
3906239201,2024-04-19 22:24:59,2024-04-19 22:00:39
3902740502,2024-04-17 21:36:33,2024-04-17 21:24:00
3904574964,2024-04-19 19:16:08,2024-04-19 19:16:08
3887889285,2024-04-06 03:31:27,2024-04-06 03:20:09
3901965037,2024-04-18 21:59:16,2024-04-18 21:59:16
3905338085,2024-04-18 22:58:55,2024-04-18 22:46:25
3901991681,2024-04-19 03:24:00,2024-04-19 03:24:00
3889769846,2024-04-09 13:26:51,2024-04-09 13:26:51
3900943120,2024-04-17 21:08:28,2024-04-17 20:54:21
3905338213,2024-04-18 23:04:19,2024-04-18 22:52:13
3899531129,2024-04-16 15:04:37,2024-04-16 14:52:29
3904372046,2024-04-17 22:02:42,2024-04-17 00:00:00
3891071869,2024-04-11 19:20:40,2024-04-11 19:20:40
3903479127,2024-04-18 17:38:49,2024-04-18 00:00:00
3904418373,2024-04-18 02:19:08,2024-04-17 00:00:00
3905250969,2024-04-18 19:39:57,2024-04-18 19:39:57
3898168557,2024-04-15 20:16:28,2024-04-15 20:16:28
3905396315,2024-04-19 04:41:52,2024-04-19 04:31:11
3905813552,2024-04-19 11:19:56,2024-04-19 11:19:56
3904956011,2024-04-18 15:27:52,2024-04-17 00:00:00
3887715616,2024-04-05 20:52:35,2024-04-05 20:52:35
3891810254,2024-04-12 05:46:51,2024-04-12 05:34:46
3906099392,2024-04-19 19:37:30,2024-04-19 19:37:30
3906226978,2024-04-19 21:47:33,2024-04-19 21:34:58
3905397281,2024-04-19 04:45:32,2024-04-19 00:00:00
3887574671,2024-04-09 03:29:10,2024-04-09 03:17:23
3901371789,2024-04-18 16:32:00,2024-04-18 00:00:00
3902742857,2024-04-17 22:01:53,2024-04-17 21:39:20
3901977316,2024-04-18 23:30:23,2024-04-18 23:30:23
3889112783,2024-04-09 04:50:28,2024-04-09 04:38:18
3905675308,2024-04-19 10:16:18,2024-04-19 09:53:52
3905308749,2024-04-18 21:41:06,2024-04-18 21:41:06
3905336663,2024-04-18 23:07:49,2024-04-18 00:00:00
3901941145,2024-04-18 19:06:18,2024-04-18 19:06:18
3886897649,2024-04-09 13:15:05,2024-04-09 13:15:05
3902756218,2024-04-17 22:38:50,2024-04-17 22:27:34
3885830010,2024-04-06 03:22:05,2024-04-05 00:00:00
3904390754,2024-04-17 23:07:08,2024-04-17 22:55:26
3889191478,2024-04-09 06:39:30,2024-04-09 06:39:30
3895815389,2024-04-12 05:09:23,2024-04-12 04:58:12
3884826501,2024-04-06 03:09:04,2024-04-06 02:57:15
3904362829,2024-04-17 21:41:02,2024-04-17 21:41:02
3903431017,2024-04-18 14:15:31,2024-04-18 14:03:08
3899532601,2024-04-16 15:03:52,2024-04-16 15:03:52
3905295712,2024-04-18 21:09:38,2024-04-18 21:09:38
3904994221,2024-04-18 16:30:11,2024-04-18 16:30:11
3904716339,2024-04-19 21:52:10,2024-04-19 21:52:10
3901800038,2024-04-15 21:12:09,2024-04-15 00:00:00
3905843105,2024-04-19 13:31:48,2024-04-19 13:31:48
3902866621,2024-04-19 22:25:31,2024-04-19 22:12:06
3888974834,2024-04-09 04:09:22,2024-04-08 00:00:00
3905244150,2024-04-18 19:36:46,2024-04-18 19:36:46
3905323966,2024-04-18 22:25:47,2024-04-18 22:13:05
3887948213,2024-04-09 08:19:52,2024-04-09 08:19:52
3900984252,2024-04-18 02:42:33,2024-04-18 02:30:57
3899525569,2024-04-16 14:42:17,2024-04-16 14:42:17
3904946412,2024-04-18 15:23:09,2024-04-18 15:11:35
3906223387,2024-04-19 21:21:39,2024-04-19 21:10:11
3901953986,2024-04-18 21:57:28,2024-04-18 21:42:42
3895566723,2024-04-12 04:02:49,2024-04-12 03:51:31
3902760274,2024-04-17 23:07:13,2024-04-17 22:56:18
3901699369,2024-04-15 21:17:46,2024-04-15 21:08:59
3905353136,2024-04-19 00:36:57,2024-04-18 00:00:00
3900076704,2024-04-15 20:12:06,2024-04-15 19:54:18
3895546169,2024-04-12 03:26:27,2024-04-12 03:14:38
3894212407,2024-04-11 17:31:25,2024-04-11 17:31:25
3906077911,2024-04-19 18:35:05,2024-04-19 18:23:35
3901693694,2024-04-15 20:56:26,2024-04-15 20:56:26
3844838697,2024-04-18 14:07:04,2024-04-18 14:07:04
3905203941,2024-04-18 17:07:13,2024-04-18 00:00:00
3900087175,2024-04-15 20:25:55,2024-04-15 20:14:11
3895490955,2024-04-12 01:21:10,2024-04-12 01:09:56
3903831514,2024-04-18 21:48:22,2024-04-18 21:35:06
3889742925,2024-04-09 12:41:04,2024-04-09 12:41:04
3898178337,2024-04-15 21:11:10,2024-04-15 21:00:52
3889110988,2024-04-09 04:56:04,2024-04-08 00:00:00
3891284819,2024-04-12 04:09:59,2024-04-11 00:00:00
3902757114,2024-04-17 22:44:02,2024-04-17 00:00:00
3890889845,2024-04-11 17:33:16,2024-04-11 17:33:16
3902372126,2024-04-19 15:37:35,2024-04-19 15:37:16
3905692453,2024-04-19 10:39:04,2024-04-18 00:00:00
3895208315,2024-04-11 19:17:01,2024-04-11 19:17:01
3905693729,2024-04-19 11:19:55,2024-04-19 10:48:01
3903826785,2024-04-18 21:43:30,2024-04-18 21:31:16
3902931504,2024-04-16 15:00:32,2024-04-16 14:41:27
3902324092,2024-04-19 09:07:01,2024-04-19 08:52:58
3901960301,2024-04-18 21:56:54,2024-04-18 21:56:54
3887472551,2024-04-05 19:58:50,2024-04-05 19:47:04
3905251138,2024-04-18 18:58:27,2024-04-18 18:58:27
3889101425,2024-04-09 04:23:37,2024-04-09 04:08:54
3887882169,2024-04-06 03:01:52,2024-04-06 02:50:21
3905876158,2024-04-19 15:02:37,2024-04-19 15:02:37
3894591622,2024-04-12 04:20:16,2024-04-11 00:00:00
3902938702,2024-04-16 15:09:27,2024-04-16 14:57:37
3903457260,2024-04-18 16:10:32,2024-04-18 15:57:29
3906088681,2024-04-19 18:50:32,2024-04-19 18:39:03
3887836566,2024-04-06 00:07:15,2024-04-05 23:54:20
3901961211,2024-04-18 22:02:18,2024-04-18 21:50:07
3885831580,2024-04-06 03:44:59,2024-04-06 03:30:39
3889415860,2024-04-09 09:29:30,2024-04-08 00:00:00
3906250629,2024-04-19 22:40:45,2024-04-18 00:00:00
3891073885,2024-04-11 19:43:07,2024-04-11 19:31:20
3889735426,2024-04-09 12:25:30,2024-04-09 12:25:30
3887589873,2024-04-09 04:15:54,2024-04-09 03:50:08
3894271252,2024-04-11 18:24:09,2024-04-10 00:00:00
3905301890,2024-04-18 21:46:20,2024-04-18 21:29:02
3902925501,2024-04-16 14:32:29,2024-04-16 14:32:29
3900959492,2024-04-17 22:00:43,2024-04-17 21:49:44
3884831771,2024-04-06 03:38:34,2024-04-06 03:23:41
3905369159,2024-04-19 02:27:12,2024-04-19 02:12:52
3891015183,2024-04-11 18:15:55,2024-04-11 18:04:03
3905846614,2024-04-19 13:51:27,2024-04-19 13:51:27
3902939013,2024-04-16 15:01:24,2024-04-16 14:50:07
3905399239,2024-04-19 05:03:33,2024-04-18 00:00:00
3904962856,2024-04-18 15:48:58,2024-04-18 15:48:58
3885102661,2024-04-06 10:46:12,2024-04-06 10:46:12
3906079019,2024-04-19 18:17:46,2024-04-19 18:17:46
3903872725,2024-04-19 02:15:11,2024-04-19 02:02:55
3905296405,2024-04-18 21:07:20,2024-04-18 20:54:21
3905379461,2024-04-19 04:25:32,2024-04-19 04:01:14
3902865744,2024-04-19 22:09:28,2024-04-19 22:09:28
3891254127,2024-04-12 00:43:16,2024-04-12 00:43:16
3902346883,2024-04-19 13:13:15,2024-04-19 13:13:15
3906226820,2024-04-19 21:29:16,2024-04-19 21:29:16
3884437325,2024-04-05 20:21:25,2024-04-05 20:21:25
3902862930,2024-04-19 22:31:01,2024-04-19 22:31:01
3903475767,2024-04-18 17:24:22,2024-04-18 16:59:39
3902757380,2024-04-17 22:46:23,2024-04-17 22:37:26
3887911678,2024-04-09 04:55:17,2024-04-09 04:39:07
3887945598,2024-04-09 08:26:05,2024-04-09 08:26:05
3906222679,2024-04-19 21:18:17,2024-04-19 00:00:00
3904374851,2024-04-17 22:25:43,2024-04-17 22:02:38
3905390693,2024-04-19 04:30:39,2024-04-19 04:10:04
3902877523,2024-04-19 23:42:53,2024-04-19 23:42:53
3906099383,2024-04-19 19:47:10,2024-04-19 19:34:43
3899518867,2024-04-16 14:34:42,2024-04-16 14:34:42
3902845301,2024-04-19 21:29:59,2024-04-19 21:29:59
3904416726,2024-04-18 02:25:38,2024-04-18 02:09:06
3888995070,2024-04-09 04:19:28,2024-04-09 04:03:20
3905283719,2024-04-18 20:25:45,2024-04-18 20:13:59
3901623088,2024-04-15 19:11:11,2024-04-15 19:11:11
3906221602,2024-04-19 21:16:47,2024-04-19 21:04:16
3895560712,2024-04-12 03:55:03,2024-04-12 03:42:47
3894227460,2024-04-11 18:08:51,2024-04-11 17:51:00
3905864245,2024-04-19 14:31:04,2024-04-19 14:31:04
3904388720,2024-04-17 22:59:42,2024-04-17 22:48:32
3884807780,2024-04-06 01:54:39,2024-04-06 01:54:39
3900944313,2024-04-17 21:18:16,2024-04-17 21:18:16
3884857363,2024-04-06 05:42:21,2024-04-06 05:10:01
3894288370,2024-04-11 19:26:16,2024-04-11 19:14:16
3905811952,2024-04-19 11:20:27,2024-04-19 11:20:27
3894543942,2024-04-12 01:26:06,2024-04-12 01:14:17
3889415659,2024-04-09 09:12:25,2024-04-09 00:00:00
3894612799,2024-04-12 04:55:59,2024-04-12 04:34:15
3899931505,2024-04-16 18:48:11,2024-04-16 18:48:11
3901676944,2024-04-15 20:34:03,2024-04-15 20:34:03
3885109761,2024-04-06 22:20:00,2024-04-06 22:20:00
3904395506,2024-04-17 23:12:00,2024-04-17 23:12:00
3894562492,2024-04-12 03:16:41,2024-04-12 03:04:24
3900952520,2024-04-17 21:42:58,2024-04-17 21:42:58
3906220992,2024-04-19 21:26:22,2024-04-19 21:13:18
3904722890,2024-04-19 23:03:08,2024-04-19 22:52:12
3894558518,2024-04-12 02:52:30,2024-04-12 02:39:21
3904911266,2024-04-18 14:46:45,2024-04-18 14:46:45
3901957418,2024-04-18 21:40:13,2024-04-18 21:28:14
3887993978,2024-04-09 09:31:00,2024-04-09 00:00:00
3904423313,2024-04-18 02:23:09,2024-04-09 00:00:00
3885824571,2024-04-06 03:04:09,2024-04-05 00:00:00
3904386696,2024-04-17 22:38:39,2024-04-17 22:26:22
3898161370,2024-04-15 19:10:58,2024-04-15 19:10:58
3905835458,2024-04-19 13:25:10,2024-04-19 13:25:10
3900947166,2024-04-17 21:27:24,2024-04-17 00:00:00
3904368290,2024-04-17 21:41:54,2024-04-17 21:41:54
3885828631,2024-04-06 03:36:09,2024-04-06 00:00:00
3887886766,2024-04-06 03:32:48,2024-04-06 03:19:27
3904928566,2024-04-18 14:21:23,2024-04-18 14:21:23
3894286708,2024-04-11 19:19:30,2024-04-11 19:19:30
3894219997,2024-04-11 18:01:08,2024-04-11 17:48:30
3905210114,2024-04-18 17:05:33,2024-04-18 16:54:06
3895517141,2024-04-12 01:45:35,2024-04-12 01:45:35
3904998602,2024-04-18 16:55:16,2024-04-18 16:55:16
3884897887,2024-04-06 07:35:28,2024-04-06 07:35:28
3900063969,2024-04-15 18:45:30,2024-04-15 18:45:30
3884914113,2024-04-05 19:45:51,2024-04-05 19:31:56
3887882151,2024-04-06 02:59:46,2024-04-04 00:00:00
3903842173,2024-04-18 22:42:34,2024-04-18 22:18:11
3887909770,2024-04-09 04:42:03,2024-04-09 04:30:58
3905271775,2024-04-18 20:15:25,2024-04-18 00:00:00
3905885162,2024-04-19 15:32:04,2024-04-19 00:00:00
3905695401,2024-04-19 10:43:57,2024-04-19 10:43:57
3889417418,2024-04-09 09:12:26,2024-04-09 00:00:00
3903837646,2024-04-18 22:24:48,2024-04-18 22:13:15
3902751590,2024-04-17 22:30:26,2024-04-17 00:00:00
3895207340,2024-04-11 19:13:04,2024-04-11 19:13:04
3905287022,2024-04-18 20:19:39,2024-04-18 20:08:27
3904419263,2024-04-18 02:05:23,2024-04-17 00:00:00
3895215556,2024-04-11 19:53:35,2024-04-11 00:00:00
3901960651,2024-04-18 22:43:40,2024-04-18 22:26:09
3894939779,2024-04-11 18:18:31,2024-04-11 18:18:31
3888956508,2024-04-09 03:51:01,2024-04-09 03:32:53
3890899730,2024-04-11 17:44:49,2024-04-11 17:44:49
3905311265,2024-04-18 21:53:28,2024-04-09 00:00:00
3900961391,2024-04-17 22:22:22,2024-04-17 22:06:38
3889121324,2024-04-09 04:54:54,2024-04-08 00:00:00
3895802758,2024-04-12 04:46:40,2024-04-12 00:00:00
3905335482,2024-04-18 22:51:40,2024-04-18 00:00:00
3902734984,2024-04-17 21:34:47,2024-04-17 00:00:00
3904704740,2024-04-19 21:24:52,2024-04-19 00:00:00
3894944422,2024-04-11 18:23:46,2024-04-11 18:23:46
3906073684,2024-04-19 18:15:01,2024-04-19 18:15:01
3901178330,2024-04-16 15:10:48,2024-04-16 15:10:48
3887593923,2024-04-09 04:10:28,2024-04-08 00:00:00
3905288841,2024-04-18 20:38:29,2024-04-18 20:38:29
3886894536,2024-04-09 13:00:35,2024-04-09 13:00:35
3904951118,2024-04-18 15:32:37,2024-04-18 00:00:00
3902760633,2024-04-18 00:12:16,2024-04-17 23:58:39
3894960077,2024-04-11 18:42:28,2024-04-10 00:00:00
3904515002,2024-04-19 15:32:58,2024-04-19 15:17:50
3901955923,2024-04-18 21:58:12,2024-04-18 00:00:00
3894878960,2024-04-11 17:26:46,2024-04-11 17:26:46
3885815226,2024-04-06 02:22:57,2024-04-06 02:09:06
3902807391,2024-04-19 18:32:27,2024-04-19 18:32:27
3904399635,2024-04-17 23:18:40,2024-04-17 23:18:40
3902845191,2024-04-19 21:25:02,2024-04-19 21:25:02
3899526014,2024-04-16 14:24:58,2024-04-16 14:24:58
3905347585,2024-04-19 00:51:42,2024-04-19 00:39:42
3906233265,2024-04-19 21:51:17,2024-04-19 00:00:00
3887717792,2024-04-05 21:12:33,2024-04-05 20:58:23
3902755170,2024-04-17 22:35:40,2024-04-17 00:00:00
3905327504,2024-04-18 22:33:42,2024-04-18 22:09:51
3900975619,2024-04-17 23:25:39,2024-04-17 23:25:39
3905378377,2024-04-19 04:01:33,2024-04-18 00:00:00
3886885739,2024-04-09 12:40:27,2024-04-09 12:40:27
3903456852,2024-04-18 16:26:04,2024-04-18 00:00:00
3904419292,2024-04-18 02:05:23,2024-04-17 00:00:00
3901943046,2024-04-18 19:00:14,2024-04-18 19:00:14
3904707077,2024-04-19 21:20:55,2024-04-19 21:09:43
2457183642,2024-04-19 13:27:38,2024-04-19 13:27:38
3904393377,2024-04-17 23:09:07,2024-04-16 00:00:00
3905324520,2024-04-18 22:23:56,2024-04-18 22:06:02
3894295313,2024-04-11 19:49:44,2024-04-11 00:00:00
3904390653,2024-04-17 23:05:02,2024-04-17 00:00:00
3906251582,2024-04-19 22:41:29,2024-04-19 22:23:44
3901983124,2024-04-19 00:24:32,2024-04-18 00:00:00
3901979882,2024-04-19 02:08:56,2024-04-19 01:55:51
3906259167,2024-04-19 23:06:47,2024-04-19 22:49:30
3895265918,2024-04-11 21:16:54,2024-04-11 00:00:00
3901980050,2024-04-18 23:12:48,2024-04-18 23:12:48
3886441952,2024-04-09 03:11:13,2024-04-08 00:00:00
3900096445,2024-04-15 21:13:05,2024-04-15 21:01:27
3851131508,2024-04-11 18:59:16,2024-04-11 18:59:16
3903824818,2024-04-18 21:32:38,2024-04-18 00:00:00
3905687972,2024-04-19 10:36:48,2024-04-19 10:25:23
3905379104,2024-04-19 03:52:52,2024-04-19 03:33:51
3904565981,2024-04-19 18:08:44,2024-04-19 18:08:44
3885103436,2024-04-06 08:43:30,2024-04-06 08:43:30
3884440332,2024-04-05 20:39:51,2024-04-05 20:39:51
3900082233,2024-04-15 20:17:08,2024-04-15 20:05:07
3902864379,2024-04-19 21:58:52,2024-04-19 21:47:27
3904369338,2024-04-17 21:47:46,2024-04-17 21:35:53
3904426695,2024-04-18 02:48:45,2024-04-18 02:37:19
3903837981,2024-04-18 22:36:28,2024-04-18 22:20:35
3888031713,2024-04-06 22:32:02,2024-04-06 22:32:02
3901953547,2024-04-18 21:33:40,2024-04-18 21:33:40
3889756753,2024-04-09 13:15:28,2024-04-09 13:15:28
3895537889,2024-04-12 03:17:41,2024-04-11 00:00:00
3902758178,2024-04-17 22:46:23,2024-04-17 22:37:22
3905341055,2024-04-18 23:07:13,2024-04-18 22:55:41
3904052983,2024-04-19 07:46:21,2024-04-19 07:46:21
3898174244,2024-04-15 21:03:31,2024-04-15 20:52:25
3898164270,2024-04-15 19:56:35,2024-04-15 19:56:35
3901995500,2024-04-19 04:12:51,2024-04-18 00:00:00
3904950319,2024-04-18 15:32:35,2024-04-18 00:00:00
3895594967,2024-04-12 04:37:30,2024-04-11 00:00:00
3889716108,2024-04-09 12:11:21,2024-04-09 12:08:55
3905296103,2024-04-18 20:56:41,2024-04-18 20:44:54
3903821515,2024-04-18 21:10:50,2024-04-18 00:00:00
3891271646,2024-04-12 03:11:18,2024-04-11 00:00:00
3899538823,2024-04-16 15:20:49,2024-04-16 15:20:49
3905833435,2024-04-19 13:01:44,2024-04-19 13:01:44
3901357129,2024-04-18 15:16:32,2024-04-18 00:00:00
3905302126,2024-04-18 21:27:32,2024-04-18 21:13:43
3901377534,2024-04-18 16:43:32,2024-04-18 16:43:32
3899536215,2024-04-16 15:01:03,2024-04-16 15:01:03
3885112328,2024-04-07 00:06:15,2024-04-07 00:06:15
3904928125,2024-04-18 14:21:56,2024-04-18 14:10:07
3895547788,2024-04-12 03:36:22,2024-04-12 03:25:26
3901388756,2024-04-18 17:58:08,2024-04-18 17:58:08
3903495850,2024-04-18 19:00:00,2024-04-18 18:43:09
3901965351,2024-04-18 22:28:18,2024-04-18 22:17:07
3901346702,2024-04-18 14:10:42,2024-04-18 14:10:42
3899538921,2024-04-16 15:23:41,2024-04-16 15:23:41
3901942173,2024-04-18 19:49:42,2024-04-18 19:49:42
3903450112,2024-04-18 15:26:43,2024-04-18 15:26:43
3901956571,2024-04-18 21:44:53,2024-04-18 21:33:05
3906250650,2024-04-19 22:40:43,2024-04-19 22:21:33
3901654321,2024-04-15 20:09:39,2024-04-15 20:09:39
3901950078,2024-04-18 21:04:02,2024-04-18 20:52:08
3837482218,2024-04-15 19:32:52,2024-04-15 19:32:52
3904374068,2024-04-17 22:19:46,2024-04-17 21:51:10
3894894829,2024-04-11 17:50:35,2024-04-05 00:00:00
3904095141,2024-04-19 13:04:11,2024-04-19 13:04:11
3889737448,2024-04-09 12:28:21,2024-04-09 12:28:21
3903471614,2024-04-18 17:02:55,2024-04-18 00:00:00
3900958903,2024-04-17 22:17:03,2024-04-17 00:00:00
3894400361,2024-04-11 20:16:55,2024-04-11 20:04:48
3905251020,2024-04-18 19:03:18,2024-04-18 00:00:00
3894211550,2024-04-11 17:26:48,2024-04-11 00:00:00
3887579112,2024-04-09 03:32:25,2024-04-09 03:15:55
3889257053,2024-04-09 07:37:20,2024-04-09 07:37:20
3904953558,2024-04-18 15:36:04,2024-04-18 00:00:00
3887929211,2024-04-09 05:48:13,2024-04-09 05:25:12
3904706000,2024-04-19 21:17:33,2024-03-25 21:05:48
3903876266,2024-04-19 02:37:54,2024-04-19 02:24:24
3885826289,2024-04-06 03:14:47,2024-04-06 02:45:10
3904369126,2024-04-17 21:47:17,2024-03-23 21:31:55
3887854779,2024-04-06 01:51:21,2024-04-06 01:39:05
3902808410,2024-04-19 18:28:07,2024-04-19 18:15:54
3902751717,2024-04-17 22:38:00,2024-04-17 00:00:00
3901394473,2024-04-18 17:53:46,2024-04-18 17:53:46
3904390405,2024-04-17 22:44:54,2024-04-17 22:39:37
3902879369,2024-04-19 23:19:07,2024-04-19 23:19:07
3902869222,2024-04-19 22:59:45,2024-04-19 22:48:06
3902833764,2024-04-19 19:44:35,2024-04-19 19:44:35
3905837532,2024-04-19 13:24:07,2024-04-19 13:24:07
3888932996,2024-04-09 03:19:31,2024-04-08 00:00:00
3895564509,2024-04-12 04:00:37,2024-04-11 00:00:00
3905341374,2024-04-18 23:35:28,2024-04-18 00:00:00
3901950293,2024-04-18 21:04:33,2024-04-18 21:00:29
3902803963,2024-04-19 18:25:05,2024-04-19 00:00:00
3898168834,2024-04-15 20:48:03,2024-04-15 00:00:00
3894561711,2024-04-12 03:21:08,2024-04-11 00:00:00
3887496220,2024-04-05 20:22:56,2024-04-05 00:00:00
3894927720,2024-04-11 18:11:59,2024-04-11 18:11:59
3891045250,2024-04-11 18:24:17,2024-04-11 18:24:17
3899542044,2024-04-16 15:15:03,2024-04-16 15:15:03
3904932106,2024-04-18 14:37:57,2024-04-18 14:25:59
3894872380,2024-04-11 17:09:29,2024-04-11 00:00:00
3902938677,2024-04-16 14:57:25,2024-04-16 14:57:25
3899540313,2024-04-16 15:18:06,2024-04-16 15:18:06
3904725178,2024-04-19 22:43:55,2024-04-19 22:32:23
3903846756,2024-04-18 23:52:31,2024-04-18 23:39:34
3894281440,2024-04-11 18:31:43,2024-04-11 18:31:43
3900937869,2024-04-17 21:08:38,2024-04-17 20:55:31
3888023857,2024-04-06 11:05:01,2024-04-06 11:05:01
3887858543,2024-04-06 02:03:12,2024-04-05 00:00:00
3887700477,2024-04-05 20:29:52,2024-04-05 00:00:00
3885106156,2024-04-06 09:08:09,2024-04-06 09:08:09
3895219135,2024-04-11 20:07:07,2024-04-11 20:07:07
3900079378,2024-04-15 20:07:49,2024-04-15 00:00:00
3901937364,2024-04-18 18:50:19,2024-04-18 18:50:19
3905340538,2024-04-18 23:37:29,2024-04-18 23:25:55
3895214581,2024-04-11 19:44:30,2024-04-11 19:44:30
3901368747,2024-04-18 16:22:06,2024-04-17 00:00:00
3901647224,2024-04-15 20:17:58,2024-04-15 19:53:43
3886463208,2024-04-09 04:01:44,2024-04-09 03:49:58
3904422451,2024-04-18 02:39:00,2024-04-18 02:14:18
3894605650,2024-04-12 04:38:41,2024-04-12 04:20:34
3887596324,2024-04-09 04:03:06,2024-04-09 03:51:58
3905689665,2024-04-19 10:36:48,2024-04-19 10:25:26
3904390476,2024-04-17 22:55:36,2024-04-17 00:00:00
3901987409,2024-04-19 03:11:11,2024-04-19 03:11:11
3904505627,2024-04-19 15:01:51,2024-04-19 00:00:00
3884912967,2024-04-05 20:10:40,2024-04-05 19:57:50
3901950033,2024-04-18 20:47:25,2024-04-18 20:47:25
3901340864,2024-04-18 14:00:18,2024-04-18 14:00:18
3900981825,2024-04-18 02:55:25,2024-04-18 02:27:42
3904511134,2024-04-19 15:21:50,2024-04-19 15:09:41
3894906124,2024-04-11 18:03:58,2024-04-11 17:45:12
3900073173,2024-04-15 19:14:10,2024-04-15 19:14:10
3803659249,2024-04-18 15:05:45,2024-04-18 15:05:45
3904985549,2024-04-18 16:14:34,2024-04-18 16:14:34
3889146785,2024-04-09 05:22:50,2024-04-09 05:22:50
3905202045,2024-04-18 16:56:56,2024-04-18 16:56:56
3906227104,2024-04-19 21:20:28,2024-04-19 00:00:00
3904963209,2024-04-18 15:50:26,2024-04-17 00:00:00
3902936258,2024-04-16 15:01:39,2024-04-16 00:00:00
3901173908,2024-04-16 15:07:38,2024-04-16 15:07:38
3902826405,2024-04-19 19:07:53,2024-04-19 19:07:53
3902862499,2024-04-19 22:00:12,2024-03-25 21:48:30
3905306637,2024-04-18 21:47:01,2024-04-18 00:00:00
3905289189,2024-04-18 20:25:45,2024-04-18 20:13:57
3902863936,2024-04-19 22:42:03,2024-04-19 22:30:56
3904960848,2024-04-18 15:59:05,2024-04-18 15:47:39
3901952932,2024-04-18 21:50:23,2024-04-18 21:36:40
3903478320,2024-04-18 17:04:33,2024-04-18 17:04:33
3905348456,2024-04-19 00:33:42,2024-04-18 00:00:00
3902743229,2024-04-17 21:43:44,2024-04-17 21:25:35
3888027971,2024-04-06 23:03:25,2024-04-06 23:03:25
3905399173,2024-04-19 04:57:57,2024-04-19 04:44:15
3904084737,2024-04-19 12:15:19,2024-04-03 00:00:00
3903457225,2024-04-18 16:31:14,2024-04-18 15:55:30
3906258619,2024-04-19 23:18:00,2024-04-19 23:03:51
3887491742,2024-04-05 20:20:30,2024-04-05 20:06:36
3887711206,2024-04-05 20:39:47,2024-04-05 20:39:47
3903877539,2024-04-19 03:04:04,2024-04-18 00:00:00
3904425904,2024-04-18 03:02:09,2024-04-18 02:50:25
3905209055,2024-04-18 17:22:15,2024-04-18 16:52:47
3901944146,2024-04-18 20:36:25,2024-04-18 00:00:00
3906253822,2024-04-19 23:01:54,2024-04-19 22:50:03
3885839866,2024-04-06 04:05:43,2024-04-04 00:00:00
3895561973,2024-04-12 03:59:15,2024-04-12 03:46:53
3899533604,2024-04-16 15:07:21,2024-04-16 15:07:21
3905326736,2024-04-18 22:33:42,2024-04-18 22:09:38
3901358586,2024-04-18 15:39:12,2024-04-18 15:23:55
3905277964,2024-04-18 20:21:19,2024-04-18 00:00:00
3905335507,2024-04-18 22:58:51,2024-04-18 22:40:36
3884930490,2024-04-05 20:46:30,2024-04-05 20:34:02
3904390080,2024-04-17 22:37:36,2024-04-17 00:00:00
3895596590,2024-04-12 04:16:20,2024-04-12 04:16:20
3905859489,2024-04-19 14:27:25,2024-04-19 14:27:25
3905874940,2024-04-19 15:31:33,2024-04-19 00:00:00
3884441501,2024-04-05 20:56:45,2024-04-05 20:56:45
3901683857,2024-04-15 20:40:41,2024-04-15 20:40:41
3905398469,2024-04-19 05:06:51,2024-04-19 04:55:35
3898159871,2024-04-15 19:51:37,2024-04-15 19:51:37
3905299983,2024-04-18 21:43:40,2024-04-18 21:24:29
3887708073,2024-04-05 20:42:33,2024-04-05 20:28:03
3895491707,2024-04-12 01:14:13,2024-04-05 00:00:00
3903473885,2024-04-18 17:06:39,2024-04-18 00:00:00
3885813273,2024-04-06 02:16:31,2024-04-06 02:05:30
3884431568,2024-04-05 19:38:56,2024-04-05 19:38:56
3900959836,2024-04-17 22:32:48,2024-04-17 22:17:44
3886835916,2024-04-09 09:05:34,2024-04-09 09:00:45
3887571671,2024-04-09 03:13:52,2024-04-08 00:00:00
3904729114,2024-04-19 22:51:20,2024-04-19 22:39:27
3904953971,2024-04-18 15:44:16,2024-04-18 15:30:28
3886883707,2024-04-09 12:34:07,2024-04-09 12:34:07
3887499080,2024-04-05 20:21:08,2024-04-05 20:09:59
3865441576,2024-04-19 00:03:56,2024-04-19 00:03:56
3885824700,2024-04-06 03:13:43,2024-04-05 00:00:00
3903428389,2024-04-18 13:57:24,2024-04-18 13:57:24
3894541775,2024-04-12 00:58:14,2024-04-12 00:46:20
3903851116,2024-04-19 00:16:35,2024-04-19 00:04:15
3905887015,2024-04-19 15:29:38,2024-04-19 15:17:56
3891259585,2024-04-12 02:24:45,2024-04-12 02:11:30
3885808330,2024-04-06 00:58:22,2024-04-06 00:46:20
3906255263,2024-04-19 23:07:39,2024-04-19 22:44:13
3903811287,2024-04-18 20:15:24,2024-04-18 20:04:25
3904415181,2024-04-18 01:37:46,2024-04-18 01:37:46
3905293044,2024-04-18 20:44:12,2024-04-18 20:31:54
3905352201,2024-04-19 00:36:58,2024-04-17 00:00:00
3887891186,2024-04-06 03:31:55,2024-04-05 00:00:00
3905345999,2024-04-19 00:54:49,2024-04-19 00:42:51
3895209379,2024-04-11 19:34:17,2024-04-11 19:34:17
3901351142,2024-04-18 14:40:02,2024-04-18 14:27:23
3905336637,2024-04-18 23:09:53,2024-04-18 22:55:18
3904365421,2024-04-17 21:43:54,2024-04-17 21:30:05
3904066221,2024-04-19 09:30:43,2024-04-19 09:30:43
3898166674,2024-04-15 20:17:57,2024-04-15 20:17:57
3894297817,2024-04-11 20:03:52,2024-04-11 20:03:52
3885115023,2024-04-07 01:49:14,2024-04-07 01:49:14
3902311873,2024-04-19 07:17:40,2024-04-19 07:06:16
3891013611,2024-04-11 18:05:39,2024-04-11 18:05:39
3902304198,2024-04-19 05:48:18,2024-04-19 05:35:00
3891033112,2024-04-11 18:31:52,2024-04-11 18:19:49
3906088924,2024-04-19 18:43:47,2024-04-19 18:43:47
3885809843,2024-04-06 02:07:06,2024-04-06 01:55:10
3905205568,2024-04-18 16:56:02,2024-04-18 16:56:02
3887473147,2024-04-05 19:51:55,2024-04-05 19:37:21
3884806427,2024-04-06 00:17:55,2024-04-06 00:17:55
3902749444,2024-04-17 22:10:55,2024-04-17 00:00:00
3887711690,2024-04-05 21:02:44,2024-04-05 00:00:00
3887909622,2024-04-09 04:50:30,2024-04-09 04:26:31
3902830712,2024-04-19 19:43:04,2024-04-19 19:31:14
3895518064,2024-04-12 01:47:17,2024-04-12 01:47:17
3904359979,2024-04-17 21:43:59,2024-04-17 21:24:32
3889101763,2024-04-09 04:26:37,2024-04-09 04:14:51
3902786588,2024-04-18 02:19:44,2024-04-17 00:00:00
3906256189,2024-04-19 22:53:58,2024-04-19 00:00:00
3904725279,2024-04-19 22:47:18,2024-04-19 22:36:23
3900947002,2024-04-17 21:24:04,2024-04-17 21:11:35
3904717419,2024-04-19 22:24:31,2024-04-19 00:00:00
3899522601,2024-04-16 14:25:30,2024-04-16 14:25:30
3888954719,2024-04-09 03:50:57,2024-04-09 03:33:17
3885116067,2024-04-07 03:39:19,2024-04-07 03:39:19
3905696304,2024-04-19 11:21:52,2024-04-19 10:40:03
3902351387,2024-04-19 13:49:35,2024-04-19 13:49:35
3890891860,2024-04-11 17:34:36,2024-04-11 17:34:36
3884431165,2024-04-05 20:32:57,2024-04-05 20:32:57
3889239795,2024-04-09 07:27:28,2024-04-09 07:27:28
3889120661,2024-04-09 04:57:58,2024-04-09 04:44:35
3905848930,2024-04-19 14:17:05,2024-04-19 14:05:33
3904994215,2024-04-18 16:30:04,2024-04-18 16:30:04
3884833058,2024-04-06 03:17:36,2024-04-06 03:05:05
3905367788,2024-04-19 03:17:13,2024-04-18 00:00:00
3894288299,2024-04-11 19:23:48,2024-04-11 19:11:01
3902864873,2024-04-19 22:31:27,2024-04-19 00:00:00
3903887450,2024-04-19 04:19:11,2024-04-19 03:46:30
3891013959,2024-04-11 18:15:25,2024-04-11 18:15:25
3905836675,2024-04-19 13:23:45,2024-04-19 13:23:45
3905310155,2024-04-18 21:51:52,2024-04-18 21:33:41
3902953073,2024-04-16 15:27:24,2024-04-16 00:00:00
3904365333,2024-04-17 21:39:58,2024-04-17 21:25:59
3905243013,2024-04-18 18:11:43,2024-04-18 18:11:43
3894604087,2024-04-12 04:27:46,2024-04-12 04:16:38
3905366356,2024-04-19 02:22:05,2024-04-19 02:10:32
3888026502,2024-04-06 11:19:16,2024-04-06 11:19:16
3901388702,2024-04-18 17:50:25,2024-04-18 17:50:25
3902859819,2024-04-19 21:43:02,2024-04-19 21:43:02
3884438789,2024-04-05 21:04:20,2024-04-05 20:52:54
3894517855,2024-04-12 00:32:59,2024-04-12 00:21:57
3901635985,2024-04-15 20:03:33,2024-04-15 19:51:07
3901622146,2024-04-15 19:10:00,2024-04-15 19:10:00
3898174208,2024-04-15 20:50:50,2024-04-15 20:50:50
3901985460,2024-04-19 03:08:25,2024-04-19 02:52:53
3903456851,2024-04-18 16:14:56,2024-04-18 16:14:56
3903806630,2024-04-18 19:39:27,2024-04-18 19:39:27
3901620096,2024-04-15 19:18:11,2024-04-15 19:06:20
3895848280,2024-04-12 06:10:24,2024-04-12 06:10:24
3905213749,2024-04-18 17:22:44,2024-04-18 17:22:44
3904385745,2024-04-17 22:38:39,2024-04-17 22:26:21
3888971405,2024-04-09 04:19:33,2024-04-09 03:52:07
3905312758,2024-04-18 22:35:30,2024-04-18 22:02:39
3902753966,2024-04-17 23:10:15,2024-04-17 00:00:00
3901668526,2024-04-15 20:22:12,2024-04-15 00:00:00
3904072473,2024-04-19 10:18:29,2024-04-18 00:00:00
3906221613,2024-04-19 21:18:55,2024-04-19 21:04:34
3904989851,2024-04-18 17:00:19,2024-04-18 00:00:00
3884856059,2024-04-06 04:39:37,2024-04-06 04:26:14
3901978992,2024-04-19 02:23:19,2024-04-18 00:00:00
3900949741,2024-04-17 21:38:43,2024-04-17 21:27:33
3902759344,2024-04-18 01:00:07,2024-04-17 22:58:51
3905249687,2024-04-18 19:22:10,2024-04-18 19:10:20
3901184071,2024-04-16 15:29:00,2024-04-16 00:00:00
3902754583,2024-04-17 22:58:24,2024-04-17 22:31:30
3905252157,2024-04-18 19:16:52,2024-04-18 19:16:52
3905839015,2024-04-19 13:20:06,2024-04-19 00:00:00
3903452724,2024-04-18 15:50:27,2024-04-18 15:50:27
3894555573,2024-04-12 02:52:27,2024-04-12 02:39:26
3903888880,2024-04-19 04:35:57,2024-04-19 04:20:51
3905862980,2024-04-19 14:49:22,2024-04-19 14:49:22
3905332220,2024-04-18 22:38:07,2024-04-18 00:00:00
3905664930,2024-04-19 09:41:55,2024-04-19 09:27:35
3889122600,2024-04-09 04:58:21,2024-04-09 04:47:08
3905313229,2024-04-18 22:01:01,2024-04-18 21:48:29
3884432529,2024-04-05 19:46:19,2024-04-05 19:46:19
3904942237,2024-04-18 14:58:21,2024-04-18 14:58:21
3901940822,2024-04-18 20:25:45,2024-04-18 00:00:00
3903479041,2024-04-18 17:36:35,2024-04-18 17:02:19
3901365293,2024-04-18 16:05:47,2024-04-18 15:48:31
3888406250,2024-04-09 11:07:27,2024-04-09 11:07:27
3901374652,2024-04-18 16:43:37,2024-04-18 16:43:37
3900988044,2024-04-18 02:55:25,2024-04-18 02:43:09
3903450836,2024-04-18 15:49:11,2024-04-18 15:49:11
3901694226,2024-04-15 20:48:42,2024-04-15 20:48:42
3798658570,2024-04-19 12:24:18,2024-04-19 12:24:18
3903816633,2024-04-18 20:50:34,2024-04-18 20:37:43
3884991624,2024-04-06 00:15:04,2024-04-02 00:00:00
3888487650,2024-04-09 11:42:40,2024-04-09 11:42:40
3902812744,2024-04-19 18:36:23,2024-04-19 18:36:23
3886882794,2024-04-09 12:31:56,2024-04-09 12:31:56
3903882000,2024-04-19 03:21:24,2024-04-19 03:10:06
3884894455,2024-04-06 06:42:47,2024-04-06 06:42:47
3905333384,2024-04-18 23:17:34,2024-04-18 22:36:18
3900072176,2024-04-15 19:01:40,2024-04-15 19:01:40
3904073120,2024-04-19 10:02:47,2024-04-19 09:51:55
3899521739,2024-04-16 14:21:11,2024-04-16 14:21:11
3904409814,2024-04-18 01:25:46,2024-04-17 00:00:00
3904995076,2024-04-18 16:42:31,2024-04-18 16:30:06
3904057486,2024-04-19 08:11:16,2024-04-19 08:11:16
3894565355,2024-04-12 03:30:40,2024-04-12 00:00:00
3902745425,2024-04-17 22:01:53,2024-04-17 21:39:19
3884839963,2024-04-06 04:20:10,2024-03-12 03:55:49
3900988130,2024-04-18 03:05:23,2024-04-18 02:54:09
3900097176,2024-04-15 21:11:51,2024-04-15 20:57:15
3905249528,2024-04-18 19:22:23,2024-04-18 19:09:47
3902862759,2024-04-19 22:17:49,2024-04-19 22:06:09
3894872129,2024-04-11 17:08:46,2024-04-11 00:00:00
3903814369,2024-04-18 20:28:31,2024-04-18 00:00:00
3884822256,2024-04-06 02:36:00,2024-04-05 00:00:00
3904388741,2024-04-17 23:11:26,2024-04-17 22:49:27
3905873964,2024-04-19 15:31:32,2024-04-19 00:00:00
3889487882,2024-04-09 10:37:03,2024-04-09 10:21:40
3901364905,2024-04-18 16:22:21,2024-04-18 00:00:00
3885831420,2024-04-06 03:36:47,2024-04-06 03:24:58
3902805325,2024-04-19 18:25:05,2024-04-19 00:00:00
3905298446,2024-04-18 21:20:26,2024-04-18 21:06:50
3904988195,2024-04-18 16:33:46,2024-04-17 00:00:00
3902804991,2024-04-19 18:24:07,2024-04-19 18:24:07
3888404098,2024-04-09 09:39:50,2024-04-09 09:39:50
3888027257,2024-04-06 12:16:48,2024-04-06 12:16:48
3904390596,2024-04-17 23:09:52,2024-04-17 22:49:37
3902355080,2024-04-19 13:38:46,2024-04-19 13:38:46
3905207523,2024-04-18 17:07:44,2024-04-18 16:56:26
3895593551,2024-04-12 04:28:32,2024-04-12 04:12:41
3884440104,2024-04-05 20:28:46,2024-04-05 00:00:00
3887494605,2024-04-05 20:21:48,2024-04-05 00:00:00
3901936688,2024-04-18 19:31:59,2024-04-18 19:31:59
3885108052,2024-04-06 10:52:32,2024-04-06 10:52:32
3901351092,2024-04-18 14:25:46,2024-04-18 14:25:46
3901342730,2024-04-18 14:25:04,2024-04-18 00:00:00
3891279056,2024-04-12 03:13:31,2024-04-12 03:08:32
3884808459,2024-04-06 01:29:32,2024-04-06 01:17:55
3901941445,2024-04-18 19:53:50,2024-04-18 19:53:50
3906227955,2024-04-19 21:43:56,2024-04-19 00:00:00
3895543417,2024-04-12 03:26:15,2024-04-11 00:00:00
3904399911,2024-04-17 23:48:30,2024-04-17 00:00:00
3904962405,2024-04-18 15:55:07,2024-04-18 15:42:20
3900982869,2024-04-18 02:47:31,2024-04-17 00:00:00
3903825899,2024-04-18 21:37:30,2024-04-18 21:24:55
3905295229,2024-04-18 21:01:40,2024-04-18 00:00:00
3904430424,2024-04-18 02:55:00,2024-04-18 02:41:53
3905295708,2024-04-18 21:21:41,2024-04-18 21:09:36
3894946065,2024-04-11 18:20:52,2024-04-11 18:20:52
3887934138,2024-04-09 05:52:31,2024-04-09 05:52:31
3901678279,2024-04-15 20:44:56,2024-04-15 20:26:14
3898176213,2024-04-15 21:07:37,2024-04-15 20:56:30
3895273666,2024-04-11 21:13:39,2024-04-11 20:59:33
3901942022,2024-04-18 18:55:25,2024-04-18 18:55:25
3901966218,2024-04-18 22:24:41,2024-04-18 22:08:37
3889157118,2024-04-09 05:44:59,2024-04-09 05:44:59
3904941478,2024-04-18 15:09:11,2024-04-18 15:08:48
3904729247,2024-04-19 23:02:18,2024-04-19 22:49:20
3902730932,2024-04-17 21:11:52,2024-04-17 00:00:00
3905393296,2024-04-19 04:31:01,2024-04-19 04:11:31
3889718382,2024-04-09 12:15:44,2024-04-09 12:15:44
3895489677,2024-04-12 00:56:45,2024-04-12 00:56:45
3901340915,2024-04-18 14:07:40,2024-04-18 14:07:40
3902914840,2024-04-16 14:19:17,2024-04-16 14:19:17
3891076871,2024-04-11 19:54:21,2024-04-11 19:54:21
3903474867,2024-04-18 17:27:48,2024-04-18 00:00:00
3888963522,2024-04-09 03:54:44,2024-04-09 03:43:32
3906232268,2024-04-19 21:57:23,2024-04-19 21:42:07
3894287123,2024-04-11 18:51:26,2024-04-11 18:51:26
3889283245,2024-04-09 08:16:56,2024-04-09 08:04:50
3891090727,2024-04-11 21:13:47,2024-04-11 00:00:00
3905667587,2024-04-19 09:38:28,2024-04-19 09:25:46
3902353264,2024-04-19 13:40:33,2024-04-19 13:40:33
3904366169,2024-04-17 21:47:30,2024-04-17 21:30:55
3906222569,2024-04-19 21:18:55,2024-04-19 21:04:32
3901936746,2024-04-18 19:44:49,2024-04-18 19:44:49
3888024774,2024-04-06 11:07:43,2024-04-06 11:07:43
3901648102,2024-04-15 20:08:47,2024-04-15 00:00:00
3901368982,2024-04-18 16:25:34,2024-04-18 16:25:34
3898169824,2024-04-15 20:48:03,2024-04-15 00:00:00
3888028787,2024-04-06 19:55:33,2024-04-06 19:55:33
3904088434,2024-04-19 12:18:48,2024-04-19 12:18:48
3905869116,2024-04-19 14:49:46,2024-04-19 14:38:32
3905353020,2024-04-19 00:14:25,2024-04-19 00:12:08
3905370561,2024-04-19 02:59:34,2024-04-11 00:00:00
3889745580,2024-04-09 12:40:44,2024-04-09 12:40:44
3904395194,2024-04-17 23:10:47,2024-04-17 22:50:31
3905328650,2024-04-18 22:34:01,2024-04-18 00:00:00
3891820207,2024-04-12 06:24:34,2024-04-12 06:24:34
3904361422,2024-04-17 21:34:28,2024-04-17 21:22:37
3902789217,2024-04-18 02:07:01,2024-04-18 02:07:01
3901633629,2024-04-15 19:47:03,2024-04-15 19:35:30
3900090753,2024-04-15 21:01:18,2024-04-15 20:49:31
3901687906,2024-04-15 20:56:00,2024-04-15 20:44:12
3905829299,2024-04-19 12:36:03,2024-04-19 12:36:03
3903460339,2024-04-18 16:14:55,2024-04-18 16:14:55
3905392551,2024-04-19 04:29:18,2024-04-19 04:17:39
3904578561,2024-04-19 19:25:58,2024-04-19 19:14:11
3885102428,2024-04-06 08:38:55,2024-04-06 08:38:55
3904057287,2024-04-19 07:49:28,2024-04-19 07:49:28
3906224969,2024-04-19 21:43:53,2024-04-19 21:30:59
3889413798,2024-04-09 09:12:25,2024-04-09 00:00:00
3894291324,2024-04-11 19:27:12,2024-04-11 19:27:12
3901391461,2024-04-18 17:50:18,2024-04-18 17:50:18
3904412117,2024-04-18 00:37:35,2024-04-10 18:25:09
3884930335,2024-04-05 20:28:59,2024-04-05 20:28:59
3884917464,2024-04-05 20:07:02,2024-04-05 19:55:28
3901350300,2024-04-18 14:40:44,2024-04-18 14:40:44
3884836254,2024-04-06 03:38:35,2024-04-06 03:18:41
3901352256,2024-04-18 14:48:54,2024-04-18 14:34:45
3900081557,2024-04-15 20:23:18,2024-04-15 20:07:57
3888028840,2024-04-06 20:31:46,2024-04-06 20:31:46
3903466290,2024-04-18 16:33:21,2024-04-18 16:20:25
3905289790,2024-04-18 20:48:45,2024-04-18 20:38:02
3895540576,2024-04-12 03:21:59,2024-04-11 00:00:00
3902356107,2024-04-19 14:24:21,2024-03-25 14:14:03
3900098056,2024-04-15 21:16:30,2024-04-15 20:59:51
3898176450,2024-04-15 21:11:02,2024-04-15 21:01:29
3905369148,2024-04-19 02:23:17,2024-04-18 00:00:00
3905200567,2024-04-18 17:02:08,2024-03-24 16:47:51
3901979268,2024-04-19 00:29:39,2024-04-19 00:29:39
3904928129,2024-04-18 14:21:56,2024-04-18 14:10:23
3904962261,2024-04-18 15:38:04,2024-04-18 15:38:04
3906233252,2024-04-19 21:51:08,2024-04-19 21:38:48
3184403524,2024-04-15 18:53:26,2024-04-15 18:53:26
3904058977,2024-04-19 09:22:19,2024-04-18 00:00:00
3887870499,2024-04-06 02:30:54,2024-04-05 00:00:00
3905364769,2024-04-19 02:38:15,2024-04-19 02:27:23
3904924155,2024-04-18 14:01:28,2024-04-18 14:01:28
3905845140,2024-04-19 13:50:17,2024-04-19 13:37:07
3903449592,2024-04-18 15:37:21,2024-04-18 15:37:21
3904093974,2024-04-19 13:29:15,2024-04-19 13:17:37
3899526088,2024-04-16 14:24:37,2024-04-16 14:24:37
3905699072,2024-04-19 10:58:00,2024-04-19 10:58:00
3895528120,2024-04-12 02:22:30,2024-04-12 02:10:59
3887840164,2024-04-06 00:42:57,2024-04-06 00:42:57
3905336075,2024-04-18 22:48:00,2024-04-18 00:00:00
3900079657,2024-04-15 20:17:21,2024-04-15 20:04:45
3906221998,2024-04-19 21:29:04,2024-04-19 00:00:00
3901941110,2024-04-18 19:04:01,2024-04-18 19:04:01
3903807467,2024-04-18 19:46:03,2024-04-18 19:31:49
3887717638,2024-04-05 20:56:30,2024-04-05 20:56:30
3905326762,2024-04-18 22:33:21,2024-04-18 22:10:05
3904384985,2024-04-17 22:48:40,2024-04-17 22:36:51
3904929121,2024-04-18 14:24:08,2024-04-18 14:13:09
3884923486,2024-04-05 20:12:10,2024-04-05 20:12:10
3887868736,2024-04-06 02:25:12,2024-04-06 02:13:44
3904949340,2024-04-18 15:32:15,2024-04-18 00:00:00
3905624882,2024-04-19 06:46:58,2024-04-19 06:46:58
3885852004,2024-04-06 04:22:15,2024-04-06 04:10:34
3903432401,2024-04-18 14:21:32,2024-04-18 14:21:32
3900940678,2024-04-17 21:11:53,2024-04-17 00:00:00
3891292480,2024-04-12 04:27:14,2024-04-12 00:00:00
3905247885,2024-04-18 19:19:48,2024-04-18 19:19:48
3905358652,2024-04-19 01:47:40,2024-04-19 01:35:12
3901372758,2024-04-18 16:53:22,2024-04-18 16:37:24
3894918029,2024-04-11 17:54:59,2024-04-11 17:54:59
3894557230,2024-04-12 02:28:09,2024-04-12 02:16:54
3905287251,2024-04-18 20:25:11,2024-04-18 20:11:03
3901349298,2024-04-18 14:45:20,2024-04-18 14:33:08
3903845174,2024-04-18 22:36:10,2024-04-18 22:32:01
3886453543,2024-04-09 03:36:49,2024-04-09 03:25:07
3902829551,2024-04-19 19:11:09,2024-04-18 00:00:00
3902782960,2024-04-18 01:51:44,2024-04-18 01:32:04
3889112428,2024-04-09 04:38:04,2024-04-09 04:28:39
3902819061,2024-04-19 18:31:01,2024-04-19 18:31:01
3903838889,2024-04-18 22:37:41,2024-04-18 22:19:22
3895520829,2024-04-12 02:22:35,2024-04-11 00:00:00
3884807795,2024-04-06 02:03:46,2024-04-06 01:53:05
3901942018,2024-04-18 18:52:45,2024-04-18 18:52:45
3900084011,2024-04-15 20:20:50,2024-04-15 20:05:08
3901387941,2024-04-18 17:26:32,2024-04-18 17:26:32
3891273734,2024-04-12 03:28:21,2024-04-12 03:17:30
3887872044,2024-04-06 02:30:35,2024-04-06 02:16:15
3905332900,2024-04-18 23:02:15,2024-04-18 00:00:00
3901939092,2024-04-18 19:03:32,2024-04-18 18:52:46
3904993697,2024-04-18 16:51:24,2024-04-18 00:00:00
3901647687,2024-04-15 20:19:28,2024-04-15 00:00:00
3901349901,2024-04-18 15:07:23,2024-04-18 14:54:56
3889414997,2024-04-09 09:29:30,2024-04-08 00:00:00
3901941918,2024-04-18 20:43:17,2024-04-18 20:30:58
3901697864,2024-04-15 21:14:54,2024-04-15 21:10:55
3884446615,2024-04-05 21:08:44,2024-04-05 21:08:44
3905827277,2024-04-19 12:28:59,2024-04-19 12:28:59
3904420743,2024-04-18 02:33:36,2024-04-18 02:22:49
3886214472,2024-04-06 19:42:48,2024-04-06 19:42:48
3889441096,2024-04-09 09:45:27,2024-03-20 00:00:00
3902799201,2024-04-18 03:01:20,2024-04-17 00:00:00
3901988515,2024-04-19 03:14:28,2024-04-18 00:00:00
3901943311,2024-04-18 19:42:56,2024-04-18 19:31:02
3899531195,2024-04-16 15:06:08,2024-04-16 14:54:15
3904585599,2024-04-19 19:48:37,2024-04-19 19:48:37
3904722917,2024-04-19 23:11:28,2024-04-19 00:00:00
3901627740,2024-04-15 19:23:57,2024-04-15 19:23:57
3894872469,2024-04-11 17:10:18,2024-04-11 16:58:19
3905328370,2024-04-18 22:20:40,2024-04-18 22:09:28
3903445874,2024-04-18 15:46:16,2024-04-18 15:29:25
3906261848,2024-04-20 00:22:41,2024-04-20 00:22:41
3887888322,2024-04-06 03:32:48,2024-04-06 03:19:27
3891075526,2024-04-11 19:46:53,2024-04-11 19:19:16
3906080450,2024-04-19 18:24:01,2024-04-19 18:24:01
3888937324,2024-04-09 03:19:31,2024-04-08 00:00:00
3884855541,2024-04-06 05:10:10,2024-04-06 05:10:10
3901640390,2024-04-15 19:53:26,2024-04-15 19:53:26
3887930267,2024-04-09 05:45:09,2024-04-09 05:32:25
3903475369,2024-04-18 16:55:24,2024-04-18 16:41:47
3887916591,2024-04-09 05:20:06,2024-04-08 00:00:00
3905285607,2024-04-18 20:25:45,2024-04-18 20:13:57
3904729100,2024-04-19 22:42:03,2024-04-19 22:39:09
3894567135,2024-04-12 03:21:08,2024-04-11 00:00:00
3904061915,2024-04-19 09:40:20,2024-04-19 09:28:07
3904099498,2024-04-19 14:04:44,2024-04-19 14:04:44
3895218549,2024-04-11 19:47:13,2024-04-11 19:47:13
3905296990,2024-04-18 21:16:47,2024-04-18 21:16:47
3903474905,2024-04-18 17:36:35,2024-04-18 17:02:05
3904706305,2024-04-19 21:33:52,2024-04-19 21:15:53
3902787425,2024-04-18 02:25:22,2024-04-18 02:13:03
3905209569,2024-04-18 17:20:18,2024-04-18 17:02:02
3899534955,2024-04-16 15:11:37,2024-04-16 15:11:37
3902867434,2024-04-19 22:15:41,2024-04-19 22:15:41
3884434858,2024-04-05 20:36:57,2024-04-05 20:25:57
3899530882,2024-04-16 15:02:51,2024-04-16 15:02:51
3905303234,2024-04-18 21:29:48,2024-04-18 21:16:48
3905864712,2024-04-19 15:00:54,2024-04-19 15:00:54
3906227433,2024-04-19 21:28:17,2024-03-25 21:16:38
3889295570,2024-04-09 08:36:59,2024-04-09 08:31:24
3902788492,2024-04-18 02:26:33,2024-04-17 00:00:00
3906093959,2024-04-19 19:31:35,2024-04-19 19:31:35
3891020500,2024-04-11 18:17:04,2024-04-11 18:17:04
3902864879,2024-04-19 22:31:06,2024-04-19 22:20:35
3902918674,2024-04-16 14:24:02,2024-04-16 14:24:02
3901391448,2024-04-18 17:49:14,2024-04-18 17:49:14
3900079420,2024-04-15 20:09:09,2024-04-15 19:56:12
3902830582,2024-04-19 19:30:09,2024-04-19 19:18:11
3901955560,2024-04-18 21:30:45,2024-04-18 21:30:45
3904386849,2024-04-17 22:39:15,2024-04-17 22:39:15
3902750857,2024-04-17 22:35:25,2024-04-17 22:23:05
3888023955,2024-04-06 11:54:42,2024-04-06 11:54:42
3906231524,2024-04-19 21:56:40,2024-04-19 00:00:00
3891252447,2024-04-12 00:57:30,2024-04-12 00:57:30
3901959154,2024-04-18 21:39:07,2024-04-18 21:26:40
3901672375,2024-04-15 20:29:06,2024-04-15 20:13:51
3887985844,2024-04-09 08:53:47,2024-04-09 08:53:47
3901938193,2024-04-18 18:52:17,2024-04-18 18:52:17
3887863127,2024-04-06 02:18:33,2024-04-06 01:59:39
3900960291,2024-04-17 22:09:37,2024-04-12 00:00:00
3904928864,2024-04-18 14:45:57,2024-04-18 14:28:13
3905375244,2024-04-19 03:42:18,2024-04-19 03:25:11
3904370412,2024-04-17 22:11:38,2024-04-17 22:00:47
3895516497,2024-04-12 02:07:16,2024-04-12 01:52:45
3886895281,2024-04-09 13:00:06,2024-04-09 13:00:06
3905368195,2024-04-19 02:31:00,2024-04-18 00:00:00
3906258667,2024-04-19 23:23:39,2024-04-19 23:09:37
3899519788,2024-04-16 14:16:57,2024-04-16 14:16:57
3904935852,2024-04-18 15:00:39,2024-04-18 14:50:10
3903836720,2024-04-18 22:23:41,2024-04-18 22:11:13
3901978764,2024-04-19 01:17:15,2024-04-19 01:17:15
3901692714,2024-04-15 20:56:58,2024-04-15 20:56:58
3904567613,2024-04-19 18:13:17,2024-04-19 18:13:17
3904720955,2024-04-19 22:55:11,2024-04-19 22:28:10
3895569518,2024-04-12 04:09:35,2024-04-12 03:55:08
3900987067,2024-04-18 02:48:15,2024-04-18 02:34:44
3905671220,2024-04-19 09:50:41,2024-04-19 09:35:36
3901672743,2024-04-15 20:33:30,2024-04-15 00:00:00
3904386754,2024-04-17 22:40:48,2024-04-17 22:29:57
3906200102,2024-04-19 19:35:11,2024-04-19 19:22:57
3900077267,2024-04-15 19:33:26,2024-04-15 19:33:26
3888032591,2024-04-06 22:19:53,2024-04-06 22:19:53
3886824598,2024-04-09 07:07:13,2024-04-09 07:07:13
3902762053,2024-04-18 01:00:07,2024-04-17 22:58:14
3895490371,2024-04-12 00:32:46,2024-04-12 00:32:46
3884808089,2024-04-06 00:26:46,2024-04-06 00:14:42
3901607912,2024-04-15 19:03:19,2024-04-15 19:03:19
3904993694,2024-04-18 17:10:53,2024-04-18 16:39:38
3884498718,2024-04-06 00:06:35,2024-04-06 00:06:35
3889412913,2024-04-09 09:12:24,2024-04-09 00:00:00
3901956899,2024-04-18 22:01:03,2024-04-18 00:00:00
3904966730,2024-04-18 16:08:08,2024-04-18 15:57:02
3903808138,2024-04-18 19:27:43,2024-04-18 19:27:43
3901640114,2024-04-15 19:41:51,2024-04-15 19:41:51
3898169794,2024-04-15 20:35:59,2024-04-15 20:35:59
3904396022,2024-04-17 22:55:36,2024-04-17 00:00:00
3902300081,2024-04-19 04:32:07,2024-04-19 04:32:07
3905345770,2024-04-19 00:28:45,2024-04-19 00:16:42
3906224521,2024-04-19 21:41:08,2024-04-19 00:00:00
3887714578,2024-04-05 21:03:21,2024-04-05 20:51:18
3903480129,2024-04-18 17:38:49,2024-04-18 00:00:00
3904396156,2024-04-17 23:01:32,2024-04-17 22:50:07
3905647709,2024-04-19 08:21:27,2024-04-19 00:00:00
3905234168,2024-04-18 17:45:31,2024-04-18 17:45:31
3905849101,2024-04-19 13:46:14,2024-04-19 13:46:14
3894900783,2024-04-11 17:46:15,2024-04-11 17:46:15
3905365421,2024-04-19 02:28:04,2024-04-18 00:00:00
3894567144,2024-04-12 03:21:08,2024-04-11 00:00:00
3905283691,2024-04-18 20:18:31,2024-04-18 00:00:00
3904418774,2024-04-18 02:24:51,2024-04-17 00:00:00
3901373561,2024-04-18 16:41:55,2024-04-18 16:25:02
3904393384,2024-04-17 23:05:32,2024-04-17 00:00:00
3888029847,2024-04-06 22:35:34,2024-04-06 22:35:34
3895806470,2024-04-12 04:59:38,2024-04-12 04:43:43
3902826291,2024-04-19 18:39:49,2024-04-19 18:39:49
3895559162,2024-04-12 03:48:55,2024-04-12 03:32:48
3902753396,2024-04-17 22:35:31,2024-03-23 22:20:27
3906221937,2024-04-19 21:27:48,2024-04-19 21:15:44
3903432109,2024-04-18 14:20:50,2024-04-18 00:00:00
3902757076,2024-04-17 22:36:39,2024-04-17 22:23:23
3902322750,2024-04-19 09:07:02,2024-04-19 08:52:48
3889753211,2024-04-09 12:53:43,2024-04-09 12:53:43
3905335722,2024-04-18 23:19:32,2024-04-18 22:48:16
3903462753,2024-04-18 16:32:28,2024-04-18 16:22:00
3885106329,2024-04-06 10:44:18,2024-04-06 10:44:18
3902359019,2024-04-19 14:27:16,2024-04-19 14:27:16
3889241209,2024-04-09 07:23:25,2024-04-09 07:23:25
3901390183,2024-04-18 17:24:29,2024-04-18 17:24:29
3905374560,2024-04-19 03:54:25,2024-04-19 03:36:29
3905816414,2024-04-19 11:42:00,2024-04-19 11:30:46
3901157647,2024-04-16 14:18:27,2024-04-16 14:05:25
3905304930,2024-04-18 21:50:14,2024-04-18 21:37:25
3887709224,2024-04-05 20:44:49,2024-04-05 20:32:41
3903843302,2024-04-18 22:46:02,2024-04-18 00:00:00
3906098409,2024-04-19 19:51:16,2024-04-19 19:37:36
3906068135,2024-04-19 18:10:21,2024-04-19 17:34:43
3901982514,2024-04-19 00:33:09,2024-04-19 00:33:09
3889122468,2024-04-09 04:57:58,2024-04-09 04:45:02
3886452577,2024-04-09 03:39:32,2024-04-09 03:24:26
3891075352,2024-04-11 18:59:33,2024-04-11 18:59:33
3886841483,2024-04-09 09:19:30,2024-04-09 09:06:17
3891074534,2024-04-11 19:18:34,2024-04-11 19:18:34
3895863897,2024-04-12 06:56:40,2024-04-12 06:56:40
3898161230,2024-04-15 18:56:15,2024-04-15 18:56:15
3889750404,2024-04-09 12:47:13,2024-04-09 12:47:13
3904729573,2024-04-20 00:06:28,2024-04-20 00:06:28
3894991495,2024-04-11 19:02:13,2024-04-11 00:00:00
3905302263,2024-04-18 21:27:38,2024-04-18 00:00:00
3899524416,2024-04-16 14:49:08,2024-04-16 14:34:29
3894562386,2024-04-12 02:55:27,2024-04-12 02:55:27
3906257415,2024-04-19 23:05:31,2024-04-19 00:00:00
3904426048,2024-04-18 02:35:56,2024-03-24 02:24:15
3891017639,2024-04-11 18:52:56,2024-04-11 18:52:56
3906261076,2024-04-19 23:02:19,2024-04-19 23:02:19
3904963795,2024-04-18 15:49:49,2024-04-18 15:49:49
3901391513,2024-04-18 17:57:50,2024-04-18 17:57:50
3904425900,2024-04-18 03:00:43,2024-04-18 02:50:08
3901944490,2024-04-18 20:55:22,2024-04-18 20:55:22
3901390163,2024-04-18 17:20:50,2024-04-18 17:20:50
3902833506,2024-04-19 19:14:56,2024-04-19 19:14:56
3891290026,2024-04-12 04:04:01,2024-04-12 04:04:01
3900986140,2024-04-18 02:47:31,2024-04-17 00:00:00
3904983924,2024-04-18 16:16:17,2024-04-18 16:16:17
3895804419,2024-04-12 04:44:32,2024-04-11 00:00:00
3906097267,2024-04-19 19:24:29,2024-04-19 19:24:29
3905375306,2024-04-19 03:38:49,2024-04-19 00:00:00
3902841736,2024-04-19 21:19:21,2024-04-19 21:08:05
3905302212,2024-04-18 21:31:25,2024-04-18 21:15:30
3904710437,2024-04-19 21:46:42,2024-04-19 21:33:33
3902744489,2024-04-17 21:49:17,2024-04-17 21:35:25
3906075280,2024-04-19 18:10:25,2024-04-19 18:10:25
3895274655,2024-04-11 21:17:20,2024-04-11 00:00:00
3902869114,2024-04-19 22:38:49,2024-04-19 22:26:03
3903841745,2024-04-18 23:02:13,2024-03-24 22:34:26
3904725286,2024-04-19 22:49:14,2024-04-19 22:36:30
3906228410,2024-04-19 21:36:11,2024-04-19 00:00:00
3905394344,2024-04-19 04:37:03,2024-04-19 04:18:35
3895269288,2024-04-11 21:16:54,2024-04-11 00:00:00
3905334505,2024-04-18 22:45:36,2024-04-18 22:40:08
3884865472,2024-04-06 06:24:20,2024-04-06 06:24:20
3901944324,2024-04-18 20:53:50,2024-04-18 20:41:52
3904407995,2024-04-18 01:34:36,2024-04-18 01:22:49
3902832747,2024-04-19 19:38:05,2024-04-19 19:38:05
3905345962,2024-04-19 00:46:31,2024-04-19 00:34:18
3903456303,2024-04-18 15:52:00,2024-04-18 15:52:00
3887719210,2024-04-05 21:10:33,2024-04-05 20:57:21
3887984775,2024-04-09 08:51:52,2024-04-09 08:39:25
3904358794,2024-04-17 21:13:19,2024-04-17 21:13:19
3894899446,2024-04-11 17:46:18,2024-04-11 17:46:18
3902756584,2024-04-17 22:55:26,2024-04-17 00:00:00
3891077214,2024-04-11 19:15:08,2024-04-11 19:15:08
3905300347,2024-04-18 21:20:14,2024-04-18 00:00:00
3905882588,2024-04-19 15:33:43,2024-04-19 15:21:57
3895222483,2024-04-11 19:56:25,2024-04-11 19:56:25
3901675592,2024-04-15 20:38:23,2024-04-15 20:27:29
3901367663,2024-04-18 16:22:21,2024-04-18 16:07:27
3904391489,2024-04-17 22:59:43,2024-04-17 00:00:00
3902740968,2024-04-17 21:51:01,2024-04-17 00:00:00
3887891159,2024-04-06 03:27:29,2024-04-05 00:00:00
3898170614,2024-04-15 20:29:15,2024-04-15 20:29:15
3880169314,2024-04-18 15:20:01,2024-04-18 15:20:01
3904974390,2024-04-18 16:20:38,2024-04-18 16:08:17
3888970443,2024-04-09 04:14:59,2024-04-09 03:52:11
3895489623,2024-04-12 01:03:11,2024-04-12 00:51:17
3904080110,2024-04-19 10:43:41,2024-04-19 10:43:41
3895553904,2024-04-12 03:48:54,2024-04-12 03:33:07
3894237291,2024-04-11 17:58:37,2024-04-11 17:58:37
3898159960,2024-04-15 19:43:15,2024-04-15 19:31:13
3901988109,2024-04-19 02:46:54,2024-04-19 00:00:00
3902879440,2024-04-19 23:47:47,2024-04-19 23:47:47
3894552058,2024-04-12 02:08:07,2024-04-12 01:56:04
3902351289,2024-04-19 13:38:44,2024-04-19 13:38:44
3894203915,2024-04-11 17:15:56,2024-04-11 00:00:00
3902754651,2024-04-17 22:45:34,2024-04-17 00:00:00
3902911326,2024-04-16 14:20:14,2024-04-16 14:08:12
3902358002,2024-04-19 14:15:46,2024-04-19 14:15:46
3904572433,2024-04-19 18:25:02,2024-04-19 18:25:02
3905305961,2024-04-18 21:52:49,2024-04-18 21:41:45
3902829910,2024-04-19 19:45:15,2024-04-19 19:45:15
3903870863,2024-04-19 02:22:29,2024-04-19 02:03:18
3902866668,2024-04-19 22:32:53,2024-04-19 00:00:00
3894892548,2024-04-11 17:25:33,2024-04-11 17:25:33
3901356482,2024-04-18 15:24:26,2024-04-18 00:00:00
3902942810,2024-04-16 15:24:51,2024-04-16 15:12:58
3898155947,2024-04-15 19:11:26,2024-04-15 19:11:26
3902746995,2024-04-17 22:17:54,2024-04-17 00:00:00
3905282674,2024-04-18 20:21:19,2024-04-18 00:00:00
3884919104,2024-04-05 20:04:56,2024-04-05 19:53:06
3895530892,2024-04-12 02:48:58,2024-04-12 02:37:26
3902757775,2024-04-17 23:09:59,2024-04-17 23:09:59
3901606769,2024-04-15 19:04:44,2024-04-15 19:04:44
3902744940,2024-04-17 22:06:19,2024-04-16 00:00:00
3906237232,2024-04-19 22:07:18,2024-04-19 00:00:00
3906094735,2024-04-19 19:23:33,2024-04-19 19:23:33
3904430647,2024-04-18 03:03:37,2024-04-18 02:52:57
3903480423,2024-04-18 17:40:14,2024-04-18 17:40:14
3899528561,2024-04-16 14:50:13,2024-04-16 14:50:13
3906251832,2024-04-19 22:47:57,2024-04-19 00:00:00
3901693878,2024-04-15 21:12:09,2024-04-15 00:00:00
3891256398,2024-04-12 01:52:56,2024-04-12 01:52:56
3904702972,2024-04-19 21:33:52,2024-04-19 21:15:53
3904414295,2024-04-18 01:15:08,2024-04-18 01:03:08
3904428318,2024-04-18 02:43:07,2024-04-04 20:31:01
3905334191,2024-04-18 22:39:01,2024-04-18 22:27:30
3901374417,2024-04-18 16:41:40,2024-04-17 00:00:00
3888027831,2024-04-06 20:27:32,2024-04-06 20:27:32
3885834735,2024-04-06 04:00:37,2024-04-06 03:39:06
3891000309,2024-04-11 17:47:30,2024-04-11 17:47:30
3905300472,2024-04-18 21:25:26,2024-04-18 21:12:05
3904962292,2024-04-18 15:50:25,2024-04-18 00:00:00
3887836698,2024-04-06 00:22:04,2024-04-06 00:22:04
3887710592,2024-04-05 20:51:18,2024-04-05 00:00:00
3904382748,2024-04-17 22:27:11,2024-04-17 22:11:51
3905295651,2024-04-18 21:19:37,2024-04-18 21:07:04
3903444724,2024-04-18 15:19:04,2024-04-18 15:19:04
3895209082,2024-04-11 19:14:10,2024-04-11 19:14:10
3905306408,2024-04-18 21:28:44,2024-04-18 21:28:44
3905209620,2024-04-18 17:03:36,2024-04-18 17:03:36
3887581836,2024-04-09 03:55:07,2024-04-09 03:43:22
3891256343,2024-04-12 01:48:29,2024-04-12 01:48:29
3887985665,2024-04-09 08:52:54,2024-04-09 08:40:54
3902354233,2024-04-19 13:40:38,2024-04-19 13:40:38
3900960348,2024-04-17 22:02:13,2024-04-17 22:02:13
3895847520,2024-04-12 07:10:54,2024-04-12 07:10:54
3891075232,2024-04-11 19:03:35,2024-04-01 00:00:00
3904506023,2024-04-19 14:18:25,2024-04-19 14:18:25
3894947250,2024-04-11 18:22:40,2024-04-11 18:22:40
3905293893,2024-04-18 21:20:27,2024-04-18 21:05:50
3901961538,2024-04-18 22:22:13,2024-04-18 22:09:45
3902785462,2024-04-18 01:24:23,2024-04-18 01:24:23
3905889399,2024-04-19 15:37:21,2024-04-19 15:37:21
3902759300,2024-04-17 23:06:20,2024-04-17 22:55:01
3902948190,2024-04-16 15:13:55,2024-04-16 15:13:55
3901161331,2024-04-16 14:18:27,2024-04-16 14:05:31
3902344442,2024-04-19 12:46:17,2024-04-19 12:33:24
3891274490,2024-04-12 03:37:22,2024-04-12 03:21:35
3901992222,2024-04-19 03:38:38,2024-04-19 03:25:51
3904990710,2024-04-18 17:00:19,2024-04-18 00:00:00
3884438813,2024-04-05 21:05:36,2024-04-05 20:53:59
3889100769,2024-04-09 04:24:03,2024-04-09 04:10:43
3905844526,2024-04-19 13:56:04,2024-04-19 13:44:32
3884444231,2024-04-05 20:54:59,2024-04-05 20:54:59
3902809037,2024-04-19 18:10:56,2024-04-19 18:10:56
3905857177,2024-04-19 14:22:55,2024-04-19 14:11:21
3889744478,2024-04-09 12:36:58,2024-04-09 12:36:58
3899533185,2024-04-16 14:57:24,2024-04-16 14:57:24
3895273656,2024-04-11 21:12:40,2024-04-11 20:59:22
3886463704,2024-04-09 04:25:18,2024-04-09 04:06:53
3905608535,2024-04-19 05:37:19,2024-04-19 05:25:54
3904414530,2024-04-18 01:37:35,2024-04-18 01:37:35
3884827908,2024-04-06 03:18:11,2024-04-05 00:00:00
3905829008,2024-04-19 12:22:56,2024-04-19 12:22:56
3895547276,2024-04-12 03:30:42,2024-04-11 00:00:00
3903471847,2024-04-18 17:03:25,2024-04-17 00:00:00
3902928902,2024-04-16 14:44:16,2024-04-16 14:44:16
3905331403,2024-04-18 22:29:24,2024-04-18 22:29:24
3904369602,2024-04-17 21:46:05,2024-04-17 21:46:05
3885842914,2024-04-06 04:10:44,2024-03-12 04:00:11
3906231784,2024-04-19 22:07:51,2024-04-19 00:00:00
3905341445,2024-04-18 23:50:56,2024-04-18 00:00:00
3903444225,2024-04-18 15:03:19,2024-04-18 00:00:00
3905289433,2024-04-18 20:31:23,2024-04-18 20:31:23
3888943536,2024-04-09 03:34:18,2024-04-08 00:00:00
3886897166,2024-04-09 12:57:27,2024-04-09 12:57:27
3901983128,2024-04-19 00:24:33,2024-04-18 00:00:00
3902937152,2024-04-16 14:49:04,2024-04-16 14:49:04
3904368738,2024-04-17 22:02:43,2024-04-17 00:00:00
3902744980,2024-04-17 22:06:41,2024-04-17 00:00:00
3901378319,2024-04-18 16:26:07,2024-04-18 16:26:07
3887499124,2024-04-05 20:22:56,2024-04-05 00:00:00
3898166107,2024-04-15 19:47:46,2024-04-15 19:47:46
3884849127,2024-04-06 04:18:40,2024-04-06 04:05:54
3905346542,2024-04-19 00:07:31,2024-04-18 23:54:37
3904418047,2024-04-18 01:51:41,2024-04-18 01:37:42
3905309353,2024-04-18 21:44:05,2024-04-18 21:32:01
3895236069,2024-04-11 20:03:26,2024-04-11 20:03:26
3895802755,2024-04-12 04:46:40,2024-04-12 00:00:00
3904411350,2024-04-18 00:39:45,2024-04-18 00:39:45
3902946105,2024-04-16 15:19:40,2024-04-16 00:00:00
3884434112,2024-04-05 19:59:59,2024-04-05 19:47:45
3887864881,2024-04-06 02:21:46,2024-04-05 00:00:00
3888938974,2024-04-09 03:34:18,2024-04-08 00:00:00
3901365429,2024-04-18 16:05:47,2024-04-18 15:52:11
3895518190,2024-04-12 01:46:52,2024-04-12 01:46:52
3888827018,2024-04-09 13:30:33,2024-04-09 13:18:51
3885808489,2024-04-06 01:26:10,2024-04-06 01:14:16
3902735990,2024-04-17 21:32:54,2024-04-17 00:00:00
3906224654,2024-04-19 21:19:41,2024-04-19 21:19:41
3904701729,2024-04-19 21:17:28,2024-04-19 00:00:00
3902941937,2024-04-16 15:10:09,2024-04-16 15:10:09
3885857105,2024-04-06 04:27:02,2024-04-05 00:00:00
3904415945,2024-04-18 02:29:28,2024-04-17 00:00:00
3906254764,2024-04-19 23:11:36,2024-04-19 22:51:26
3902754460,2024-04-17 22:37:52,2024-04-17 00:00:00
3901936774,2024-04-18 19:51:56,2024-04-18 19:51:56
3898139221,2024-04-15 18:46:29,2024-04-15 18:19:59
3902750041,2024-04-17 21:56:22,2024-04-17 00:00:00
3905871448,2024-04-19 14:56:32,2024-04-19 14:56:32
3884913664,2024-04-05 20:27:08,2024-04-05 19:48:13
3901939188,2024-04-18 19:05:08,2024-04-18 19:05:08
3887855247,2024-04-06 01:40:34,2024-04-06 01:40:34
3902751645,2024-04-17 22:20:39,2024-04-17 22:20:39
3889440224,2024-04-09 09:50:53,2024-04-09 09:33:33
3887907792,2024-04-09 04:51:03,2024-04-09 04:28:15
3898178303,2024-04-15 21:00:38,2024-04-15 21:00:38
3905291931,2024-04-18 21:01:40,2024-04-18 00:00:00
3901356023,2024-04-18 14:51:39,2024-04-18 14:51:39
3906252016,2024-04-19 22:21:11,2024-04-19 22:07:04
3901347350,2024-04-18 14:05:54,2024-04-18 14:05:54
3905864152,2024-04-19 14:43:57,2024-04-19 14:28:28
3894966641,2024-04-11 18:36:56,2024-04-11 18:36:56
3904727667,2024-04-20 00:14:37,2024-03-25 23:59:54
3905871365,2024-04-19 14:54:04,2024-04-19 14:54:04
921716,2024-04-17 23:45:08,2024-04-17 23:45:08
3903845902,2024-04-19 00:14:23,2024-03-25 00:00:46
3895535906,2024-04-12 03:13:43,2024-04-12 02:59:38
3906223764,2024-04-19 21:32:02,2024-04-19 21:20:55
3887574848,2024-04-09 03:44:34,2024-04-09 03:25:55
3902841694,2024-04-19 21:14:35,2024-04-19 00:00:00
3905371084,2024-04-19 02:38:15,2024-04-19 02:16:23
3894562476,2024-04-12 03:27:17,2024-04-11 00:00:00
3887908822,2024-04-09 04:55:19,2024-04-09 04:33:25
3900945805,2024-04-17 21:21:38,2024-04-17 21:21:38
3904712217,2024-04-19 21:48:23,2024-04-19 21:31:30
3901955830,2024-04-18 21:55:38,2024-04-16 00:00:00
3898175313,2024-04-15 21:07:09,2024-04-15 20:54:40
3902803337,2024-04-19 18:07:03,2024-04-19 18:07:03
3900963305,2024-04-17 22:18:24,2024-04-17 22:18:24
3886881503,2024-04-09 11:56:36,2024-04-09 11:56:36
3894566423,2024-04-12 03:44:23,2024-04-11 00:00:00
3889101477,2024-04-09 04:24:03,2024-04-09 04:10:13
3903810134,2024-04-18 19:44:56,2024-04-18 19:44:56
3875765946,2024-04-19 23:00:12,2024-04-19 23:00:12
3901458309,2024-04-15 18:39:05,2024-04-15 18:39:05
3901376472,2024-04-18 16:37:01,2024-04-18 16:37:01
3901348637,2024-04-18 14:44:16,2024-04-18 14:44:16
3904394261,2024-04-17 23:03:08,2024-04-17 22:49:52
3887103514,2024-04-09 13:38:26,2024-04-09 13:38:26
3905379090,2024-04-19 03:52:52,2024-04-19 03:33:22
3895562323,2024-04-12 03:56:37,2024-04-12 03:41:04
3885828625,2024-04-06 03:36:09,2024-04-06 00:00:00
3900957956,2024-04-17 22:15:00,2024-04-17 00:00:00
3902946113,2024-04-16 15:19:05,2024-04-15 00:00:00
3901979719,2024-04-19 01:17:48,2024-04-19 01:17:48
3902922295,2024-04-16 14:24:38,2024-04-16 14:24:38
3902865442,2024-04-19 22:05:24,2024-04-19 22:05:24
3903841096,2024-04-18 22:20:14,2024-04-18 22:08:52
3891076151,2024-04-11 18:47:40,2024-04-11 18:47:40
3901959681,2024-04-18 22:01:09,2024-04-18 00:00:00
3904406788,2024-04-18 00:48:30,2024-04-18 00:48:30
3905310131,2024-04-18 21:50:30,2024-04-18 21:33:05
3904407411,2024-04-18 00:19:44,2024-04-17 00:00:00
3905800870,2024-04-19 11:13:50,2024-04-19 11:13:50
3904416659,2024-04-18 02:23:30,2024-04-17 00:00:00
3903838920,2024-04-18 22:36:28,2024-04-18 22:20:33
3904378343,2024-04-17 22:25:43,2024-04-17 22:02:26
3900073735,2024-04-15 19:48:01,2024-04-15 19:33:21
3894874596,2024-04-11 17:11:36,2024-04-11 16:59:49
3906063669,2024-04-19 18:10:21,2024-04-19 17:34:41
3902864223,2024-04-19 21:44:47,2024-04-19 21:44:47
3900959919,2024-04-17 22:30:47,2024-04-17 22:30:47
3904418987,2024-04-18 02:35:30,2024-04-18 02:23:44
3902760233,2024-04-17 23:04:16,2024-04-17 00:00:00
3901948125,2024-04-18 20:47:47,2024-04-18 20:47:47
3901601026,2024-04-15 19:43:35,2024-04-15 19:43:35
3891253183,2024-04-12 00:47:59,2024-04-12 00:47:59
3884807486,2024-04-06 01:29:32,2024-04-06 01:18:11
3901374079,2024-04-18 16:28:49,2024-04-18 00:00:00
3902949447,2024-04-16 15:14:48,2024-04-16 15:14:48
3905276674,2024-04-18 20:06:56,2024-04-18 20:06:56
3894590099,2024-04-12 04:17:17,2024-04-12 04:05:16
3901364349,2024-04-18 15:57:57,2024-04-18 15:46:12
3905202977,2024-04-18 17:07:11,2024-04-18 16:56:07
3904387911,2024-04-17 22:37:40,2024-04-17 22:37:40
3906095758,2024-04-19 19:30:28,2024-04-19 19:30:28
3901346604,2024-04-18 14:11:35,2024-04-18 14:11:35
3904996383,2024-04-18 16:51:13,2024-04-18 16:39:59
3901351952,2024-04-18 15:10:23,2024-04-18 14:58:08
3902881316,2024-04-19 23:46:18,2024-04-19 23:21:15
3899523423,2024-04-16 14:40:03,2024-04-16 14:27:27
3901978375,2024-04-18 23:58:30,2024-04-18 23:58:30
3887100224,2024-04-09 13:14:40,2024-04-09 13:14:40
3902314151,2024-04-19 06:31:57,2024-04-19 06:31:57
3904955161,2024-04-18 15:21:24,2024-04-18 15:17:28
3903469440,2024-04-18 16:30:54,2024-04-18 16:27:17
3906258204,2024-04-19 22:58:29,2024-04-19 22:45:57
3895206412,2024-04-11 19:16:08,2024-04-11 19:16:08
3895805310,2024-04-12 04:44:32,2024-04-11 00:00:00
3901957435,2024-04-18 21:30:23,2024-04-18 21:30:23
3902329002,2024-04-19 09:19:24,2024-04-19 09:06:02
3902362906,2024-04-19 15:04:56,2024-04-19 15:04:56
3900964432,2024-04-17 22:48:04,2024-04-17 22:48:04
3904999249,2024-04-18 16:45:04,2024-04-18 16:45:04
3901962500,2024-04-18 22:31:06,2024-04-18 22:19:38
3901349600,2024-04-18 14:47:16,2024-04-18 14:47:16
3906076141,2024-04-19 18:08:36,2024-04-19 18:08:36
3902792155,2024-04-18 02:47:19,2024-04-17 00:00:00
3905813935,2024-04-19 11:50:46,2024-04-19 11:39:31
3902789363,2024-04-18 02:25:59,2024-04-18 02:13:24
3895514852,2024-04-12 02:04:21,2024-04-11 00:00:00
3905843343,2024-04-19 13:38:14,2024-04-19 13:38:14
3904419274,2024-04-18 02:05:23,2024-04-17 00:00:00
3904953371,2024-04-18 15:21:25,2024-04-18 15:17:02
3904752292,2024-04-20 00:26:13,2024-04-19 00:00:00
3904386750,2024-04-17 22:44:24,2024-04-17 22:29:38
3905885240,2024-04-19 15:29:20,2024-04-19 00:00:00
3905682900,2024-04-19 10:06:22,2024-04-19 10:06:22
3887716398,2024-04-05 21:00:52,2024-04-05 20:48:08
3904507847,2024-04-19 15:21:51,2024-04-19 15:09:28
3906221885,2024-04-19 21:15:36,2024-04-19 21:15:36
3906098112,2024-04-19 19:18:53,2024-04-19 19:18:53
3894946919,2024-04-11 18:37:36,2024-04-11 18:25:32
3901374583,2024-04-18 16:35:50,2024-04-18 16:35:50
3885822168,2024-04-06 02:38:56,2024-04-06 02:26:55
3905349422,2024-04-19 00:42:12,2024-04-19 00:30:15
3894920995,2024-04-11 18:16:36,2024-04-11 18:03:58
3891260807,2024-04-12 02:26:53,2024-04-11 00:00:00
3905339255,2024-04-18 23:07:12,2024-04-18 22:55:16
3901945474,2024-04-18 21:08:23,2024-04-18 00:00:00
3901630925,2024-04-15 19:50:38,2024-04-15 19:37:35
3887495897,2024-04-05 20:28:33,2024-04-05 20:17:23
3889772080,2024-04-09 13:22:10,2024-04-09 13:22:10
3906231036,2024-04-19 21:45:16,2024-04-19 00:00:00
3902353559,2024-04-19 14:23:44,2024-04-19 00:00:00
3902940976,2024-04-16 15:25:59,2024-04-16 00:00:00
3884912327,2024-04-05 19:45:51,2024-04-05 19:31:56
3886825768,2024-04-09 07:25:44,2024-04-09 07:25:44
3903836668,2024-04-18 22:23:51,2024-04-18 22:08:53
3906226477,2024-04-19 21:41:08,2024-04-19 00:00:00
3898161736,2024-04-15 19:43:15,2024-04-15 19:31:18
3902366315,2024-04-19 15:23:43,2024-04-19 15:23:43
3888998970,2024-04-09 04:24:03,2024-04-09 04:10:16
3904719590,2024-04-19 22:25:09,2024-04-19 22:12:35
3889417724,2024-04-09 09:07:59,2024-04-09 09:07:59
3903830326,2024-04-18 21:38:13,2024-04-18 00:00:00
3905868661,2024-04-19 14:52:23,2024-04-19 14:52:23
3902361552,2024-04-19 15:06:51,2024-04-19 00:00:00
3906246207,2024-04-19 22:24:59,2024-04-19 22:02:45
3900984162,2024-04-18 02:25:46,2024-04-17 00:00:00
3891275761,2024-04-12 04:30:39,2024-04-12 03:33:06
3905327860,2024-04-18 22:25:14,2024-04-18 22:25:14
3888962717,2024-04-09 04:02:40,2024-04-09 03:47:24
3887496084,2024-04-05 20:09:32,2024-04-05 20:09:32
3902758139,2024-04-17 22:56:46,2024-03-23 22:36:09
3884920368,2024-04-05 20:25:52,2024-04-05 20:06:37
3904374115,2024-04-17 22:11:52,2024-04-17 21:52:12
3905346963,2024-04-19 01:12:59,2024-04-12 00:00:00
3886450509,2024-04-09 04:28:17,2024-04-09 03:23:21
3885100882,2024-04-06 09:10:28,2024-04-06 09:10:28
3891264109,2024-04-12 02:24:45,2024-04-12 02:11:30
3901943436,2024-04-18 19:53:59,2024-04-18 19:53:59
3901345535,2024-04-18 14:12:25,2024-04-18 14:12:25
3885832003,2024-04-06 03:22:29,2024-04-05 00:00:00
3902914638,2024-04-16 14:29:59,2024-04-16 00:00:00
3902351966,2024-04-19 14:29:49,2024-04-19 14:29:49
3884498694,2024-04-06 05:57:18,2024-04-05 23:46:03
3905289364,2024-04-18 20:36:53,2024-04-18 20:24:05
3901936413,2024-04-18 19:01:48,2024-04-18 19:01:48
3901940281,2024-04-18 19:19:37,2024-04-18 19:19:37
3885809291,2024-04-06 00:58:22,2024-04-06 00:46:32
3904054604,2024-04-19 08:16:37,2024-04-19 08:05:34
3901941858,2024-04-18 20:36:25,2024-04-18 00:00:00
3903830269,2024-04-18 21:37:23,2024-04-18 21:25:16
3895271765,2024-04-11 21:16:28,2024-04-11 21:01:58
3895209148,2024-04-11 19:13:23,2024-04-11 19:13:23
3901942881,2024-04-18 20:37:19,2024-04-18 20:37:19
3903483149,2024-04-18 17:35:34,2024-04-18 17:35:34
3902356201,2024-04-19 14:26:45,2024-04-19 14:26:45
3887985766,2024-04-09 09:02:11,2024-04-08 00:00:00
3901960317,2024-04-18 22:28:29,2024-04-18 22:28:29
3904949934,2024-04-18 15:27:52,2024-04-17 00:00:00
3902926801,2024-04-16 14:49:55,2024-04-16 14:38:18
3887493767,2024-04-05 20:22:59,2024-04-05 20:11:09
3902343171,2024-04-19 11:55:46,2024-04-19 11:55:46
3885862588,2024-04-06 04:57:23,2024-04-06 04:44:23
3901946055,2024-04-18 20:45:05,2024-04-18 20:32:59
3901379572,2024-04-18 17:08:35,2024-04-18 17:08:35
3894205348,2024-04-11 17:09:04,2024-04-11 16:56:02
3887840140,2024-04-06 00:39:57,2024-04-06 00:39:57
3895598366,2024-04-12 04:32:42,2024-03-18 04:18:36
3905394202,2024-04-19 04:25:51,2024-04-19 04:13:04
3902765160,2024-04-18 00:16:57,2024-04-18 00:04:19
3894205058,2024-04-11 17:07:02,2024-04-11 16:51:26
3899540583,2024-04-16 15:24:44,2024-04-16 15:24:44
3901942481,2024-04-18 20:16:49,2024-04-18 20:01:53
3904429502,2024-04-18 02:52:12,2024-04-17 00:00:00
3906079420,2024-04-19 18:34:41,2024-04-19 18:22:25
3886825581,2024-04-09 07:18:56,2024-04-09 07:05:58
3903847548,2024-04-18 23:26:51,2024-04-18 00:00:00
3904074436,2024-04-19 10:18:29,2024-04-18 00:00:00
3895210864,2024-04-11 19:36:17,2024-04-11 19:36:17
3903875867,2024-04-19 03:18:04,2024-04-19 03:04:14
3884908921,2024-04-05 19:45:51,2024-04-05 19:31:52
3905377046,2024-04-19 03:28:13,2024-04-19 03:24:04
3901941451,2024-04-18 19:48:16,2024-04-18 19:48:16
3901940568,2024-04-18 20:08:26,2024-04-18 19:56:19
3886453772,2024-04-09 03:45:20,2024-04-08 00:00:00
3891805744,2024-04-12 05:50:25,2024-04-12 05:50:25
3889477790,2024-04-09 10:07:24,2024-04-09 10:07:24
3904385971,2024-04-17 22:37:31,2024-04-17 22:37:31
3888031773,2024-04-06 23:44:01,2024-04-06 23:44:01
3905300946,2024-04-18 21:36:30,2024-04-18 21:25:40
3888937910,2024-04-09 03:28:20,2024-04-09 03:12:02
3891251151,2024-04-12 00:29:07,2024-04-12 00:16:29
3906228421,2024-04-19 21:35:58,2024-04-19 21:25:35
3905331309,2024-04-18 22:38:07,2024-04-18 00:00:00
3905283332,2024-04-18 20:21:19,2024-04-18 00:00:00
3905286624,2024-04-18 20:41:45,2024-04-18 20:28:01
3891281106,2024-04-12 03:44:48,2024-04-11 00:00:00
3905355022,2024-04-19 01:29:50,2024-04-18 00:00:00
3901976979,2024-04-19 01:48:17,2024-04-19 01:36:24
3901627475,2024-04-15 19:23:15,2024-04-15 19:23:15
3898172581,2024-04-15 21:07:35,2024-04-15 00:00:00
3900074179,2024-04-15 19:29:03,2024-04-15 00:00:00
3889245602,2024-04-09 07:30:07,2024-04-09 07:30:07
3894977245,2024-04-11 18:40:35,2024-04-11 18:40:35
3905668124,2024-04-19 09:24:51,2024-04-18 00:00:00
3904372016,2024-04-17 22:00:54,2024-04-17 21:48:27
3906093747,2024-04-19 19:15:01,2024-04-19 19:15:01
3884888553,2024-04-06 06:39:29,2024-04-06 06:39:29
3895564211,2024-04-12 03:45:14,2024-04-12 03:45:14
3900978234,2024-04-17 23:18:33,2024-04-17 23:18:33
3904396293,2024-04-17 23:14:17,2024-04-17 00:00:00
3894208260,2024-04-11 17:19:26,2024-04-11 16:59:50
3901349302,2024-04-18 14:35:54,2024-04-18 14:35:54
3887486130,2024-04-05 19:57:37,2024-04-05 19:57:37
3902729855,2024-04-17 21:08:41,2024-04-17 20:56:18
3901645087,2024-04-15 19:53:12,2024-04-15 19:53:12
3904961805,2024-04-18 15:59:05,2024-04-18 15:47:38
3884818347,2024-04-06 02:12:18,2024-04-06 02:12:18
3894299426,2024-04-11 20:07:59,2024-04-11 19:56:39
3894607592,2024-04-12 04:31:01,2024-04-12 00:00:00
3888957465,2024-04-09 03:51:45,2024-04-09 03:34:52
3905301150,2024-04-18 21:24:31,2024-04-18 21:11:57
3904951404,2024-04-18 15:32:38,2024-04-18 00:00:00
3901673159,2024-04-15 20:22:12,2024-04-15 00:00:00
3901389688,2024-04-18 17:53:14,2024-04-18 17:53:14
3887871226,2024-04-06 02:28:58,2024-04-05 00:00:00
3900940798,2024-04-17 21:14:52,2024-04-17 00:00:00
3891282484,2024-04-12 03:59:49,2024-04-11 00:00:00
3904709905,2024-04-19 21:54:44,2024-04-19 21:43:06
3901954912,2024-04-18 21:57:28,2024-04-18 21:42:52
3904928083,2024-04-18 14:21:14,2024-04-18 14:09:20
3905819459,2024-04-19 11:50:44,2024-04-19 11:50:44
3901635865,2024-04-15 19:59:17,2024-04-15 19:47:18
3895801827,2024-04-12 04:53:47,2024-04-12 00:00:00
3900973960,2024-04-17 23:12:33,2024-04-17 23:12:33
3894280286,2024-04-11 18:37:05,2024-04-11 18:27:57
3901997816,2024-04-19 04:45:09,2024-04-19 04:32:50
3905397119,2024-04-19 04:31:48,2024-04-18 00:00:00
3813645405,2024-04-18 18:34:39,2024-04-18 18:34:39
3900068586,2024-04-15 18:57:07,2024-04-15 18:57:07
3898166823,2024-04-15 20:27:22,2024-04-15 20:27:22
3888967242,2024-04-09 04:02:08,2024-04-08 00:00:00
3901689892,2024-04-15 20:49:16,2024-04-15 20:49:16
3891252537,2024-04-12 01:18:59,2024-04-12 01:18:59
3905391526,2024-04-19 04:20:15,2024-04-19 04:09:45
3902787108,2024-04-18 01:25:37,2024-04-18 01:25:37
3904424817,2024-04-18 02:51:37,2024-04-18 02:40:20
3904371298,2024-04-17 21:57:04,2024-04-17 21:57:04
3904954934,2024-04-18 15:32:44,2024-04-18 15:32:44
3900074442,2024-04-16 01:42:15,2024-04-15 19:30:15
3905624802,2024-04-19 06:46:36,2024-04-19 06:46:36
3901976746,2024-04-19 00:46:29,2024-04-19 00:33:03
3895866041,2024-04-12 06:48:34,2024-04-12 06:48:34
3906236557,2024-04-19 22:21:44,2024-04-19 21:59:50
3901944474,2024-04-18 21:05:57,2024-04-18 20:54:27
3905357694,2024-04-19 01:51:14,2024-04-19 01:37:29
3887899806,2024-04-06 03:49:34,2024-04-06 03:32:54
3901359689,2024-04-18 15:39:51,2024-04-18 15:26:37
3904725532,2024-04-19 23:17:07,2024-04-19 00:00:00
3901353791,2024-04-18 15:07:23,2024-04-18 00:00:00
3897779966,2024-04-15 19:21:20,2024-04-15 19:21:20
3902945060,2024-04-16 15:13:21,2024-04-16 15:02:19
3888004978,2024-04-06 04:00:28,2024-04-06 03:48:35
3903869503,2024-04-19 01:12:54,2024-04-19 01:00:23
3902753842,2024-04-17 22:51:31,2024-04-17 22:40:03
3906224266,2024-04-19 21:20:11,2024-04-19 21:06:53
3884924079,2024-04-05 20:19:56,2024-04-05 20:07:24
3901168001,2024-04-16 14:27:03,2024-04-16 00:00:00
3884435283,2024-04-05 20:07:17,2024-04-05 20:07:17
3895830481,2024-04-12 05:50:15,2024-04-12 05:38:29
3904394059,2024-04-17 22:51:31,2024-04-17 22:40:20
3900082939,2024-04-15 20:43:49,2024-04-15 20:17:24
3899529963,2024-04-16 15:20:45,2024-04-16 14:59:07
3887712525,2024-04-05 20:50:34,2024-04-05 20:50:34
3906252946,2024-04-19 22:57:48,2024-04-19 00:00:00
3905298790,2024-04-18 21:19:13,2024-04-18 21:19:13
3894878599,2024-04-11 17:21:24,2024-04-11 17:09:14
3904942730,2024-04-18 15:25:53,2024-04-18 15:10:36
3904969207,2024-04-18 15:55:30,2024-04-18 15:55:30
3900978338,2024-04-17 23:41:55,2024-04-17 23:41:55
3900073701,2024-04-15 19:44:35,2024-04-15 00:00:00
3889720469,2024-04-09 12:17:33,2024-04-09 12:17:33
3891250880,2024-04-12 02:06:03,2024-04-12 01:53:09
3898157509,2024-04-15 18:52:17,2024-04-15 18:52:17
3891834822,2024-04-12 06:46:23,2024-04-12 06:33:10
3905251190,2024-04-18 19:07:29,2024-04-18 19:07:29
3901352558,2024-04-18 14:48:25,2024-04-18 14:48:25
3902322696,2024-04-19 08:48:49,2024-04-19 08:48:49
3902934349,2024-04-16 14:46:09,2024-04-16 14:46:09
3900073689,2024-04-15 19:48:01,2024-04-15 19:31:48
3895528375,2024-04-12 02:30:06,2024-04-11 00:00:00
3904726660,2024-04-20 00:04:11,2024-04-19 23:52:51
3895488638,2024-04-12 00:35:49,2024-04-12 00:35:49
3901938557,2024-04-18 19:40:23,2024-04-18 19:40:23
3903479211,2024-04-18 17:29:12,2024-04-18 17:29:12
3902360310,2024-04-19 14:44:01,2024-04-19 14:44:01
3904990124,2024-04-18 16:32:21,2024-04-18 16:18:47
3901697063,2024-04-15 21:03:08,2024-04-15 20:50:57
3902824936,2024-04-19 18:44:45,2024-04-19 18:44:45
3905378381,2024-04-19 04:01:15,2024-04-19 03:49:15
3902746965,2024-04-17 22:16:56,2024-04-17 22:04:41
3891076554,2024-04-11 19:28:13,2024-04-11 19:28:13
3887495356,2024-04-05 20:22:56,2024-04-05 00:00:00
3891268765,2024-04-12 03:07:44,2024-04-12 02:56:36
3889288224,2024-04-09 08:27:28,2024-04-09 08:15:04
3901976700,2024-04-19 00:16:44,2024-04-19 00:16:44
3899533841,2024-04-16 15:09:43,2024-04-16 15:09:43
3902832567,2024-04-19 19:17:15,2024-04-19 19:17:15
3905830665,2024-04-19 12:52:22,2024-04-19 12:52:22
3901393135,2024-04-18 18:14:20,2024-04-18 17:27:35
3884816490,2024-04-06 02:24:36,2024-04-06 02:11:51
3901389256,2024-04-18 17:12:36,2024-04-18 17:12:36
3903849060,2024-04-18 23:04:19,2024-04-18 22:46:46
3895218149,2024-04-11 19:42:46,2024-04-11 19:42:46
3902859935,2024-04-19 21:57:19,2024-04-19 00:00:00
3894586029,2024-04-12 03:54:23,2024-04-12 03:54:23
3904993115,2024-04-18 16:37:18,2024-04-18 00:00:00
3901393504,2024-04-18 17:56:05,2024-04-18 17:56:05
3891842118,2024-04-12 06:46:23,2024-04-12 06:34:18
3898169734,2024-04-15 20:42:07,2024-04-15 20:30:24
3884834369,2024-04-06 03:27:19,2024-04-06 03:15:53
3906252902,2024-04-19 22:58:04,2024-04-19 22:44:15
3887703003,2024-04-05 20:31:56,2024-04-05 20:20:18
3884804274,2024-04-06 00:07:59,2024-04-06 00:07:59
3886457569,2024-04-09 03:43:58,2024-04-09 03:43:58
3901349314,2024-04-18 14:36:42,2024-04-18 14:36:42
3903883576,2024-04-19 03:53:56,2024-04-18 00:00:00
3885866402,2024-04-06 05:13:26,2024-04-06 04:46:22
3905338681,2024-04-18 23:31:45,2024-04-18 23:31:45
3885827475,2024-04-06 03:20:18,2024-04-05 00:00:00
3884434743,2024-04-05 20:29:27,2024-04-05 00:00:00
3901348096,2024-04-18 14:12:49,2024-04-18 14:12:49
3901951333,2024-04-18 21:22:31,2024-04-18 21:22:31
3905609653,2024-04-19 05:52:51,2024-04-19 05:52:51
3905376363,2024-04-19 03:41:05,2024-04-19 03:30:44
3906220804,2024-04-19 21:19:26,2024-04-19 00:00:00
3898161351,2024-04-15 19:09:17,2024-04-15 19:09:17
3887497595,2024-04-05 20:29:52,2024-04-05 00:00:00
3905372659,2024-04-19 03:34:46,2024-04-18 00:00:00
3901173110,2024-04-16 14:56:45,2024-04-16 14:44:31
3887855575,2024-04-06 01:58:19,2024-04-06 01:47:05
3905873619,2024-04-19 15:10:53,2024-04-19 15:10:53
3904367702,2024-04-17 22:04:41,2024-04-17 21:51:12
3903869532,2024-04-19 01:28:21,2024-04-19 01:13:52
3888972888,2024-04-09 04:13:48,2024-04-09 03:55:10
3885835070,2024-04-06 03:34:13,2024-04-05 00:00:00
3884444072,2024-04-05 20:48:17,2024-04-05 20:48:17
3888948679,2024-04-09 03:39:49,2024-04-09 03:28:30
3901393585,2024-04-18 18:02:05,2024-04-18 18:02:05
3902348814,2024-04-19 14:02:24,2024-04-19 14:02:24
3902753365,2024-04-17 22:30:26,2024-04-17 00:00:00
3900084843,2024-04-15 20:35:52,2024-04-15 20:23:23
3902948158,2024-04-16 15:26:16,2024-04-16 15:11:28
3905397478,2024-04-19 04:57:57,2024-04-19 04:44:49
3889112059,2024-04-09 04:38:12,2024-04-09 04:23:11
3903475437,2024-04-18 16:54:57,2024-04-18 00:00:00
3885811743,2024-04-06 02:16:30,2024-04-06 02:03:03
3900964412,2024-04-17 22:38:11,2024-04-17 22:38:11
3905299805,2024-04-18 21:28:35,2024-04-18 00:00:00
3770151266,2024-04-15 20:08:32,2024-04-15 20:08:32
3884829125,2024-04-06 03:12:08,2024-04-05 00:00:00
3901991113,2024-04-19 03:11:50,2024-04-18 00:00:00
3901937445,2024-04-18 19:02:02,2024-04-18 19:02:02
3894400060,2024-04-11 20:11:31,2024-04-11 19:54:15
3898163577,2024-04-15 19:56:33,2024-04-15 19:56:33
3906256138,2024-04-19 22:51:36,2024-04-19 00:00:00
3886884439,2024-04-09 12:31:29,2024-04-09 12:31:29
3902860597,2024-04-19 22:02:31,2024-04-19 21:46:46
3904368419,2024-04-17 21:56:26,2024-04-17 21:39:33
3904381407,2024-04-17 22:04:40,2024-04-17 22:04:40
3904393232,2024-04-17 23:08:33,2024-04-17 22:47:34
3904936850,2024-04-18 15:07:15,2024-04-18 14:52:58
3900074872,2024-04-15 19:51:23,2024-04-15 19:51:23
3888010407,2024-04-06 04:00:28,2024-04-06 03:48:50
3905804422,2024-04-19 11:13:39,2024-04-19 11:13:39
3901698052,2024-04-15 21:02:45,2024-04-15 00:00:00
3905681890,2024-04-19 10:23:20,2024-04-19 10:06:05
3904959979,2024-04-18 15:55:27,2024-04-18 15:55:27
3905813943,2024-04-19 11:40:06,2024-04-19 11:40:06
3898176044,2024-04-15 21:02:44,2024-04-15 00:00:00
3898162536,2024-04-15 19:37:51,2024-04-15 19:26:56
3899526148,2024-04-16 14:36:19,2024-04-16 00:00:00
3905363404,2024-04-19 02:09:24,2024-04-18 00:00:00
3901941465,2024-04-18 19:58:28,2024-04-18 19:58:28
3902753648,2024-04-17 22:43:52,2024-04-17 22:32:26
3887571655,2024-04-09 03:20:59,2024-03-15 02:59:17
3902865586,2024-04-19 22:01:42,2024-04-19 22:01:42
3884856372,2024-04-06 10:58:50,2024-04-06 04:46:51
3898162999,2024-04-15 20:07:29,2024-04-15 20:07:29
3902756718,2024-04-17 23:06:28,2024-04-17 22:55:09
3884911741,2024-04-05 19:49:30,2024-04-05 00:00:00
3902862801,2024-04-19 22:24:59,2024-04-19 22:13:01
3904753253,2024-04-20 00:26:13,2024-04-19 00:00:00
3905864846,2024-04-19 14:46:07,2024-04-19 14:46:07
3905295166,2024-04-18 20:46:15,2024-04-18 20:46:15
3889191542,2024-04-09 06:39:39,2024-04-09 06:39:39
3906253607,2024-04-19 23:05:22,2024-04-19 22:40:29
3885860924,2024-04-06 05:06:20,2024-04-06 04:46:37
3906253131,2024-04-19 22:40:46,2024-04-18 00:00:00
3905803622,2024-04-19 11:13:18,2024-04-19 11:13:18
3902865612,2024-04-19 22:16:12,2024-04-19 22:03:04
3884918354,2024-04-05 20:07:02,2024-04-05 19:55:27
3905294993,2024-04-18 21:09:39,2024-04-18 21:09:39
3891075420,2024-04-11 19:05:35,2024-04-11 19:05:35
3891834744,2024-04-12 06:46:23,2024-04-12 06:32:50
3898166119,2024-04-15 19:48:02,2024-04-15 19:48:02
3902356305,2024-04-19 14:33:32,2024-04-19 14:33:32
3902757009,2024-04-17 22:38:27,2024-04-17 22:19:45
3904931291,2024-04-18 14:34:06,2024-04-18 14:22:14
3888020859,2024-04-06 05:29:06,2024-04-06 05:12:28
3901397487,2024-04-18 18:25:42,2024-04-18 18:25:42
3903882129,2024-04-19 03:42:59,2024-04-19 03:25:29
3884834448,2024-04-06 03:38:34,2024-04-06 03:20:30
3905823107,2024-04-19 11:59:26,2024-04-19 11:59:26
3901334964,2024-04-18 15:14:22,2024-04-18 13:30:22
3904388622,2024-04-17 22:55:16,2024-04-17 00:00:00
3901944596,2024-04-18 21:01:13,2024-04-18 21:01:13
3905881438,2024-04-19 15:26:10,2024-04-19 15:15:39
3902802257,2024-04-19 18:02:45,2024-04-19 18:02:45
3888961656,2024-04-09 03:52:03,2024-04-09 03:40:46
3905242103,2024-04-18 18:16:26,2024-04-18 18:16:26
3886488846,2024-04-09 06:25:57,2024-04-09 06:25:57
3904087478,2024-04-19 12:21:35,2024-04-19 12:21:35
3884854216,2024-04-06 04:24:30,2024-04-06 00:00:00
3887493837,2024-04-05 20:22:59,2024-04-05 20:11:45
3904955822,2024-04-18 15:45:44,2024-04-18 15:33:05
3905349489,2024-04-19 00:46:13,2024-04-18 00:00:00
3901376473,2024-04-18 16:43:56,2024-04-18 16:31:39
3903825681,2024-04-18 21:32:38,2024-04-18 00:00:00
3904949350,2024-04-18 15:32:15,2024-04-18 00:00:00
3894556602,2024-04-12 02:53:04,2024-04-12 02:41:08
3904364647,2024-04-18 03:46:03,2024-04-17 21:33:59
3904418093,2024-04-18 01:51:55,2024-04-17 00:00:00
3901938999,2024-04-18 20:53:51,2024-04-18 20:27:55
3887709890,2024-04-05 20:55:45,2024-04-05 20:44:37
3889724598,2024-04-09 12:22:01,2024-04-09 12:22:01
3903824635,2024-04-18 21:21:04,2024-04-18 21:09:49
3905822298,2024-04-19 12:03:18,2024-04-19 12:03:18
3887862476,2024-04-06 02:16:30,2024-04-05 00:00:00
3889232275,2024-04-09 07:24:14,2024-04-09 07:11:18
3895546174,2024-04-12 03:28:50,2024-04-12 03:14:52
3901940989,2024-04-18 20:43:17,2024-04-18 20:30:41
3905298205,2024-04-18 21:06:12,2024-04-18 20:53:04
3884439401,2024-04-05 20:37:49,2024-04-05 20:37:49
3904052518,2024-04-19 06:45:33,2024-04-19 06:45:33
3902865688,2024-04-19 22:19:58,2024-04-19 22:04:31
3905866390,2024-04-19 14:38:52,2024-04-19 14:38:52
3885814531,2024-04-06 02:24:41,2024-04-06 02:11:30
3904387566,2024-04-17 22:40:54,2024-04-17 00:00:00
3895545318,2024-04-12 03:30:42,2024-04-12 00:00:00
3901690525,2024-04-15 20:54:35,2024-03-21 20:42:07
3902931700,2024-04-16 14:44:27,2024-04-16 14:44:27
3885104430,2024-04-06 10:48:45,2024-04-06 10:48:45
3894874996,2024-04-11 17:07:24,2024-04-11 17:07:24
3894560359,2024-04-12 02:56:19,2024-04-03 00:00:00
3894906952,2024-04-11 17:52:36,2024-04-11 17:52:36
3904367798,2024-04-17 21:55:14,2024-04-17 21:55:14
3902915635,2024-04-16 14:29:59,2024-04-16 00:00:00
3905342070,2024-04-18 23:11:10,2024-04-18 22:58:06
3902812759,2024-04-19 18:33:24,2024-04-19 18:33:24
3894553119,2024-04-12 02:17:44,2024-04-11 00:00:00
3891067775,2024-04-11 18:29:45,2024-04-11 18:29:45
3904085783,2024-04-19 12:15:19,2024-03-25 12:01:12
3887880974,2024-04-06 03:16:17,2024-04-06 03:10:26
3903496959,2024-04-18 18:48:50,2024-04-18 18:48:50
3904933813,2024-04-18 15:01:50,2024-04-18 14:49:41
3884440238,2024-04-05 20:42:19,2024-04-05 20:30:26
3900982090,2024-04-17 23:49:08,2024-04-17 23:49:08
3904366094,2024-04-17 21:40:57,2024-04-17 00:00:00
3895546502,2024-04-12 03:35:18,2024-04-11 00:00:00
3905372769,2024-04-19 03:33:04,2024-04-18 00:00:00
3904384593,2024-04-17 22:31:23,2024-04-17 22:18:05
3887715200,2024-04-05 20:55:54,2024-04-05 20:42:19
3905856193,2024-04-19 14:23:23,2024-04-19 00:00:00
3906234626,2024-04-20 00:19:52,2024-04-19 21:56:34
3905291042,2024-04-18 20:34:04,2024-04-18 20:15:03
3889485739,2024-04-09 10:29:47,2024-04-09 10:18:45
3903495844,2024-04-18 19:00:00,2024-04-18 18:43:06
3887715235,2024-04-05 20:55:40,2024-04-05 20:43:11
3901945437,2024-04-18 21:05:45,2024-04-18 20:52:49
3905289116,2024-04-18 20:23:19,2024-04-18 20:10:47
3904385618,2024-04-17 22:33:26,2024-04-17 22:21:21
3891048858,2024-04-11 18:24:32,2024-04-11 18:24:32
3904949937,2024-04-18 15:33:35,2024-04-18 15:19:43
3901376532,2024-04-18 16:49:13,2024-04-16 00:00:00
3905382527,2024-04-19 04:21:02,2024-04-18 00:00:00
3904421525,2024-04-18 02:28:48,2024-04-17 00:00:00
3890897538,2024-04-11 17:37:10,2024-04-11 17:37:10
3900960444,2024-04-17 22:22:22,2024-04-17 22:06:42
3900957138,2024-04-17 21:39:14,2024-04-17 21:39:14
3886456898,2024-04-09 04:09:00,2024-04-08 00:00:00
3903823464,2024-04-18 21:14:31,2024-04-17 00:00:00
3901976377,2024-04-18 23:31:32,2024-04-18 23:31:32
3904361797,2024-04-17 21:47:18,2024-03-23 21:34:18
3898176223,2024-04-15 21:11:45,2024-04-15 00:00:00
3885824748,2024-04-06 03:16:20,2024-04-06 03:03:41
3884919161,2024-04-05 19:57:30,2024-04-05 19:57:30
3902913475,2024-04-16 14:24:23,2024-04-16 14:24:23
3884441318,2024-04-05 21:05:33,2024-04-05 20:51:55
3902864692,2024-04-19 22:16:15,2024-04-19 00:00:00
3901351146,2024-04-18 14:40:02,2024-04-18 14:27:28
3905235940,2024-04-18 18:30:06,2024-04-18 18:30:06
3905252780,2024-04-18 19:45:33,2024-04-18 19:34:15
3895535829,2024-04-12 03:10:54,2024-04-12 02:56:04
3889489708,2024-04-09 10:37:03,2024-04-09 10:24:43
3901499095,2024-04-15 18:58:11,2024-04-15 18:58:11
3902752848,2024-04-17 22:32:41,2024-04-17 22:32:41
3905297631,2024-04-18 21:09:25,2024-04-18 21:09:25
3902740872,2024-04-17 21:49:17,2024-04-17 21:33:12
3901966015,2024-04-18 22:00:24,2024-04-18 22:00:24
3901691226,2024-04-15 20:46:02,2024-04-15 20:46:02
3902763244,2024-04-18 00:27:22,2024-04-18 00:27:22
3886464216,2024-04-09 05:34:04,2024-04-09 03:50:07
3884992118,2024-04-05 23:57:17,2024-04-05 23:45:36
3895537137,2024-04-12 02:53:18,2024-04-12 02:42:18
3902753343,2024-04-17 22:29:47,2024-04-17 22:17:50
3904719461,2024-04-19 22:28:51,2024-04-19 22:08:40
3905832349,2024-04-19 12:53:57,2024-04-19 12:53:57
3905349387,2024-04-19 00:36:58,2024-04-06 18:25:12
3889729486,2024-04-09 12:22:07,2024-04-09 12:22:07
3886887026,2024-04-09 12:43:04,2024-04-09 12:30:37
3905308330,2024-04-18 21:41:21,2024-04-18 21:29:56
3904384942,2024-04-17 22:45:41,2024-04-17 00:00:00
3895517992,2024-04-12 02:15:21,2024-04-11 00:00:00
3901368754,2024-04-18 16:22:06,2024-04-17 00:00:00
3905652415,2024-04-19 08:30:12,2024-04-19 00:00:00
3905253300,2024-04-18 19:14:24,2024-04-18 19:14:24
3886453024,2024-04-09 03:19:33,2024-04-09 03:07:24
3886830186,2024-04-09 08:16:50,2024-04-09 08:04:59
3901965475,2024-04-18 22:29:50,2024-04-18 22:29:50
3901991803,2024-04-19 03:49:44,2024-04-18 00:00:00
3889281895,2024-04-09 08:18:03,2024-04-09 00:00:00
3887906737,2024-04-09 04:44:32,2024-04-09 00:00:00
3905349537,2024-04-19 00:55:11,2024-04-18 00:00:00
3904937249,2024-04-18 14:41:36,2024-04-18 14:41:36
3902946096,2024-04-16 15:21:24,2024-04-16 15:06:54
3904414222,2024-04-18 01:06:42,2024-04-18 00:55:08
3905299686,2024-04-18 21:25:52,2024-04-18 00:00:00
3904723218,2024-04-19 22:36:32,2024-04-19 22:24:50
3904391527,2024-04-17 23:01:13,2024-04-17 00:00:00
3902865765,2024-04-19 22:12:06,2024-04-19 22:12:06
3901367096,2024-04-18 15:57:23,2024-04-18 15:45:37
3904052742,2024-04-19 07:26:58,2024-04-19 07:14:16
3905874927,2024-04-19 15:31:32,2024-04-19 00:00:00
3891252350,2024-04-12 00:46:55,2024-04-12 00:34:28
3905326956,2024-04-18 22:42:42,2024-04-18 00:00:00
3905330907,2024-04-18 22:56:54,2024-04-18 22:41:51
3904931773,2024-04-18 14:45:02,2024-04-17 00:00:00
3886831256,2024-04-09 08:21:36,2024-04-09 08:07:05
3904403572,2024-04-17 23:37:08,2024-04-17 23:37:08
3904382750,2024-04-17 22:24:33,2024-04-17 22:11:52
3894593701,2024-04-12 04:27:59,2024-04-11 00:00:00
3901949604,2024-04-18 21:24:36,2024-04-18 00:00:00
3895524716,2024-04-12 02:30:06,2024-04-11 00:00:00
3887705178,2024-04-05 20:43:02,2024-04-05 20:28:36
3902860672,2024-04-19 22:00:13,2024-04-19 21:48:29
3884436884,2024-04-05 20:44:48,2024-04-05 20:44:48
3887721306,2024-04-05 21:12:41,2024-04-05 00:00:00
3903828539,2024-04-18 21:40:39,2024-04-18 00:00:00
3899527483,2024-04-16 14:47:37,2024-04-16 14:47:37
3898159176,2024-04-15 18:59:26,2024-04-15 18:59:26
3902748889,2024-04-17 22:25:02,2024-04-17 00:00:00
3895593839,2024-04-12 04:16:12,2024-04-12 04:16:12
3884440656,2024-04-05 21:06:19,2024-04-05 20:54:23
3902322410,2024-04-19 08:32:16,2024-04-19 08:18:32
3905353443,2024-04-19 01:24:56,2024-04-19 01:13:38
3902365612,2024-04-19 15:18:21,2024-04-19 15:18:21
3903881293,2024-04-19 03:13:22,2024-04-19 03:01:35
3894577186,2024-04-12 03:54:45,2024-04-12 03:43:02
3902833762,2024-04-19 19:44:32,2024-04-19 19:44:32
3885808874,2024-04-06 02:08:08,2024-04-06 01:55:47
3898160286,2024-04-15 19:05:24,2024-04-15 19:05:24
3904386832,2024-04-17 22:45:41,2024-04-17 00:00:00
3894281835,2024-04-11 18:54:33,2024-04-11 18:42:49
3885817094,2024-04-06 02:18:19,2024-04-06 02:05:56
3902755382,2024-04-17 22:58:27,2024-04-17 22:33:35
3904364511,2024-04-17 21:42:59,2024-04-17 21:31:01
3904410414,2024-04-18 00:37:26,2024-04-18 00:26:12
3902318497,2024-04-19 08:32:17,2024-04-19 08:18:30
3904362930,2024-04-17 21:56:56,2024-04-17 21:45:10
3895528146,2024-04-12 02:25:35,2024-04-12 02:11:25
3884847130,2024-04-06 04:16:39,2024-04-06 04:03:25
3889439284,2024-04-09 09:50:55,2024-04-09 09:32:45
3902367121,2024-04-19 15:19:18,2024-04-19 15:05:33
3901967208,2024-04-18 22:36:11,2024-04-18 22:24:09
3884899830,2024-04-06 08:05:38,2024-04-06 08:05:38
3905332985,2024-04-18 23:05:55,2024-04-18 00:00:00
3887572580,2024-04-09 03:20:59,2024-03-15 02:58:45
3905208037,2024-04-18 17:05:47,2024-04-18 16:51:15
3905870863,2024-04-19 15:03:44,2024-04-19 15:03:44
3900070642,2024-04-15 19:08:45,2024-04-15 19:08:45
3889116047,2024-04-09 04:41:50,2024-04-09 04:29:53
3906224871,2024-04-19 21:44:42,2024-04-19 21:27:54
3901982835,2024-04-19 02:10:45,2024-04-19 01:59:02
3904397000,2024-04-17 23:16:18,2024-04-17 23:02:53
3886214453,2024-04-06 19:28:51,2024-04-06 19:28:51
3904933414,2024-04-18 14:49:01,2024-04-18 14:35:34
3905333973,2024-04-18 23:12:39,2024-04-18 22:53:55
3891264839,2024-04-12 02:50:05,2024-03-18 02:39:27
3884443258,2024-04-05 21:05:43,2024-04-05 00:00:00
3889709704,2024-04-09 11:53:19,2024-04-09 11:53:19
3898175062,2024-04-15 21:00:06,2024-04-15 21:00:06
3887988465,2024-04-09 09:02:11,2024-04-08 00:00:00
3901962779,2024-04-18 23:01:11,2024-04-18 23:01:11
3901355183,2024-04-18 14:45:21,2024-04-18 14:45:21
3891075376,2024-04-11 19:01:14,2024-04-11 19:01:14
3904723185,2024-04-19 22:34:26,2024-04-19 00:00:00
3905392433,2024-04-19 04:31:00,2024-04-19 04:11:31
3900982505,2024-04-18 01:43:23,2024-04-18 01:31:06
3902371216,2024-04-19 15:27:53,2024-04-19 15:14:44
3903838897,2024-04-18 22:37:41,2024-04-18 22:19:38
3905839740,2024-04-19 13:31:37,2024-04-19 13:31:37
3902759102,2024-04-17 22:53:19,2024-04-17 22:40:42
3904721368,2024-04-19 22:18:34,2024-04-19 22:07:35
3895543179,2024-04-12 03:19:41,2024-04-12 03:06:56
3905299409,2024-04-18 21:16:46,2024-04-18 21:05:26
3889779102,2024-04-09 13:36:13,2024-04-09 13:36:13
3904707144,2024-04-19 21:25:27,2024-04-19 00:00:00
3905826273,2024-04-19 12:25:44,2024-04-19 12:25:44
3888478400,2024-04-09 10:49:25,2024-04-09 10:25:52
3904371264,2024-04-17 22:09:03,2024-04-17 00:00:00
3904969072,2024-04-18 16:00:21,2024-04-18 16:00:21
3905832689,2024-04-19 13:09:43,2024-04-19 13:09:43
3902881293,2024-04-19 23:19:11,2024-04-19 23:19:11
3901675863,2024-04-15 20:44:15,2024-04-15 20:32:41
3902841731,2024-04-19 21:20:00,2024-04-19 21:07:41
3888006798,2024-04-06 04:00:16,2024-04-06 03:46:24
3894290352,2024-04-11 19:29:28,2024-04-11 00:00:00
3901340287,2024-04-18 15:33:20,2024-04-18 15:33:20
3904401868,2024-04-17 23:50:25,2024-04-17 00:00:00
3902348215,2024-04-19 13:21:01,2024-04-19 13:21:01
3905874156,2024-04-19 14:57:42,2024-04-19 14:57:42
3901180686,2024-04-16 15:29:00,2024-04-16 00:00:00
3905865236,2024-04-19 14:33:26,2024-04-19 14:33:26
3898179030,2024-04-15 21:11:02,2024-04-15 21:00:23
3904962444,2024-04-18 15:46:01,2024-04-18 15:46:01
3904387998,2024-04-17 22:57:02,2024-04-17 00:00:00
3905375039,2024-04-19 03:15:35,2024-04-19 03:02:21
3902880392,2024-04-19 23:43:26,2024-04-19 23:43:26
3887869601,2024-04-06 02:18:08,2024-04-06 02:18:08
3904388115,2024-04-17 22:36:47,2024-04-17 00:00:00
3900941706,2024-04-17 21:17:25,2024-04-17 00:00:00
3884820686,2024-04-06 02:42:49,2024-04-06 02:30:21
3887884141,2024-04-06 03:05:12,2024-04-06 02:53:25
3905205930,2024-04-18 17:04:34,2024-04-18 17:04:34
3905301648,2024-04-18 21:36:47,2024-04-18 21:25:44
3903896466,2024-04-19 04:45:02,2024-04-19 04:32:51
3902752889,2024-04-17 22:45:53,2024-04-17 22:34:02
3904416925,2024-04-18 02:39:00,2024-04-18 02:14:20
3901983348,2024-04-19 00:59:19,2024-04-19 00:59:19
3900942825,2024-04-17 21:16:42,2024-04-17 21:16:42
3902352157,2024-04-19 13:34:31,2024-04-19 13:34:31
3906262039,2024-04-19 23:23:39,2024-04-19 23:09:37
3904365552,2024-04-17 21:51:47,2024-04-17 00:00:00
3905367055,2024-04-19 02:15:47,2024-04-19 00:00:00
3905351129,2024-04-19 00:33:42,2024-04-17 00:00:00
3888411793,2024-04-09 10:04:35,2024-04-09 00:00:00
3904062817,2024-04-19 10:13:26,2024-04-19 09:45:54
3889121850,2024-04-09 05:10:28,2024-04-08 00:00:00
3891076691,2024-04-11 19:34:30,2024-04-11 19:34:30
3889153447,2024-04-09 05:38:48,2024-04-09 05:38:48
3903828467,2024-04-18 21:36:46,2024-04-18 21:24:58
3906230291,2024-04-19 21:41:10,2024-04-19 00:00:00
3884933467,2024-04-05 20:51:51,2024-04-05 20:39:55
3899524395,2024-04-16 14:33:09,2024-04-16 14:33:09
3881822529,2024-04-15 20:09:28,2024-04-15 20:09:28
3903825677,2024-04-18 21:32:38,2024-04-18 00:00:00
3894298243,2024-04-11 19:44:34,2024-04-11 19:44:34
3888943235,2024-04-09 03:26:01,2024-04-09 03:10:34
3905388977,2024-04-19 04:15:00,2024-04-19 04:10:34
3901965373,2024-04-18 22:25:55,2024-04-18 22:25:55
3903867926,2024-04-19 01:45:22,2024-04-18 00:00:00
3902868145,2024-04-19 22:38:49,2024-04-19 22:27:22
3903813171,2024-04-18 21:47:43,2024-04-18 20:05:09
3901948342,2024-04-18 20:59:08,2024-04-18 20:59:08
3904997194,2024-04-18 16:50:44,2024-04-18 16:37:36
3904395511,2024-04-17 23:23:29,2024-04-17 23:09:35
3906229379,2024-04-19 21:28:50,2024-04-19 21:28:50
3904570564,2024-04-19 18:37:29,2024-04-19 18:25:17
3903843071,2024-04-18 22:30:15,2024-04-18 00:00:00
3900080227,2024-04-15 20:06:04,2024-04-15 19:53:26
3902876503,2024-04-19 23:13:03,2024-04-19 23:13:03
3887479346,2024-04-05 20:17:14,2024-04-05 00:00:00
3901389445,2024-04-18 17:36:43,2024-04-18 17:36:43
3904965727,2024-04-18 16:04:47,2024-04-18 15:52:12
3885830028,2024-04-06 03:22:05,2024-04-05 00:00:00
3904722352,2024-04-19 22:34:26,2024-04-19 00:00:00
3902880406,2024-04-19 23:57:54,2024-04-19 23:46:06
3905847849,2024-04-19 14:00:33,2024-04-19 14:00:33
3894947261,2024-04-11 18:24:32,2024-04-11 18:24:32
3898170762,2024-04-15 20:37:48,2024-04-15 20:37:48
3905857544,2024-04-19 14:29:52,2024-04-19 14:29:52
3887466670,2024-04-05 19:40:45,2024-04-05 19:28:44
3905331984,2024-04-18 23:04:50,2024-04-18 22:49:27
3886875534,2024-04-09 10:41:06,2024-04-09 10:30:02
3885846269,2024-04-06 04:39:32,2024-04-06 04:02:06
3905338305,2024-04-18 23:06:14,2024-04-18 22:55:20
3904968233,2024-04-18 15:55:26,2024-04-18 15:55:26
3904500935,2024-04-19 14:28:35,2024-04-19 14:28:35
3904964641,2024-04-18 15:52:09,2024-04-18 15:52:09
3889260857,2024-04-09 07:44:12,2024-04-09 07:44:12
3884434946,2024-04-05 20:46:42,2024-04-05 20:32:25
3885804884,2024-04-06 01:26:10,2024-04-06 01:14:26
3902351302,2024-04-19 13:38:32,2024-04-19 13:38:32
3884804420,2024-04-06 00:25:26,2024-04-05 00:00:00
3903835463,2024-04-18 22:25:29,2024-04-01 00:00:00
3905398027,2024-04-19 04:19:57,2024-04-18 00:00:00
3898160150,2024-04-15 18:40:22,2024-04-15 18:40:22
3906250451,2024-04-19 22:24:21,2024-04-19 22:13:01
3900090571,2024-04-15 20:53:09,2024-04-15 20:40:14
3902831705,2024-04-19 19:31:23,2024-04-19 19:31:23
3902845086,2024-04-19 21:16:29,2024-04-19 21:16:29
3901958462,2024-04-18 21:44:41,2024-04-18 21:32:37
3905832576,2024-04-19 13:03:53,2024-04-19 13:03:53
3901676831,2024-04-15 20:44:14,2024-04-15 20:32:27
3894549047,2024-04-12 01:29:05,2024-04-11 00:00:00
3894564166,2024-04-12 03:21:08,2024-04-11 00:00:00
3905334134,2024-04-18 22:25:44,2024-04-18 22:25:44
3906069458,2024-04-19 18:04:54,2024-04-19 17:46:33
3884802254,2024-04-05 23:56:43,2024-04-05 23:56:43
3888026302,2024-04-06 08:55:30,2024-04-06 08:55:30
3904574613,2024-04-19 19:00:39,2024-04-19 19:00:39
3898161131,2024-04-15 18:44:49,2024-04-15 18:44:49
3905235783,2024-04-18 18:02:17,2024-04-18 18:02:17
3903472970,2024-04-18 17:08:38,2024-04-18 16:56:05
3904023028,2024-04-19 08:29:35,2024-04-19 05:27:05
3900091241,2024-04-15 20:43:17,2024-04-15 20:31:13
3901991079,2024-04-19 03:05:30,2024-04-19 02:54:22
3902350671,2024-04-19 14:15:12,2024-04-19 14:02:58
3884827405,2024-04-06 03:09:04,2024-04-06 02:57:15
3905243823,2024-04-18 18:46:45,2024-04-18 18:46:45
3902753742,2024-04-17 22:47:49,2024-04-17 22:36:27
3903451067,2024-04-18 15:24:37,2024-04-18 15:24:37
3887883818,2024-04-06 03:31:24,2024-04-04 00:00:00
3901998211,2024-04-19 04:00:33,2024-04-18 00:00:00
3905820232,2024-04-19 11:38:53,2024-04-19 11:38:53
3900086881,2024-04-15 20:37:52,2024-04-15 00:00:00
3894880327,2024-04-11 17:12:35,2024-04-11 17:12:35
3903475260,2024-04-18 16:39:00,2024-04-18 16:39:00
3902357304,2024-04-19 14:28:40,2024-04-19 14:28:40
3898161464,2024-04-15 19:21:00,2024-04-15 19:21:00
3900957819,2024-04-17 22:05:00,2024-04-17 00:00:00
3891019418,2024-04-11 18:14:46,2024-04-11 18:14:46
3905340107,2024-04-18 23:06:07,2024-04-18 22:54:27
3904416924,2024-04-18 02:39:00,2024-04-18 02:14:20
3906248680,2024-04-19 22:31:11,2024-04-19 00:00:00
3885829177,2024-04-06 03:22:05,2024-04-05 00:00:00
3887477342,2024-04-05 19:52:17,2024-04-05 19:52:17
3902834588,2024-04-19 19:44:04,2024-04-19 19:44:04
3905313188,2024-04-18 21:59:06,2024-04-18 21:46:25
3906087694,2024-04-19 18:50:32,2024-04-19 18:39:03
3901684681,2024-04-15 20:48:21,2024-04-15 20:38:00
3903430131,2024-04-18 14:01:40,2024-04-18 14:01:40
3886837949,2024-04-09 09:19:31,2024-04-09 09:06:26
3886442830,2024-04-09 03:13:52,2024-04-08 00:00:00
3895863821,2024-04-12 06:53:22,2024-04-12 06:53:22
3905298643,2024-04-18 21:24:06,2024-04-18 21:13:10
3905305207,2024-04-18 21:25:31,2024-04-18 21:25:31
3905377031,2024-04-19 03:31:21,2024-04-19 03:21:51
3898165280,2024-04-15 19:54:21,2024-04-15 19:54:21
3901942266,2024-04-18 19:31:30,2024-04-18 19:31:30
3906073398,2024-04-19 18:08:34,2024-04-19 18:08:34
3901680152,2024-04-15 20:42:48,2024-04-15 20:27:38
3905212005,2024-04-18 16:56:59,2024-04-18 16:56:59
3884444012,2024-04-05 20:43:44,2024-04-05 20:43:44
3905202835,2024-04-18 16:53:54,2024-04-18 16:53:54
3905683905,2024-04-19 10:18:05,2024-04-19 10:06:37
3905256287,2024-04-18 19:40:30,2024-04-18 19:40:30
3889440239,2024-04-09 09:50:53,2024-04-09 09:33:48
3889440228,2024-04-09 09:50:53,2024-04-09 09:33:34
3906231336,2024-04-19 21:40:47,2024-04-19 21:40:47
3905378048,2024-04-19 03:34:09,2024-04-19 03:23:21
3891262961,2024-04-12 02:42:47,2024-04-12 02:30:40
3895271734,2024-04-11 21:14:17,2024-04-11 21:01:09
3904421505,2024-04-18 02:23:58,2024-04-18 02:12:35
3904419853,2024-04-18 02:30:59,2024-04-17 00:00:00
3898167204,2024-04-15 19:59:59,2024-04-15 19:59:59
3895815053,2024-04-12 05:06:16,2024-04-12 04:53:26
3901379394,2024-04-18 16:46:35,2024-04-18 16:46:35
3902788606,2024-04-18 02:47:19,2024-04-17 00:00:00
3903828596,2024-04-18 21:43:34,2024-04-18 00:00:00
3906257335,2024-04-19 23:01:13,2024-04-19 00:00:00
3902312008,2024-04-19 06:27:32,2024-04-19 06:27:32
3904956559,2024-04-18 15:38:44,2024-04-18 15:27:39
3885833914,2024-04-06 04:00:36,2024-04-06 03:39:18
3901342649,2024-04-18 14:00:43,2024-04-18 14:00:43
3902745753,2024-04-17 22:04:45,2024-04-17 00:00:00
3904053883,2024-04-19 07:46:17,2024-04-19 07:46:17
3894283850,2024-04-11 19:08:10,2024-04-11 18:55:49
3905351127,2024-04-19 00:33:42,2024-04-17 00:00:00
3901978271,2024-04-18 23:21:54,2024-04-18 23:21:54
3894874592,2024-04-11 17:11:37,2024-04-11 16:59:46
3898161830,2024-04-15 19:40:50,2024-04-15 19:40:50
3895593858,2024-04-12 04:16:18,2024-04-12 04:16:18
3903874307,2024-04-19 02:38:48,2024-04-19 02:25:55
3902909845,2024-04-16 14:22:40,2024-04-16 14:09:08
3887495433,2024-04-05 20:23:18,2024-04-05 20:10:54
3901372369,2024-04-18 16:28:22,2024-04-18 16:16:47
3904718963,2024-04-19 22:34:40,2024-04-19 22:22:05
3905331923,2024-04-18 22:57:39,2024-04-18 22:46:31
3903824923,2024-04-18 21:22:55,2024-04-18 21:22:55
3890893956,2024-04-11 17:36:11,2024-04-11 17:36:11
3905300433,2024-04-18 21:20:55,2024-04-18 00:00:00
3904394286,2024-04-17 23:04:47,2024-04-17 22:50:56
3905832626,2024-04-19 13:06:17,2024-04-19 13:06:17
3901392732,2024-04-18 18:13:33,2024-04-18 18:13:33
3906238098,2024-04-19 22:07:46,2024-03-25 21:55:40
3901389226,2024-04-18 17:08:07,2024-04-18 17:08:07
3895505705,2024-04-12 01:40:35,2024-04-12 01:29:02
3904939168,2024-04-18 14:49:06,2024-04-18 14:49:06
3891269618,2024-04-12 03:05:52,2024-04-11 00:00:00
3887874313,2024-04-06 02:43:44,2024-04-06 02:27:57
3902786576,2024-04-18 02:21:40,2024-04-18 02:05:09
3905844728,2024-04-19 13:49:17,2024-04-19 13:49:17
3900957849,2024-04-17 22:06:36,2024-04-17 21:55:30
3900945316,2024-04-17 21:27:25,2024-04-17 00:00:00
3887881599,2024-04-06 03:12:43,2024-04-06 03:00:32
3902733882,2024-04-17 21:23:17,2024-04-17 00:00:00
658723396,2024-04-19 01:23:14,2024-04-19 01:23:14
3898163681,2024-04-15 20:05:11,2024-04-15 20:05:11
3902845145,2024-04-19 21:18:44,2024-04-19 21:18:44
3901978509,2024-04-19 00:10:04,2024-04-19 00:10:04
3903895666,2024-04-19 04:45:41,2024-04-15 00:00:00
3904397970,2024-04-17 23:34:33,2024-04-17 23:34:33
3886442655,2024-04-09 03:11:13,2024-04-08 00:00:00
3904385470,2024-04-17 22:25:26,2024-04-17 00:00:00
3891084024,2024-04-11 20:07:12,2024-04-11 20:07:12
3905695656,2024-04-19 11:08:25,2024-04-19 10:56:02
3901947070,2024-04-18 20:50:30,2024-04-18 20:37:38
3888033728,2024-04-07 03:30:47,2024-04-06 00:00:00
3904062224,2024-04-19 09:22:19,2024-04-18 00:00:00
3894567141,2024-04-12 03:21:08,2024-04-11 00:00:00
3884440541,2024-04-05 21:06:12,2024-04-05 20:52:06
3904074161,2024-04-19 10:14:49,2024-04-19 09:54:47
3902756482,2024-04-17 22:54:35,2024-04-17 22:38:21
3902755267,2024-04-17 22:40:02,2024-04-17 00:00:00
3895559727,2024-04-12 03:59:15,2024-04-12 03:43:05
3886880822,2024-04-09 12:23:35,2024-04-09 12:23:35
3894868506,2024-04-11 17:06:13,2024-04-11 16:54:46
3891040375,2024-04-11 18:33:51,2024-04-11 18:21:51
3902867511,2024-04-19 22:30:20,2024-04-19 22:30:20
3903844164,2024-04-18 22:51:45,2024-04-18 00:00:00
3905843294,2024-04-19 13:36:56,2024-04-19 13:36:56
3906093407,2024-04-19 18:53:58,2024-04-19 00:00:00
3901800662,2024-04-15 21:14:23,2024-04-15 21:14:23
3891073980,2024-04-11 19:54:42,2024-04-11 19:42:42
3906079474,2024-04-19 18:25:21,2024-04-19 18:25:21
3904392387,2024-04-17 22:52:56,2024-04-17 22:38:58
3885864491,2024-04-06 05:06:20,2024-04-06 04:46:42
3887940693,2024-04-09 08:19:38,2024-04-09 08:08:00
3906253680,2024-04-19 22:58:29,2024-04-19 22:43:54
3889118984,2024-04-09 05:01:08,2024-04-09 04:49:14
3887839177,2024-04-06 00:39:41,2024-04-06 00:39:41
3900975657,2024-04-17 23:40:29,2024-04-17 23:40:29
3904427749,2024-04-18 02:52:44,2024-04-18 02:41:20
3901629261,2024-04-15 19:32:32,2024-04-15 19:20:13
3887100751,2024-04-09 13:27:13,2024-04-09 13:27:13
3904388842,2024-04-17 23:03:58,2024-04-17 00:00:00
3900980590,2024-04-18 00:46:57,2024-04-18 00:33:00
3904725216,2024-04-19 22:58:50,2024-04-19 00:00:00
3902843486,2024-04-19 21:19:21,2024-04-19 21:08:06
3901669968,2024-04-15 20:21:14,2024-04-15 20:21:14
3887491939,2024-04-05 20:20:12,2024-04-05 20:08:32
3891076756,2024-04-11 19:54:42,2024-04-11 19:42:12
3905280856,2024-04-18 20:21:19,2024-04-18 00:00:00
3906227416,2024-04-19 21:27:47,2024-03-25 21:16:25
3900981039,2024-04-17 23:24:37,2024-04-17 23:24:37
3902917050,2024-04-16 14:14:14,2024-04-16 14:14:14
3904392214,2024-04-17 22:44:54,2024-04-17 22:32:03
3901954212,2024-04-18 21:38:54,2024-04-18 21:20:16
3903456759,2024-04-18 16:22:22,2024-03-24 16:09:44
3900982861,2024-04-18 02:48:15,2024-04-18 02:34:57
3902865798,2024-04-19 22:29:24,2024-04-19 22:16:36
3886896224,2024-04-09 12:54:09,2024-04-09 12:54:09
3898167110,2024-04-15 20:01:26,2024-04-15 20:01:26
3889778614,2024-04-09 13:39:21,2024-04-09 13:39:21
3901954512,2024-04-18 21:28:04,2024-04-18 21:28:04
3888827486,2024-04-09 13:38:25,2024-04-09 13:38:25
3890893389,2024-04-11 17:06:01,2024-04-11 17:06:01
3885813066,2024-04-06 02:04:11,2024-04-06 01:52:55
3905639076,2024-04-19 07:03:22,2024-04-19 07:03:22
3900958919,2024-04-17 22:17:03,2024-04-17 00:00:00
3901984680,2024-04-19 03:14:47,2024-04-19 02:59:01
3905850669,2024-04-19 14:07:11,2024-04-19 14:07:11
3901361094,2024-04-18 15:21:24,2024-04-18 15:07:56
3903815675,2024-04-18 20:28:57,2024-04-18 20:28:57
3904410718,2024-04-18 01:18:36,2024-04-18 01:06:23
3902867389,2024-04-19 22:17:29,2024-04-19 22:06:01
3903837561,2024-04-18 22:27:32,2024-04-18 22:10:02
3906226160,2024-04-19 21:20:29,2024-04-19 00:00:00
3886450573,2024-04-09 03:37:56,2024-04-09 03:26:06
3903457200,2024-04-18 15:56:42,2024-04-18 15:56:42
3903474898,2024-04-18 17:12:32,2024-04-18 17:01:15
3891035797,2024-04-11 18:44:16,2024-04-11 18:21:16
3901357063,2024-04-18 16:34:27,2024-04-18 14:58:59
3889749249,2024-04-09 12:44:55,2024-04-09 12:44:55
3888939033,2024-04-09 03:19:30,2024-04-08 00:00:00
3905821129,2024-04-19 11:47:23,2024-04-19 11:47:23
3895801437,2024-04-12 04:27:15,2024-04-12 04:27:15
3890892081,2024-04-11 17:11:51,2024-04-11 17:11:51
3901351622,2024-04-18 14:48:57,2024-04-18 14:48:57
3903846326,2024-04-18 22:50:17,2024-04-18 00:00:00
3905288314,2024-04-18 20:20:24,2024-04-18 00:00:00
3902750395,2024-04-17 22:16:52,2024-04-17 00:00:00
3905863701,2024-04-19 14:40:35,2024-04-19 14:40:35
3902355651,2024-04-19 14:25:45,2024-04-19 14:25:45
3905267894,2024-04-18 19:59:23,2024-04-18 19:59:23
3905298475,2024-04-18 21:18:38,2024-04-18 21:08:30
3905825377,2024-04-19 12:24:16,2024-04-19 12:24:16
3898178224,2024-04-15 21:10:46,2024-04-15 00:00:00
3906096545,2024-04-19 19:51:16,2024-04-19 19:37:36
3905828823,2024-04-19 12:57:08,2024-04-19 12:57:08
3902365933,2024-04-19 15:35:36,2024-04-19 15:35:36
3884444399,2024-04-05 20:57:51,2024-04-05 20:57:51
3900960716,2024-04-17 22:33:01,2024-04-17 22:33:01
3904431331,2024-04-18 02:53:46,2024-04-18 02:41:05
3906250568,2024-04-19 22:31:11,2024-04-19 00:00:00
3904418567,2024-04-18 02:19:34,2024-04-18 02:07:46
3891280202,2024-04-12 03:40:09,2024-04-12 03:24:36
3905673613,2024-04-19 10:05:45,2024-04-19 00:00:00
3905327908,2024-04-18 22:39:14,2024-04-18 22:26:55
3899532174,2024-04-16 15:07:06,2024-04-16 14:54:17
3904366901,2024-04-17 22:09:02,2024-04-17 00:00:00
3904988248,2024-04-18 16:27:52,2024-04-18 16:15:42
3906089481,2024-04-19 18:40:10,2024-04-19 18:40:10
3899542562,2024-04-16 15:25:53,2024-04-16 15:25:53
3905310400,2024-04-18 21:54:48,2024-04-18 21:43:31
3904581350,2024-04-19 19:13:49,2024-04-19 19:13:49
3903471599,2024-04-18 17:13:28,2024-04-18 16:41:22
3884854386,2024-04-06 04:40:26,2024-04-05 00:00:00
3902826290,2024-04-19 18:39:56,2024-04-19 18:39:56
3889497210,2024-04-09 10:29:16,2024-04-09 10:29:16
3906263303,2024-04-20 00:08:33,2024-04-19 23:56:26
3904941820,2024-04-18 15:27:58,2024-04-18 15:11:50
3904966468,2024-04-18 16:04:47,2024-04-18 15:52:12
3902317973,2024-04-19 09:07:02,2024-04-19 08:52:46
3906259551,2024-04-19 23:15:53,2024-04-19 23:07:09
3904383679,2024-04-17 22:27:11,2024-04-17 22:11:55
3903844355,2024-04-18 22:46:57,2024-04-18 22:34:22
3904721836,2024-04-19 22:43:26,2024-04-19 22:26:22
3895598363,2024-04-12 04:37:30,2024-04-11 00:00:00
3884836362,2024-04-06 03:38:34,2024-04-06 03:23:50
3905292452,2024-04-18 20:55:26,2024-04-18 20:42:31
3901370375,2024-04-18 16:18:29,2024-04-18 00:00:00
3889473337,2024-04-09 10:19:31,2024-04-09 10:02:26
3904703529,2024-04-19 21:20:16,2024-04-19 21:04:24
3901389450,2024-04-18 17:48:33,2024-04-18 17:36:45
3887492705,2024-04-05 20:21:12,2024-04-05 00:00:00
3905607970,2024-04-19 05:56:25,2024-04-19 05:56:25
3888976371,2024-04-09 04:40:09,2024-04-09 03:54:44
3885840895,2024-04-06 04:20:10,2024-04-05 00:00:00
3902356346,2024-04-19 14:42:29,2024-04-19 14:31:03
3901953530,2024-04-18 21:38:27,2024-04-18 21:25:41
3884992172,2024-04-06 00:05:48,2024-04-05 23:54:04
3887714735,2024-04-05 21:06:35,2024-04-05 20:52:46
3898163604,2024-04-15 19:59:42,2024-04-15 19:59:42
3905324924,2024-04-18 22:25:47,2024-04-18 22:13:07
3894557345,2024-04-12 02:37:10,2024-04-11 00:00:00
3903813069,2024-04-18 20:12:03,2024-04-18 20:00:01
3904595954,2024-04-19 21:18:27,2024-04-19 20:45:04
3902882170,2024-04-20 00:00:09,2024-04-20 00:00:09
3904081791,2024-04-19 13:24:29,2024-04-19 11:42:56
3903872872,2024-04-19 02:25:14,2024-04-19 02:13:19
3886880730,2024-04-09 12:14:06,2024-04-09 12:14:06
3885863503,2024-04-06 05:13:26,2024-04-06 04:46:28
3905656921,2024-04-19 09:08:54,2024-04-19 08:55:05
3906236815,2024-04-19 22:27:02,2024-04-19 22:00:44
3902828671,2024-04-19 19:15:52,2024-04-19 19:15:52
3886836913,2024-04-09 09:19:30,2024-04-09 09:06:21
3899528863,2024-04-16 14:58:22,2024-04-16 14:58:22
3904702847,2024-04-19 21:20:55,2024-04-19 21:10:01
3900961667,2024-04-17 22:49:32,2024-04-17 22:49:32
3889741967,2024-04-09 12:40:48,2024-04-09 12:40:48
3904935552,2024-04-18 14:40:10,2024-04-18 14:40:10
3905357625,2024-04-19 01:35:06,2024-04-19 01:22:53
3903449157,2024-04-18 15:26:10,2024-04-18 15:26:10
3903852011,2024-04-19 00:14:22,2024-04-16 00:00:00
3901698571,2024-04-15 21:00:55,2024-04-15 21:00:55
3901639441,2024-04-16 01:58:57,2024-04-15 19:47:24
3906257390,2024-04-19 23:08:38,2024-04-19 22:53:37
3887866960,2024-04-06 02:30:35,2024-04-06 02:16:15
3905362397,2024-04-19 01:44:02,2024-04-18 00:00:00
3889719294,2024-04-09 12:19:55,2024-04-09 12:19:55
3884437291,2024-04-05 20:21:46,2024-04-05 20:21:46
3888933849,2024-04-09 03:19:31,2024-04-08 00:00:00
3901681111,2024-04-15 20:44:55,2024-04-15 20:28:02
3884440664,2024-04-05 20:54:34,2024-04-05 20:54:34
3894603760,2024-04-12 04:31:01,2024-03-18 04:20:09
3903848547,2024-04-18 23:33:26,2024-04-18 00:00:00
3905870130,2024-04-19 14:51:57,2024-04-19 14:51:57
3902362395,2024-04-19 14:51:33,2024-04-19 14:51:33
3905309307,2024-04-18 21:43:53,2024-04-18 00:00:00
3900965396,2024-04-17 22:56:32,2024-04-17 22:56:32
3904396068,2024-04-17 22:58:12,2024-04-17 00:00:00
3903840754,2024-04-18 22:48:28,2024-04-18 00:00:00
3888963781,2024-04-09 04:19:34,2024-04-09 03:48:29
3898178045,2024-04-15 21:07:09,2024-04-15 20:54:39
3905855915,2024-04-19 14:37:40,2024-04-19 14:25:28
3905873893,2024-04-19 15:24:48,2024-04-19 15:12:44
3905338202,2024-04-18 23:02:44,2024-04-18 22:51:21
3889429010,2024-04-09 09:33:55,2024-04-08 00:00:00
3905293767,2024-04-18 21:00:02,2024-04-18 21:00:02
3904724738,2024-04-19 23:21:22,2024-04-19 00:00:00
3888948329,2024-04-09 03:36:30,2024-04-09 03:25:47
3902355038,2024-04-19 13:35:19,2024-04-19 13:35:19
3905325909,2024-04-18 22:30:00,2024-04-18 22:17:30
3891082091,2024-04-11 20:09:11,2024-04-11 19:57:10
3902882321,2024-04-20 00:23:50,2024-04-19 00:00:00
3884859455,2024-04-06 06:06:10,2024-04-06 06:06:10
3905869822,2024-04-19 15:01:11,2024-04-19 15:01:11
3905328984,2024-04-18 22:48:00,2024-04-18 00:00:00
3904064483,2024-04-19 10:01:00,2024-04-19 09:39:27
3884917805,2024-04-05 20:17:57,2024-04-05 00:00:00
3901962127,2024-04-18 21:57:52,2024-04-18 21:57:52
3904934247,2024-04-18 14:32:44,2024-04-18 14:32:44
3901941956,2024-04-18 20:47:59,2024-04-18 00:00:00
3905367319,2024-04-19 02:23:55,2024-04-19 02:11:38
3903819412,2024-04-18 21:04:31,2024-04-18 00:00:00
3902348039,2024-04-19 13:03:29,2024-04-19 13:03:29
3900956248,2024-04-17 21:36:36,2024-04-17 21:36:36
3906259133,2024-04-19 22:53:01,2024-04-19 22:53:01
3902801433,2024-04-19 18:02:45,2024-04-19 18:02:45
3902337613,2024-04-19 10:59:45,2024-04-19 10:46:46
3891073920,2024-04-11 19:35:00,2024-04-11 19:35:00
3901957533,2024-04-18 21:37:14,2024-04-18 21:37:14
3904367415,2024-04-17 21:41:33,2024-04-17 21:38:24
3906228095,2024-04-19 21:28:00,2024-04-19 21:15:35
3902949101,2024-04-16 15:24:22,2024-04-16 15:11:55
3905363544,2024-04-19 02:15:47,2024-04-18 00:00:00
3885852603,2024-04-06 04:47:53,2024-04-06 04:16:18
3887572686,2024-04-09 03:17:24,2024-04-09 03:03:50
3902808886,2024-04-19 18:26:06,2024-04-19 18:26:06
3887892616,2024-04-06 03:37:34,2024-04-06 03:25:59
3887575318,2024-04-09 03:21:25,2024-04-08 00:00:00
3905873943,2024-04-19 15:31:32,2024-04-19 00:00:00
3885810266,2024-04-06 01:12:13,2024-04-06 01:00:25
3905657910,2024-04-19 09:12:15,2024-04-19 09:01:08
3901944135,2024-04-18 20:36:25,2024-04-18 00:00:00
3906250635,2024-04-19 22:35:07,2024-04-19 22:21:06
3894296711,2024-04-11 20:00:01,2024-04-11 20:00:01
3904708156,2024-04-19 21:25:11,2024-04-19 00:00:00
3887883663,2024-04-06 03:17:26,2024-04-05 00:00:00
3901391066,2024-04-18 17:12:48,2024-04-18 17:12:48
3905648863,2024-04-19 08:35:25,2024-04-19 08:20:42
3902813743,2024-04-19 18:38:44,2024-04-19 18:38:44
3904725428,2024-04-19 23:00:24,2024-04-19 00:00:00
3899527152,2024-04-16 14:34:13,2024-04-16 14:34:13
3889110826,2024-04-09 04:50:28,2024-04-09 04:37:08
3884438208,2024-04-05 20:14:54,2024-04-05 20:14:54
3906222751,2024-04-19 21:25:03,2024-04-19 21:13:14
3898164318,2024-04-15 19:56:20,2024-04-15 19:56:20
3899544285,2024-04-16 15:24:23,2024-04-16 15:24:23
3902818320,2024-04-19 18:32:50,2024-04-19 18:32:50
3905399277,2024-04-19 05:06:52,2024-04-19 04:55:41
3904710939,2024-04-19 22:00:14,2024-04-19 21:45:35
3889756800,2024-04-09 13:23:58,2024-04-09 13:23:58
3904356518,2024-04-17 21:08:10,2024-04-17 21:08:10
3903815048,2024-04-18 20:23:48,2024-04-18 20:07:46
3899517312,2024-04-16 14:12:46,2024-04-16 14:12:46
3902835509,2024-04-19 19:36:00,2024-04-19 19:36:00
3905334274,2024-04-18 22:33:48,2024-04-18 22:33:48
3906092552,2024-04-19 18:45:24,2024-04-19 18:45:24
3902353737,2024-04-19 14:28:24,2024-04-19 14:28:24
3904091394,2024-04-19 12:50:57,2024-04-19 12:50:57
3900094084,2024-04-16 02:53:06,2024-04-15 20:41:02
3901171047,2024-04-16 14:26:04,2024-04-16 14:26:04
3901397056,2024-04-18 18:13:21,2024-04-18 18:13:21
3898157763,2024-04-15 19:22:34,2024-04-15 19:22:34
3884817950,2024-04-06 02:42:49,2024-04-06 02:30:21
3890894358,2024-04-11 17:24:17,2024-04-11 17:24:17
3901957309,2024-04-18 21:27:33,2024-04-18 21:27:33
3905612334,2024-04-19 06:32:41,2024-04-16 00:00:00
3899522567,2024-04-16 14:24:00,2024-04-16 14:24:00
3894545526,2024-04-12 01:26:06,2024-04-12 01:14:15
3895800064,2024-04-12 04:16:14,2024-04-12 04:16:14
3900977311,2024-04-18 02:39:27,2024-03-23 23:27:42
3888491242,2024-04-09 12:07:41,2024-04-09 12:07:41
3888937799,2024-04-09 03:21:01,2024-04-09 03:09:00
3902751735,2024-04-17 22:38:27,2024-04-17 22:23:37
3901643269,2024-04-15 20:03:46,2024-04-15 19:52:03
3905834733,2024-04-19 13:20:03,2024-04-19 13:20:03
3894620739,2024-04-12 04:57:35,2024-04-12 04:46:09
3887894070,2024-04-06 03:35:30,2024-04-06 03:23:50
3894872265,2024-04-11 17:17:53,2024-04-11 16:57:10
3904956188,2024-04-18 15:20:29,2024-04-18 15:20:29
3904726452,2024-04-19 23:02:26,2024-04-19 22:50:45
3899521916,2024-04-16 14:40:03,2024-04-16 14:27:29
3905818080,2024-04-19 11:20:30,2024-04-19 11:20:30
3905245827,2024-04-18 18:54:16,2024-04-18 18:54:16
3894292850,2024-04-11 20:01:25,2024-04-11 19:42:56
3885107203,2024-04-06 10:59:38,2024-04-06 10:59:38
3894213299,2024-04-11 17:34:49,2024-04-11 17:34:49
3904057315,2024-04-19 07:49:53,2024-04-19 07:49:53
3905244137,2024-04-18 18:37:54,2024-04-18 18:37:54
3894923115,2024-04-11 18:00:07,2024-04-11 18:00:07
3902830748,2024-04-19 19:37:57,2024-04-19 19:37:57
3895524230,2024-04-12 02:23:33,2024-04-12 02:09:05
3901342648,2024-04-18 14:04:23,2024-04-18 14:04:23
3888029033,2024-04-06 11:26:35,2024-04-06 11:26:35
3884438190,2024-04-05 20:13:28,2024-04-05 20:13:28
3894873374,2024-04-11 17:09:23,2024-03-17 16:58:16
3891285618,2024-04-12 04:00:45,2024-04-12 03:48:57
3886880750,2024-04-09 12:15:41,2024-04-09 12:15:41
3902346002,2024-04-19 11:38:54,2024-04-19 11:38:54
3904706308,2024-04-19 21:33:52,2024-04-19 21:15:54
3906257281,2024-04-19 23:19:11,2024-04-19 22:48:14
3888000710,2024-04-06 03:49:32,2024-04-06 03:33:16
3905287116,2024-04-18 20:17:28,2024-04-18 20:09:08
3905361585,2024-04-19 02:05:06,2024-04-18 00:00:00
3901947460,2024-04-18 21:13:18,2024-04-18 21:13:18
3895812160,2024-04-12 04:59:24,2024-04-11 00:00:00
3889411916,2024-04-09 09:09:43,2024-04-09 08:57:35
3904946022,2024-04-18 15:02:46,2024-04-18 15:02:46
3902737912,2024-04-17 21:37:29,2024-04-17 21:25:19
3888937998,2024-04-09 03:31:40,2024-04-09 03:15:45
3885846598,2024-04-06 04:20:46,2024-04-05 00:00:00
3904923829,2024-04-18 14:22:42,2024-04-18 14:22:42
3885830370,2024-04-06 03:36:30,2024-04-06 03:21:14
3900077853,2024-04-15 20:13:10,2024-04-15 00:00:00
3894604347,2024-04-12 04:38:41,2024-04-12 04:17:50
3900982122,2024-04-18 00:08:35,2024-04-17 23:56:42
3901952855,2024-04-18 21:34:45,2024-04-18 21:34:45
3902867009,2024-04-19 21:57:19,2024-04-19 00:00:00
3901359110,2024-04-18 15:03:40,2024-04-18 15:03:40
3905868502,2024-04-19 14:58:10,2024-04-19 14:46:36
3902833375,2024-04-19 18:57:17,2024-04-19 18:57:17
3894591077,2024-04-12 04:26:12,2024-04-12 04:05:08
3888960785,2024-04-09 03:51:53,2024-04-08 00:00:00
3902780724,2024-04-18 00:56:54,2024-04-18 00:45:19
3900941625,2024-04-17 21:09:14,2024-04-17 20:57:54
3894870221,2024-04-11 17:08:46,2024-04-11 00:00:00
3895221512,2024-04-11 19:56:04,2024-04-11 19:56:04
3902327717,2024-04-19 09:55:53,2024-04-19 09:42:51
3901379320,2024-04-18 16:53:29,2024-04-18 16:38:10
3901696052,2024-04-15 21:03:27,2024-04-15 20:50:49
3905292884,2024-04-18 21:13:01,2024-04-18 20:59:30
3905663114,2024-04-19 09:12:15,2024-04-19 09:01:05
3902771228,2024-04-18 00:15:38,2024-04-18 00:15:38
3904386508,2024-04-17 22:36:47,2024-04-17 00:00:00
3887723190,2024-04-05 21:12:26,2024-04-05 00:00:00
3901942323,2024-04-18 19:38:23,2024-04-18 19:38:23
3900964269,2024-04-17 22:21:29,2024-04-17 22:21:29
3902319543,2024-04-19 08:32:17,2024-04-19 08:18:30
3905313017,2024-04-18 22:00:26,2024-04-01 00:00:00
3905203960,2024-04-18 17:14:32,2024-04-18 00:00:00
3905213470,2024-04-18 17:13:44,2024-04-18 17:13:44
3895271687,2024-04-11 21:12:40,2024-04-11 20:59:23
3901992920,2024-04-19 04:21:14,2024-04-19 04:09:43
3902914807,2024-04-16 14:17:08,2024-04-16 14:17:08
3904386698,2024-04-17 22:38:39,2024-04-17 22:26:22
3904945501,2024-04-18 15:17:36,2024-04-18 15:17:36
3891072228,2024-04-11 18:46:32,2024-04-11 18:33:32
3895558703,2024-04-12 03:50:38,2024-04-12 03:39:24
3885115013,2024-04-06 22:50:39,2024-04-06 22:50:39
3895544206,2024-04-12 03:21:59,2024-04-11 00:00:00
3901953541,2024-04-18 21:26:43,2024-04-18 21:26:43
3889746822,2024-04-09 12:50:00,2024-04-09 12:50:00
3901455647,2024-04-15 18:39:05,2024-04-15 18:39:05
3903842823,2024-04-18 23:03:11,2024-04-18 22:50:38
3889713693,2024-04-09 12:12:21,2024-04-09 12:12:21
3887499521,2024-04-05 20:29:52,2024-04-05 00:00:00
3887917545,2024-04-09 05:20:06,2024-04-08 00:00:00
3901348306,2024-04-18 14:24:11,2024-04-18 14:24:11
3905696598,2024-04-19 11:06:55,2024-04-19 10:56:00
3904998277,2024-04-18 16:52:37,2024-04-18 00:00:00
3884440889,2024-04-05 21:09:21,2024-04-05 00:00:00
3904416903,2024-04-18 02:24:14,2024-04-17 00:00:00
3901949682,2024-04-18 21:12:49,2024-04-18 21:12:49
3884824105,2024-04-06 02:42:49,2024-04-06 02:30:36
3894856161,2024-04-11 17:08:09,2024-04-11 16:39:26
3904942538,2024-04-18 15:07:25,2024-04-18 15:07:25
3905800109,2024-04-19 11:08:25,2024-04-19 10:56:01
3906220833,2024-04-19 21:20:11,2024-04-19 21:06:53
3887597744,2024-04-09 04:16:49,2024-04-09 04:05:50
3886894784,2024-04-09 13:05:20,2024-04-09 13:05:20
3886830841,2024-04-09 08:47:04,2024-04-09 08:34:36
3884906708,2024-04-05 19:38:15,2024-04-05 19:25:36
3889417429,2024-04-09 09:12:26,2024-04-09 00:00:00
3895544599,2024-04-12 03:33:33,2024-04-11 00:00:00
3905297599,2024-04-18 21:25:55,2024-04-18 00:00:00
3902805438,2024-04-19 18:27:38,2024-04-19 18:14:52
3901393095,2024-04-18 17:22:19,2024-04-18 17:22:19
3905829893,2024-04-19 13:02:52,2024-04-19 13:02:52
3901646553,2024-04-15 20:14:28,2024-04-15 19:55:51
3905214821,2024-04-18 17:25:14,2024-04-18 17:25:14
3900982316,2024-04-18 00:24:18,2024-04-17 00:00:00
3902387889,2024-04-19 18:25:07,2024-04-19 16:20:51
3904722026,2024-04-19 22:23:20,2024-04-19 22:10:26
3905370569,2024-04-19 03:01:44,2024-04-19 02:49:28
3894878195,2024-04-11 17:07:13,2024-04-11 00:00:00
3901674451,2024-04-15 20:27:54,2024-04-15 20:16:18
3904575757,2024-04-19 19:22:32,2024-04-19 19:11:00
3901941439,2024-04-18 19:51:16,2024-04-18 19:51:16
3894551376,2024-04-12 02:19:03,2024-04-11 00:00:00
3902322967,2024-04-19 09:19:24,2024-04-19 09:06:20
3901981470,2024-04-19 00:22:39,2024-04-19 00:22:39
3906265301,2024-04-20 00:24:26,2024-04-20 00:13:16
3898173204,2024-04-15 20:48:03,2024-04-15 00:00:00
3894929722,2024-04-11 18:27:29,2024-04-11 18:10:30
3901363317,2024-04-18 15:41:22,2024-04-18 15:26:57
3902742881,2024-04-17 22:01:53,2024-04-17 21:39:52
3900975690,2024-04-17 23:58:59,2024-04-17 23:58:59
3903459592,2024-04-18 16:26:04,2024-04-18 00:00:00
3901373715,2024-04-18 16:45:12,2024-04-18 16:34:56
3904972225,2024-04-18 15:59:37,2024-04-18 15:59:16
3905378106,2024-04-19 03:38:51,2024-04-19 03:27:48
3889176368,2024-04-09 06:40:24,2024-04-09 06:28:03
3906251112,2024-04-19 22:21:01,2024-04-19 22:04:58
3903885464,2024-04-19 03:58:15,2024-04-19 03:46:17
3905292875,2024-04-18 21:12:22,2024-04-18 20:59:26
3905335113,2024-04-18 22:38:33,2024-04-18 22:25:18
3904059853,2024-04-19 09:22:19,2024-04-18 00:00:00
3902781838,2024-04-18 01:26:32,2024-04-18 01:14:36
3889114175,2024-04-09 04:38:04,2024-04-09 04:27:55
3905238396,2024-04-18 18:23:56,2024-04-18 18:23:56
3904706401,2024-04-19 21:29:37,2024-04-19 00:00:00
3891069764,2024-04-11 18:37:05,2024-04-11 18:37:05
3903831079,2024-04-18 21:18:05,2024-04-18 21:18:05
3905624228,2024-04-19 06:42:31,2024-04-19 06:42:31
3906261219,2024-04-19 23:29:21,2024-04-19 23:29:21
3903823458,2024-04-18 21:14:25,2024-04-18 20:59:25
3898161417,2024-04-15 19:15:27,2024-04-15 19:15:27
3901372732,2024-04-18 16:34:54,2024-04-18 16:34:54
3901942937,2024-04-18 20:54:38,2024-04-18 20:43:08
3905871057,2024-04-19 14:58:10,2024-04-19 14:46:24
3904927018,2024-04-18 14:01:56,2024-04-18 14:01:56
3891086928,2024-04-11 21:11:44,2024-04-11 21:00:30
3889751517,2024-04-09 12:52:34,2024-04-09 12:52:34
3904924146,2024-04-18 14:01:10,2024-04-18 14:01:10
3903499903,2024-04-18 18:56:16,2024-04-18 18:56:16
3903439928,2024-04-18 15:03:49,2024-04-18 15:03:49
3899541036,2024-04-16 15:12:31,2024-04-16 15:12:31
3901943502,2024-04-18 19:57:51,2024-04-18 19:57:51
3900980183,2024-04-17 23:40:19,2024-04-17 23:40:19
3906079224,2024-04-19 18:34:40,2024-04-19 18:34:40
3895551074,2024-04-12 03:36:21,2024-04-12 03:25:36
3905373459,2024-04-19 03:27:14,2024-04-18 00:00:00
3888437062,2024-04-09 10:30:45,2024-04-08 00:00:00
3902868080,2024-04-19 22:34:07,2024-04-19 22:21:53
3900098084,2024-04-15 21:12:40,2024-04-15 21:00:55
3900946986,2024-04-17 21:38:49,2024-04-17 21:26:53
3904416173,2024-04-18 01:36:21,2024-04-18 01:36:21
3889759008,2024-04-09 13:05:21,2024-04-09 13:05:21
3889705028,2024-04-09 10:48:50,2024-04-09 10:48:50
3905685721,2024-04-19 10:25:57,2024-04-18 00:00:00
3905291884,2024-04-18 20:58:25,2024-04-18 20:47:23
3901993048,2024-04-19 03:31:21,2024-04-17 00:00:00
3904087483,2024-04-19 12:25:32,2024-04-19 12:25:32
3901944789,2024-04-18 22:22:33,2024-04-18 21:06:41
3904094788,2024-04-19 14:16:19,2024-04-19 14:01:32
3901980121,2024-04-18 23:46:44,2024-04-18 23:35:12
3902950175,2024-04-16 15:15:54,2024-04-16 15:15:54
3894564494,2024-04-12 03:40:55,2024-04-12 03:23:14
3886822730,2024-04-09 08:04:43,2024-04-09 08:04:43
3889425361,2024-04-09 09:33:20,2024-04-09 09:19:44
3906226606,2024-04-19 21:40:19,2024-04-19 21:22:18
3886819062,2024-04-09 06:39:33,2024-04-09 06:39:33
3902845831,2024-04-19 21:56:44,2024-04-19 21:56:44
3905224263,2024-04-18 17:36:55,2024-04-18 17:36:55
3884808780,2024-04-06 02:05:57,2024-04-06 01:53:18
3905671224,2024-04-19 09:50:41,2024-04-19 09:35:45
3903809630,2024-04-18 20:03:21,2024-04-18 20:03:21
3884925951,2024-04-05 20:39:20,2024-04-04 00:00:00
3895593852,2024-04-12 04:16:15,2024-04-12 04:16:15
3903899777,2024-04-19 05:19:32,2024-04-18 00:00:00
3887707122,2024-04-05 20:43:01,2024-04-05 20:28:11
3885812023,2024-04-06 01:27:27,2024-04-06 01:27:27
3905391529,2024-04-19 04:20:15,2024-04-19 04:09:47
3887705175,2024-04-05 20:43:02,2024-04-05 20:28:31
3904708028,2024-04-19 21:21:49,2024-04-19 21:10:41
3894966968,2024-04-11 18:38:49,2024-04-11 18:38:49
3904395103,2024-04-17 22:48:59,2024-04-17 22:48:59
3901954422,2024-04-18 21:39:07,2024-04-18 21:26:43
3902734960,2024-04-17 21:34:49,2024-04-17 21:19:29
3887860243,2024-04-06 01:58:19,2024-04-06 01:46:59
3901369441,2024-04-18 16:18:29,2024-04-18 00:00:00
3906074404,2024-04-19 18:12:33,2024-04-19 18:12:33
3887483182,2024-04-05 20:17:14,2024-04-05 00:00:00
3885807746,2024-04-06 02:05:40,2024-04-06 01:46:02
3902743955,2024-04-17 21:59:27,2024-04-17 21:47:32
3906220793,2024-04-19 21:17:00,2024-04-19 00:00:00
3902948259,2024-04-16 15:13:58,2024-04-16 15:13:58
3904419445,2024-04-18 02:19:34,2024-04-18 02:02:35
3904063212,2024-04-19 09:22:19,2024-04-18 00:00:00
3901989102,2024-04-19 02:47:21,2024-04-19 02:34:47
3895494182,2024-04-12 01:02:14,2024-04-12 01:02:14
3888025696,2024-04-06 11:25:53,2024-04-06 11:25:53
3904577555,2024-04-19 19:25:59,2024-04-19 19:14:00
3901634981,2024-04-15 19:40:46,2024-04-15 19:40:46
3900975638,2024-04-17 23:33:44,2024-04-17 23:33:44
3902860600,2024-04-19 21:47:14,2024-04-19 21:47:14
3902345403,2024-04-19 12:46:18,2024-04-19 12:32:46
3884817954,2024-04-06 02:42:49,2024-04-06 02:30:27
3885812398,2024-04-06 02:15:58,2024-04-06 02:04:32
3902816665,2024-04-19 18:46:07,2024-04-19 18:33:29
3904422845,2024-04-18 02:40:51,2024-04-18 02:26:32
3900946617,2024-04-17 21:20:55,2024-04-17 21:20:55
3889717531,2024-04-09 12:28:19,2024-04-09 12:16:43
3905241207,2024-04-18 18:27:20,2024-04-18 18:27:20
3885830305,2024-04-06 03:34:13,2024-04-05 00:00:00
3905303449,2024-04-18 21:27:04,2024-04-18 21:27:04
3904932528,2024-04-18 14:50:24,2024-04-18 14:38:23
3904995898,2024-04-18 16:58:14,2024-04-18 16:46:23
3898173182,2024-04-15 20:34:22,2024-04-15 20:34:22
3902835567,2024-04-19 19:52:18,2024-04-19 19:52:18
3903453711,2024-04-18 15:50:56,2024-04-18 15:50:56
3905333676,2024-04-18 22:56:51,2024-04-18 00:00:00
3904514186,2024-04-19 15:19:35,2024-04-19 15:19:35
3895815388,2024-04-12 05:09:23,2024-04-12 04:58:11
3905303579,2024-04-18 21:42:30,2024-04-18 21:26:15
3904078606,2024-04-19 11:37:21,2024-04-19 11:25:20
3905373629,2024-04-19 03:52:52,2024-04-19 03:33:25
3904500659,2024-04-19 14:08:40,2024-04-19 14:08:40
3904940543,2024-04-18 14:58:43,2024-04-18 14:58:43
3901182061,2024-04-16 15:09:22,2024-04-16 15:09:22
3905327744,2024-04-18 22:33:58,2024-04-18 00:00:00
3905323884,2024-04-18 22:20:40,2024-04-18 22:09:28
3904384553,2024-04-17 22:28:49,2024-04-17 22:16:13
3905326963,2024-04-18 22:31:53,2024-04-18 22:20:05
3887909168,2024-04-09 04:51:49,2024-04-09 04:16:27
3905287223,2024-04-18 20:22:50,2024-04-18 00:00:00
3904932153,2024-04-18 14:29:19,2024-04-18 14:29:19
3904943401,2024-04-18 15:20:01,2024-04-18 00:00:00
3894640755,2024-04-12 05:32:29,2024-04-11 00:00:00
3900959592,2024-04-17 22:15:22,2024-04-17 22:00:28
3884825460,2024-04-06 03:05:27,2024-04-06 02:53:47
3886820920,2024-04-09 06:57:53,2024-04-09 06:57:53
3901988087,2024-04-19 02:42:53,2024-04-19 02:30:55
3901963488,2024-04-18 22:43:30,2024-04-18 22:27:22
3901673717,2024-04-15 20:34:46,2024-04-15 00:00:00
3903466265,2024-04-18 16:36:01,2024-04-18 00:00:00
3901692961,2024-04-15 21:09:37,2024-04-15 00:00:00
3901962136,2024-04-18 21:53:47,2024-04-18 21:53:47
3904969080,2024-04-18 16:02:22,2024-04-18 16:02:22
3904944359,2024-04-18 15:03:18,2024-04-18 15:03:18
3885852865,2024-04-06 04:31:59,2024-04-06 04:20:42
3905874847,2024-04-19 15:31:33,2024-04-19 00:00:00
3901994904,2024-04-19 04:41:14,2024-04-19 04:27:40
3901947235,2024-04-18 20:53:30,2024-04-18 20:53:30
3902805225,2024-04-19 18:21:51,2024-04-19 18:09:49
3905662932,2024-04-19 09:19:44,2024-04-19 09:19:44
3889706861,2024-04-09 11:43:15,2024-04-09 11:43:15
3889114488,2024-04-09 04:50:28,2024-04-09 04:37:02
3901631726,2024-04-15 19:46:03,2024-04-15 19:34:01
3905353280,2024-04-19 00:54:49,2024-04-19 00:42:50
3888481091,2024-04-09 10:39:50,2024-04-09 10:30:50
3904940291,2024-04-18 14:52:33,2024-04-18 14:52:33
3903824814,2024-04-18 21:32:38,2024-04-18 00:00:00
3900074939,2024-04-15 20:12:06,2024-04-15 19:54:19
3901687442,2024-04-15 20:38:30,2024-04-15 20:38:30
3902355196,2024-04-19 13:51:45,2024-04-19 13:51:45
3901951286,2024-04-18 21:01:36,2024-04-18 21:01:36
3891077588,2024-04-11 19:32:50,2024-04-11 19:32:50
3903466262,2024-04-18 16:24:06,2024-04-18 16:24:06
3901670133,2024-04-15 20:22:14,2024-04-15 20:09:17
3901944499,2024-04-18 21:07:16,2024-04-18 00:00:00
3899529464,2024-04-16 14:49:51,2024-04-16 14:49:51
3904927914,2024-04-18 14:26:12,2024-04-18 14:26:12
3904989953,2024-04-18 16:34:07,2024-04-18 16:34:07
3885821887,2024-04-06 03:20:17,2024-04-05 00:00:00
3903881530,2024-04-19 03:29:54,2024-04-19 03:17:55
3901632785,2024-04-15 19:37:14,2024-04-15 19:37:14
3905673312,2024-04-19 09:55:42,2024-04-18 00:00:00
3894951186,2024-04-11 18:30:15,2024-04-11 18:30:15
3904568131,2024-04-19 18:21:17,2024-03-25 18:04:35
3885852817,2024-04-06 04:36:37,2024-04-06 04:19:27
3901695001,2024-04-15 20:45:38,2024-04-15 20:45:38
3901941895,2024-04-18 20:53:51,2024-04-18 20:27:55
3905367322,2024-04-19 02:23:55,2024-04-19 02:11:54
3905334894,2024-04-18 22:55:08,2024-04-18 22:55:08
3900983039,2024-04-18 01:43:23,2024-04-18 01:31:21
3894289144,2024-04-11 18:59:58,2024-04-11 18:59:58
3895811133,2024-04-12 04:56:53,2024-03-18 04:44:42
3901390287,2024-04-18 17:48:33,2024-04-18 17:36:50
3904403634,2024-04-18 00:01:44,2024-04-17 23:40:45
3903474085,2024-04-18 16:56:12,2024-04-18 16:35:11
3906094203,2024-04-19 18:40:12,2024-04-19 18:40:12
3903817965,2024-04-18 21:07:25,2024-04-18 00:00:00
3901349969,2024-04-18 15:13:50,2024-04-18 15:13:50
3904060730,2024-04-19 09:22:19,2024-04-18 00:00:00
3888029010,2024-04-06 11:18:59,2024-04-06 11:18:59
3902745795,2024-04-17 22:07:00,2024-04-17 21:55:20
3905671034,2024-04-19 09:43:22,2024-04-10 00:00:00
3904967270,2024-04-18 15:50:13,2024-04-18 15:50:13
3884448112,2024-04-05 21:04:20,2024-04-05 21:04:20
3889720090,2024-04-09 12:31:50,2024-04-09 12:14:57
3898163517,2024-04-15 19:50:35,2024-04-15 19:50:35
3904935089,2024-04-18 14:27:54,2024-04-18 14:27:54
3903820977,2024-04-18 21:21:33,2024-04-18 00:00:00
3819767400,2024-04-15 20:30:08,2024-04-15 20:30:08
3902746422,2024-04-17 22:01:53,2024-04-17 21:39:15
3906227600,2024-04-19 21:32:52,2024-04-19 21:20:17
3895524116,2024-04-12 02:17:40,2024-04-12 02:05:23
3885809569,2024-04-06 01:22:37,2024-04-06 01:22:37
3888007703,2024-04-06 03:55:56,2024-04-05 00:00:00
3898159465,2024-04-15 19:03:35,2024-04-15 19:03:35
3898162228,2024-04-15 19:10:01,2024-04-15 19:10:01
3903426697,2024-04-18 14:01:12,2024-04-18 14:01:12
3902760050,2024-04-17 23:05:20,2024-04-17 22:40:24
3906225387,2024-04-19 21:33:26,2024-04-17 00:00:00
3901992264,2024-04-19 03:44:56,2024-04-19 03:32:18
3901694555,2024-04-15 21:08:59,2024-04-15 20:53:30
3887716355,2024-04-05 20:51:19,2024-04-05 20:51:19
3904970701,2024-04-18 16:08:20,2024-04-18 16:08:20
3903471022,2024-04-18 17:10:09,2024-04-18 16:27:05
3889289427,2024-04-09 08:34:07,2024-04-09 08:22:58
3888947812,2024-04-09 03:40:12,2024-04-09 03:28:39
3902807905,2024-04-19 18:25:49,2024-04-19 18:25:49
3905664904,2024-04-19 09:38:28,2024-04-19 09:25:54
3901940430,2024-04-18 19:33:40,2024-04-18 19:33:40
3884800557,2024-04-06 00:19:24,2024-04-05 00:00:00
3902360033,2024-04-19 14:30:49,2024-04-19 14:30:49
3884897030,2024-04-06 06:42:01,2024-04-06 06:42:01
3906247311,2024-04-19 22:16:10,2024-04-19 00:00:00
3905303316,2024-04-18 21:33:31,2024-04-18 21:19:42
3889105946,2024-04-09 04:36:40,2024-04-09 04:23:35
3906234200,2024-04-19 21:42:58,2024-04-19 21:42:58
3895825856,2024-04-12 05:38:22,2024-04-11 00:00:00
3904997798,2024-04-18 16:47:37,2024-04-18 16:47:37
3894963115,2024-04-11 18:32:18,2024-04-11 18:32:18
3905363053,2024-04-19 01:34:46,2024-04-19 01:22:46
3904406484,2024-04-18 00:20:22,2024-04-18 00:20:22
3891280213,2024-04-12 03:37:22,2024-04-12 03:25:48
3885835656,2024-04-06 04:00:37,2024-04-06 03:39:08
3884820805,2024-04-06 02:49:56,2024-04-06 02:38:51
3905273630,2024-04-18 20:21:16,2024-03-24 20:01:31
3887906584,2024-04-09 04:31:21,2024-04-09 04:20:00
3894947629,2024-04-11 18:36:39,2024-04-11 18:24:38
3901377592,2024-04-18 17:03:17,2024-04-18 16:50:29
3905370690,2024-04-19 03:10:29,2024-04-19 02:57:01
3895592800,2024-04-12 04:28:32,2024-04-12 04:12:32
3902758039,2024-04-17 22:42:54,2024-04-17 22:32:14
3903428865,2024-04-18 14:35:32,2024-04-18 14:17:49
3901977720,2024-04-19 01:05:29,2024-04-19 00:53:42
3902750826,2024-04-17 22:33:00,2024-04-17 22:21:38
3905396316,2024-04-19 04:41:52,2024-04-19 04:31:11
3899525623,2024-04-16 14:41:32,2024-04-16 14:41:32
3906225851,2024-04-19 21:27:25,2024-04-19 21:27:25
3886840509,2024-04-09 09:19:31,2024-04-09 09:06:08
3900090186,2024-04-15 20:39:35,2024-04-15 00:00:00
3904362263,2024-04-17 21:30:28,2024-04-17 21:18:37
3891009369,2024-04-11 19:04:02,2024-04-11 19:04:02
3906094760,2024-04-19 19:26:40,2024-04-19 19:26:40
3901949187,2024-04-18 21:06:04,2024-04-18 20:54:49
3905328798,2024-04-18 22:38:18,2024-04-18 00:00:00
3885114290,2024-04-07 01:49:12,2024-04-07 01:49:12
3905326804,2024-04-18 23:17:34,2024-04-18 22:12:34
3900981061,2024-04-17 23:32:36,2024-04-17 23:32:36
3888029694,2024-04-06 19:43:03,2024-04-06 19:43:03
3905392943,2024-04-19 05:03:33,2024-04-18 00:00:00
3895808249,2024-04-12 04:59:38,2024-04-12 04:43:42
3894277656,2024-04-11 18:37:05,2024-04-11 18:28:11
3898156632,2024-04-15 19:07:52,2024-04-15 19:07:52
3887485157,2024-04-05 19:57:52,2024-04-05 19:57:52
3904074487,2024-04-19 10:22:00,2024-04-18 00:00:00
3902742279,2024-04-17 21:36:33,2024-04-17 21:23:56
3886852889,2024-04-09 10:00:15,2024-03-15 09:45:52
3905330282,2024-04-18 22:37:10,2024-04-18 22:14:37
3902353821,2024-04-19 14:30:08,2024-04-19 14:16:03
3904708335,2024-04-19 21:34:22,2024-04-19 21:22:56
3900072796,2024-04-15 19:48:01,2024-04-15 19:31:52
3903804778,2024-04-18 19:42:04,2024-04-18 19:37:06
3901362004,2024-04-18 15:06:05,2024-04-18 15:06:05
3904705848,2024-04-19 21:14:12,2024-04-19 21:14:12
3904934865,2024-04-18 15:00:42,2024-04-18 14:50:10
3901349092,2024-04-18 14:20:06,2024-04-18 14:20:06
3885103423,2024-04-06 08:37:40,2024-04-06 08:37:40
3905237670,2024-04-18 18:00:40,2024-04-18 18:00:40
3906093767,2024-04-19 19:18:33,2024-04-19 19:18:33
3426467577,2024-04-11 17:48:30,2024-04-11 17:48:30
3884803174,2024-04-06 00:03:38,2024-04-06 00:03:38
3894268698,2024-04-11 18:11:40,2024-04-11 18:11:40
3902356177,2024-04-19 14:20:50,2024-04-19 14:20:50
3891014197,2024-04-11 18:03:34,2024-04-11 18:03:34
3904933371,2024-04-18 14:33:53,2024-04-18 14:33:53
3905222673,2024-04-18 17:33:47,2024-04-18 17:33:47
3901941124,2024-04-18 21:09:11,2024-04-18 21:09:11
3905337144,2024-04-18 22:51:41,2024-04-18 00:00:00
3888818724,2024-04-09 13:26:16,2024-04-09 13:10:54
3906235401,2024-04-19 21:59:15,2024-04-19 21:45:57
3887473513,2024-04-05 19:59:08,2024-04-05 19:47:25
3887704931,2024-04-05 20:48:39,2024-04-05 20:37:19
3906230145,2024-04-19 21:24:58,2024-04-19 21:24:58
3900962406,2024-04-17 22:22:02,2024-04-17 22:10:46
3903837041,2024-04-18 21:47:58,2024-04-18 21:47:58
3904393339,2024-04-17 23:02:28,2024-04-17 22:51:12
3898161875,2024-04-15 19:45:16,2024-04-15 19:45:16
3903802428,2024-04-18 19:11:47,2024-04-18 18:59:33
3901479583,2024-04-15 19:01:38,2024-04-15 00:00:00
3902831440,2024-04-19 19:08:47,2024-04-19 00:00:00
3902938891,2024-04-16 15:04:39,2024-04-16 15:04:39
3905336599,2024-04-18 23:06:07,2024-04-18 22:54:35
3894558614,2024-04-12 03:08:58,2024-04-12 02:45:26
3903869900,2024-04-19 02:16:13,2024-04-19 02:05:37
3901688549,2024-04-15 20:43:10,2024-04-15 20:43:10
3898169034,2024-04-15 20:04:18,2024-04-15 20:04:18
3901179090,2024-04-16 14:58:38,2024-04-16 14:58:38
3901944593,2024-04-18 21:09:37,2024-04-18 20:58:12
3904960980,2024-04-18 15:51:41,2024-04-18 15:51:41
3903808964,2024-04-18 20:23:48,2024-04-18 20:11:09
3903833040,2024-04-18 21:42:33,2024-04-18 00:00:00
3904393058,2024-04-17 22:51:59,2024-04-17 00:00:00
3901678662,2024-04-15 20:45:06,2024-03-25 00:00:00
3886210747,2024-04-06 20:32:54,2024-04-06 20:32:54
3884933191,2024-04-05 20:46:29,2024-04-05 20:34:14
3905864715,2024-04-19 14:55:16,2024-04-19 14:43:02
3899532297,2024-04-16 14:58:33,2024-04-16 14:58:33
3905340007,2024-04-18 23:03:02,2024-04-18 22:50:17
3895526573,2024-04-12 02:25:26,2024-04-12 02:14:06
3900981606,2024-04-18 02:11:18,2024-04-18 01:58:48
3904588259,2024-04-19 19:39:52,2024-04-19 19:39:52
3894617183,2024-04-12 04:55:23,2024-04-12 04:33:05
3902832496,2024-04-19 19:19:05,2024-04-19 19:05:57
3887719280,2024-04-05 21:12:33,2024-04-05 20:58:38
3902944522,2024-04-16 15:18:09,2024-04-16 15:18:09
3905644251,2024-04-19 07:32:42,2024-04-19 07:32:42
3885839915,2024-04-06 04:20:10,2024-04-05 00:00:00
3902733888,2024-04-17 21:20:50,2024-04-17 21:08:48
3898170646,2024-04-15 20:42:07,2024-04-15 20:30:30
3903459540,2024-04-18 16:27:16,2024-04-18 16:12:23
3895563431,2024-04-12 03:55:03,2024-04-12 03:42:47
3886457144,2024-04-09 03:43:33,2024-04-09 03:30:29
3905272027,2024-04-18 20:21:17,2024-03-24 19:57:44
3905661392,2024-04-19 08:58:21,2024-04-19 08:58:21
3887715191,2024-04-05 20:53:20,2024-04-05 00:00:00
3889413805,2024-04-09 09:12:25,2024-04-09 00:00:00
3901391616,2024-04-18 18:16:26,2024-04-18 18:05:15
3886840063,2024-04-09 09:05:35,2024-04-09 08:52:06
3903880008,2024-04-19 02:50:54,2024-04-19 02:36:06
3900937854,2024-04-17 21:07:29,2024-04-17 00:00:00
3901680724,2024-04-15 20:35:28,2024-04-15 20:35:28
3901949282,2024-04-18 21:08:50,2024-04-18 20:58:07
3898169829,2024-04-15 20:48:03,2024-04-15 00:00:00
3900069509,2024-04-15 19:09:30,2024-04-15 00:00:00
3889109114,2024-04-09 04:38:05,2024-04-09 04:19:56
3888944480,2024-04-09 03:22:49,2024-04-09 03:22:49
3904419756,2024-04-18 02:23:52,2024-04-17 00:00:00
3889284895,2024-04-09 08:36:46,2024-04-09 08:18:57
3889443735,2024-04-09 09:58:15,2024-04-09 09:45:47
3899541376,2024-04-16 15:20:39,2024-04-16 15:20:39
3901986376,2024-04-19 03:08:25,2024-04-19 02:53:01
3901185123,2024-04-16 15:19:58,2024-04-16 15:19:58
3887700229,2024-04-05 20:11:29,2024-04-05 20:11:29
3906092754,2024-04-19 19:09:07,2024-04-19 19:09:07
3904981960,2024-04-18 16:26:12,2024-04-18 16:15:07
3895210489,2024-04-11 19:32:24,2024-04-11 19:32:24
3885838583,2024-04-06 04:16:54,2024-04-06 03:45:43
3898169114,2024-04-15 20:22:31,2024-04-15 20:09:37
3895275822,2024-04-11 21:12:35,2024-04-11 21:12:35
3905857712,2024-04-19 14:24:41,2024-04-19 14:24:41
3901975907,2024-04-18 23:37:08,2024-04-18 23:37:08
3891004956,2024-04-11 18:35:52,2024-04-09 00:00:00
3904407491,2024-04-18 00:16:58,2024-04-18 00:16:58
3891077788,2024-04-11 20:00:05,2024-04-11 20:00:05
3905859155,2024-04-19 14:28:29,2024-04-19 14:16:33
3905331671,2024-04-18 22:52:16,2024-04-18 00:00:00
3890898979,2024-04-11 17:49:09,2024-04-11 17:49:09
3901167556,2024-04-16 14:37:32,2024-04-16 14:37:32
3902918086,2024-04-16 14:29:59,2024-04-16 00:00:00
3889731302,2024-04-09 12:22:42,2024-04-09 12:22:42
3884440311,2024-04-05 20:47:16,2024-04-05 00:00:00
3898176225,2024-04-15 20:56:51,2024-04-15 20:56:51
3887716280,2024-04-05 21:16:43,2024-04-05 00:00:00
3902869109,2024-04-19 22:27:57,2024-04-19 22:27:57
3905833198,2024-04-19 12:52:05,2024-04-19 12:52:05
3895864569,2024-04-12 06:54:05,2024-04-12 06:54:05
3904719618,2024-04-19 22:27:00,2024-04-19 22:14:14
3895599499,2024-04-12 04:34:07,2024-04-12 04:23:07
3887578489,2024-04-09 03:43:18,2024-04-08 00:00:00
3901936829,2024-04-18 19:58:38,2024-04-18 19:58:38
3895535536,2024-04-12 03:05:33,2024-04-12 02:50:59
3904711443,2024-04-19 21:53:38,2024-04-19 00:00:00
3888002418,2024-04-06 03:49:33,2024-04-06 03:33:00
3894943423,2024-04-11 18:20:34,2024-04-11 18:20:34
3903842658,2024-04-18 23:03:11,2024-04-18 22:39:31
3904925790,2024-04-18 14:22:32,2024-04-18 14:22:32
3902356684,2024-04-19 14:49:59,2024-04-19 14:49:59
3884912807,2024-04-05 19:51:08,2024-04-05 19:51:08
3904988362,2024-04-18 16:36:31,2024-04-18 16:18:31
3901983530,2024-04-19 01:48:17,2024-04-19 01:36:36
3887915624,2024-04-09 05:08:01,2024-04-09 04:53:56
3903459542,2024-04-18 16:27:16,2024-04-18 16:12:24
3906233828,2024-04-19 22:12:05,2024-04-19 21:59:54
3905370739,2024-04-19 03:13:37,2024-04-19 03:01:49
3902746700,2024-04-17 22:02:30,2024-04-17 21:47:44
3901378325,2024-04-18 16:41:37,2024-04-18 16:26:11
3902744881,2024-04-17 22:02:26,2024-04-17 21:48:11
3887835951,2024-04-06 00:40:35,2024-04-06 00:40:35
3905855021,2024-04-19 14:08:51,2024-04-19 14:08:51
3894908986,2024-04-11 18:08:16,2024-04-11 17:52:31
3900064449,2024-04-15 18:39:29,2024-04-02 18:00:02
3904367874,2024-04-17 22:10:57,2024-04-17 21:59:16
3895210266,2024-04-11 19:24:06,2024-04-11 19:24:06
3904069297,2024-04-19 10:13:26,2024-04-19 09:45:54
3906247421,2024-04-19 22:21:33,2024-04-19 00:00:00
3905245823,2024-04-18 18:54:13,2024-04-18 18:54:13
3901943118,2024-04-18 19:08:52,2024-04-18 19:08:52
3884913800,2024-04-05 20:04:56,2024-04-05 19:53:09
3894970392,2024-04-11 18:37:52,2024-04-11 18:37:52
3887890223,2024-04-06 03:32:47,2024-04-06 03:19:28
3906094633,2024-04-19 19:09:10,2024-04-19 19:09:10
3902833348,2024-04-19 19:04:26,2024-04-19 19:04:26
3905885978,2024-04-19 15:35:42,2024-04-19 15:35:42
3906220760,2024-04-19 21:13:41,2024-04-19 21:03:16
3900964475,2024-04-17 22:54:12,2024-04-17 22:54:12
3887457893,2024-04-05 19:35:39,2024-04-05 19:35:39
3904415396,2024-04-18 02:05:24,2024-03-24 01:51:46
3905344002,2024-04-18 23:19:08,2024-04-18 23:19:08
3902752750,2024-04-17 22:50:42,2024-04-17 22:27:47
3900949687,2024-04-17 21:25:29,2024-04-17 21:25:29
3906230739,2024-04-19 21:55:41,2024-04-19 21:43:58
3894682038,2024-04-12 06:59:57,2024-04-12 06:59:57
3894207941,2024-04-11 17:27:37,2024-04-11 17:27:37
3898163581,2024-04-15 19:56:50,2024-04-15 19:56:50
3904393057,2024-04-17 22:49:53,2024-04-17 22:38:27
3900953914,2024-04-17 21:55:19,2024-04-17 21:43:39
3904426749,2024-04-18 02:51:48,2024-04-18 02:40:20
3884436039,2024-04-05 19:39:47,2024-04-05 19:39:47
3901664902,2024-04-15 20:09:27,2024-04-15 20:09:27
3895801022,2024-04-12 04:37:30,2024-04-11 00:00:00
3905693010,2024-04-19 10:27:06,2024-04-18 00:00:00
3884821508,2024-04-06 02:46:21,2024-04-06 02:34:45
3904725260,2024-04-19 22:47:59,2024-04-19 22:35:57
3904365248,2024-04-17 21:37:14,2024-04-17 21:20:54
3901390094,2024-04-18 17:11:17,2024-04-18 17:11:17
3901941977,2024-04-18 20:40:42,2024-04-18 20:40:42
3904423548,2024-04-18 02:37:08,2024-04-18 02:24:37
3902354977,2024-04-19 14:40:30,2024-04-19 14:27:23
3901946040,2024-04-18 20:43:17,2024-04-18 20:31:10
3900966236,2024-04-17 22:42:20,2024-04-17 22:27:08
3905824328,2024-04-19 12:16:34,2024-04-19 12:16:34
3898165256,2024-04-15 20:02:50,2024-04-15 19:50:46
3901174653,2024-04-16 14:56:16,2024-04-16 14:56:16
3894554212,2024-04-12 02:24:06,2024-04-12 02:11:03
3901939678,2024-04-18 20:20:19,2024-04-18 20:09:12
3891268797,2024-04-12 03:09:47,2024-04-12 02:57:37
3901691289,2024-04-15 20:58:01,2024-04-15 00:00:00
3904573983,2024-04-19 18:53:06,2024-04-19 18:53:06
3903840994,2024-04-18 22:45:13,2024-04-18 22:33:45
3904087600,2024-04-19 12:37:48,2024-04-19 12:37:48
3901937806,2024-04-18 20:06:07,2024-04-18 00:00:00
3894610113,2024-04-12 04:31:43,2024-04-12 04:19:13
3900075663,2024-04-15 19:41:07,2024-04-15 19:41:07
3889415670,2024-04-09 09:12:25,2024-04-09 00:00:00
3902344441,2024-04-19 12:46:17,2024-04-19 12:33:18
3902353320,2024-04-19 13:46:36,2024-04-19 13:46:36
3901348271,2024-04-18 15:02:19,2024-04-18 15:00:07
3902926988,2024-04-16 14:54:30,2024-04-16 00:00:00
3903848414,2024-04-18 23:19:18,2024-04-18 00:00:00
3905372620,2024-04-19 03:31:55,2024-04-19 03:19:19
3905651369,2024-04-19 08:01:19,2024-04-19 08:01:19
3901943868,2024-04-18 20:30:09,2024-04-18 20:30:09
3906245798,2024-04-19 22:24:25,2024-04-19 22:06:17
3905886161,2024-04-19 15:32:03,2024-04-19 15:19:23
3905827250,2024-04-19 12:30:26,2024-04-19 12:30:26
3902756633,2024-04-17 22:54:34,2024-04-17 22:54:34
3904411557,2024-04-18 01:23:48,2024-04-18 01:11:25
3904429497,2024-04-18 02:53:46,2024-04-18 02:41:07
3894876574,2024-04-11 17:14:35,2024-04-11 17:02:43
3898170726,2024-04-15 20:37:03,2024-04-15 20:37:03
3905295297,2024-04-18 21:06:38,2024-04-18 20:51:28
3901690501,2024-04-15 20:53:17,2024-04-15 20:41:51
3888960029,2024-04-09 03:51:01,2024-04-09 03:32:52
3889414779,2024-04-09 09:12:25,2024-04-09 00:00:00
3884435336,2024-04-05 20:09:58,2024-04-05 20:09:58
3901950152,2024-04-18 21:07:26,2024-04-18 20:55:23
3905205114,2024-04-18 16:53:10,2024-04-18 16:53:10
3904513117,2024-04-19 15:21:51,2024-04-19 15:09:29
3900960528,2024-04-17 22:22:03,2024-04-17 22:10:45
3891072376,2024-04-11 18:49:59,2024-04-11 00:00:00
3904717397,2024-04-19 22:11:02,2024-04-19 21:59:48
3905293940,2024-04-18 21:08:30,2024-04-18 21:08:30
3900989033,2024-04-18 03:05:23,2024-04-18 02:54:09
3901352252,2024-04-18 14:48:54,2024-04-18 14:34:41
3899934195,2024-04-16 18:47:26,2024-04-16 18:47:26
3901944656,2024-04-18 21:14:25,2024-03-24 21:01:38
3901989078,2024-04-19 02:42:53,2024-04-19 02:30:48
3905308724,2024-04-18 21:51:52,2024-04-18 21:39:40
3904724047,2024-04-19 22:42:18,2024-04-19 22:16:46
3903476557,2024-04-18 17:06:30,2024-04-18 17:06:30
3901625858,2024-04-15 19:40:13,2024-04-15 19:40:13
3904390057,2024-04-17 22:35:25,2024-04-17 00:00:00
3902740290,2024-04-17 21:34:49,2024-04-17 21:19:12
3903818935,2024-04-18 21:14:31,2024-04-18 21:02:25
3901978910,2024-04-19 01:59:24,2024-04-19 01:59:24
3889110014,2024-04-09 04:38:11,2024-04-08 00:00:00
3901639347,2024-04-15 19:57:21,2024-04-15 19:43:53
3902738458,2024-04-17 21:27:10,2024-04-17 21:14:23
3888002407,2024-04-06 03:49:34,2024-04-06 03:32:49
3904380992,2024-04-17 22:20:49,2024-04-17 22:20:49
3886871721,2024-04-09 10:40:37,2024-04-09 10:27:41
3901349303,2024-04-18 14:43:19,2024-04-18 14:43:19
3904410762,2024-04-18 01:19:25,2024-04-18 01:19:25
3906093709,2024-04-19 19:08:44,2024-04-19 19:08:44
3904958668,2024-04-18 16:09:20,2024-04-18 15:37:49
3904927630,2024-04-18 14:17:48,2024-04-18 14:17:48
3904586316,2024-04-19 19:50:05,2024-04-19 19:37:41
3903810067,2024-04-18 19:40:33,2024-04-18 19:40:33
3902356397,2024-04-19 14:47:42,2024-04-19 14:35:03
3900963220,2024-04-17 22:09:13,2024-04-17 22:09:13
3906096237,2024-04-19 19:16:37,2024-04-19 19:16:37
3904359922,2024-04-17 21:34:02,2024-04-17 21:21:08
3891058703,2024-04-11 18:29:20,2024-04-11 18:29:20
3903813185,2024-04-18 20:16:32,2024-04-18 20:05:26
3906246970,2024-04-19 22:30:19,2024-04-19 22:14:50
3905697439,2024-04-19 11:06:55,2024-04-19 10:55:33
3906253143,2024-04-19 22:34:05,2024-04-19 22:21:22
3887717490,2024-04-05 20:56:44,2024-04-05 20:56:44
3901966532,2024-04-18 22:57:48,2024-04-18 22:57:48
3895557443,2024-04-12 03:43:13,2024-04-12 03:32:13
3895839959,2024-04-12 05:59:13,2024-04-12 05:59:13
3901348076,2024-04-18 14:10:49,2024-04-18 14:10:49
3884829103,2024-04-06 03:12:08,2024-04-05 00:00:00
3888002457,2024-04-06 03:36:45,2024-04-06 03:33:52
3904951446,2024-04-18 15:27:53,2024-04-17 00:00:00
3905372554,2024-04-19 03:28:05,2024-04-17 00:00:00
3903862895,2024-04-19 00:40:56,2024-04-18 00:00:00
3888400185,2024-04-09 09:31:00,2024-04-09 00:00:00
3901173604,2024-04-16 14:55:26,2024-04-16 14:55:26
3888034105,2024-04-06 18:51:45,2024-04-06 18:51:45
3898181140,2024-04-15 21:08:11,2024-04-15 21:08:11
3905270115,2024-04-18 19:56:57,2024-04-18 19:56:57
3903471772,2024-04-18 16:59:33,2024-04-18 16:46:59
3886455822,2024-04-09 04:28:16,2024-04-09 03:43:58
3905661922,2024-04-19 09:28:22,2024-03-26 00:00:00
3904939046,2024-04-18 14:54:39,2024-04-18 14:42:43
3902357507,2024-04-19 14:49:24,2024-04-19 14:49:24
3902826890,2024-04-19 18:52:17,2024-04-19 18:52:17
3905294101,2024-04-18 20:44:49,2024-04-18 20:32:43
3895523946,2024-04-12 02:25:11,2024-04-11 00:00:00
3891288833,2024-04-12 04:25:48,2024-04-12 04:07:59
3903473983,2024-04-18 17:05:46,2024-04-18 17:05:46
3905669467,2024-04-19 09:40:13,2024-04-19 09:28:27
3895813199,2024-04-12 05:04:04,2024-04-12 00:00:00
3903456324,2024-04-18 15:53:50,2024-04-18 15:53:50
3891071357,2024-04-11 18:46:32,2024-04-11 18:33:16
3904422584,2024-04-18 02:35:41,2024-04-17 00:00:00
3902369481,2024-04-19 15:33:24,2024-04-19 15:20:37
3905330539,2024-04-18 22:37:50,2024-04-18 00:00:00
3900951939,2024-04-17 21:38:42,2024-04-17 21:38:42
3905879958,2024-04-19 15:36:18,2024-04-19 15:20:41
3903829970,2024-04-18 21:55:27,2024-04-18 21:44:03
3889437480,2024-04-09 09:50:55,2024-04-09 09:32:47
3905206348,2024-04-18 17:04:28,2024-04-18 16:53:06
3898173739,2024-04-15 21:16:20,2024-04-15 20:59:09
3905829685,2024-04-19 12:54:12,2024-04-19 12:54:12
3905846503,2024-04-19 13:48:28,2024-04-19 13:48:28
3905252387,2024-04-18 19:51:26,2024-04-18 19:51:26
3901945168,2024-04-18 20:29:12,2024-04-18 20:29:12
3902940471,2024-04-16 15:11:17,2024-04-16 14:55:41
3901636181,2024-04-15 19:50:39,2024-04-15 19:37:33
3901695753,2024-04-15 21:11:34,2024-04-15 20:58:32
3899522561,2024-04-16 14:22:27,2024-04-16 14:22:27
3887880831,2024-04-06 03:17:26,2024-04-05 00:00:00
3901938333,2024-04-18 19:11:34,2024-04-18 19:11:34
3898157612,2024-04-15 19:11:07,2024-04-15 00:00:00
3884826482,2024-04-06 03:12:08,2024-04-05 00:00:00
3901977759,2024-04-19 01:17:52,2024-04-19 01:17:52
3902365242,2024-04-19 15:05:44,2024-04-19 15:05:44
3901946648,2024-04-18 21:19:03,2024-04-18 00:00:00
3903441738,2024-04-18 15:05:45,2024-04-18 15:05:26
3903807801,2024-04-18 20:06:52,2024-04-18 19:54:04
3904388628,2024-04-17 22:44:38,2024-04-17 22:44:38
3906222610,2024-04-19 21:17:59,2024-04-19 00:00:00
3903435338,2024-04-18 14:46:52,2024-04-18 14:33:11
3901640979,2024-04-15 19:53:26,2024-04-15 19:53:26
3894617071,2024-04-12 04:48:35,2024-04-12 04:31:40
3902354942,2024-04-19 14:24:14,2024-04-19 14:24:14
3906253198,2024-04-19 22:39:01,2024-04-19 00:00:00
3891075871,2024-04-11 19:37:07,2024-04-11 19:37:07
3905371086,2024-04-19 02:38:15,2024-04-19 02:16:23
3902352543,2024-04-19 14:04:39,2024-04-19 14:04:39
3904973349,2024-04-18 16:10:34,2024-04-18 16:10:34
3905303344,2024-04-18 21:21:04,2024-04-18 21:21:04
3885314268,2024-04-06 00:17:37,2024-04-06 00:05:50
3886464693,2024-04-09 04:25:17,2024-04-09 04:06:56
3905330513,2024-04-18 22:42:47,2024-04-18 22:25:54
3905883338,2024-04-19 15:32:30,2024-04-19 00:00:00
3884440612,2024-04-05 21:05:58,2024-04-05 00:00:00
3903868736,2024-04-19 01:21:31,2024-04-19 01:09:51
3906230560,2024-04-19 21:47:28,2024-04-19 21:36:39
3902341440,2024-04-19 11:53:02,2024-04-19 11:53:02
3901956833,2024-04-18 21:57:56,2024-03-24 21:44:50
3902751459,2024-04-17 22:28:16,2024-04-17 22:14:13
3887700418,2024-04-05 20:25:50,2024-04-05 00:00:00
3898158404,2024-04-15 18:43:48,2024-04-15 18:43:48
3906255294,2024-04-19 22:58:08,2024-04-19 22:46:46
3895541857,2024-04-12 03:33:33,2024-04-11 00:00:00
3900962606,2024-04-17 22:45:41,2024-04-17 22:33:54
3900966152,2024-04-17 22:30:29,2024-04-17 22:19:10
3904367649,2024-04-17 22:15:07,2024-04-17 21:49:12
3905828734,2024-04-19 12:52:38,2024-04-19 12:52:38
3905870844,2024-04-19 15:18:07,2024-04-19 15:02:49
3865391975,2024-04-18 17:06:02,2024-03-18 00:00:00
3888007779,2024-04-06 04:00:28,2024-04-06 03:48:27
3902358396,2024-04-19 14:42:45,2024-04-19 14:42:45
3905393500,2024-04-19 04:49:01,2024-04-18 00:00:00
3904961686,2024-04-18 15:57:57,2024-04-18 15:46:10
3904955598,2024-04-18 15:42:38,2024-04-18 15:26:47
3902808409,2024-04-19 18:28:07,2024-04-19 18:15:54
3905325926,2024-04-18 22:42:42,2024-04-18 00:00:00
3901675202,2024-04-15 20:34:08,2024-04-15 20:21:59
3901375070,2024-04-18 16:14:11,2024-04-18 16:14:11
3885847159,2024-04-06 04:17:19,2024-04-05 00:00:00
3899530745,2024-04-16 15:13:59,2024-04-16 14:59:21
3904387478,2024-04-17 22:31:23,2024-04-17 22:18:06
3887889072,2024-04-06 03:27:29,2024-04-05 00:00:00
3868493438,2024-04-19 19:51:03,2024-04-19 19:51:03
3898169832,2024-04-15 20:48:03,2024-04-15 00:00:00
3905331380,2024-04-18 22:39:01,2024-04-18 22:27:30
3895557909,2024-04-12 03:51:27,2024-04-11 00:00:00
3887914002,2024-04-09 04:55:19,2024-04-09 04:31:57
3903476060,2024-04-18 16:53:52,2024-04-18 16:40:42
3891082021,2024-04-11 19:51:10,2024-04-11 19:51:10
3901956489,2024-04-18 21:31:50,2024-04-18 21:31:50
3905390809,2024-04-19 04:27:32,2024-04-19 04:15:21
3902319546,2024-04-19 08:32:17,2024-04-19 08:18:30
3894560635,2024-04-12 03:05:13,2024-04-11 00:00:00
3889113574,2024-04-09 04:50:28,2024-04-09 04:36:56
3884932654,2024-04-05 20:51:50,2024-04-05 20:40:21
3904365541,2024-04-17 21:52:13,2024-04-17 21:33:18
3888938160,2024-04-09 03:19:31,2024-04-08 00:00:00
3767035869,2024-04-11 17:18:27,2024-04-11 17:18:27
3903879070,2024-04-19 02:38:21,2024-04-19 02:27:02
3904059316,2024-04-19 08:29:58,2024-04-19 08:13:34
3905252406,2024-04-18 19:14:04,2024-04-18 19:14:04
3902751812,2024-04-17 22:39:48,2024-04-17 22:28:29
3885106111,2024-04-06 08:44:03,2024-04-06 08:44:03
3905201494,2024-04-18 17:05:47,2024-04-18 16:47:28
3889759815,2024-04-09 13:19:32,2024-04-09 13:19:32
3891802231,2024-04-12 05:39:00,2024-04-12 04:22:03
3901981812,2024-04-19 02:05:10,2024-04-19 00:00:00
3904379547,2024-04-17 22:18:00,2024-04-17 22:04:36
3904992222,2024-04-18 16:34:49,2024-04-18 16:22:15
3902864872,2024-04-19 22:30:38,2024-04-19 22:19:03
3895238861,2024-04-11 20:11:08,2024-04-11 20:11:08
3901938661,2024-04-18 20:00:41,2024-04-18 20:00:41
3888972870,2024-04-09 04:13:48,2024-04-09 03:55:01
3906253709,2024-04-19 22:57:41,2024-04-19 22:45:58
3900070451,2024-04-15 19:09:18,2024-04-15 18:57:08
3891075547,2024-04-11 19:22:46,2024-04-11 19:22:46
3901989366,2024-04-19 03:11:51,2024-04-18 00:00:00
3903477401,2024-04-18 17:12:43,2024-04-18 00:00:00
3904715823,2024-04-19 22:28:51,2024-04-19 22:08:39
3899525341,2024-04-16 14:40:03,2024-04-16 14:27:41
3889749261,2024-04-09 12:44:52,2024-04-09 12:44:52
3895846217,2024-04-12 06:00:30,2024-04-12 06:00:30
3899528374,2024-04-16 14:43:45,2024-04-16 14:43:45
3891070657,2024-04-11 18:50:38,2024-04-11 18:50:38
3906261046,2024-04-19 23:09:54,2024-04-19 22:57:26
3895561822,2024-04-12 04:00:37,2024-04-11 00:00:00
3895541690,2024-04-12 03:17:03,2024-04-12 03:17:03
3901342722,2024-04-18 14:20:19,2024-03-24 14:07:44
3903446465,2024-04-18 15:31:17,2024-04-18 00:00:00
3904925630,2024-04-18 14:28:25,2024-04-18 00:00:00
3899528125,2024-04-16 14:49:08,2024-04-16 14:34:31
3898168023,2024-04-15 20:00:37,2024-04-15 20:00:37
3904948236,2024-04-18 15:14:28,2024-04-18 15:14:28
3900939903,2024-04-17 21:09:33,2024-04-17 20:58:17
3891076423,2024-04-11 19:23:43,2024-04-11 19:23:43
3901985484,2024-04-19 02:54:07,2024-04-19 02:54:07
3898157650,2024-04-15 19:39:31,2024-04-15 19:39:31
3891076083,2024-04-11 18:38:26,2024-04-11 18:38:26
3891075902,2024-04-11 19:42:27,2024-04-11 19:42:27
3901176191,2024-04-16 14:50:52,2024-04-16 14:50:52
3902352593,2024-04-19 14:06:22,2024-04-19 14:06:15
3902954355,2024-04-16 15:21:42,2024-04-16 15:21:42
3888973818,2024-04-09 04:13:47,2024-04-09 03:56:44
3898161243,2024-04-15 19:27:36,2024-04-15 19:27:36
3884942165,2024-04-05 20:59:22,2024-04-05 20:59:22
3904384951,2024-04-17 22:46:44,2024-04-17 22:34:37
3903468594,2024-04-18 16:33:17,2024-04-18 16:33:17
3905290727,2024-04-18 20:48:45,2024-04-18 20:38:02
3901958919,2024-04-18 22:02:02,2024-04-18 21:49:50
3904388074,2024-04-17 22:33:03,2024-04-17 22:19:55
3904417939,2024-04-18 02:24:57,2024-04-18 02:13:12
3899531595,2024-04-16 15:03:03,2024-04-16 15:03:03
3885821897,2024-04-06 03:20:17,2024-04-05 00:00:00
3898162715,2024-04-15 19:36:52,2024-04-15 19:36:52
3895525009,2024-04-12 02:15:21,2024-04-11 00:00:00
3901357193,2024-04-18 15:05:21,2024-04-18 15:05:21
3886832859,2024-04-09 08:39:46,2024-04-09 08:39:46
3887860389,2024-04-06 02:03:34,2024-04-05 00:00:00
3903836652,2024-04-18 22:19:25,2024-04-18 22:07:56
3898155686,2024-04-15 18:47:43,2024-04-15 18:35:09
3905324928,2024-04-18 22:25:47,2024-04-18 22:13:08
3904395070,2024-04-17 22:58:19,2024-04-17 00:00:00
3902866556,2024-04-19 22:28:00,2024-04-19 00:00:00
3898163029,2024-04-15 19:35:04,2024-04-15 19:35:04
3885865823,2024-04-06 11:08:35,2024-04-06 05:05:37
3903822799,2024-04-18 21:21:33,2024-04-17 00:00:00
3904502192,2024-04-19 14:37:45,2024-04-19 14:25:55
3884815524,2024-04-06 02:24:36,2024-04-06 02:11:51
3904962111,2024-04-18 16:11:11,2024-04-18 16:11:11
3906227767,2024-04-19 21:44:48,2024-04-19 21:26:52
3887838631,2024-04-06 00:42:34,2024-04-06 00:42:34
3904387565,2024-04-17 22:33:33,2024-04-17 00:00:00
3902944268,2024-04-16 15:19:05,2024-04-15 00:00:00
3902839809,2024-04-19 21:17:16,2024-04-19 21:17:16
3886445573,2024-04-09 03:10:35,2024-04-09 02:57:38
3902749599,2024-04-17 22:16:52,2024-04-17 00:00:00
3906259720,2024-04-19 23:50:45,2024-04-19 00:00:00
3902751181,2024-04-17 22:15:06,2024-04-17 00:00:00
3902344376,2024-04-19 12:25:35,2024-04-19 12:25:35
3901930434,2024-04-18 18:38:04,2024-04-18 18:38:04
3901354022,2024-04-18 14:54:03,2024-04-18 14:28:03
3886480224,2024-04-09 04:21:30,2024-04-09 04:21:30
3903871482,2024-04-19 01:21:31,2024-04-19 01:10:06
3885830897,2024-04-06 04:00:37,2024-04-06 03:39:04
3902820630,2024-04-19 18:43:26,2024-04-19 18:43:26
3891074209,2024-04-11 18:46:32,2024-04-11 18:34:28
3885852955,2024-04-06 04:35:18,2024-04-06 04:23:51
3904968281,2024-04-18 15:56:38,2024-04-18 15:56:38
3891076591,2024-04-11 19:29:10,2024-04-11 19:29:10
3884931432,2024-04-05 20:46:37,2024-04-05 00:00:00
3902922169,2024-04-16 14:21:53,2024-04-16 14:21:53
3900950936,2024-04-17 21:44:04,2024-04-17 21:32:32
3904965290,2024-04-18 15:57:57,2024-04-18 15:45:49
3901645544,2024-04-15 20:13:39,2024-04-15 19:55:10
3903880460,2024-04-19 03:17:32,2024-03-25 03:05:34
3903869823,2024-04-19 02:08:20,2024-04-19 01:56:53
3898175026,2024-04-15 20:41:11,2024-04-15 20:41:11
3904940844,2024-04-18 15:19:11,2024-04-18 00:00:00
3904421029,2024-04-18 02:05:22,2024-04-17 00:00:00
3905867683,2024-04-19 14:53:40,2024-04-19 14:53:40
3884915084,2024-04-05 19:45:06,2024-04-05 00:00:00
3891260460,2024-04-12 02:20:46,2024-04-12 02:09:00
3895801019,2024-04-12 04:37:30,2024-04-11 00:00:00
3891012793,2024-04-11 18:05:19,2024-04-11 18:05:19
3903484011,2024-04-18 17:48:34,2024-04-18 00:00:00
3902869248,2024-04-19 23:05:30,2024-04-19 23:05:30
3904384386,2024-04-17 22:28:43,2024-04-17 22:10:19
3891080342,2024-04-11 20:11:29,2024-04-11 20:11:29
3904370319,2024-04-17 22:06:30,2024-04-17 00:00:00
3887840180,2024-04-06 00:44:22,2024-04-06 00:44:22
3899544054,2024-04-16 15:27:15,2024-04-16 15:15:38
3889754360,2024-04-09 13:04:57,2024-04-09 13:04:57
3903882734,2024-04-19 04:19:10,2024-04-19 03:46:33
3901390515,2024-04-18 18:01:56,2024-04-18 17:50:38
3886451773,2024-04-09 03:42:05,2024-04-08 00:00:00
3885112377,2024-04-07 01:29:41,2024-04-07 01:29:41
3902781643,2024-04-18 00:54:20,2024-04-18 00:42:50
3905316039,2024-04-18 22:01:01,2024-04-18 21:48:32
3898172387,2024-04-15 20:50:01,2024-04-15 20:50:01
3903815459,2024-04-18 20:31:34,2024-04-18 20:20:10
3902844389,2024-04-19 21:24:58,2024-04-19 21:24:58
3891291206,2024-04-12 04:25:47,2024-04-12 04:08:18
3903810045,2024-04-18 19:49:43,2024-04-18 00:00:00
3902753695,2024-04-17 22:46:25,2024-04-17 00:00:00
3894881363,2024-04-11 17:11:48,2024-04-11 17:11:48
3902942333,2024-04-16 15:17:08,2024-04-16 15:02:15
3891833364,2024-04-12 06:33:10,2024-04-12 06:33:10
3891077144,2024-04-11 19:16:56,2024-04-11 19:16:56
3889415883,2024-04-09 09:29:30,2024-04-08 00:00:00
3904514242,2024-04-19 15:37:30,2024-04-19 00:00:00
3903810429,2024-04-18 20:19:43,2024-04-18 20:03:29
3891079540,2024-04-11 20:09:44,2024-04-11 20:09:44
3888029018,2024-04-06 11:21:23,2024-04-06 11:21:23
3894866908,2024-04-11 17:07:25,2024-04-11 16:55:41
3902316715,2024-04-19 08:32:16,2024-04-19 08:18:34
3895505631,2024-04-12 01:35:01,2024-04-12 01:22:37
3905819757,2024-04-19 12:08:10,2024-04-19 12:08:10
3905397479,2024-04-19 04:55:46,2024-04-19 04:45:02
3904362699,2024-04-17 21:47:46,2024-04-17 21:35:38
3901963344,2024-04-18 22:22:29,2024-04-18 22:09:45
3891079049,2024-04-11 19:31:33,2024-04-11 19:31:33
3894675617,2024-04-12 06:50:20,2024-04-12 06:50:20
3901939119,2024-04-18 18:56:51,2024-04-18 18:56:51
3904368002,2024-04-17 21:39:58,2024-04-17 21:25:57
3904576699,2024-04-19 19:11:30,2024-04-19 19:11:30
3905301404,2024-04-18 21:29:39,2024-03-24 21:17:50
3901350246,2024-04-18 14:31:04,2024-04-18 14:31:04
3905293892,2024-04-18 21:20:57,2024-04-18 00:00:00
3886481207,2024-04-09 04:26:00,2024-04-09 04:26:00
3902934945,2024-04-16 15:15:03,2024-04-16 14:54:06
3904423388,2024-04-18 02:39:00,2024-04-18 02:14:18
3904950380,2024-04-18 15:27:52,2024-04-18 00:00:00
3905252401,2024-04-18 19:23:29,2024-04-18 00:00:00
3891090731,2024-04-11 21:14:15,2024-04-11 00:00:00
3904365298,2024-04-17 21:24:30,2024-04-17 21:24:30
3906224368,2024-04-19 21:27:01,2024-04-19 21:11:37
3900962140,2024-04-17 22:03:55,2024-04-17 21:52:30
3894258320,2024-04-11 18:13:24,2024-04-11 18:01:43
3902759517,2024-04-18 01:08:32,2024-04-18 01:08:32
3888035137,2024-04-07 02:21:25,2024-04-05 00:00:00
3884439445,2024-04-05 20:48:33,2024-04-05 20:34:40
3905365452,2024-04-19 02:38:15,2024-04-19 02:16:23
3903835074,2024-04-18 21:54:07,2024-04-18 00:00:00
3904365968,2024-04-17 21:59:27,2024-04-17 21:46:54
3905333510,2024-04-18 22:48:47,2024-04-18 22:37:27
3905692892,2024-04-19 10:45:26,2024-04-19 10:45:26
3900983355,2024-04-18 02:47:20,2024-04-18 02:35:58
3904943239,2024-04-18 15:01:07,2024-04-18 15:01:07
3904362880,2024-04-17 21:58:52,2024-04-17 21:43:18
3902947837,2024-04-16 15:16:17,2024-04-16 15:16:17
3895596619,2024-04-12 04:16:35,2024-04-12 04:16:35
3901989836,2024-04-19 03:24:21,2024-04-09 21:13:44
3905362341,2024-04-19 01:34:46,2024-04-19 01:22:52
3902837897,2024-04-19 21:19:57,2024-04-19 00:00:00
3895804466,2024-04-12 04:46:40,2024-04-12 00:00:00
3905805350,2024-04-19 11:13:42,2024-04-19 11:13:42
3887577051,2024-04-09 03:27:35,2024-04-08 00:00:00
3899532312,2024-04-16 15:09:40,2024-04-16 14:57:31
3901638347,2024-04-15 19:45:34,2024-04-15 19:45:34
3906223166,2024-04-19 21:13:41,2024-04-19 21:00:34
3894289244,2024-04-11 19:23:48,2024-04-11 19:11:05
3901943193,2024-04-18 19:30:19,2024-04-18 19:18:05
3899529621,2024-04-16 15:06:00,2024-04-16 14:52:17
3905254164,2024-04-18 19:23:29,2024-04-18 00:00:00
3905332967,2024-04-18 23:04:35,2024-04-18 22:52:17
3905208753,2024-04-18 17:06:54,2024-04-18 17:06:54
3903875921,2024-04-19 03:21:12,2024-04-18 00:00:00
3885868395,2024-04-06 05:57:16,2024-04-06 05:15:39
3887852701,2024-04-06 01:33:12,2024-04-06 01:21:48
3904580473,2024-04-19 19:25:58,2024-04-19 19:14:09
3905664043,2024-04-19 08:58:55,2024-04-19 08:58:55
3905290357,2024-04-18 20:43:32,2024-04-18 20:27:43
3894294845,2024-04-11 20:07:53,2024-04-11 00:00:00
3903808841,2024-04-18 20:26:31,2024-04-18 20:07:47
3904392004,2024-04-17 22:33:52,2024-04-17 22:22:58
3906247697,2024-04-19 22:31:01,2024-04-19 22:18:30
3902848146,2024-04-19 21:32:40,2024-04-19 00:00:00
3898178362,2024-04-15 21:13:36,2024-04-15 00:00:00
3902745849,2024-04-17 22:19:15,2024-04-17 21:59:30
3905332948,2024-04-18 23:11:10,2024-04-18 22:51:19
3901976757,2024-04-19 01:21:25,2024-04-19 01:21:25
3895545804,2024-04-12 03:36:21,2024-04-12 03:25:33
3902834364,2024-04-19 19:30:09,2024-04-19 19:18:12
3905331463,2024-04-18 22:45:48,2024-04-18 00:00:00
3889110827,2024-04-09 04:50:28,2024-04-09 04:37:08
3894562013,2024-04-12 02:52:30,2024-04-12 02:39:20
3905818148,2024-04-19 11:22:06,2024-04-19 11:22:06
3891029822,2024-04-11 18:23:15,2024-04-11 18:23:15
3891248751,2024-04-12 00:30:27,2024-04-12 00:30:27
3906228521,2024-04-19 21:28:01,2024-04-19 21:28:01
3885832536,2024-04-06 03:44:59,2024-04-06 03:30:39
3887499129,2024-04-05 20:22:56,2024-04-05 00:00:00
3886456849,2024-04-09 04:28:16,2024-04-09 03:44:19
3906225790,2024-04-19 21:35:58,2024-04-19 21:25:43
3902758590,2024-04-17 23:26:53,2024-04-17 00:00:00
3904997171,2024-04-18 16:37:07,2024-04-18 16:37:07
3901388828,2024-04-18 18:03:26,2024-04-18 18:03:26
3902354259,2024-04-19 13:54:58,2024-04-19 13:54:58
3902782703,2024-04-18 01:23:25,2024-04-18 01:10:47
3891071743,2024-04-11 19:09:39,2024-04-11 19:09:39
3901942691,2024-04-18 20:17:49,2024-04-18 20:17:49
3899515753,2024-04-16 14:16:40,2024-04-16 14:16:40
3901633114,2024-04-15 19:26:22,2024-04-15 19:26:22
3905291553,2024-04-18 20:34:58,2024-04-18 20:34:58
3902752869,2024-04-17 22:45:35,2024-04-17 22:33:24
3901397255,2024-04-18 18:30:18,2024-04-18 18:18:36
3901922123,2024-04-18 18:46:29,2024-04-18 18:32:20
3894565143,2024-04-12 03:21:08,2024-04-11 00:00:00
3898169568,2024-04-15 20:18:38,2024-04-15 20:18:38
3904942173,2024-04-18 14:56:51,2024-04-18 14:56:51
3887879975,2024-04-06 03:32:48,2024-04-05 00:00:00
3902357446,2024-04-19 14:40:11,2024-04-19 14:40:11
3904362582,2024-04-17 21:46:40,2024-04-17 21:32:47
3906230104,2024-04-19 21:34:00,2024-04-19 21:22:08
3894541893,2024-04-12 01:21:56,2024-04-12 01:10:10
3903445954,2024-04-18 15:33:00,2024-04-18 15:33:00
3904372039,2024-04-17 22:15:07,2024-04-17 21:49:13
3905304698,2024-04-18 21:43:19,2024-03-24 21:31:44
3895597604,2024-04-12 04:29:22,2024-04-12 04:17:56
3901372518,2024-04-18 16:41:45,2024-03-24 16:23:39
3901395028,2024-04-18 17:43:35,2024-04-18 17:43:35
3904393140,2024-04-17 22:53:59,2024-04-17 22:42:16
3901696065,2024-04-15 20:51:03,2024-04-15 20:51:03
3903427914,2024-04-18 14:12:31,2024-04-18 14:12:31
3904992462,2024-04-18 16:28:45,2024-04-18 16:28:45
3904559937,2024-04-19 18:05:23,2024-04-19 17:53:58
3905299166,2024-04-18 20:53:52,2024-04-18 20:53:52
3888827019,2024-04-09 13:30:33,2024-04-09 13:19:00
3899524544,2024-04-16 14:41:07,2024-04-16 14:41:07
3900077658,2024-04-15 20:07:49,2024-04-15 00:00:00
3904066449,2024-04-19 10:01:01,2024-04-19 09:40:20
3884934922,2024-04-05 20:53:28,2024-04-05 20:53:28
3885809281,2024-04-06 00:45:58,2024-04-06 00:45:58
3887870393,2024-04-06 02:23:32,2024-04-06 02:11:14
3898163923,2024-04-15 20:14:47,2024-04-15 20:14:47
3905310186,2024-04-18 21:46:26,2024-04-18 21:34:44
3905332081,2024-04-18 22:42:42,2024-04-18 00:00:00
3901647821,2024-04-15 19:58:14,2024-04-15 19:57:46
3885825124,2024-04-06 02:43:00,2024-04-06 02:31:12
3903890912,2024-04-19 04:55:21,2024-04-19 04:33:11
3894299673,2024-04-11 20:16:56,2024-04-11 20:04:51
3898172428,2024-04-15 20:53:03,2024-04-15 20:53:03
3905366398,2024-04-19 02:38:15,2024-04-19 02:16:24
3885107883,2024-04-06 19:22:28,2024-04-06 19:22:28
3900961541,2024-04-17 22:32:48,2024-04-17 22:20:17
3885380768,2024-04-06 00:35:53,2024-04-06 00:23:46
3903806627,2024-04-18 19:50:12,2024-04-18 19:39:01
3901943898,2024-04-18 20:43:17,2024-04-18 20:31:06
3904715499,2024-04-19 22:10:32,2024-04-19 00:00:00
3905612004,2024-04-19 05:37:19,2024-04-19 05:25:56
3904390389,2024-04-17 22:43:08,2024-04-17 22:43:08
3901981324,2024-04-19 00:11:16,2024-04-19 00:11:16
3904365749,2024-04-17 21:49:55,2024-04-17 21:38:23
3902762024,2024-04-17 23:06:20,2024-04-17 22:54:57
3895222313,2024-04-11 19:54:11,2024-04-11 19:54:11
3899526255,2024-04-16 14:40:03,2024-04-16 14:27:26
3902863359,2024-04-19 21:58:56,2024-04-19 21:47:19
3905372906,2024-04-19 03:50:48,2024-04-19 03:38:20
3904416918,2024-04-18 02:27:46,2024-04-18 02:13:59
3904364310,2024-04-17 21:24:59,2024-04-17 21:24:59
3904390602,2024-04-17 23:01:46,2024-04-17 22:49:57
3902924693,2024-04-16 14:45:17,2024-04-16 14:32:15
3884443338,2024-04-05 21:08:23,2024-04-05 20:55:48
3901380070,2024-04-18 17:05:08,2024-04-18 17:05:08
3901479935,2024-04-15 19:02:57,2024-04-15 18:50:55
3904706144,2024-04-19 21:22:16,2024-04-19 21:09:06
3887481188,2024-04-05 20:11:17,2024-04-05 19:54:28
3901697714,2024-04-15 21:11:47,2024-04-15 21:11:47
3898163389,2024-04-15 19:37:25,2024-04-15 19:37:25
3901388340,2024-04-18 17:25:50,2024-04-18 17:25:50
3895535907,2024-04-12 03:13:43,2024-04-12 02:59:38
3902925688,2024-04-16 14:54:41,2024-04-16 14:54:41
3906069749,2024-04-19 18:02:37,2024-04-19 18:02:37
3904581987,2024-04-19 19:47:38,2024-04-19 19:32:02
3901941546,2024-04-18 20:12:07,2024-04-18 00:00:00
3895519329,2024-04-12 02:20:10,2024-04-11 00:00:00
3898159886,2024-04-15 19:29:01,2024-04-15 19:29:01
3900936989,2024-04-17 21:09:14,2024-04-17 20:57:55
3902783695,2024-04-18 01:30:07,2024-04-18 01:30:07
3895541645,2024-04-12 03:28:37,2024-04-12 03:13:06
3889462179,2024-04-09 10:00:05,2024-04-09 10:00:05
3895274514,2024-04-11 21:14:01,2024-04-11 21:00:44
3905339210,2024-04-18 23:12:39,2024-04-18 22:53:57
3894893416,2024-04-11 17:27:23,2024-04-11 17:27:23
3902341554,2024-04-19 12:12:27,2024-04-19 12:12:27
3895591992,2024-04-12 04:33:31,2024-04-12 04:15:34
3905665009,2024-04-19 08:59:02,2024-04-19 08:59:02
3905203666,2024-04-18 17:02:55,2024-04-18 00:00:00
3900965367,2024-04-17 23:02:28,2024-04-17 00:00:00
3900076186,2024-04-15 19:28:33,2024-04-15 19:28:33
3906221605,2024-04-19 21:18:45,2024-04-19 00:00:00
3905302269,2024-04-18 21:28:35,2024-04-18 00:00:00
3902341126,2024-04-19 11:47:34,2024-04-19 11:10:11
3885827737,2024-04-06 03:22:05,2024-04-05 00:00:00
3904946732,2024-04-18 15:26:26,2024-04-18 15:14:41
3906080275,2024-04-19 18:33:12,2024-04-18 00:00:00
3904410030,2024-04-17 23:49:15,2024-04-17 23:49:15
3902355851,2024-04-19 14:33:46,2024-04-19 14:33:46
3885807624,2024-04-06 01:37:38,2024-04-06 01:25:37
3905249529,2024-04-18 19:22:23,2024-04-18 19:09:47
3902308600,2024-04-19 06:46:29,2024-04-19 06:33:15
3904961289,2024-04-18 15:51:05,2024-04-18 15:36:09
3884899285,2024-04-06 06:45:27,2024-04-06 06:45:27
3889276823,2024-04-09 08:16:56,2024-04-09 08:03:36
3889746426,2024-04-09 12:43:41,2024-04-09 12:43:41
3891274771,2024-04-12 04:30:39,2024-04-12 03:32:44
3899533522,2024-04-16 15:01:24,2024-04-16 15:01:24
3904430032,2024-04-18 02:39:57,2024-04-18 02:28:47
3901944009,2024-04-18 20:24:29,2024-04-18 20:11:33
3902789294,2024-04-18 02:11:05,2024-04-18 02:11:05
3904922421,2024-04-18 14:15:27,2024-04-18 00:00:00
3901694457,2024-04-15 21:08:53,2024-04-15 20:51:57
3901167835,2024-04-16 14:44:26,2024-04-16 14:44:26
3905692785,2024-04-19 10:54:07,2024-04-19 10:38:26
3905852343,2024-04-19 14:07:18,2024-04-19 14:07:18
3903468905,2024-04-18 17:10:50,2024-04-18 16:37:30
3889413758,2024-04-09 09:12:25,2024-04-09 00:00:00
3902861752,2024-04-19 22:10:41,2024-04-19 21:59:34
3903878650,2024-04-19 03:21:12,2024-04-18 00:00:00
3904507500,2024-04-19 15:01:26,2024-04-19 14:50:01
3905361605,2024-04-19 02:05:05,2024-04-18 00:00:00
3891075519,2024-04-11 19:20:00,2024-04-11 19:20:00
3905667408,2024-04-19 09:28:00,2024-04-19 09:15:52
3901349218,2024-04-18 14:40:02,2024-04-18 14:27:34
3889428458,2024-04-09 09:36:41,2024-04-09 09:25:51
3904050722,2024-04-19 06:50:52,2024-04-19 06:50:52
3901941862,2024-04-18 20:36:25,2024-04-18 00:00:00
3900962499,2024-04-17 22:22:34,2024-04-17 22:22:34
3901933967,2024-04-18 19:07:37,2024-04-18 19:07:37
3895274555,2024-04-11 21:13:35,2024-04-11 00:00:00
3891016408,2024-04-11 18:11:24,2024-04-11 18:11:24
3904598967,2024-04-19 21:20:00,2024-04-19 21:04:55
3905298515,2024-04-18 21:09:37,2024-04-18 21:09:37
3905215385,2024-04-18 17:20:34,2024-04-18 17:20:34
3906252459,2024-04-19 22:27:23,2024-04-19 22:27:23
3901453826,2024-04-15 18:49:28,2024-04-15 18:37:43
3902840888,2024-04-19 21:16:13,2024-04-19 21:16:13
3904934655,2024-04-18 14:54:59,2024-04-18 00:00:00
3887885870,2024-04-06 03:29:25,2024-04-06 03:17:38
3905335231,2024-04-18 22:46:24,2024-04-18 00:00:00
3894904703,2024-04-11 17:52:28,2024-04-11 17:52:28
3894938042,2024-04-11 18:13:29,2024-04-11 18:13:29
3889482465,2024-04-09 10:25:29,2024-04-09 10:14:33
3901692960,2024-04-15 21:09:37,2024-04-15 00:00:00
3901951292,2024-04-18 21:14:25,2024-04-18 00:00:00
3901986388,2024-04-19 03:05:21,2024-04-19 02:54:06
3889121626,2024-04-09 04:57:58,2024-04-09 04:46:23
3886863612,2024-04-09 10:21:52,2024-04-09 10:07:04
3887718772,2024-04-05 21:15:13,2024-04-05 21:01:12
3888010307,2024-04-06 03:55:57,2024-04-05 00:00:00
3906233049,2024-04-19 21:41:02,2024-04-19 21:34:00
3905692358,2024-04-19 10:20:57,2024-04-19 10:20:57
3895492015,2024-04-12 00:32:26,2024-04-12 00:32:26
3904393526,2024-04-17 23:12:10,2024-04-17 22:59:36
3905336479,2024-04-18 23:19:32,2024-04-18 22:48:16
3903443566,2024-04-18 14:59:01,2024-04-18 14:59:01
3890896155,2024-04-11 17:25:41,2024-04-11 17:25:41
3902783234,2024-04-18 00:40:15,2024-04-17 00:00:00
3902809833,2024-04-19 18:33:25,2024-04-19 18:33:25
3904389130,2024-04-17 22:37:46,2024-04-17 22:25:29
3904094598,2024-04-19 13:38:29,2024-04-19 13:38:29
3903845012,2024-04-18 22:35:06,2024-04-18 00:00:00
3895849315,2024-04-12 06:15:10,2024-04-12 06:15:10
3894287518,2024-04-11 19:29:28,2024-04-11 00:00:00
3898158956,2024-04-15 19:31:18,2024-04-15 19:31:18
3901970304,2024-04-18 23:59:26,2024-04-18 23:03:47
3895599120,2024-04-12 04:16:23,2024-04-12 04:16:23
3900963381,2024-04-17 22:26:48,2024-04-17 22:26:48
3903832799,2024-04-18 21:59:21,2024-04-18 21:48:42
3901936881,2024-04-18 20:15:03,2024-04-18 20:03:00
3903800396,2024-04-18 18:56:26,2024-04-18 18:44:58
3884894976,2024-04-06 07:23:28,2024-04-06 07:23:28
3905838979,2024-04-19 13:36:49,2024-04-19 13:36:49
3905295243,2024-04-18 21:08:46,2024-04-18 20:50:49
3891085136,2024-04-11 20:14:12,2024-04-11 20:14:12
3898174410,2024-04-15 21:11:25,2024-04-15 20:56:48
3905247974,2024-04-18 19:28:55,2024-04-18 19:28:55
3898158802,2024-04-15 19:26:37,2024-04-15 19:26:37
3891070701,2024-04-11 18:57:52,2024-04-11 18:57:52
3894927416,2024-04-11 18:17:07,2024-04-11 00:00:00
3902361371,2024-04-19 14:54:46,2024-04-19 14:54:46
3898178692,2024-04-15 21:09:21,2024-04-15 21:09:21
3884819770,2024-04-06 02:42:49,2024-04-06 02:30:17
3902761072,2024-04-17 23:06:28,2024-04-17 22:55:09
3906097475,2024-04-19 19:51:16,2024-04-19 19:37:37
3889121579,2024-04-09 05:02:25,2024-04-08 00:00:00
3901671462,2024-04-15 20:26:39,2024-04-15 20:13:04
3895519787,2024-04-12 02:17:40,2024-04-12 02:05:23
3903885281,2024-04-19 03:59:48,2024-04-19 03:39:56
3887837931,2024-04-06 00:42:36,2024-04-06 00:42:36
3886206492,2024-04-06 10:12:23,2024-04-06 10:12:23
3905306899,2024-04-18 21:54:00,2024-04-18 00:00:00
3891044616,2024-04-11 18:26:38,2024-04-11 18:22:58
3889706035,2024-04-09 10:59:50,2024-04-09 10:59:50
3906248581,2024-04-19 22:26:23,2024-04-19 00:00:00
3900981054,2024-04-17 23:29:47,2024-04-17 23:29:47
3885106358,2024-04-06 10:50:51,2024-04-06 10:50:51
3894619245,2024-04-12 05:03:13,2024-04-12 04:39:52
3901634590,2024-04-15 19:46:31,2024-04-15 19:34:52
3901639451,2024-04-15 19:59:34,2024-04-15 00:00:00
3901940994,2024-04-18 20:43:17,2024-04-18 20:30:54
3906217716,2024-04-19 21:16:26,2024-04-19 21:16:26
3891079377,2024-04-11 20:09:28,2024-04-11 20:09:28
3906252925,2024-04-19 22:56:44,2024-04-19 22:45:29
3902860781,2024-04-19 21:56:46,2024-04-19 21:56:46
3898156500,2024-04-15 18:41:53,2024-04-15 18:41:53
3902368069,2024-04-19 15:11:14,2024-04-19 15:11:14
3904382939,2024-04-17 22:36:47,2024-04-17 00:00:00
3890897274,2024-04-11 17:35:38,2024-04-11 17:35:38
3898166477,2024-04-15 20:11:55,2024-04-15 20:11:55
3900946976,2024-04-17 21:38:49,2024-04-17 21:26:46
3903827297,2024-04-18 21:32:38,2024-04-18 00:00:00
3885105285,2024-04-06 09:57:40,2024-04-06 09:57:40
3905316843,2024-04-18 22:23:56,2024-04-18 22:03:52
3905241572,2024-04-18 18:40:48,2024-04-18 18:40:48
3904360763,2024-04-17 21:28:25,2024-04-17 00:00:00
3888934626,2024-04-09 03:13:46,2024-04-09 02:59:35
3905659959,2024-04-19 09:09:56,2024-04-19 09:09:56
3884872004,2024-04-06 06:26:10,2024-04-06 06:26:10
3901988301,2024-04-19 03:04:45,2024-04-19 02:53:02
3887997517,2024-04-09 09:31:00,2024-04-09 00:00:00
3905380015,2024-04-19 03:41:03,2024-04-18 00:00:00
3905294798,2024-04-18 21:11:42,2024-04-18 20:59:49
3904927146,2024-04-18 15:12:46,2024-04-18 14:03:31
3906260192,2024-04-19 23:13:23,2024-04-19 00:00:00
3885834204,2024-04-06 03:34:13,2024-04-05 00:00:00
3901983610,2024-04-19 02:01:57,2024-04-19 02:01:57
3884897614,2024-04-06 07:15:19,2024-04-06 07:15:19
3888028105,2024-04-06 11:25:50,2024-04-06 11:25:50
3900089195,2024-04-15 20:30:52,2024-04-15 00:00:00
3901373400,2024-04-18 16:20:49,2024-04-18 16:20:49
3906256338,2024-04-19 23:03:21,2024-04-19 00:00:00
3891272341,2024-04-12 03:06:06,2024-04-12 02:55:09
3889493888,2024-04-09 10:48:16,2024-04-09 00:00:00
3887482415,2024-04-05 20:17:14,2024-04-05 00:00:00
3884917816,2024-04-05 20:21:00,2024-04-05 20:05:07
3886453565,2024-04-09 03:38:33,2024-04-09 03:26:28
3891068866,2024-04-11 18:46:32,2024-04-11 18:32:38
3905326960,2024-04-18 22:21:01,2024-04-18 22:21:01
3901944351,2024-04-18 20:43:52,2024-04-18 20:43:52
3903824931,2024-04-18 21:32:38,2024-04-18 00:00:00
3902839785,2024-04-19 21:18:40,2024-04-19 21:06:34
3885863425,2024-04-06 04:57:23,2024-04-06 04:44:22
3906252452,2024-04-19 22:41:14,2024-04-19 00:00:00
3901371797,2024-04-18 16:26:53,2024-04-18 00:00:00
3904960850,2024-04-18 15:59:05,2024-04-18 15:47:39
3904422597,2024-04-18 02:42:52,2024-04-18 02:24:03
3890892699,2024-04-11 17:33:22,2024-04-11 17:33:22
3900956993,2024-04-17 22:26:45,2024-04-17 22:00:35
3894551303,2024-04-12 02:09:39,2024-04-12 01:57:31
3905312247,2024-04-18 21:54:39,2024-04-18 21:42:57
3904992682,2024-04-18 16:52:28,2024-04-18 00:00:00
3901363318,2024-04-18 15:41:22,2024-04-18 15:26:57
3886829547,2024-04-09 08:21:36,2024-04-09 08:07:04
3905876218,2024-04-19 15:15:09,2024-04-19 00:00:00
3905233000,2024-04-18 17:50:38,2024-04-17 00:00:00
3898173096,2024-04-15 20:29:01,2024-04-15 20:29:01
3895532855,2024-04-12 02:59:18,2024-04-12 02:47:20
3891087926,2024-04-11 21:13:08,2024-04-11 00:00:00
3904060144,2024-04-19 08:02:54,2024-04-19 08:02:54
3902752756,2024-04-17 22:38:56,2024-03-23 22:28:06
3904097988,2024-04-19 14:13:02,2024-04-19 14:13:02
3906259587,2024-04-19 23:28:52,2024-04-19 00:00:00
3904376533,2024-04-17 22:26:19,2024-04-17 22:02:42
3902348999,2024-04-19 14:10:58,2024-04-19 14:10:58
3884931215,2024-04-05 20:39:21,2024-04-05 20:27:54
3902925278,2024-04-16 14:42:13,2024-04-16 14:30:01
3884430719,2024-04-05 20:01:48,2024-04-05 20:01:48
3889731563,2024-04-09 12:23:51,2024-04-09 12:23:51
3903819358,2024-04-18 20:52:57,2024-04-18 20:52:57
3904925749,2024-04-18 14:16:58,2024-04-18 14:16:58
3884832996,2024-04-06 03:44:09,2024-04-06 03:32:14
3898164930,2024-04-15 20:18:13,2024-04-15 20:18:13
3902750332,2024-04-17 22:20:48,2024-04-17 22:02:13
3902863832,2024-04-19 22:33:52,2024-04-19 22:22:16
3904948234,2024-04-18 15:26:21,2024-04-18 00:00:00
3902355248,2024-04-19 13:58:32,2024-04-19 13:58:32
3889167531,2024-04-09 05:58:29,2024-04-09 05:58:29
3884820693,2024-04-06 02:42:49,2024-04-06 02:30:28
3901958415,2024-04-18 21:43:21,2024-04-18 00:00:00
3905864341,2024-04-19 14:33:26,2024-04-19 14:33:26
3902358794,2024-04-19 15:08:46,2024-04-19 14:56:51
3905329488,2024-04-18 22:36:06,2024-04-14 00:00:00
3887495748,2024-04-05 20:29:52,2024-04-05 00:00:00
3895209973,2024-04-11 19:37:43,2024-04-11 19:37:43
3901995710,2024-04-19 04:33:06,2024-04-19 00:00:00
3903476020,2024-04-18 17:13:58,2024-04-18 16:39:38
3888434378,2024-04-09 10:30:45,2024-04-08 00:00:00
3901695285,2024-04-15 21:02:45,2024-04-15 20:50:59
3891263986,2024-04-12 02:42:47,2024-04-12 02:30:37
3904991519,2024-04-18 16:39:42,2024-04-18 16:28:24
3898169763,2024-04-15 20:31:33,2024-04-15 20:31:33
3904040340,2024-04-19 05:54:46,2024-04-19 05:54:46
3904006296,2024-04-19 05:08:06,2024-04-19 04:56:53
3904077902,2024-04-19 11:24:06,2024-04-19 11:24:06
3903862996,2024-04-19 00:54:27,2024-04-19 00:42:47
3901673163,2024-04-15 20:23:36,2024-04-15 20:11:07
3885105454,2024-04-06 11:27:07,2024-04-06 11:27:07
3895562128,2024-04-12 03:48:53,2024-04-12 03:35:25
3898170750,2024-04-15 20:36:43,2024-04-15 20:36:43
3902753785,2024-04-17 22:46:23,2024-04-17 22:37:26
3905332271,2024-04-18 22:38:18,2024-04-18 00:00:00
3905340236,2024-04-18 23:16:31,2024-04-18 23:03:13
3884923225,2024-04-05 20:12:02,2024-04-05 20:12:02
3903899143,2024-04-19 04:48:35,2024-04-19 04:37:06
3906227267,2024-04-19 21:26:24,2024-04-19 00:00:00
3894293672,2024-04-11 19:49:44,2024-04-11 00:00:00
3888961831,2024-04-09 03:55:20,2024-04-08 00:00:00
3894563086,2024-04-12 03:18:01,2024-04-11 00:00:00
3905654821,2024-04-19 08:41:57,2024-04-19 08:41:57
3901379312,2024-04-18 16:48:27,2024-04-18 16:37:27
3905849766,2024-04-19 14:22:32,2024-04-19 14:22:32
3891005253,2024-04-11 17:47:23,2024-04-11 17:47:23
3903875295,2024-04-19 02:30:20,2024-04-18 00:00:00
3905298373,2024-04-18 21:12:51,2024-04-18 21:01:18
3884436831,2024-04-05 20:30:18,2024-04-05 20:30:18
3904705767,2024-04-19 21:24:52,2024-04-19 00:00:00
3891804005,2024-04-12 04:43:03,2024-03-18 04:28:46
3904395032,2024-04-17 22:58:10,2024-04-17 22:41:58
3904391467,2024-04-17 22:58:12,2024-03-23 22:45:44
3904958459,2024-04-18 15:51:32,2024-04-18 15:33:43
3901986131,2024-04-19 02:36:24,2024-04-18 00:00:00
3905875561,2024-04-19 15:24:19,2024-04-19 15:24:19
3902953318,2024-04-16 15:22:43,2024-04-16 15:22:43
3899527488,2024-04-16 14:44:39,2024-04-16 14:44:39
3887898522,2024-04-06 03:42:42,2024-04-06 03:30:03
3887988461,2024-04-09 09:02:11,2024-04-08 00:00:00
3901934437,2024-04-18 18:37:48,2024-04-18 18:37:48
3905816739,2024-04-19 12:00:24,2024-04-19 12:00:24
3904369049,2024-04-17 21:40:45,2024-04-17 00:00:00
3902356888,2024-04-19 14:54:37,2024-04-19 14:54:37
3900077885,2024-04-15 20:20:35,2024-04-15 00:00:00
3902364261,2024-04-19 15:02:27,2024-04-19 15:02:27
3905856967,2024-04-19 14:39:40,2024-04-19 14:26:58
3902356312,2024-04-19 14:34:01,2024-04-19 14:34:01
3905364775,2024-04-19 02:39:21,2024-04-19 02:27:53
3902949085,2024-04-16 15:26:16,2024-04-16 15:11:28
3901168465,2024-04-16 14:40:06,2024-04-16 14:28:07
3891001277,2024-04-11 17:50:45,2024-04-11 00:00:00
3903449857,2024-04-18 15:45:52,2024-04-18 15:45:52
3904011344,2024-04-19 05:15:24,2024-04-19 05:03:24
3904367278,2024-04-17 21:37:53,2024-04-17 21:35:01
3901392557,2024-04-18 18:11:40,2024-04-18 18:11:40
3905340539,2024-04-18 23:37:29,2024-04-18 23:26:01
3903443459,2024-04-18 15:02:58,2024-04-18 14:50:37
3905367761,2024-04-19 02:55:51,2024-04-19 02:42:32
3884432572,2024-04-05 19:53:26,2024-04-05 19:53:26
3903843472,2024-04-18 22:47:33,2024-04-18 22:36:35
3904955205,2024-04-18 15:18:50,2024-04-18 15:18:50
3903891836,2024-04-19 04:55:21,2024-04-19 04:32:03
3885823327,2024-04-06 02:52:40,2024-04-06 02:40:51
3902756632,2024-04-17 22:58:23,2024-04-17 22:46:41
3884818696,2024-04-06 02:29:17,2024-03-13 20:16:31
3902930481,2024-04-16 14:51:42,2024-04-16 14:40:14
3884440796,2024-04-05 20:56:48,2024-04-05 20:56:48
3895555948,2024-04-12 03:48:53,2024-04-12 03:33:40
3895491485,2024-04-12 00:57:26,2024-04-12 00:45:11
3894210749,2024-04-11 17:19:57,2024-04-11 17:19:57
3902923360,2024-04-16 14:44:50,2024-04-16 14:26:26
3898137449,2024-04-16 00:28:47,2024-04-15 18:19:27
3905299492,2024-04-18 21:09:31,2024-04-18 21:09:31
3902919528,2024-04-16 14:23:04,2024-04-16 14:23:04
3899531615,2024-04-16 15:03:23,2024-04-16 15:03:23
3904951773,2024-04-18 15:37:18,2024-04-18 15:24:06
3900942656,2024-04-17 21:15:42,2024-04-17 21:04:40
3894560665,2024-04-12 03:07:44,2024-04-12 02:56:10
3887898828,2024-04-06 03:49:34,2024-04-06 03:32:55
3903840509,2024-04-18 22:32:10,2024-04-18 22:15:50
3886485548,2024-04-09 05:51:48,2024-04-09 05:51:48
3885104213,2024-04-06 08:40:30,2024-04-06 08:40:30
3905349518,2024-04-19 00:53:22,2024-04-18 00:00:00
3904367162,2024-04-17 21:37:46,2024-04-17 21:32:01
3903454796,2024-04-18 16:01:47,2024-04-18 16:01:47
3889111922,2024-04-09 04:56:04,2024-03-18 00:00:00
3901980049,2024-04-18 23:19:59,2024-04-18 23:19:59
3895806915,2024-04-12 05:06:33,2024-04-12 04:49:03
3905332324,2024-04-18 22:41:44,2024-04-18 22:30:01
3903443709,2024-04-18 15:17:36,2024-04-18 00:00:00
3899524405,2024-04-16 14:35:06,2024-04-16 14:35:06
3895488768,2024-04-12 01:01:59,2024-04-11 00:00:00
3891264683,2024-04-12 02:47:18,2024-04-12 02:34:30
3903826879,2024-04-18 21:48:22,2024-04-18 21:33:51
3905654755,2024-04-19 08:35:45,2024-04-19 08:35:45
3888030004,2024-04-06 11:16:48,2024-04-06 11:16:48
3894557621,2024-04-12 02:52:23,2024-04-12 02:40:41
3891266994,2024-04-12 03:16:02,2024-04-11 00:00:00
3887477794,2024-04-05 20:17:14,2024-04-05 00:00:00
3905249444,2024-04-18 18:57:50,2024-04-18 18:57:50
3901346364,2024-04-18 13:58:21,2024-04-18 13:58:21
3889749133,2024-04-09 12:43:41,2024-04-09 12:43:41
3902834476,2024-04-19 19:29:47,2024-04-19 19:29:47
3900094471,2024-04-15 21:17:35,2024-04-15 00:00:00
3906225866,2024-04-19 21:39:27,2024-04-19 21:27:50
3887841363,2024-04-06 01:17:52,2024-04-06 01:06:26
3898157577,2024-04-15 19:09:33,2024-04-15 19:09:33
3904089070,2024-04-19 12:15:02,2024-03-25 11:59:41
3905374690,2024-04-19 04:01:33,2024-04-19 03:50:24
3904589552,2024-04-19 19:54:36,2024-04-19 19:54:36
3902788330,2024-04-18 02:15:26,2024-04-18 02:04:19
3902364363,2024-04-19 15:07:49,2024-04-19 15:07:49
3884813096,2024-04-06 02:09:00,2024-04-06 01:56:25
3901938674,2024-04-18 20:01:30,2024-04-18 20:01:30
3905667655,2024-04-19 09:40:13,2024-04-19 09:28:27
3904099379,2024-04-19 13:56:11,2024-04-19 13:56:11
3901990328,2024-04-19 03:10:57,2024-04-19 02:56:48
3885109767,2024-04-06 22:46:23,2024-04-06 22:46:23
3885102348,2024-04-06 08:07:26,2024-04-06 08:07:26
3890890530,2024-04-11 17:15:44,2024-04-11 17:04:27
3901363610,2024-04-18 15:49:50,2024-04-18 15:38:26
3904511357,2024-04-19 15:26:14,2024-04-19 15:26:14
3901938740,2024-04-18 20:20:19,2024-04-18 20:09:06
3884442659,2024-04-05 21:05:21,2024-04-05 21:05:21
3904417873,2024-04-18 02:22:35,2024-04-16 00:00:00
3905344236,2024-04-18 23:37:26,2024-04-18 00:00:00
3902831452,2024-04-19 18:58:34,2024-04-19 18:58:34
3904366077,2024-04-17 21:37:55,2024-04-17 21:26:18
3902326843,2024-04-19 10:01:37,2024-04-19 09:43:39
3903852053,2024-04-19 00:14:22,2024-04-04 00:00:00
3903452857,2024-04-18 15:53:32,2024-04-18 15:53:32
3887497191,2024-04-05 20:22:56,2024-04-05 00:00:00
3906258143,2024-04-19 22:58:02,2024-04-19 22:42:08
3885812324,2024-04-06 02:15:38,2024-04-05 00:00:00
3902924721,2024-04-16 14:45:17,2024-04-16 14:32:25
3902735329,2024-04-17 21:14:02,2024-04-17 21:00:56
3904985880,2024-04-18 16:37:49,2024-04-18 00:00:00
3904392691,2024-04-17 23:14:31,2024-04-17 22:53:35
3901962466,2024-04-18 22:25:53,2024-04-18 22:14:06
3902349301,2024-04-19 13:25:31,2024-04-19 13:25:31
3904579484,2024-04-19 19:25:58,2024-04-19 19:14:07
3901391519,2024-04-18 17:58:39,2024-04-18 17:58:39
3906250481,2024-04-19 22:30:19,2024-04-19 22:14:22
3901468987,2024-04-15 18:46:32,2024-04-15 18:46:32
3900088285,2024-04-15 20:35:54,2024-04-15 20:18:14
3903443557,2024-04-18 14:54:03,2024-04-18 14:54:03
3905294880,2024-04-18 21:14:53,2024-04-18 00:00:00
3905214068,2024-04-18 17:09:02,2024-04-18 17:09:02
3888024778,2024-04-06 11:09:35,2024-04-06 11:09:35
3904417890,2024-04-18 02:22:53,2024-04-18 02:11:31
3905880938,2024-04-19 15:27:17,2024-04-19 15:27:17
3901938868,2024-04-18 20:17:54,2024-04-18 20:17:54
3904727388,2024-04-19 23:17:46,2024-04-19 22:51:53
3905251881,2024-04-18 19:38:29,2024-04-18 19:35:28
3891285339,2024-04-12 04:30:39,2024-04-12 03:42:50
3899534795,2024-04-16 15:23:16,2024-04-15 00:00:00
3904719782,2024-04-19 22:29:37,2024-04-19 00:00:00
3901669702,2024-04-15 20:27:40,2024-04-15 20:16:07
3887480257,2024-04-05 20:11:17,2024-04-05 19:54:29
3899538966,2024-04-16 15:25:19,2024-04-16 15:25:19
3890890247,2024-04-11 17:06:14,2024-03-29 00:00:00
3901975893,2024-04-18 23:26:49,2024-04-18 23:26:49
3905868292,2024-04-19 14:53:42,2024-04-19 14:42:08
3905378245,2024-04-19 03:47:26,2024-04-19 03:36:02
3884438370,2024-04-05 20:38:05,2024-04-05 20:25:58
3898166517,2024-04-15 20:13:34,2024-04-15 20:13:34
3900073699,2024-04-15 19:48:01,2024-04-15 19:32:04
3905853149,2024-04-19 14:01:37,2024-04-19 14:01:37
3902352296,2024-04-19 13:39:35,2024-04-19 13:39:35
3902754765,2024-04-17 22:49:26,2024-04-17 00:00:00
3899526266,2024-04-16 14:28:02,2024-04-16 14:28:02
3904386989,2024-04-17 22:51:52,2024-04-17 22:40:00
3895561449,2024-04-12 03:55:03,2024-04-12 03:42:49
3901943367,2024-04-18 19:40:05,2024-04-18 19:40:05
3903806405,2024-04-18 19:37:33,2024-04-18 19:25:38
3901988880,2024-04-19 03:30:11,2024-03-25 03:18:09
3898169113,2024-04-15 20:10:14,2024-04-15 20:10:14
3901695754,2024-04-15 21:11:34,2024-04-15 20:58:32
3899530389,2024-04-16 14:52:52,2024-04-16 14:52:52
3904051778,2024-04-19 07:26:58,2024-04-19 07:14:20
3901937219,2024-04-18 18:42:26,2024-04-18 18:42:26
3905337173,2024-04-18 22:53:19,2024-04-18 00:00:00
3888938169,2024-04-09 03:19:31,2024-04-08 00:00:00
3885101674,2024-04-06 08:19:03,2024-04-06 08:04:56
3898161179,2024-04-15 18:48:18,2024-04-15 18:48:18
3902917254,2024-04-16 14:29:59,2024-04-16 00:00:00
3899529896,2024-04-16 15:04:41,2024-04-16 15:04:41
3619548798,2024-04-12 01:25:31,2024-04-12 01:25:31
3895560402,2024-04-12 03:49:11,2024-04-12 03:36:44
3900072380,2024-04-15 19:27:58,2024-04-15 19:13:36
3903846056,2024-04-18 22:41:51,2024-03-24 22:29:26
3901389725,2024-04-18 17:55:39,2024-04-18 17:55:39
3905299160,2024-04-18 21:06:12,2024-04-18 20:53:18
3905290145,2024-04-18 20:30:46,2024-04-18 00:00:00
3905333079,2024-04-18 22:21:04,2024-04-18 22:21:04
3904418297,2024-04-18 02:05:22,2024-04-17 00:00:00
3891293159,2024-04-12 04:25:48,2024-04-12 04:08:06
3902730898,2024-04-17 21:27:32,2024-04-17 00:00:00
3904408939,2024-04-18 01:32:43,2024-04-18 01:20:21
3905292386,2024-04-18 20:50:40,2024-04-18 20:39:09
3889741249,2024-04-09 12:33:14,2024-04-09 12:33:14
3884431687,2024-04-05 19:53:00,2024-04-05 19:53:00
3904954540,2024-04-18 15:37:12,2024-04-18 15:21:20
3895843123,2024-04-12 05:54:05,2024-04-12 05:54:05
3905284919,2024-04-18 20:31:21,2024-04-18 20:30:53
3900977246,2024-04-17 23:28:18,2024-04-16 00:00:00
3884436199,2024-04-05 19:59:30,2024-04-05 19:59:30
3904931824,2024-04-18 14:35:47,2024-04-18 14:35:47
3894547043,2024-04-12 01:26:06,2024-04-12 01:14:18
3904993392,2024-04-18 16:33:41,2024-04-18 16:33:41
3904952670,2024-04-18 15:37:25,2024-04-18 15:20:57
3906095537,2024-04-19 19:07:52,2024-04-19 19:07:52
3903840407,2024-04-18 22:24:49,2024-04-18 22:13:12
3887871513,2024-04-06 02:43:44,2024-04-06 02:28:14
3901936936,2024-04-18 20:11:45,2024-04-18 20:11:45
3887718760,2024-04-05 21:12:41,2024-04-05 00:00:00
3894613718,2024-04-12 04:47:02,2024-04-12 04:35:52
3884829904,2024-04-06 03:20:25,2024-04-06 03:20:25
3905882189,2024-04-19 15:26:35,2024-04-19 15:15:12
3889711234,2024-04-09 11:33:07,2024-04-09 11:33:07
3905294858,2024-04-18 21:03:51,2024-04-18 21:03:51
3905312219,2024-04-18 21:52:49,2024-04-18 21:40:16
3901676175,2024-04-15 20:30:36,2024-04-15 20:30:36
3906075205,2024-04-19 18:14:39,2024-04-19 18:02:14
3905694474,2024-04-19 10:46:27,2024-04-19 00:00:00
3894585316,2024-04-12 04:10:40,2024-04-12 03:58:02
3904986765,2024-04-18 17:49:02,2024-03-29 00:00:00
3886883337,2024-04-09 12:12:18,2024-04-09 12:12:18
3903488376,2024-04-18 18:09:56,2024-04-18 18:09:56
3900079443,2024-04-15 20:09:35,2024-04-15 19:56:58
3906247541,2024-04-19 22:27:21,2024-04-19 22:11:17
3901689184,2024-04-15 20:48:21,2024-04-15 20:37:59
3905618741,2024-04-19 06:41:37,2024-04-19 06:41:37
3903811732,2024-04-18 20:31:34,2024-04-18 20:20:10
3901947450,2024-04-18 21:12:52,2024-04-18 00:00:00
3904567187,2024-04-19 18:16:02,2024-04-19 18:03:56
3904048672,2024-04-19 06:35:15,2024-04-19 06:23:47
3894944869,2024-04-11 18:24:50,2024-04-11 18:24:50
3902950518,2024-04-16 15:28:32,2024-04-15 00:00:00
3894545719,2024-04-12 01:47:13,2024-04-12 01:33:14
3903875841,2024-04-19 03:27:14,2024-04-18 00:00:00
3888824632,2024-04-09 13:30:28,2024-04-09 13:30:28
3904423135,2024-04-18 02:19:27,2024-04-18 02:08:12
3891087996,2024-04-11 21:14:55,2024-04-11 21:03:50
3887856944,2024-04-06 02:19:31,2024-04-05 00:00:00
3885858698,2024-04-06 04:55:17,2024-04-06 04:33:00
3888937935,2024-04-09 03:25:40,2024-04-09 03:14:00
3895598352,2024-04-12 04:37:30,2024-04-11 00:00:00
3904504104,2024-04-19 14:39:43,2024-04-19 14:23:02
3904069293,2024-04-19 10:13:26,2024-04-19 09:45:53
3905295539,2024-04-18 21:11:42,2024-04-18 20:59:56
3891079219,2024-04-11 19:42:31,2024-04-11 19:42:31
3900982789,2024-04-18 02:38:27,2024-04-18 02:26:33
3889237056,2024-04-09 07:15:20,2024-04-09 07:15:20
3905337184,2024-04-18 22:53:04,2024-04-18 22:42:15
3901378542,2024-04-18 16:56:00,2024-04-18 16:43:41
3903457652,2024-04-18 16:24:14,2024-04-18 00:00:00
3901990248,2024-04-19 03:08:25,2024-04-19 02:52:55
3903875950,2024-04-19 03:22:13,2024-04-18 00:00:00
3887889123,2024-04-06 03:27:28,2024-03-12 03:16:18
3902743014,2024-04-17 21:20:39,2024-04-17 21:20:39
3906092880,2024-04-19 19:34:41,2024-04-19 00:00:00
3902741930,2024-04-17 21:51:15,2024-04-17 21:36:28
3635916819,2024-04-18 21:57:31,2024-04-18 21:57:05
3902939031,2024-04-16 15:05:20,2024-04-16 14:50:52
3900963067,2024-04-17 22:17:03,2024-04-17 00:00:00
3901669713,2024-04-15 20:28:29,2024-04-15 00:00:00
3895562168,2024-04-12 03:51:27,2024-04-12 03:36:38
3906229349,2024-04-19 21:40:37,2024-03-25 21:28:01
3888025706,2024-04-06 11:28:23,2024-04-06 11:28:23
3905298465,2024-04-18 21:20:18,2024-04-18 21:08:01
3887877848,2024-04-06 03:07:44,2024-04-06 02:51:49
3901640302,2024-04-16 01:58:58,2024-04-15 19:47:17
3905240549,2024-04-18 18:37:10,2024-04-18 18:37:10
3891069788,2024-04-11 18:37:30,2024-04-11 18:37:30
3905314483,2024-04-18 22:35:30,2024-04-18 22:02:32
3898159498,2024-04-15 19:02:54,2024-04-15 19:02:54
3904990661,2024-04-18 17:00:19,2024-04-18 00:00:00
3887869535,2024-04-06 02:23:16,2024-04-05 00:00:00
3889286262,2024-04-09 08:34:48,2024-04-08 00:00:00
3901358535,2024-04-18 15:34:38,2024-04-18 15:22:04
3906259862,2024-04-20 00:03:25,2024-04-19 23:43:59
3888939629,2024-04-09 03:25:22,2024-04-09 03:13:08
3904422371,2024-04-18 02:21:30,2024-04-17 00:00:00
3901955527,2024-04-18 21:32:02,2024-04-18 21:32:02
3895807005,2024-04-12 04:46:40,2024-03-18 04:34:50
3904986496,2024-04-18 16:33:06,2024-04-18 16:16:28
3902752154,2024-04-17 22:17:09,2024-04-17 22:06:04
3901943437,2024-04-18 19:49:12,2024-04-18 19:49:12
3888953750,2024-04-09 03:43:26,2024-04-08 00:00:00
3900086029,2024-04-15 20:23:18,2024-04-15 20:09:56
3904994315,2024-04-18 17:00:19,2024-04-18 00:00:00
3904932435,2024-04-18 14:35:39,2024-04-18 14:35:39
3888489415,2024-04-09 12:29:21,2024-04-09 12:11:27
3900959311,2024-04-17 21:58:26,2024-04-17 00:00:00
3901636180,2024-04-15 19:50:38,2024-04-15 19:37:33
3900958994,2024-04-17 22:15:28,2024-04-17 22:05:08
3889151211,2024-04-09 05:37:20,2024-04-09 05:25:58
3904059851,2024-04-19 09:22:19,2024-04-18 00:00:00
3905671653,2024-04-19 10:16:18,2024-04-19 09:53:55
3903826119,2024-04-18 21:22:06,2024-04-18 21:08:07
3902757292,2024-04-17 22:50:48,2024-04-17 00:00:00
3901945184,2024-04-18 20:40:59,2024-04-18 20:29:02
3905332130,2024-04-18 22:32:40,2024-04-18 22:21:19
3901942735,2024-04-18 20:38:21,2024-04-18 20:38:21
3905691510,2024-04-19 10:36:48,2024-04-19 10:25:27
3891264662,2024-04-12 02:33:21,2024-04-12 02:33:21
3895536297,2024-04-12 02:53:16,2024-04-12 02:41:26
3905871914,2024-04-19 15:20:43,2024-04-19 15:08:50
3902865776,2024-04-19 22:26:18,2024-04-19 22:13:17
3905845129,2024-04-19 13:36:52,2024-04-19 13:36:52
3905254606,2024-04-18 19:38:40,2024-04-18 19:38:40
3901473928,2024-04-15 18:48:59,2024-04-15 18:48:59
3895513045,2024-04-12 01:36:13,2024-04-12 01:36:13
3887858270,2024-04-06 01:56:28,2024-04-06 01:44:22
3898160843,2024-04-15 19:37:50,2024-04-15 19:37:50
3901347375,2024-04-18 14:25:04,2024-04-18 00:00:00
3884810188,2024-04-06 01:41:21,2024-04-06 01:41:21
3900088340,2024-04-15 20:32:22,2024-04-15 20:20:26
3885809693,2024-04-06 01:53:41,2024-04-06 01:41:39
3900957881,2024-04-17 21:58:00,2024-04-17 21:58:00
3894618124,2024-04-12 04:55:23,2024-04-12 04:32:52
3895592698,2024-04-12 04:28:15,2024-04-12 04:09:37
3905340865,2024-04-19 00:03:38,2024-04-18 23:43:38
3905328913,2024-04-18 22:46:35,2024-04-18 00:00:00
3905305852,2024-04-18 21:49:15,2024-04-18 21:36:11
3900966156,2024-04-17 22:33:39,2024-04-17 22:19:56
3902338583,2024-04-19 10:59:45,2024-04-19 10:46:46
3901358876,2024-04-18 16:04:09,2024-04-18 15:34:38
3905255185,2024-04-18 19:15:30,2024-04-18 19:15:30
3902832246,2024-04-19 18:44:09,2024-04-19 18:44:09
3901621231,2024-04-15 19:21:15,2024-04-15 19:08:49
3905666540,2024-04-19 09:29:23,2024-04-19 00:00:00
3901355159,2024-04-18 14:46:43,2024-04-18 14:46:43
3902788625,2024-04-18 03:02:28,2024-04-18 02:39:16
3905325786,2024-04-18 22:32:56,2024-04-18 22:11:31
3894627666,2024-04-12 05:14:00,2024-04-12 04:57:57
3899521911,2024-04-16 14:40:03,2024-04-16 14:27:27
3904707220,2024-04-19 21:25:11,2024-04-19 00:00:00
3901945465,2024-04-18 21:05:57,2024-04-18 20:54:28
3888028056,2024-04-06 11:11:06,2024-04-06 11:11:06
3884898623,2024-04-06 07:15:41,2024-04-06 07:15:41
3906224299,2024-04-19 21:25:22,2024-04-19 21:08:31
3898167841,2024-04-15 20:35:29,2024-04-15 00:00:00
3905334759,2024-04-18 23:11:10,2024-04-18 22:48:33
3904990119,2024-04-18 16:36:31,2024-04-18 16:18:43
3906220977,2024-04-19 21:15:38,2024-04-19 21:15:38
3885107042,2024-04-06 09:35:47,2024-04-06 09:35:47
3884835382,2024-04-06 03:38:34,2024-04-06 03:24:02
3889716065,2024-04-09 11:58:09,2024-04-09 11:58:09
3905394171,2024-04-19 04:31:00,2024-04-19 04:10:32
3904973160,2024-04-18 16:19:03,2024-04-18 16:01:21
3885101313,2024-04-06 07:22:44,2024-04-06 07:22:44
3903432114,2024-04-18 14:20:50,2024-04-18 00:00:00
3905658371,2024-04-19 08:35:52,2024-04-19 08:35:52
3884433770,2024-04-05 20:13:20,2024-04-05 20:13:20
3887573896,2024-04-09 03:37:18,2024-04-09 03:25:23
3904361896,2024-04-17 21:47:46,2024-04-17 21:36:24
3906091591,2024-04-19 18:42:55,2024-04-19 18:42:55
3889126519,2024-04-09 05:06:43,2024-04-09 04:55:58
3889748247,2024-04-09 12:43:45,2024-04-09 12:43:45
3905255091,2024-04-18 19:22:11,2024-04-18 19:10:18
3904368587,2024-04-17 21:56:46,2024-04-17 21:45:45
3885101294,2024-04-06 07:17:18,2024-04-06 07:17:18
3895218986,2024-04-11 20:09:34,2024-04-11 00:00:00
3903470250,2024-04-18 16:37:15,2024-04-18 16:25:00
3904386593,2024-04-17 22:40:53,2024-04-17 22:22:23
3901948441,2024-04-18 21:11:33,2024-04-18 21:03:45
3905819008,2024-04-19 11:20:17,2024-04-19 11:20:17
3894207509,2024-04-11 17:06:53,2024-04-11 17:06:53
3904716184,2024-04-19 22:11:10,2024-04-19 00:00:00
3898159407,2024-04-15 18:51:44,2024-04-15 18:51:44
3903835059,2024-04-18 21:44:37,2024-04-18 21:44:37
3902924383,2024-04-16 14:44:50,2024-04-16 14:28:09
3895527825,2024-04-12 02:31:31,2024-04-12 02:31:02
3906229814,2024-04-19 21:55:39,2024-04-19 21:42:51
3906098071,2024-04-19 19:14:09,2024-04-19 19:14:09
3901955903,2024-04-18 21:45:29,2024-04-18 21:45:29
3887715311,2024-04-05 20:56:33,2024-03-28 00:00:00
3903850236,2024-04-19 00:03:10,2024-04-19 00:03:10
3901949396,2024-04-18 21:04:34,2024-04-18 21:04:34
3905311733,2024-04-18 21:59:41,2024-04-18 21:59:41
3904377351,2024-04-17 22:25:56,2024-04-17 00:00:00
3886449692,2024-04-09 03:25:16,2024-04-09 03:13:16
3888010124,2024-04-06 03:50:37,2024-04-06 03:39:00
3905397635,2024-04-19 05:07:21,2024-04-19 04:59:50
3884440113,2024-04-05 20:17:25,2024-04-05 20:17:25
3903874760,2024-04-19 03:01:34,2024-04-18 00:00:00
3903808961,2024-04-18 20:23:48,2024-04-18 20:11:03
3901477904,2024-04-15 19:01:38,2024-04-15 00:00:00
3887859037,2024-04-06 01:51:19,2024-04-06 01:37:19
3903874852,2024-04-19 03:27:14,2024-04-18 00:00:00
3886881951,2024-04-09 12:32:06,2024-04-09 12:32:06
3901980555,2024-04-19 01:01:08,2024-04-19 01:01:08
3902738339,2024-04-17 21:23:49,2024-04-17 21:09:23
3904947580,2024-04-18 15:32:27,2024-04-18 00:00:00
3895801438,2024-04-12 04:27:15,2024-04-12 04:27:15
3905308519,2024-04-18 21:50:31,2024-04-18 21:33:07
3905366939,2024-04-19 03:05:21,2024-04-19 02:54:15
3904576221,2024-04-19 18:42:16,2024-04-19 18:42:16
3900977385,2024-04-18 00:05:06,2024-04-18 00:05:06
3905331666,2024-04-18 22:55:25,2024-04-18 00:00:00
3901179367,2024-04-16 15:21:07,2024-04-16 15:08:44
3894859149,2024-04-11 17:07:13,2024-04-11 17:07:13
3904973158,2024-04-18 16:01:53,2024-04-18 16:01:53
3888940630,2024-04-09 03:25:22,2024-04-09 03:14:46
3904507049,2024-04-19 15:37:33,2024-04-19 14:37:31
3901341943,2024-04-18 14:11:41,2024-04-18 14:11:41
3905369175,2024-04-19 02:31:00,2024-04-18 00:00:00
3901347848,2024-04-18 14:40:02,2024-04-18 14:27:25
3827945924,2024-04-05 19:52:08,2024-04-05 19:52:08
3894225180,2024-04-11 17:49:11,2024-04-11 17:49:11
3904964385,2024-04-18 15:47:56,2024-04-18 15:47:56
3905337422,2024-04-18 23:00:55,2024-04-18 22:49:57
3906089460,2024-04-19 18:40:14,2024-04-19 18:40:14
3905334189,2024-04-18 22:42:11,2024-04-18 22:27:29
3905209214,2024-04-18 17:06:57,2024-04-18 16:55:28
3902864517,2024-04-19 22:04:58,2024-04-19 21:51:14
3889725530,2024-04-09 12:20:37,2024-04-09 12:20:37
3901983433,2024-04-19 01:29:38,2024-04-19 01:18:19
3901956985,2024-04-18 22:02:02,2024-04-18 21:49:46
3890889832,2024-04-11 17:22:15,2024-04-11 00:00:00
3894203605,2024-04-11 17:07:02,2024-04-11 16:51:32
3902342403,2024-04-19 12:22:15,2024-04-19 12:22:15
3885841011,2024-04-06 03:52:03,2024-04-05 00:00:00
3902328004,2024-04-19 09:19:24,2024-04-19 09:06:02
3901455740,2024-04-15 18:52:35,2024-04-15 18:40:47
3905340136,2024-04-18 23:07:13,2024-04-18 22:55:09
3905812864,2024-04-19 11:20:13,2024-04-19 11:20:13
3885391022,2024-04-06 00:36:45,2024-04-06 00:25:01
3904391576,2024-04-17 23:10:48,2024-04-17 00:00:00
3891270569,2024-04-12 03:05:29,2024-04-12 02:54:56
3901987067,2024-04-19 02:36:24,2024-04-18 00:00:00
3904387673,2024-04-17 22:39:50,2024-04-17 22:26:18
3905373817,2024-04-19 04:02:58,2024-04-19 03:46:43
3884427871,2024-04-05 19:39:37,2024-04-05 19:28:16
3895538868,2024-04-12 03:07:34,2024-04-12 03:07:34
3905696613,2024-04-19 10:56:59,2024-04-19 10:56:59
3905256239,2024-04-18 19:45:33,2024-04-18 19:34:16
3906253772,2024-04-19 23:10:33,2024-04-19 22:48:51
3898172186,2024-04-15 20:32:18,2024-04-15 20:32:18
3886440919,2024-04-09 03:11:13,2024-04-08 00:00:00
3888026471,2024-04-06 11:05:56,2024-04-06 11:05:56
3905305089,2024-04-18 21:32:01,2024-04-18 21:20:24
3904996025,2024-04-18 16:48:06,2024-04-18 16:33:04
3904701770,2024-04-19 21:22:16,2024-04-19 21:08:08
3905287954,2024-04-18 20:48:45,2024-04-18 20:38:03
3887895158,2024-04-06 03:39:35,2024-04-06 03:27:54
3906256202,2024-04-19 22:56:20,2024-04-19 00:00:00
3891073771,2024-04-11 19:27:18,2024-04-11 19:27:18
3904729445,2024-04-19 23:48:25,2024-04-19 23:48:25
3888940788,2024-04-09 03:34:14,2024-04-09 03:20:11
3902782729,2024-04-18 01:17:39,2024-04-18 01:14:37
3894900044,2024-04-11 17:37:53,2024-04-11 17:37:53
3904392670,2024-04-17 23:03:58,2024-04-17 00:00:00
3905239437,2024-04-18 18:14:37,2024-04-18 18:14:37
3886459967,2024-04-09 04:09:00,2024-04-08 00:00:00
3906250734,2024-04-19 22:36:48,2024-04-19 22:25:58
3904387370,2024-04-17 23:16:28,2024-04-17 22:14:08
3901667956,2024-04-15 20:28:29,2024-04-15 00:00:00
3905380153,2024-04-19 03:47:26,2024-04-19 03:36:02
3904923513,2024-04-18 14:22:05,2024-04-18 14:11:01
3889769800,2024-04-09 13:25:53,2024-04-09 13:25:53
3888024861,2024-04-06 11:54:47,2024-04-06 11:54:47
3885104130,2024-04-06 08:19:03,2024-04-06 08:04:57
3905295727,2024-04-18 21:23:53,2024-04-18 21:10:22
3904951080,2024-04-18 15:32:38,2024-04-18 00:00:00
3901945262,2024-04-18 20:36:40,2024-04-18 20:36:40
3898172291,2024-04-15 20:52:39,2024-04-15 20:41:35
3899535187,2024-04-16 15:01:32,2024-04-16 15:01:32
3901372744,2024-04-18 16:38:15,2024-04-18 16:38:15
3903837946,2024-04-18 22:37:41,2024-04-18 22:19:12
3906249336,2024-04-19 22:36:49,2024-04-19 22:08:02
3905333755,2024-04-18 23:04:36,2024-04-18 22:42:46
3900953302,2024-04-17 21:43:59,2024-04-17 21:32:11
3884430666,2024-04-05 19:52:36,2024-04-05 19:52:36
3901355316,2024-04-18 14:49:58,2024-04-18 14:49:58
3904082582,2024-04-19 13:24:29,2024-04-19 11:33:13
3903452077,2024-04-18 15:45:01,2024-04-18 15:32:07
3894267879,2024-04-11 18:08:45,2024-04-11 18:08:45
3902343434,2024-04-19 12:29:16,2024-04-19 12:29:16
3887881849,2024-04-06 03:31:24,2024-04-04 00:00:00
3901377050,2024-04-18 16:17:36,2024-04-18 16:17:36
3887103519,2024-04-09 13:37:01,2024-04-09 13:37:01
3901675800,2024-04-15 20:44:41,2024-04-15 20:31:47
3904039444,2024-04-19 06:02:03,2024-04-19 06:02:03
3905217461,2024-04-18 17:24:23,2024-04-18 17:24:23
3903476704,2024-04-18 17:27:37,2024-04-18 17:27:37
3901480444,2024-04-15 19:01:38,2024-04-15 00:00:00
3902827993,2024-04-19 18:44:22,2024-04-19 18:44:22
3904090644,2024-04-19 12:46:24,2024-04-19 12:46:24
3903475236,2024-04-18 16:49:59,2024-04-18 00:00:00
3888027124,2024-04-06 11:05:14,2024-04-06 11:05:14
3901937291,2024-04-18 18:44:23,2024-04-18 18:44:23
3901666454,2024-04-15 20:22:32,2024-04-15 20:07:41
3887581483,2024-04-09 03:59:12,2024-04-09 03:41:04
3898158569,2024-04-15 19:07:22,2024-04-15 19:07:22
3902925633,2024-04-16 14:59:25,2024-04-16 14:59:25
3906226682,2024-04-19 21:35:58,2024-04-19 21:25:39
3901376192,2024-04-18 16:32:52,2024-04-18 00:00:00
3905394393,2024-04-19 04:23:01,2024-04-19 04:23:01
3904371047,2024-04-17 21:57:45,2024-04-17 21:45:44
3902340782,2024-04-19 12:46:17,2024-04-19 12:34:08
3901697625,2024-04-15 21:13:07,2024-04-15 21:01:07
3895537808,2024-04-12 03:17:06,2024-04-10 00:00:00
3905284685,2024-04-18 20:31:28,2024-04-18 00:00:00
3884920090,2024-04-05 20:13:42,2024-04-05 00:00:00
3887481930,2024-04-05 19:59:11,2024-04-05 19:59:11
3904924958,2024-04-18 14:35:42,2024-04-15 00:00:00
3900978829,2024-04-18 01:50:15,2024-04-18 01:50:15
3903804245,2024-04-18 19:06:33,2024-04-18 19:06:33
3901355737,2024-04-18 15:12:03,2024-04-18 15:00:19
3905287506,2024-04-18 20:26:22,2024-04-18 20:26:22
3898173132,2024-04-15 20:42:07,2024-04-15 20:30:34
3905327638,2024-04-18 22:37:10,2024-04-18 22:14:55
3886460887,2024-04-09 04:09:00,2024-04-08 00:00:00
3904403797,2024-04-18 00:09:17,2024-04-17 23:56:37
3887580128,2024-04-09 03:31:29,2024-04-09 00:00:00
3887841105,2024-04-06 00:39:48,2024-04-06 00:39:48
3902939643,2024-04-16 14:59:33,2024-04-16 14:59:33
3894549771,2024-04-12 02:24:06,2024-04-12 02:10:54
3906231763,2024-04-19 22:09:47,2024-04-19 21:54:32
3900959525,2024-04-17 22:09:41,2024-04-17 21:55:15
3901356237,2024-04-18 14:58:50,2024-04-18 14:58:50
3905334761,2024-04-18 23:00:39,2024-04-18 22:48:43
3901967104,2024-04-18 22:22:29,2024-04-18 22:09:45
3905828805,2024-04-19 12:56:15,2024-04-19 12:56:15
3904723385,2024-04-19 22:58:49,2024-04-19 00:00:00
3905297902,2024-04-18 21:28:00,2024-04-18 21:16:16
3906233479,2024-04-19 22:21:03,2024-04-19 00:00:00
3905854561,2024-04-19 14:28:36,2024-04-19 14:13:55
3884445603,2024-04-05 21:08:28,2024-04-05 21:08:28
3901670669,2024-04-15 20:27:51,2024-04-15 20:14:23
3900953291,2024-04-17 21:46:36,2024-04-17 21:31:49
3906248809,2024-04-19 22:36:48,2024-04-19 22:25:51
3903451207,2024-04-18 15:29:32,2024-04-18 15:29:32
3894679274,2024-04-12 06:57:26,2024-04-12 06:45:11
3900973965,2024-04-17 23:14:38,2024-04-17 23:14:38
3887478687,2024-04-05 20:17:14,2024-04-05 00:00:00
3901962457,2024-04-18 22:24:41,2024-04-18 22:12:15
3904399541,2024-04-17 23:16:03,2024-04-17 23:16:03
3884439350,2024-04-05 20:29:32,2024-04-05 20:29:00
3900945112,2024-04-17 21:20:11,2024-04-17 21:07:55
3906225033,2024-04-19 21:13:41,2024-04-19 21:00:39
3906222720,2024-04-19 21:23:26,2024-04-19 21:11:23
3887909397,2024-04-09 04:31:22,2024-04-09 04:20:00
3905210539,2024-04-18 17:21:51,2024-04-18 17:01:48
3904986530,2024-04-18 16:30:07,2024-04-18 16:17:38
3901946153,2024-04-18 20:53:50,2024-04-18 20:41:52
3902351259,2024-04-19 13:35:18,2024-04-19 13:35:18
3901941926,2024-04-18 20:32:34,2024-04-18 20:32:34
3889738321,2024-04-09 12:31:38,2024-04-09 12:31:38
3900982560,2024-04-18 02:11:18,2024-04-18 01:58:46
3904371063,2024-04-17 21:59:27,2024-04-17 21:46:24
3904942134,2024-04-18 14:55:57,2024-04-18 14:55:57
3902921693,2024-04-16 14:44:50,2024-04-16 14:28:04
3898172268,2024-04-15 20:40:17,2024-04-15 20:40:17
3903872547,2024-04-19 01:50:26,2024-04-18 00:00:00
3884994027,2024-04-06 00:14:44,2024-04-04 00:00:00
3891273119,2024-04-12 03:07:44,2024-04-12 02:56:46
3901353175,2024-04-18 14:48:54,2024-04-18 14:34:38
3887865002,2024-04-06 02:18:33,2024-04-06 01:59:36
3901659883,2024-04-15 20:18:57,2024-04-15 20:07:07
3902359750,2024-04-19 15:03:45,2024-04-19 15:03:45
3885823655,2024-04-06 03:10:35,2024-04-06 02:58:51
3889284492,2024-04-09 08:22:59,2024-04-09 08:10:57
3901984722,2024-04-19 03:15:08,2024-04-19 03:01:11
3900081518,2024-04-15 20:19:51,2024-04-15 20:07:10
3901947133,2024-04-18 20:48:58,2024-04-18 20:48:58
3898163540,2024-04-15 19:59:25,2024-04-15 19:59:25
3894213778,2024-04-11 17:44:19,2024-04-11 17:44:19
3899533474,2024-04-16 15:13:59,2024-04-16 14:59:55
3901979183,2024-04-18 23:29:11,2024-04-18 23:29:11
3889721204,2024-04-09 12:39:12,2024-04-09 12:17:01
3894285177,2024-04-11 18:49:16,2024-03-30 08:26:09
3905335712,2024-04-18 22:59:31,2024-04-18 22:47:14
3887551903,2024-04-09 03:16:42,2024-04-09 02:45:45
3901958382,2024-04-18 21:44:51,2024-04-18 21:30:04
3901994732,2024-04-19 04:33:06,2024-04-18 00:00:00
3900067552,2024-04-15 18:59:51,2024-04-15 18:46:58
3902320909,2024-04-19 09:09:53,2024-04-19 08:58:30
3894873135,2024-04-11 17:17:53,2024-04-11 16:57:02
3905297688,2024-04-18 21:24:31,2024-04-18 21:11:58
3889288413,2024-04-09 08:36:46,2024-04-09 08:18:59
3887841218,2024-04-06 01:02:37,2024-04-05 00:00:00
3905286627,2024-04-18 20:37:11,2024-04-18 20:37:11
3903831175,2024-04-18 21:22:20,2024-04-18 21:22:20
3884914451,2024-04-05 19:46:23,2024-04-05 19:46:23
3900090313,2024-04-15 20:43:17,2024-04-15 20:31:15
3900948837,2024-04-17 21:38:49,2024-04-17 21:27:12
3904990640,2024-04-18 16:42:29,2024-04-18 16:30:38
3894272214,2024-04-11 18:24:09,2024-03-21 00:00:00
3905359771,2024-04-19 02:15:46,2024-04-19 01:54:31
3902791150,2024-04-18 02:46:59,2024-04-18 02:33:35
3904412333,2024-04-18 00:54:21,2024-04-17 00:00:00
3889295317,2024-04-09 08:27:42,2024-04-09 08:27:42
3888019775,2024-04-06 05:29:06,2024-04-06 05:12:14
3888021971,2024-04-06 11:05:05,2024-04-06 11:05:05
3904362210,2024-04-17 21:31:49,2024-04-13 00:00:00
3901941482,2024-04-18 19:52:02,2024-04-18 19:52:02
3888495882,2024-04-09 12:51:43,2024-04-09 12:33:08
3894275438,2024-04-11 18:24:35,2024-04-11 18:24:35
3902769211,2024-04-18 00:23:22,2024-04-18 00:12:22
3894933273,2024-04-11 18:15:09,2024-04-11 18:15:09
3902747970,2024-04-17 22:30:27,2024-04-17 00:00:00
3884436665,2024-04-05 20:25:43,2024-04-05 00:00:00
3904941902,2024-04-18 15:28:28,2024-04-18 15:13:14
3901472402,2024-04-15 18:58:02,2024-04-15 18:46:22
3901612740,2024-04-15 19:05:27,2024-04-15 19:05:27
3904098416,2024-04-19 13:28:55,2024-04-19 13:28:55
3901630990,2024-04-15 19:41:07,2024-04-15 19:41:07
3888826040,2024-04-09 13:19:32,2024-04-09 13:19:32
3895526448,2024-04-12 02:22:30,2024-04-12 02:10:49
3899528987,2024-04-16 15:09:43,2024-04-16 00:00:00
3900960664,2024-04-17 22:42:20,2024-04-17 22:26:56
3900977307,2024-04-17 23:38:48,2024-04-17 23:27:01
3891020070,2024-04-11 18:11:34,2024-04-11 18:11:34
3889738622,2024-04-09 12:34:13,2024-04-09 12:34:13
3905251456,2024-04-18 19:10:58,2024-04-18 19:10:58
3885830915,2024-04-06 04:00:37,2024-04-06 03:39:07
3887878570,2024-04-06 02:53:11,2024-04-06 02:41:12
3905863625,2024-04-19 14:36:56,2024-04-19 14:36:56
3886474936,2024-04-09 04:29:00,2024-04-09 04:29:00
3904506248,2024-04-19 15:02:26,2024-04-19 14:37:22
3903806863,2024-04-18 20:06:52,2024-04-18 19:54:04
3904395154,2024-04-17 22:50:03,2024-04-17 22:50:03
3903490931,2024-04-18 18:33:15,2024-04-18 18:26:24
3903845358,2024-04-18 22:50:17,2024-04-18 00:00:00
3887889784,2024-04-06 03:37:34,2024-04-06 03:25:58
3905257229,2024-04-18 19:38:18,2024-04-18 19:38:18
3904362340,2024-04-17 21:34:12,2024-04-17 00:00:00
3902862856,2024-04-19 22:34:50,2024-04-19 22:22:01
3887724173,2024-04-05 21:02:17,2024-04-05 21:02:17
3901697547,2024-04-15 21:11:34,2024-04-15 20:58:22
3904709908,2024-04-19 21:54:54,2024-04-19 21:43:15
3891249654,2024-04-12 00:46:55,2024-04-12 00:33:58
3904065019,2024-04-19 09:22:19,2024-04-18 00:00:00
3904729237,2024-04-19 23:17:16,2024-04-19 22:48:11
3887595493,2024-04-09 04:07:17,2024-04-09 03:55:50
3901979547,2024-04-19 00:20:38,2024-04-19 00:20:38
3904418315,2024-04-18 02:05:23,2024-04-17 00:00:00
3902364031,2024-04-19 15:10:39,2024-04-19 14:58:03
3904922798,2024-04-18 14:22:05,2024-04-18 14:10:44
3899527635,2024-04-16 14:48:46,2024-04-16 14:48:46
3891073387,2024-04-11 18:59:53,2024-04-11 18:59:53
3886836233,2024-04-09 08:33:47,2024-04-09 08:33:47
3901162401,2024-04-16 14:20:01,2024-03-22 14:10:08
3894870216,2024-04-11 17:08:46,2024-04-11 00:00:00
3903476337,2024-04-18 17:04:45,2024-04-18 16:51:03
3889434829,2024-04-09 09:50:53,2024-04-09 09:33:57
3902849220,2024-04-19 21:39:17,2024-04-19 21:26:35
3894281841,2024-04-11 18:43:31,2024-04-11 18:43:31
3888959292,2024-04-09 03:50:57,2024-04-09 03:33:11
3905851793,2024-04-19 14:21:28,2024-04-19 14:09:29
3889128523,2024-04-09 05:06:43,2024-04-09 04:55:55
3904989553,2024-04-18 16:25:32,2024-04-18 16:25:32
3900949694,2024-04-17 21:26:09,2024-04-17 21:26:09
3903430372,2024-04-18 14:08:35,2024-04-18 14:08:35
3904712004,2024-04-19 21:33:48,2024-04-19 21:20:54
3902759257,2024-04-17 23:04:16,2024-04-17 00:00:00
3889240459,2024-04-09 07:25:18,2024-04-09 07:25:18
3901366562,2024-04-18 16:18:29,2024-04-18 00:00:00
3905333869,2024-04-18 23:00:51,2024-04-18 22:48:58
3894996848,2024-04-11 19:19:19,2024-04-11 19:19:19
3889111743,2024-04-09 04:50:28,2024-04-09 04:37:04
3887910762,2024-04-09 04:55:17,2024-04-09 04:39:07
3895549515,2024-04-12 03:39:45,2024-04-12 03:27:06
3902340777,2024-04-19 13:02:15,2024-04-19 13:02:15
3905325843,2024-04-18 22:25:43,2024-04-18 00:00:00
3903882215,2024-04-19 03:50:14,2024-04-18 00:00:00
3905381062,2024-04-19 04:07:31,2024-04-19 03:56:25
3902908183,2024-04-16 14:17:20,2024-04-15 00:00:00
3898165261,2024-04-15 19:51:40,2024-04-15 19:51:40
3889745743,2024-04-09 12:43:45,2024-04-09 12:43:45
3886468200,2024-04-09 04:25:17,2024-04-09 04:06:58
3889725560,2024-04-09 12:20:46,2024-04-09 12:20:46
3895516844,2024-04-12 02:20:10,2024-04-11 00:00:00
3889731066,2024-04-09 12:21:58,2024-04-09 12:21:58
3886457192,2024-04-09 03:46:10,2024-04-09 03:33:15
3901669311,2024-04-15 20:22:12,2024-04-15 00:00:00
3904071566,2024-04-19 10:18:29,2024-04-18 00:00:00
3903884957,2024-04-19 04:10:40,2024-04-19 04:10:40
3894292950,2024-04-11 19:59:23,2024-04-11 19:47:46
3904427295,2024-04-18 02:46:14,2024-04-18 02:28:16
3905851172,2024-04-19 13:54:19,2024-04-19 13:54:19
3906250622,2024-04-19 22:40:45,2024-04-18 00:00:00
3889439275,2024-04-09 09:50:55,2024-04-09 09:32:39
3894277549,2024-04-11 18:27:05,2024-04-11 18:27:05
3905850967,2024-04-19 14:14:53,2024-04-19 14:14:53
3903802511,2024-04-18 19:17:24,2024-04-18 19:04:50
3904974155,2024-04-18 16:19:03,2024-04-18 16:00:57
3901976381,2024-04-18 23:33:44,2024-04-18 23:33:44
3888972908,2024-04-09 04:13:47,2024-04-09 03:55:25
3904930567,2024-04-18 14:29:11,2024-04-18 14:29:11
3904722385,2024-04-19 22:36:32,2024-04-19 22:24:50
3901362396,2024-04-18 15:34:38,2024-04-18 15:22:08
3904361676,2024-04-17 21:46:32,2024-04-17 21:32:21
3902309908,2024-04-19 06:58:12,2024-04-19 06:58:12
3903472503,2024-04-18 16:49:30,2024-04-18 16:38:34
3902772255,2024-04-18 00:26:19,2024-04-17 00:00:00
3903442980,2024-04-18 15:17:58,2024-04-18 15:17:58
3895807250,2024-04-12 04:53:18,2024-04-11 00:00:00
3884440290,2024-04-05 20:48:33,2024-04-05 20:34:37
3903423913,2024-04-18 14:05:52,2024-04-18 13:54:01
3887882925,2024-04-06 03:32:11,2024-04-06 03:13:05
3902752592,2024-04-17 22:31:12,2024-04-17 22:19:38
3888944895,2024-04-09 03:36:30,2024-04-09 03:25:49
3901987169,2024-04-19 02:50:50,2024-04-19 02:38:58
3901939552,2024-04-18 19:53:59,2024-04-18 19:53:59
3905221514,2024-04-18 17:28:49,2024-04-18 17:28:49
3889705326,2024-04-09 11:00:02,2024-04-09 11:00:02
3903842778,2024-04-18 23:08:51,2024-04-18 22:46:47
3903821412,2024-04-18 21:08:28,2024-04-18 20:56:23
3906223194,2024-04-19 21:16:21,2024-04-19 21:16:21
3894650089,2024-04-12 05:44:31,2024-04-12 05:32:33
3904925291,2024-04-18 14:06:00,2024-04-18 14:06:00
3889714487,2024-04-09 12:24:44,2024-04-09 12:12:59
3905696594,2024-04-19 11:08:25,2024-04-19 10:55:59
3902754645,2024-04-17 22:45:35,2024-04-17 22:33:49
3906236155,2024-04-19 21:58:48,2024-04-19 21:46:17
3905256251,2024-04-18 19:37:53,2024-04-18 19:37:53
3905208139,2024-04-18 17:06:28,2024-04-18 00:00:00
3885867883,2024-04-06 05:57:16,2024-04-06 05:15:38
3905368987,2024-04-19 03:30:11,2024-04-18 00:00:00
3898175296,2024-04-15 21:07:48,2024-04-15 00:00:00
3901696496,2024-04-15 21:30:46,2024-04-15 21:11:48
3884919514,2024-04-05 20:20:59,2024-04-05 20:05:06
3903874901,2024-04-19 03:21:12,2024-04-18 00:00:00
3904963832,2024-04-18 16:03:09,2024-04-18 15:50:26
3901944010,2024-04-18 20:24:29,2024-04-18 20:11:33
3905298981,2024-04-18 21:42:26,2024-04-18 21:24:30
3906228167,2024-04-19 21:28:23,2024-04-19 21:16:42
3902917722,2024-04-16 14:21:16,2024-04-16 14:21:16
3900079812,2024-04-15 20:23:18,2024-04-15 20:07:56
3902344882,2024-04-19 13:13:57,2024-04-19 13:13:57
3902304077,2024-04-19 05:12:08,2024-04-19 05:12:08
3902756373,2024-04-17 22:46:07,2024-04-17 22:35:02
3899930726,2024-04-16 18:47:15,2024-04-16 18:47:15
3901185083,2024-04-16 15:28:52,2024-04-16 15:18:04
3889753436,2024-04-09 13:06:09,2024-04-09 13:06:09
3904385830,2024-04-17 22:44:54,2024-04-17 22:32:06
3887578877,2024-04-09 03:59:12,2024-04-09 03:39:22
3906200147,2024-04-19 19:32:28,2024-04-19 19:32:28
3899529771,2024-04-16 15:07:50,2024-04-16 00:00:00
3895849271,2024-04-12 06:09:34,2024-04-12 06:09:34
3899539387,2024-04-16 15:17:38,2024-04-16 15:17:38
3887836714,2024-04-06 00:31:27,2024-04-06 00:19:52
3902754680,2024-04-17 23:09:15,2024-04-17 00:00:00
3900949706,2024-04-17 21:38:49,2024-04-17 21:26:47
3900942457,2024-04-17 21:07:50,2024-04-17 20:55:04
3906224935,2024-04-19 21:45:53,2024-04-19 21:29:56
3891280219,2024-04-12 03:38:36,2024-04-12 03:26:17
3885852896,2024-04-06 04:36:38,2024-04-06 04:21:30
3904408578,2024-04-18 00:30:41,2024-04-18 00:30:41
3904044068,2024-04-19 05:54:45,2024-04-19 05:54:45
3902786516,2024-04-18 02:06:47,2024-04-18 01:57:28
3887590325,2024-04-09 04:15:55,2024-04-09 03:45:30
3902753256,2024-04-17 22:27:19,2024-04-17 00:00:00
3903849287,2024-04-18 23:33:26,2024-04-18 00:00:00
3884431599,2024-04-05 19:43:27,2024-04-05 19:43:27
3902787533,2024-04-18 02:43:05,2024-04-18 02:31:28
3905202829,2024-04-18 17:09:02,2024-04-18 00:00:00
3889772445,2024-04-09 13:29:11,2024-04-09 13:29:11
3885835089,2024-04-06 03:36:09,2024-04-06 00:00:00
3901945573,2024-04-18 21:08:33,2024-04-18 00:00:00
3903812853,2024-04-18 20:40:23,2024-04-18 00:00:00
3902913751,2024-04-16 14:30:30,2024-04-16 14:14:32
3903840974,2024-04-18 23:03:11,2024-04-18 22:33:02
3903471503,2024-04-18 16:49:59,2024-04-18 00:00:00
3903475628,2024-04-18 17:03:25,2024-04-18 00:00:00
3906224262,2024-04-19 21:20:11,2024-04-19 21:06:50
3894892582,2024-04-11 17:25:22,2024-04-11 17:25:22
3901669995,2024-04-15 20:34:08,2024-04-15 20:22:02
3902305054,2024-04-19 05:08:05,2024-04-19 05:08:05
3903476539,2024-04-18 17:03:36,2024-04-18 17:03:36
3895219154,2024-04-11 19:42:03,2024-04-11 19:42:03
3905874769,2024-04-19 15:23:50,2024-04-19 15:12:20
3905692496,2024-04-19 10:36:48,2024-04-19 10:25:24
3891257342,2024-04-12 02:18:01,2024-04-11 00:00:00
3887575321,2024-04-09 03:21:25,2024-04-08 00:00:00
3901982014,2024-04-18 23:35:17,2024-04-18 23:35:17
3895555926,2024-04-12 03:48:54,2024-04-12 03:33:27
3891275514,2024-04-12 03:34:56,2024-04-12 03:22:35
3886452435,2024-04-09 03:32:03,2024-04-06 00:00:00
3887727014,2024-04-05 21:14:28,2024-04-05 21:14:28
3901957104,2024-04-18 21:33:47,2024-04-18 21:20:35
3901990391,2024-04-19 03:10:57,2024-04-19 02:58:56
3903889193,2024-04-19 04:19:10,2024-04-19 03:46:36
3905879789,2024-04-19 15:31:20,2024-04-19 00:00:00
3891285379,2024-04-12 03:55:01,2024-04-12 03:43:57
3899520859,2024-04-16 14:23:57,2024-04-16 14:23:57
3904504993,2024-04-19 15:06:09,2024-04-19 15:06:09
3904424088,2024-04-18 02:35:41,2024-04-17 00:00:00
3905336563,2024-04-18 23:04:02,2024-04-18 22:52:08
3898178314,2024-04-15 21:11:18,2024-04-15 21:11:18
3898157592,2024-04-15 18:56:49,2024-04-15 18:56:49
3888970996,2024-04-09 04:40:09,2024-04-09 03:54:49
3906069838,2024-04-19 18:23:48,2024-04-19 00:00:00
3902365620,2024-04-19 15:27:46,2024-04-19 15:15:47
3886472048,2024-04-09 04:21:18,2024-04-09 04:09:23
3906231374,2024-04-19 21:54:24,2024-04-19 00:00:00
3900981605,2024-04-18 02:11:18,2024-04-18 01:58:47
3904987241,2024-04-18 16:34:06,2024-04-18 16:15:14
3905212390,2024-04-18 17:22:45,2024-04-18 17:06:10
3900985074,2024-04-18 02:33:09,2024-04-18 02:33:09
3894871114,2024-04-11 17:06:54,2024-04-11 00:00:00
3884440397,2024-04-05 20:51:46,2024-04-05 20:40:44
3887839078,2024-04-06 01:00:10,2024-04-06 00:27:56
3885807314,2024-04-06 00:58:22,2024-04-06 00:46:26
3887861057,2024-04-06 01:56:28,2024-04-06 01:44:29
3902755331,2024-04-17 22:59:31,2024-04-17 22:31:29
3884440517,2024-04-05 20:50:59,2024-04-05 20:50:59
3889205320,2024-04-09 06:57:27,2024-04-09 06:45:14
3887868902,2024-04-06 02:29:53,2024-04-06 02:17:40
3891800518,2024-04-12 04:45:56,2024-04-12 04:33:41
3884990579,2024-04-05 23:57:17,2024-04-05 23:45:27
3905287915,2024-04-18 20:46:20,2024-04-18 00:00:00
3885855735,2024-04-06 04:43:17,2024-04-06 04:31:30
3903435487,2024-04-18 14:57:02,2024-04-18 14:46:18
3905295835,2024-04-18 21:41:01,2024-04-18 21:41:01
3906231377,2024-04-19 21:43:25,2024-04-19 21:43:25
3905254163,2024-04-18 19:23:29,2024-04-18 00:00:00
3901945217,2024-04-18 20:43:17,2024-04-18 20:30:56
3904960748,2024-04-18 15:57:57,2024-04-18 15:46:41
3903825847,2024-04-18 21:30:59,2024-04-18 21:22:51
3901958381,2024-04-18 21:30:23,2024-04-18 21:30:23
3901376040,2024-04-18 16:14:51,2024-04-18 16:14:51
3904381721,2024-04-17 22:25:45,2024-04-17 22:11:18
3903469659,2024-04-18 17:11:07,2024-04-18 16:35:08
3895524772,2024-04-12 02:34:21,2024-04-12 02:22:30
3894273962,2024-04-11 18:37:14,2024-04-11 00:00:00
3905312036,2024-04-18 21:50:30,2024-04-18 21:33:50
3901951063,2024-04-18 21:04:20,2024-04-18 20:52:31
3903851047,2024-04-19 00:14:22,2024-04-18 00:00:00
3905367304,2024-04-19 02:22:05,2024-04-19 02:10:35
3905315124,2024-04-18 22:01:42,2024-04-18 21:49:02
3902756217,2024-04-17 22:47:16,2024-03-23 22:27:31
3905288255,2024-04-18 20:27:14,2024-04-18 20:14:52
3902741081,2024-04-17 21:27:04,2024-04-17 21:14:00
3891081228,2024-04-11 20:06:49,2024-04-11 20:06:49
3844019967,2024-04-11 18:42:13,2024-04-11 18:42:13
3904934344,2024-04-18 14:35:43,2024-04-18 14:35:18
3901987954,2024-04-19 03:29:47,2024-04-19 03:17:54
3887101750,2024-04-09 13:30:36,2024-04-09 13:30:36
3891071919,2024-04-11 19:36:44,2024-04-11 19:25:23
3904424958,2024-04-18 03:00:42,2024-04-18 02:49:59
3901951205,2024-04-18 21:11:42,2024-04-18 20:57:35
3901988117,2024-04-19 02:52:21,2024-04-19 02:34:53
3894899318,2024-04-11 17:37:27,2024-04-11 17:37:27
3902782576,2024-04-18 00:49:10,2024-04-18 00:49:10
3906228706,2024-04-19 21:50:35,2024-04-19 21:33:29
3901379230,2024-04-18 16:30:53,2024-04-18 16:30:53
3903893639,2024-04-19 04:45:02,2024-04-19 04:32:51
3905206598,2024-04-18 17:20:25,2024-04-18 16:56:54
3904096015,2024-04-19 13:01:31,2024-04-19 13:01:31
3906201058,2024-04-19 19:47:10,2024-04-19 19:34:44
3889117129,2024-04-09 04:51:19,2024-03-15 04:40:03
3889114475,2024-04-09 04:50:28,2024-04-09 04:36:56
3905366870,2024-04-19 03:00:40,2024-04-18 00:00:00
3887700842,2024-04-05 20:35:39,2024-04-05 00:00:00
3904413070,2024-04-18 00:39:03,2024-04-18 00:27:38
3886896956,2024-04-09 13:24:51,2024-04-09 13:24:51
3884895789,2024-04-06 06:44:46,2024-04-06 06:44:46
3904057269,2024-04-19 07:49:14,2024-04-19 07:49:14
3901342664,2024-04-18 14:04:45,2024-04-18 14:04:45
3887473506,2024-04-05 19:58:50,2024-04-05 19:47:07
3905213114,2024-04-18 17:15:27,2024-04-18 00:00:00
3887919145,2024-04-09 05:20:06,2024-04-08 00:00:00
3864701312,2024-04-16 15:23:15,2024-04-16 15:23:15
3902354400,2024-04-19 13:53:53,2024-04-19 13:53:53
3898172313,2024-04-15 20:46:05,2024-04-15 20:46:05
3905342099,2024-04-18 23:16:59,2024-04-18 23:03:50
3904953625,2024-04-18 15:24:48,2024-04-18 15:24:48
3904405826,2024-04-18 00:19:43,2024-04-17 00:00:00
3901395868,2024-04-18 18:46:42,2024-04-18 18:46:42
3906082157,2024-04-19 18:33:12,2024-04-18 00:00:00
3905828148,2024-04-19 12:25:01,2024-04-19 12:25:01
3904995390,2024-04-18 16:49:46,2024-04-18 16:37:30
3898164321,2024-04-15 19:58:09,2024-04-15 19:58:09
3903870893,2024-04-19 02:21:41,2024-04-19 02:05:05
3905395136,2024-04-19 04:19:57,2024-04-18 00:00:00
3887840178,2024-04-06 00:44:15,2024-04-06 00:44:15
3901958441,2024-04-18 21:32:10,2024-04-18 21:32:10
3905346585,2024-04-19 00:16:24,2024-04-06 00:06:12
3906098505,2024-04-19 19:47:55,2024-04-19 19:47:55
3904411050,2024-04-18 00:19:43,2024-04-17 00:00:00
3905337577,2024-04-18 23:08:00,2024-04-18 22:57:21
3905856437,2024-04-19 14:28:29,2024-04-19 14:15:22
3891268780,2024-04-12 03:11:19,2024-04-12 00:00:00
3903876221,2024-04-19 02:31:50,2024-04-19 02:18:34
3887595619,2024-04-09 04:10:21,2024-04-09 00:00:00
3905297682,2024-04-18 21:23:20,2024-04-18 00:00:00
3903494861,2024-04-18 19:11:47,2024-04-18 18:40:42
3903814042,2024-04-18 20:17:29,2024-04-18 20:04:53
3898169674,2024-04-15 20:29:18,2024-04-15 20:29:18
3904940745,2024-04-18 15:04:09,2024-04-18 15:04:09
3906230248,2024-04-19 21:41:01,2024-04-19 21:27:24
3902829972,2024-04-19 19:52:06,2024-04-19 19:52:06
3887707709,2024-04-05 20:46:10,2024-04-05 20:34:30
3901373765,2024-04-18 16:53:38,2024-04-18 16:39:49
3885859406,2024-04-06 04:36:37,2024-04-06 04:21:44
3906074364,2024-04-19 18:21:12,2024-04-19 18:21:12
3886841165,2024-04-09 09:05:34,2024-04-09 08:56:57
3906249782,2024-04-19 22:42:11,2024-04-19 22:29:54
3902352471,2024-04-19 13:57:57,2024-04-19 13:57:57
3901963383,2024-04-18 22:30:03,2024-04-18 22:15:44
3889110047,2024-04-09 04:33:25,2024-04-09 04:21:58
3904578900,2024-04-19 19:24:28,2024-04-19 19:24:28
3887701348,2024-04-05 20:33:26,2024-04-05 20:19:42
3902737555,2024-04-17 21:32:54,2024-04-17 00:00:00
3901355855,2024-04-18 15:08:04,2024-04-18 15:08:04
3901958228,2024-04-18 21:39:07,2024-04-18 21:26:39
3890893474,2024-04-11 17:17:49,2024-04-11 17:17:49
3889430362,2024-04-09 09:39:48,2024-04-09 09:26:12
3901954658,2024-04-18 21:44:41,2024-04-18 21:32:33
3903453569,2024-04-18 15:48:59,2024-04-18 15:48:59
3902352079,2024-04-19 13:27:24,2024-04-19 13:27:24
3906093581,2024-04-19 19:01:51,2024-04-19 00:00:00
3905332852,2024-04-18 22:57:50,2024-04-18 22:46:00
3901959810,2024-04-18 22:01:31,2024-04-18 21:50:58
3902309272,2024-04-19 06:28:29,2024-04-19 06:28:29
3895599119,2024-04-12 04:28:15,2024-04-12 04:16:21
3889127500,2024-04-09 05:06:43,2024-04-09 04:55:56
3902344581,2024-04-19 12:52:14,2024-04-19 12:52:14
3886880461,2024-04-09 11:34:25,2024-04-09 11:34:25
3884914637,2024-04-05 20:04:58,2024-04-05 19:52:56
3902945494,2024-04-16 15:26:16,2024-04-16 15:11:28
3885807884,2024-04-06 02:11:46,2024-04-06 01:57:54
3895599737,2024-04-12 04:27:20,2024-04-12 04:27:20
3902345831,2024-04-19 13:18:08,2024-04-19 13:18:08
3901964488,2024-04-18 22:31:57,2024-04-18 22:31:57
3905824610,2024-04-19 12:37:56,2024-04-19 12:25:45
3904357884,2024-04-17 21:28:25,2024-04-17 00:00:00
3887914003,2024-04-09 04:55:19,2024-04-09 04:32:00
3887986454,2024-04-09 08:51:51,2024-04-09 08:39:28
3899527091,2024-04-16 14:40:03,2024-04-16 14:27:24
3900955228,2024-04-17 21:35:26,2024-04-17 21:35:26
3888417079,2024-04-09 10:05:37,2024-04-09 00:00:00
3898156687,2024-04-15 19:06:45,2024-04-15 19:06:45
3901636810,2024-04-15 20:05:51,2024-04-15 20:05:51
3905608583,2024-04-19 05:38:06,2024-04-19 05:38:06
3903480321,2024-04-18 17:31:12,2024-04-18 17:31:12
3903814097,2024-04-18 20:26:31,2024-04-18 20:06:14
3901370374,2024-04-18 16:18:30,2024-03-24 16:01:42
3901371243,2024-04-18 16:18:29,2024-04-18 00:00:00
3905837059,2024-04-19 13:07:56,2024-04-19 13:07:56
3901953546,2024-04-18 21:46:08,2024-04-18 21:46:08
3905218053,2024-04-18 17:14:33,2024-04-18 17:14:33
3891076747,2024-04-11 19:43:34,2024-04-11 19:43:34
3901659881,2024-04-15 20:18:57,2024-04-15 20:07:06
3902945493,2024-04-16 15:26:16,2024-04-16 15:11:28
3904361822,2024-04-17 21:37:53,2024-04-17 21:35:02
3904722929,2024-04-19 23:11:28,2024-04-19 00:00:00
3904953372,2024-04-18 15:21:25,2024-04-18 15:17:02
3902784177,2024-04-18 00:30:47,2024-04-18 00:30:47
3904707447,2024-04-19 21:42:09,2024-04-19 21:25:43
3887857605,2024-04-06 02:06:19,2024-04-05 00:00:00
3905246663,2024-04-18 18:50:59,2024-04-18 18:50:59
3902750935,2024-04-17 22:39:25,2024-04-17 22:27:32
3903874127,2024-04-19 02:16:35,2024-04-19 02:04:51
3906224550,2024-04-19 21:27:58,2024-04-19 21:16:55
3904973018,2024-04-18 16:08:08,2024-04-18 15:57:11
3902308328,2024-04-19 06:28:44,2024-04-19 06:28:44
3901986466,2024-04-19 03:11:50,2024-04-18 00:00:00
3890896746,2024-04-11 17:48:09,2024-04-11 17:48:09
3905640795,2024-04-19 07:34:12,2024-04-19 07:34:12
3895803148,2024-04-12 04:41:26,2024-04-11 00:00:00
3903435324,2024-04-18 14:44:04,2024-04-18 14:32:28
3887841148,2024-04-06 00:43:25,2024-04-06 00:43:25
3905881495,2024-04-19 15:28:42,2024-04-19 00:00:00
3904409733,2024-04-18 01:05:28,2024-04-18 01:05:28
3905330828,2024-04-18 22:50:13,2024-04-18 22:38:36
3905297192,2024-04-18 21:06:38,2024-04-18 20:51:25
3894282750,2024-04-11 18:53:40,2024-04-11 18:40:40
3884899279,2024-04-06 06:45:02,2024-04-06 06:45:02
3905328595,2024-04-18 22:42:42,2024-04-18 00:00:00
3905360693,2024-04-19 02:05:05,2024-04-18 00:00:00
3906090973,2024-04-19 19:04:15,2024-04-19 19:04:15
3893698414,2024-04-11 17:09:39,2024-04-11 00:00:00
3904948171,2024-04-18 15:25:52,2024-04-18 15:12:31
3901364205,2024-04-18 15:48:27,2024-04-17 00:00:00
3901984681,2024-04-19 03:10:57,2024-04-19 02:59:06
3889436384,2024-04-09 09:40:52,2024-04-09 09:30:53
3901638427,2024-04-15 20:00:03,2024-04-15 19:47:55
3903821958,2024-04-18 21:21:19,2024-04-18 21:09:54
3903871805,2024-04-19 02:11:27,2024-04-19 01:57:59
3905631876,2024-04-19 07:03:20,2024-04-19 07:03:20
3906251999,2024-04-19 22:52:16,2024-04-19 22:40:08
3889771351,2024-04-09 13:29:41,2024-04-09 13:29:41
3898164469,2024-04-15 20:14:24,2024-04-15 20:14:24
3905816176,2024-04-19 11:20:01,2024-04-19 11:20:01
3905371615,2024-04-19 03:10:10,2024-04-19 02:55:48
3905658339,2024-04-19 08:35:43,2024-04-19 08:35:43
3885106335,2024-04-06 10:46:12,2024-04-06 10:46:12
3901687689,2024-04-15 20:53:37,2024-04-15 00:00:00
3905288213,2024-04-18 20:23:04,2024-04-18 20:11:40
3901163015,2024-04-16 14:18:27,2024-04-16 14:05:14
3885106346,2024-04-06 10:49:14,2024-04-06 10:49:14
3902755326,2024-04-17 22:56:47,2024-04-17 00:00:00
3903471057,2024-04-18 16:28:50,2024-04-18 16:28:50
3902797531,2024-04-18 03:06:23,2024-04-18 02:54:55
3904384370,2024-04-17 22:27:08,2024-04-17 22:09:25
3901950890,2024-04-18 21:30:52,2024-03-24 21:18:54
3898160146,2024-04-15 18:49:59,2024-04-15 18:49:59
3891093267,2024-04-11 21:11:27,2024-04-11 00:00:00
3888820884,2024-04-09 13:24:46,2024-04-09 13:24:46
3906255261,2024-04-19 23:07:39,2024-04-19 22:44:00
3905335523,2024-04-18 22:42:23,2024-04-18 22:42:23
3906253093,2024-04-19 22:41:12,2024-04-19 00:00:00
3895805723,2024-04-12 04:59:39,2024-04-12 04:44:06
3886460380,2024-04-09 03:54:27,2024-04-09 03:43:02
3901936877,2024-04-18 20:13:57,2024-04-18 00:00:00
3887855712,2024-04-06 02:06:19,2024-04-05 00:00:00
3903459082,2024-04-18 15:54:22,2024-04-18 15:54:22
3905342044,2024-04-18 23:11:59,2024-04-02 22:54:08
3889176264,2024-04-09 06:29:28,2024-04-09 06:17:45
3905374030,2024-04-19 03:10:29,2024-04-19 02:57:35
3885810875,2024-04-06 02:18:19,2024-04-06 02:04:46
3904987659,2024-04-18 16:36:40,2024-04-18 00:00:00
3902735947,2024-04-17 21:34:02,2024-04-17 21:16:43
3904422410,2024-04-18 02:23:52,2024-04-17 00:00:00
3901395298,2024-04-18 17:54:34,2024-04-18 17:54:34
3898175070,2024-04-15 20:45:57,2024-04-15 20:45:57
3906254751,2024-04-19 23:03:05,2024-04-19 22:51:06
3903846007,2024-04-18 22:34:30,2024-04-18 22:24:59
3898170552,2024-04-15 20:37:17,2024-04-15 00:00:00
3903836805,2024-04-18 22:33:39,2024-04-18 00:00:00
3901935425,2024-04-18 18:50:25,2024-04-18 18:50:25
3891071332,2024-04-11 18:46:32,2024-04-11 18:32:55
3888944891,2024-04-09 03:36:30,2024-04-09 03:25:49
3884857507,2024-04-06 05:38:25,2024-04-06 05:38:25
3891284446,2024-04-12 03:57:33,2024-04-12 03:45:37
3902834420,2024-04-19 19:24:31,2024-04-19 19:24:31
3904940014,2024-04-18 14:55:47,2024-04-18 14:42:10
3904081153,2024-04-19 11:11:15,2024-04-19 00:00:00
3905373388,2024-04-19 03:24:15,2024-04-19 03:12:29
3894209769,2024-04-11 17:32:30,2024-04-11 00:00:00
3894416279,2024-04-11 21:13:13,2024-04-11 21:01:14
3902920370,2024-04-16 14:22:45,2024-04-16 14:22:45
3901358966,2024-04-18 15:48:39,2024-04-18 15:37:14
3902737961,2024-04-17 21:41:54,2024-04-17 00:00:00
3903844337,2024-04-18 22:45:13,2024-04-18 22:33:31
3905879754,2024-04-19 15:26:41,2024-04-19 00:00:00
3891255282,2024-04-12 01:30:16,2024-04-12 01:17:56
3894566356,2024-04-12 03:30:40,2024-04-12 00:00:00
3903471560,2024-04-18 17:13:28,2024-04-18 16:39:45
3906249442,2024-04-19 22:30:19,2024-04-19 22:11:12
3905857180,2024-04-19 14:22:55,2024-04-19 14:11:21
3905352475,2024-04-19 01:22:45,2024-04-19 01:11:23
3901454902,2024-04-15 18:41:38,2024-04-15 18:41:38
3886488100,2024-04-09 06:03:52,2024-04-09 06:03:52
3900082265,2024-04-15 20:16:47,2024-04-15 00:00:00
3888944319,2024-04-09 03:33:19,2024-04-09 03:20:31
3903829232,2024-04-18 21:33:39,2024-04-18 21:19:43
3905328872,2024-04-18 22:44:35,2024-04-18 22:32:01
3905305118,2024-04-18 21:39:47,2024-04-18 21:21:43
3900084114,2024-04-15 20:19:08,2024-04-15 00:00:00
3886452361,2024-04-09 03:25:16,2024-04-09 03:13:42
3901960756,2024-04-18 22:43:35,2024-04-18 22:43:35
3902348928,2024-04-19 14:09:36,2024-04-19 14:09:36
3887885953,2024-04-06 03:31:55,2024-04-05 00:00:00
3905334896,2024-04-18 23:07:13,2024-04-18 22:55:07
3902673950,2024-04-16 15:15:16,2024-04-16 13:00:46
3902948925,2024-04-16 15:28:32,2024-04-15 00:00:00
3891036614,2024-04-11 18:24:10,2024-04-11 18:24:10
3895818091,2024-04-12 05:09:25,2024-04-12 04:57:51
3903489992,2024-04-18 18:38:22,2024-04-18 18:26:33
3902841701,2024-04-19 21:16:36,2024-04-19 21:05:38
3894898279,2024-04-11 17:36:24,2024-04-11 17:36:24
3905305228,2024-04-18 21:42:45,2024-04-18 21:25:27
3901953897,2024-04-18 21:50:23,2024-04-18 21:36:36
3901390918,2024-04-18 18:17:50,2024-04-18 18:17:50
3900939944,2024-04-17 21:10:40,2024-04-17 00:00:00
3904719463,2024-04-19 22:28:51,2024-04-19 22:08:41
3888975102,2024-04-09 04:19:34,2024-04-09 03:52:37
3905325735,2024-04-18 22:20:40,2024-04-18 22:09:29
3901352749,2024-04-18 15:05:50,2024-04-18 14:52:00
3885812679,2024-04-06 02:24:42,2024-04-06 02:10:51
3903874396,2024-04-19 02:56:35,2024-04-19 02:44:21
3904385546,2024-04-17 22:36:47,2024-04-17 00:00:00
3904364922,2024-04-17 21:54:45,2024-04-17 21:54:45
3891278715,2024-04-12 03:44:35,2024-04-12 03:32:29
3902865842,2024-04-19 22:33:48,2024-04-19 22:22:16
3902780914,2024-04-18 01:26:32,2024-04-18 01:14:30
3904944737,2024-04-18 15:23:49,2024-04-18 15:11:51
3904504837,2024-04-19 14:59:08,2024-04-19 14:59:08
3905295944,2024-04-18 21:16:05,2024-04-18 21:16:05
3906253175,2024-04-19 22:51:28,2024-04-19 22:23:09
3904995853,2024-04-18 17:03:12,2024-04-18 16:45:38
3905277726,2024-04-18 20:22:58,2024-04-18 00:00:00
3901940257,2024-04-18 19:15:00,2024-04-18 19:15:00
3903874106,2024-04-19 02:13:12,2024-04-18 00:00:00
3902748632,2024-04-17 22:15:06,2024-04-17 00:00:00
3902396608,2024-04-19 18:07:31,2024-04-19 18:07:31
3905299403,2024-04-18 21:17:24,2024-04-18 21:05:18
3884443181,2024-04-05 21:06:12,2024-04-05 20:52:11
3900940898,2024-04-17 21:25:19,2024-04-17 21:12:20
3884822369,2024-04-06 02:46:21,2024-04-06 02:34:32
3902750028,2024-04-17 21:57:40,2024-04-17 00:00:00
3905289601,2024-04-18 20:44:12,2024-04-18 20:31:45
3903470729,2024-04-18 16:58:46,2024-04-18 16:37:20
3904928254,2024-04-18 14:14:16,2024-04-18 14:14:16
3901998411,2024-04-19 04:13:27,2024-04-18 00:00:00
3903876896,2024-04-19 03:22:42,2024-04-19 03:09:28
3895527289,2024-04-12 02:25:27,2024-04-12 02:14:24
3903473890,2024-04-18 16:54:06,2024-04-18 16:54:06
3895272601,2024-04-11 21:12:40,2024-04-11 20:58:23
3901656812,2024-04-15 20:04:35,2024-04-15 20:04:35
3894551200,2024-04-12 01:50:07,2024-04-12 01:37:37
3905255656,2024-04-18 19:50:56,2024-04-18 19:37:24
3901606041,2024-04-15 18:59:44,2024-04-15 18:59:44
3901673242,2024-04-15 20:11:45,2024-04-15 20:11:45
3902920265,2024-04-16 14:34:18,2024-04-16 14:19:35
3905693156,2024-04-19 10:40:47,2024-03-25 10:21:31
3903816383,2024-04-18 20:40:23,2024-04-17 00:00:00
3884832672,2024-04-06 03:38:34,2024-04-06 03:20:20
3899546005,2024-04-16 15:27:00,2024-04-16 15:27:00
3894869291,2024-04-11 17:16:14,2024-04-11 16:54:50
3901967312,2024-04-18 22:46:30,2024-04-18 22:34:05
3888972090,2024-04-09 04:03:00,2024-04-09 03:51:21
3901959618,2024-04-18 21:57:21,2024-04-18 21:44:37
3901942042,2024-04-18 18:58:02,2024-04-18 18:58:02
3904992474,2024-04-18 16:31:17,2024-04-18 16:31:17
3905368924,2024-04-19 03:21:46,2024-03-25 21:09:58
3902739938,2024-04-17 21:49:17,2024-04-17 21:34:44
3903876171,2024-04-19 02:24:21,2024-04-19 02:10:50
3903807553,2024-04-18 19:42:04,2024-04-18 19:37:06
3894618899,2024-04-12 04:53:41,2024-04-12 04:42:15
3901489253,2024-04-15 18:58:21,2024-04-15 18:58:21
3903472905,2024-04-18 17:03:36,2024-04-18 17:03:36
3888444670,2024-04-09 10:28:18,2024-04-09 00:00:00
3886481678,2024-04-09 05:13:42,2024-04-09 05:13:42
3905872982,2024-04-19 15:23:05,2024-04-19 15:11:04
3889487780,2024-04-09 10:37:03,2024-04-09 10:20:02
3884832790,2024-04-06 03:38:34,2024-04-06 03:25:00
3884428980,2024-04-05 19:42:39,2024-04-05 19:31:06
3889452364,2024-04-09 10:04:49,2024-04-09 09:53:13
3905331947,2024-04-18 23:00:38,2024-04-18 22:47:26
3904384903,2024-04-17 22:48:29,2024-04-17 22:32:11
3905298548,2024-04-18 21:20:55,2024-04-18 00:00:00
3887712103,2024-04-05 20:50:24,2024-04-05 00:00:00
3894900572,2024-04-11 17:43:22,2024-04-11 17:43:22
3895220176,2024-04-11 19:58:47,2024-04-11 00:00:00
3894297335,2024-04-11 19:44:24,2024-04-11 19:44:24
3906258527,2024-04-19 22:56:24,2024-04-19 22:56:24
3903806821,2024-04-18 19:50:25,2024-04-18 19:50:25
3902748633,2024-04-17 22:15:06,2024-04-17 00:00:00
3884917940,2024-04-05 20:18:21,2024-03-19 14:07:16
3905876974,2024-04-19 15:15:22,2024-04-19 15:15:22
3887575173,2024-04-09 03:17:24,2024-04-09 03:03:50
3899526404,2024-04-16 14:47:41,2024-04-16 00:00:00
3904572334,2024-04-19 18:26:16,2024-04-19 18:13:28
3887860423,2024-04-06 02:04:38,2024-04-05 00:00:00
3888943472,2024-04-09 03:30:43,2024-04-09 03:18:48
3904418387,2024-04-18 02:19:08,2024-04-17 00:00:00
3886868039,2024-04-09 10:21:53,2024-04-09 10:06:55
3905207360,2024-04-18 17:06:02,2024-04-18 16:54:08
3902783755,2024-04-18 01:51:06,2024-04-17 00:00:00
3904984719,2024-04-18 16:31:25,2024-04-18 16:17:13
3888029011,2024-04-06 11:19:16,2024-04-06 11:19:16
3901603198,2024-04-15 19:00:55,2024-04-15 19:00:55
3901801149,2024-04-15 21:08:19,2024-04-15 21:08:19
3904396330,2024-04-17 23:07:10,2024-04-17 22:56:43
3901939637,2024-04-18 20:19:51,2024-04-18 00:00:00
3891267046,2024-04-12 02:25:05,2024-04-12 02:25:05
3889446871,2024-04-09 10:08:03,2024-04-09 09:49:06
3891271515,2024-04-12 03:05:02,2024-04-12 02:52:51
3901346821,2024-04-18 14:16:07,2024-04-18 14:16:07
3904403817,2024-04-18 00:09:17,2024-04-17 23:58:04
3894681034,2024-04-12 06:49:25,2024-04-12 06:49:25
3905371910,2024-04-19 03:30:31,2024-04-19 00:00:00
3904945287,2024-04-18 15:20:01,2024-04-18 00:00:00
3902861952,2024-04-19 22:07:28,2024-04-19 22:07:28
3891271641,2024-04-12 03:11:18,2024-04-11 00:00:00
3902912666,2024-04-16 14:28:15,2024-04-16 00:00:00
3884915766,2024-04-05 20:10:42,2024-04-05 00:00:00
3905257305,2024-04-18 19:42:14,2024-04-18 19:42:14
3901954599,2024-04-18 21:44:51,2024-04-18 21:30:04
3895229001,2024-04-11 19:57:23,2024-04-11 19:57:23
3901945179,2024-04-18 20:53:51,2024-04-18 20:27:55
3905879756,2024-04-19 15:16:39,2024-04-19 15:16:39
3900075473,2024-04-15 19:48:01,2024-04-15 19:31:49
3905374313,2024-04-19 03:31:55,2024-04-19 03:19:30
3902785697,2024-04-18 02:16:29,2024-04-17 00:00:00
3905304457,2024-04-18 21:45:13,2024-04-18 21:28:06
3906224874,2024-04-19 21:40:37,2024-04-19 00:00:00
3898162081,2024-04-15 18:51:21,2024-04-15 18:51:21
3894676583,2024-04-12 06:50:35,2024-04-12 06:50:35
3901677783,2024-04-15 20:33:01,2024-04-15 20:33:01
3906083771,2024-04-19 18:30:14,2024-04-19 18:30:14
3894560343,2024-04-12 02:54:24,2024-04-12 02:42:21
3902951380,2024-04-16 15:28:28,2024-04-16 00:00:00
3902734885,2024-04-17 21:32:54,2024-04-17 00:00:00
3905301583,2024-04-18 21:29:28,2024-04-18 21:24:43
3903846376,2024-04-18 23:04:23,2024-04-18 22:41:48
3900963453,2024-04-17 22:45:41,2024-04-17 22:33:54
3888808011,2024-04-09 12:49:38,2024-04-09 12:49:38
3884803147,2024-04-06 00:00:52,2024-04-06 00:00:52
3891007074,2024-04-11 17:46:06,2024-04-11 17:46:06
3894549223,2024-04-12 01:50:04,2024-04-11 00:00:00
3905297937,2024-04-18 21:28:59,2024-04-18 00:00:00
3902865966,2024-04-19 22:35:41,2024-04-19 22:35:41
3882279550,2024-04-18 18:55:21,2024-04-18 18:55:21
3902732885,2024-04-17 21:18:54,2024-04-17 21:07:31
3904362237,2024-04-17 21:28:25,2024-04-17 00:00:00
3900080492,2024-04-15 20:16:11,2024-04-15 20:04:20
3906231107,2024-04-19 21:50:35,2024-04-19 21:33:30
3902809610,2024-04-19 18:21:36,2024-04-19 18:21:36
3902752057,2024-04-17 22:19:49,2024-04-17 22:00:35
3901372234,2024-04-18 16:20:34,2024-04-18 16:20:34
3891013609,2024-04-11 18:12:22,2024-04-11 18:12:22
3902783524,2024-04-18 01:26:32,2024-04-18 01:14:37
3903441687,2024-04-18 15:00:47,2024-04-18 15:00:47
3905397117,2024-04-19 04:23:21,2024-04-19 04:17:34
3904412999,2024-04-18 02:05:23,2024-04-17 00:00:00
3889179015,2024-04-09 06:38:31,2024-04-09 06:26:55
3901372764,2024-04-18 16:53:26,2024-04-18 16:38:10
3884497908,2024-04-06 00:05:28,2024-04-06 00:05:28
3903431777,2024-04-18 15:09:50,2024-04-18 14:45:11
3887904939,2024-04-09 04:36:16,2024-04-09 04:20:30
3886848115,2024-04-09 09:31:28,2024-04-09 00:00:00
3901944299,2024-04-18 20:51:50,2024-04-18 20:39:59
3902786483,2024-04-18 01:54:19,2024-04-18 01:54:19
3905827571,2024-04-19 12:41:37,2024-04-19 12:41:37
3894560792,2024-04-12 03:18:01,2024-04-11 00:00:00
3901987302,2024-04-19 03:08:25,2024-04-19 02:52:56
3905289402,2024-04-18 20:37:32,2024-04-18 20:25:48
3889748146,2024-04-09 12:41:45,2024-04-09 12:41:45
3906230667,2024-04-19 21:51:49,2024-04-19 00:00:00
3887880255,2024-04-06 02:56:16,2024-04-06 02:56:16
3891083082,2024-04-11 20:11:52,2024-04-11 00:00:00
3904995393,2024-04-18 16:50:44,2024-04-18 16:37:34
3895594807,2024-04-12 04:16:30,2024-04-12 04:16:30
3895555616,2024-04-12 03:42:12,2024-04-12 03:30:02
3904069826,2024-04-19 10:05:28,2024-04-19 00:00:00
3894209659,2024-04-11 17:24:27,2024-04-11 00:00:00
3905303434,2024-04-18 21:43:40,2024-04-18 21:24:34
3906230149,2024-04-19 21:45:09,2024-04-19 21:24:24
3904384988,2024-04-17 23:11:26,2024-04-17 22:37:00
3904711919,2024-04-19 22:02:49,2024-04-19 21:47:51
3901343906,2024-04-18 14:23:48,2024-04-18 14:11:51
3898156606,2024-04-15 18:57:34,2024-04-15 18:57:34
3905881017,2024-04-19 15:24:38,2024-04-19 15:12:11
3901941025,2024-04-18 18:52:55,2024-04-18 18:52:55
3902860964,2024-04-19 22:05:22,2024-04-19 22:05:22
3906254739,2024-04-19 23:10:30,2024-04-19 22:50:23
3894295270,2024-04-11 19:47:31,2024-04-11 19:34:25
3906074879,2024-04-19 18:20:48,2024-04-19 18:20:48
3905247588,2024-04-18 19:22:23,2024-04-18 19:09:47
3887998118,2024-04-09 09:21:34,2024-04-08 00:00:00
3903867909,2024-04-19 01:35:53,2024-04-19 01:35:53
3900941730,2024-04-17 21:15:16,2024-04-17 21:03:40
3903847509,2024-04-18 23:12:21,2024-04-18 23:12:21
3904778756,2024-04-20 00:26:08,2024-04-20 00:26:08
3903872382,2024-04-19 01:12:55,2024-04-19 00:59:39
3904577129,2024-04-19 18:47:03,2024-04-19 18:47:03
3904053952,2024-04-19 07:49:53,2024-04-19 07:49:53
3904964412,2024-04-18 15:57:57,2024-04-18 15:46:24
3900952075,2024-04-17 21:38:49,2024-04-17 21:26:53
3906076813,2024-04-19 18:33:12,2024-04-18 00:00:00
3895543351,2024-04-12 03:26:20,2024-04-12 03:11:37
3900961203,2024-04-17 21:55:12,2024-04-17 21:55:12
3903877804,2024-04-19 03:32:13,2024-04-19 00:00:00
3903847661,2024-04-18 23:52:31,2024-04-18 23:39:02
3895549323,2024-04-12 03:45:57,2024-04-12 03:25:35
3886215311,2024-04-06 19:13:50,2024-04-06 19:13:50
3905212055,2024-04-18 17:20:25,2024-04-18 16:57:48
3903826627,2024-04-18 21:36:46,2024-04-18 21:24:58
3886841246,2024-04-09 09:05:37,2024-04-09 08:58:47
3895570609,2024-04-12 04:26:08,2024-04-12 03:59:06
3886892718,2024-04-09 12:57:22,2024-04-09 12:57:22
3894680248,2024-04-12 06:51:40,2024-04-12 06:51:40
3891072517,2024-04-11 19:01:43,2024-04-11 19:01:43
3886893650,2024-04-09 13:05:50,2024-04-09 13:05:50
3906231674,2024-04-19 22:03:58,2024-04-19 00:00:00
3903472569,2024-04-18 17:02:55,2024-04-18 00:00:00
3891273825,2024-04-12 03:43:06,2024-04-12 03:20:15
3904405909,2024-04-18 00:17:11,2024-04-18 00:17:11
3894400126,2024-04-11 20:08:37,2024-04-11 19:56:18
3898172898,2024-04-15 21:16:14,2024-04-15 21:03:43
3904393667,2024-04-17 23:21:29,2024-04-17 23:09:15
3905287313,2024-04-18 20:25:45,2024-04-18 20:13:52
3904392603,2024-04-17 23:11:26,2024-04-17 22:49:38
3898167036,2024-04-15 19:40:14,2024-04-15 19:40:14
3902939226,2024-04-16 15:05:26,2024-04-16 00:00:00
3902836641,2024-04-19 21:28:53,2024-04-19 21:28:53
3887870885,2024-04-06 02:43:44,2024-04-06 02:28:04
3900964434,2024-04-17 22:57:02,2024-04-17 22:44:24
3901982681,2024-04-19 01:28:09,2024-04-19 01:28:09
3898167021,2024-04-15 19:45:22,2024-04-15 19:45:22
3889735880,2024-04-09 12:30:07,2024-04-09 12:30:07
3904086353,2024-04-19 12:14:53,2024-04-19 12:14:53
3904418826,2024-04-18 02:23:52,2024-04-17 00:00:00
3887580691,2024-04-09 03:59:12,2024-04-09 03:39:20
3901990073,2024-04-19 02:46:54,2024-04-18 00:00:00
3904366452,2024-04-17 22:11:33,2024-04-17 21:37:27
3895599271,2024-04-12 04:37:30,2024-04-11 00:00:00
3887864947,2024-04-06 02:23:07,2024-04-06 02:11:41
3904965018,2024-04-18 15:39:20,2024-04-18 15:39:20
3903476354,2024-04-18 17:03:25,2024-04-17 00:00:00
3901950316,2024-04-18 21:04:39,2024-04-18 21:04:39
3905876617,2024-04-19 15:13:53,2024-04-19 15:11:19
3904517018,2024-04-19 15:36:11,2024-04-19 15:25:42
3906258467,2024-04-19 23:06:24,2024-04-19 22:54:58
3904368373,2024-04-17 21:37:11,2024-04-17 21:37:11
3895514865,2024-04-12 02:04:21,2024-04-11 00:00:00
3894545838,2024-04-12 02:09:08,2024-04-12 01:57:04
3901341761,2024-04-18 14:05:39,2024-04-18 14:02:57
3905331363,2024-04-18 22:38:22,2024-04-17 00:00:00
3901349347,2024-04-18 14:36:28,2024-04-18 14:36:28
3901699117,2024-04-15 21:14:39,2024-04-15 21:02:38
3891297670,2024-04-12 04:43:03,2024-04-12 04:29:02
3885809518,2024-04-06 01:29:25,2024-04-05 00:00:00
3904986981,2024-04-18 16:40:04,2024-04-18 16:27:32
3901349295,2024-04-18 14:37:48,2024-04-18 14:37:48
3906099212,2024-04-19 19:26:59,2024-04-19 19:26:59
3900963393,2024-04-17 22:42:20,2024-04-17 22:27:11
3902357961,2024-04-19 14:56:49,2024-04-19 14:56:49
3901698121,2024-04-15 21:08:53,2024-04-15 20:52:00
3901377370,2024-04-18 16:28:24,2024-04-18 16:28:24
3900958564,2024-04-17 21:59:44,2024-04-17 21:45:00
3901952726,2024-04-18 21:42:35,2024-04-18 00:00:00
3902848057,2024-04-19 21:20:30,2024-04-19 21:20:30
3835324900,2024-04-05 21:11:29,2024-04-05 21:11:29
3904066063,2024-04-19 09:28:22,2024-03-25 09:15:12
3905887086,2024-04-19 15:20:15,2024-04-19 15:20:15
3904997864,2024-04-18 17:03:57,2024-04-18 16:47:55
3891250526,2024-04-12 01:07:59,2024-04-12 01:07:59
3903819043,2024-04-18 20:50:52,2024-04-18 20:34:14
3884438490,2024-04-05 20:47:16,2024-04-05 00:00:00
3894545530,2024-04-12 01:26:06,2024-04-12 01:14:17
3903452939,2024-04-18 15:58:21,2024-04-18 15:58:21
3884807487,2024-04-06 01:29:32,2024-04-06 01:18:16
3899536615,2024-04-16 15:11:31,2024-04-16 15:11:31
3887494717,2024-04-05 20:21:04,2024-04-05 20:10:32
3903477569,2024-04-18 17:39:51,2024-04-18 00:00:00
3903886801,2024-04-19 04:20:02,2024-04-19 04:06:24
3899528051,2024-04-16 14:30:29,2024-04-16 14:30:29
3905283695,2024-04-18 20:18:31,2024-04-18 00:00:00
3898168372,2024-04-15 20:14:47,2024-04-15 20:14:47
3905395460,2024-04-19 04:52:34,2024-04-18 00:00:00
3891076275,2024-04-11 19:13:00,2024-04-11 19:13:00
3905821586,2024-04-19 12:05:48,2024-04-19 12:05:48
3894603889,2024-04-12 04:33:27,2024-04-10 00:00:00
3903805110,2024-04-18 19:11:47,2024-04-18 18:59:35
3895813073,2024-04-12 04:59:17,2024-04-12 04:47:15
3902755723,2024-04-17 23:11:30,2024-04-17 22:50:09
3889417410,2024-04-09 09:12:26,2024-04-09 00:00:00
3903471515,2024-04-18 16:49:30,2024-04-18 16:38:43
3906090012,2024-04-19 18:30:32,2024-04-19 18:30:32
3901980673,2024-04-19 01:43:36,2024-04-19 01:31:06
3894211013,2024-04-11 17:19:25,2024-04-11 16:58:44
3905695048,2024-04-19 10:39:05,2024-04-18 00:00:00
3905884888,2024-04-19 15:35:16,2024-04-19 15:35:16
3895596704,2024-04-12 04:37:30,2024-04-11 00:00:00
3902746623,2024-04-17 21:56:28,2024-04-17 00:00:00
3901964618,2024-04-18 23:19:04,2024-04-18 23:19:04
3903826028,2024-04-18 21:17:13,2024-04-18 21:05:45
3903845879,2024-04-19 00:14:22,2024-04-15 00:00:00
3888411465,2024-04-09 10:16:20,2024-04-09 09:48:48
3894285757,2024-04-11 19:26:16,2024-04-11 19:14:12
3895234647,2024-04-11 20:13:51,2024-04-11 20:02:06
3886888563,2024-04-09 12:45:01,2024-04-09 12:45:01
3900948807,2024-04-17 21:38:00,2024-04-17 21:25:20
3902341891,2024-04-19 13:37:23,2024-04-19 13:37:23
3905338130,2024-04-18 23:01:10,2024-04-18 22:48:56
3905341062,2024-04-18 22:58:48,2024-04-18 22:58:48
3902316707,2024-04-19 08:32:17,2024-04-19 08:18:29
3900964031,2024-04-17 22:07:51,2024-04-17 22:07:51
3886884074,2024-04-09 11:57:50,2024-04-09 11:57:50
3903805726,2024-04-18 19:42:04,2024-04-18 19:36:49
3900984460,2024-04-18 03:05:16,2024-04-18 02:52:49
3904951415,2024-04-18 15:21:26,2024-04-18 15:16:57
3902312445,2024-04-19 06:46:29,2024-04-19 06:33:52
3906248768,2024-04-19 22:36:21,2024-04-19 22:24:25
3902836757,2024-04-19 21:16:39,2024-04-19 20:58:14
3902803346,2024-04-19 18:48:37,2024-04-19 18:48:37
3884437456,2024-04-05 20:42:19,2024-04-05 20:30:38
3889416431,2024-04-09 09:12:26,2024-04-09 00:00:00
3894565022,2024-04-12 03:16:38,2024-04-12 03:04:32
3901961306,2024-04-18 21:59:47,2024-04-18 21:59:47
3887876202,2024-04-06 02:43:44,2024-04-06 02:28:54
3895491368,2024-04-12 00:42:37,2024-03-18 00:30:39
3887839570,2024-04-06 01:26:37,2024-04-06 01:09:33
3885101748,2024-04-06 08:42:59,2024-04-06 08:42:59
3901353063,2024-04-18 14:40:02,2024-04-18 14:27:26
3895593836,2024-04-12 04:16:11,2024-04-12 04:16:11
3901993802,2024-04-19 04:26:27,2024-04-19 04:09:23
3904426909,2024-04-18 03:03:42,2024-03-24 02:51:08
3885807313,2024-04-06 00:58:22,2024-04-06 00:46:19
3902735397,2024-04-17 21:15:06,2024-04-17 21:02:38
3904364398,2024-04-17 21:38:12,2024-04-04 15:26:14
3895526464,2024-04-12 02:22:30,2024-04-12 02:10:59
3905801100,2024-04-19 11:06:54,2024-04-19 10:56:01
3903459792,2024-04-18 16:19:28,2024-04-18 16:19:28
3891807167,2024-04-12 05:04:42,2024-04-12 05:04:42
3902752677,2024-04-17 22:35:31,2024-04-17 00:00:00
3888031737,2024-04-06 22:50:54,2024-04-06 22:50:54
3884434981,2024-04-05 20:48:17,2024-04-05 20:35:54
3902316711,2024-04-19 08:32:16,2024-04-19 08:18:31
3895274534,2024-04-11 21:14:17,2024-04-11 21:01:22
3898165247,2024-04-15 19:49:42,2024-04-15 19:49:42
3889282733,2024-04-09 08:30:38,2024-04-09 08:30:38
3900093259,2024-04-16 02:53:06,2024-04-15 20:41:06
3906223481,2024-04-19 21:26:54,2024-04-19 21:14:29
3903846305,2024-04-18 22:49:26,2024-04-18 22:38:00
3900966257,2024-04-17 22:43:05,2024-04-17 22:30:13
3901553735,2024-04-16 18:47:14,2024-04-16 18:47:14
3904725128,2024-04-19 22:42:00,2024-04-19 00:00:00
3902911727,2024-04-16 14:21:25,2024-04-15 00:00:00
3884913832,2024-04-05 19:54:32,2024-04-05 19:54:32
3891263976,2024-04-12 02:42:47,2024-04-12 02:30:25
3904392638,2024-04-17 23:04:47,2024-04-17 22:51:07
3901169816,2024-04-16 15:12:41,2024-04-16 14:45:14
3904721986,2024-04-19 22:45:50,2024-04-19 00:00:00
3906226358,2024-04-19 21:41:08,2024-04-19 00:00:00
3905286353,2024-04-18 20:14:25,2024-04-18 20:14:25
3904986695,2024-04-18 16:31:40,2024-04-18 16:31:40
3901625829,2024-04-15 19:16:30,2024-04-15 19:16:30
3884819754,2024-04-06 02:54:12,2024-04-06 02:28:08
3905311205,2024-04-18 21:48:50,2024-04-18 21:38:12
3887940423,2024-04-09 07:48:52,2024-04-09 07:48:52
3888939840,2024-04-09 03:33:19,2024-04-09 03:20:31
3898161361,2024-04-15 19:11:24,2024-04-15 19:11:24
3902832708,2024-04-19 19:30:38,2024-04-19 19:30:38
3900970763,2024-04-17 23:38:56,2024-04-17 23:38:56
3904586505,2024-04-19 19:45:10,2024-04-19 19:45:10
3885111492,2024-04-06 23:18:08,2024-04-06 23:18:08
3905292682,2024-04-18 21:06:38,2024-04-18 20:51:39
3901939964,2024-04-18 20:43:17,2024-04-18 20:30:54
3901376462,2024-04-18 16:42:41,2024-04-18 16:30:50
3901365267,2024-04-18 16:04:12,2024-04-18 15:48:17
3895487647,2024-04-12 00:42:37,2024-03-18 00:30:39
3895867431,2024-04-12 06:53:55,2024-04-12 06:53:55
3905337171,2024-04-18 22:44:35,2024-04-18 22:44:35
3886839108,2024-04-09 09:05:35,2024-04-09 08:53:25
3905663721,2024-04-19 09:27:52,2024-04-19 09:16:02
3905358985,2024-04-19 02:19:56,2024-04-18 00:00:00
3905211090,2024-04-18 17:09:44,2024-04-18 16:57:57
3884444593,2024-04-05 21:04:10,2024-04-05 21:04:10
3889119985,2024-04-09 05:01:29,2024-04-03 16:51:39
3905334798,2024-04-18 23:02:15,2024-04-18 00:00:00
3886466156,2024-04-09 04:28:16,2024-04-09 04:03:21
3902953063,2024-04-16 15:28:28,2024-04-16 00:00:00
3906250574,2024-04-19 22:31:01,2024-04-19 22:18:14
3901901578,2024-04-18 18:28:37,2024-04-18 18:28:37
3884918380,2024-04-05 20:06:10,2024-04-05 19:57:05
3899517409,2024-04-16 14:25:57,2024-04-16 14:25:57
3891020611,2024-04-11 18:28:56,2024-04-11 00:00:00
3887487697,2024-04-05 20:06:33,2024-04-05 20:06:33
3904720717,2024-04-19 22:27:44,2024-04-19 00:00:00
3903471522,2024-04-18 17:13:28,2024-04-18 16:38:53
3886884293,2024-04-09 12:24:23,2024-04-09 12:24:23
3906082852,2024-04-19 18:28:54,2024-04-19 18:28:54
3894203599,2024-04-11 17:07:02,2024-04-11 16:51:28
3905207762,2024-04-18 17:15:27,2024-04-18 00:00:00
3906257190,2024-04-19 22:56:59,2024-04-19 00:00:00
3902867202,2024-04-19 21:56:37,2024-04-19 21:56:37
3898171698,2024-04-15 20:54:09,2024-04-15 20:54:09
3901677734,2024-04-15 20:44:15,2024-04-15 20:32:29
3884440092,2024-04-05 20:28:16,2024-04-05 20:28:16
3902755315,2024-04-17 22:50:41,2024-04-17 22:30:38
3895598798,2024-04-12 04:27:15,2024-04-12 04:27:15
3904981880,2024-04-18 16:33:46,2024-03-24 16:13:34
3906075906,2024-04-19 18:33:12,2024-04-18 00:00:00
3903817672,2024-04-18 20:45:50,2024-04-18 20:45:50
3906095668,2024-04-19 19:29:19,2024-04-19 19:29:19
3901463973,2024-04-15 18:45:31,2024-04-15 18:45:31
3903847429,2024-04-18 23:03:11,2024-04-18 22:50:40
3891077593,2024-04-11 19:33:07,2024-04-11 19:33:07
3894212402,2024-04-11 17:31:06,2024-04-11 17:31:06
3901679286,2024-04-15 20:44:55,2024-04-15 20:27:55
3884862095,2024-04-06 06:27:51,2024-04-06 06:15:34
3891089749,2024-04-11 21:11:44,2024-04-11 21:01:31
3901361578,2024-04-18 15:40:26,2024-04-18 15:27:54
3904419734,2024-04-18 02:23:53,2024-04-17 00:00:00
3898157827,2024-04-15 19:23:50,2024-04-15 19:23:50
3902368646,2024-04-19 15:36:31,2024-04-19 15:36:31
3905395339,2024-04-19 04:46:44,2024-04-18 00:00:00
3902807472,2024-04-19 18:16:13,2024-04-19 18:16:13
3905884193,2024-04-19 15:32:04,2024-04-19 00:00:00
3903873682,2024-04-19 02:24:21,2024-04-19 02:10:49
3895813797,2024-04-12 05:09:23,2024-04-12 04:58:32
3901940826,2024-04-18 20:25:45,2024-04-18 00:00:00
3887582456,2024-04-09 03:59:12,2024-04-09 03:40:44
3901395314,2024-04-18 17:57:10,2024-04-18 17:57:10
3905238398,2024-04-18 18:08:42,2024-04-18 18:08:42
3904411674,2024-04-18 01:31:56,2024-04-18 01:31:56
3899534676,2024-04-16 15:10:44,2024-04-16 15:10:44
3891069500,2024-04-11 18:29:54,2024-04-11 18:29:54
3884914271,2024-04-05 19:38:43,2024-04-05 19:38:43
3901986053,2024-04-19 02:24:25,2024-04-19 02:11:47
3886842318,2024-04-09 09:19:30,2024-04-09 09:06:12
3891073361,2024-04-11 18:56:52,2024-04-11 18:56:52
3905338779,2024-04-19 00:01:32,2024-04-18 23:40:21
3901374957,2024-04-18 17:06:38,2024-04-18 17:06:38
3884436258,2024-04-05 20:05:25,2024-04-05 20:05:25
3889767506,2024-04-09 13:21:27,2024-04-09 13:21:27
3884821957,2024-04-06 03:02:55,2024-04-05 00:00:00
3904366304,2024-04-17 21:34:08,2024-04-17 21:34:08
3900965069,2024-04-17 22:20:14,2024-04-17 22:08:10
3906259376,2024-04-19 23:07:30,2024-04-19 22:55:21
3904413620,2024-04-18 01:45:32,2024-04-18 01:45:32
3901373894,2024-04-18 16:55:34,2024-04-18 16:55:34
3887490335,2024-04-05 20:09:10,2024-04-05 20:09:10
3885104032,2024-04-06 07:43:22,2024-04-06 07:43:22
3902369567,2024-04-19 15:24:19,2024-04-19 15:24:19
3889415070,2024-04-09 08:55:30,2024-04-09 08:44:05
3894919970,2024-04-11 18:01:43,2024-04-11 18:01:43
3886218051,2024-04-07 02:24:12,2024-04-07 02:24:12
3900944120,2024-04-17 21:20:11,2024-03-23 21:08:26
3901987523,2024-04-19 03:15:08,2024-04-19 03:01:31
3905393593,2024-04-19 04:45:32,2024-04-19 00:00:00
3903875187,2024-04-19 02:22:29,2024-04-18 00:00:00
3902845333,2024-04-19 21:31:32,2024-04-19 21:31:32
3905343108,2024-04-18 23:10:28,2024-04-18 23:10:28
3903845884,2024-04-19 00:14:22,2024-04-11 00:00:00
3884434020,2024-04-05 19:44:49,2024-04-05 19:44:49
3848960304,2024-04-09 13:33:19,2024-04-09 13:33:19
3889709507,2024-04-09 11:41:32,2024-04-09 11:41:32
3904085734,2024-04-19 12:15:02,2024-04-18 00:00:00
3895524006,2024-04-12 02:01:48,2024-04-12 02:01:48
3906248338,2024-04-19 22:25:11,2024-04-19 22:05:31
3901937637,2024-04-18 19:29:27,2024-04-18 19:29:27
3905293216,2024-04-18 20:36:47,2024-04-18 20:36:47
3889427272,2024-04-09 09:37:12,2024-04-09 09:23:26
3894924915,2024-04-11 18:07:45,2024-04-11 18:07:45
3903832056,2024-04-18 21:24:52,2024-04-18 21:24:52
3895540457,2024-04-12 03:19:42,2024-04-11 00:00:00
3898175323,2024-04-15 20:59:26,2024-04-15 20:59:26
3898157607,2024-04-15 18:59:29,2024-04-15 18:59:29
3885107908,2024-04-06 19:44:53,2024-04-06 19:44:53
3904706371,2024-04-19 21:28:12,2024-04-19 21:17:42
3894950743,2024-04-11 18:28:00,2024-04-11 18:28:00
3901180080,2024-04-16 15:26:17,2024-04-16 00:00:00
3902952138,2024-04-16 15:26:42,2024-04-16 15:15:57
3903451024,2024-04-18 15:35:20,2024-04-18 15:35:20
3886449938,2024-04-09 03:38:39,2024-04-09 03:26:20
3898157745,2024-04-15 19:16:01,2024-04-15 19:16:01
3905299802,2024-04-18 21:33:44,2024-04-18 21:17:27
3901906850,2024-04-18 18:29:01,2024-04-18 18:29:01
3902919046,2024-04-16 14:29:59,2024-04-16 00:00:00
3887993579,2024-04-09 09:21:34,2024-04-08 00:00:00
3900954890,2024-04-17 21:58:08,2024-04-17 00:00:00
3662420217,2024-04-11 19:04:08,2024-04-11 19:04:08
3905854901,2024-04-19 14:27:33,2024-04-19 14:27:33
3901678013,2024-04-15 20:34:09,2024-04-15 20:22:56
3887858370,2024-04-06 01:58:19,2024-04-06 01:46:59
3895866492,2024-04-12 06:56:04,2024-04-12 06:56:04
3906251255,2024-04-19 22:21:18,2024-04-19 22:09:07
3905298285,2024-04-18 20:57:27,2024-04-18 20:57:27
3901932084,2024-04-18 18:35:23,2024-04-18 18:35:23
3901695728,2024-04-15 21:09:37,2024-04-15 00:00:00
3904577326,2024-04-19 19:01:42,2024-04-19 19:01:42
3901168755,2024-04-16 14:42:21,2024-04-16 14:42:21
3887869622,2024-04-06 02:30:54,2024-04-05 00:00:00
3902735463,2024-04-17 21:20:54,2024-04-17 21:04:25
3905371092,2024-04-19 02:29:06,2024-04-19 02:16:32
3902859897,2024-04-19 21:59:32,2024-04-19 21:43:47
3906228620,2024-04-19 21:45:16,2024-04-19 00:00:00
3905367052,2024-04-19 02:24:09,2024-04-19 02:01:32
3885811816,2024-04-06 02:18:19,2024-04-06 02:04:34
3904049992,2024-04-19 07:26:58,2024-04-19 07:14:06
3904389659,2024-04-17 23:02:12,2024-04-17 22:49:41
3888029021,2024-04-06 11:22:32,2024-04-06 11:22:32
3903433560,2024-04-18 14:46:02,2024-04-18 14:46:02
3887473220,2024-04-05 19:39:21,2024-04-05 19:39:21
3787839455,2024-04-18 00:29:32,2024-04-18 00:28:57
3904946376,2024-04-18 15:20:10,2024-04-18 00:00:00
3886887454,2024-04-09 12:48:11,2024-04-09 12:48:11
3902862923,2024-04-19 22:29:24,2024-04-19 22:29:24
3905325938,2024-04-18 22:30:12,2024-04-18 22:19:09
3898183034,2024-04-15 21:11:41,2024-04-15 21:11:41
3886452609,2024-04-09 03:38:39,2024-04-09 03:26:20
3903827231,2024-04-18 21:29:25,2024-04-18 21:16:40
3902866612,2024-04-19 22:22:33,2024-04-19 00:00:00
3902871024,2024-04-19 22:46:24,2024-04-19 22:46:24
3889462322,2024-04-09 10:10:51,2024-04-09 10:00:15
3905295575,2024-04-18 21:12:52,2024-04-18 21:01:01
3904368857,2024-04-17 21:59:48,2024-04-17 21:59:48
3901961570,2024-04-18 22:20:14,2024-04-18 22:20:14
3903820668,2024-04-18 21:47:43,2024-04-18 20:59:41
3902317672,2024-04-19 08:22:54,2024-04-19 08:22:54
3895541003,2024-04-12 03:07:16,2024-04-12 02:54:08
3891071625,2024-04-11 18:52:13,2024-04-11 18:52:13
3905683919,2024-04-19 10:21:28,2024-04-19 10:06:53
3904722442,2024-04-19 22:39:35,2024-04-19 22:28:50
3901989101,2024-04-19 02:47:22,2024-04-19 02:34:38
3885829518,2024-04-06 03:34:13,2024-04-05 00:00:00
3904715934,2024-04-19 22:25:09,2024-04-19 22:13:15
3894927468,2024-04-11 18:19:12,2024-04-11 00:00:00
3891266797,2024-04-12 03:11:18,2024-04-12 00:00:00
3901685711,2024-04-15 20:50:45,2024-04-15 00:00:00
3884934115,2024-04-05 20:43:01,2024-04-05 20:32:19
3904056038,2024-04-19 07:26:58,2024-04-19 07:14:18
3902347493,2024-04-19 13:13:35,2024-04-19 13:13:35
3901985278,2024-04-19 02:47:21,2024-04-19 02:34:36
3894298985,2024-04-11 20:10:09,2024-04-11 20:10:09
3885840300,2024-04-06 09:58:33,2024-04-06 03:43:44
3895546244,2024-04-12 03:28:18,2024-03-18 03:16:51
3902329000,2024-04-19 09:19:24,2024-04-19 09:05:59
3755323506,2024-04-15 19:09:28,2024-04-15 19:09:28
3903810032,2024-04-18 19:42:04,2024-04-18 19:36:44
3900941609,2024-04-17 21:09:28,2024-04-17 20:57:27
3884857008,2024-04-06 04:41:59,2024-04-06 04:30:04
3900941608,2024-04-17 21:09:28,2024-04-17 20:57:27
3888431953,2024-04-09 10:30:45,2024-04-08 00:00:00
3902356405,2024-04-19 14:47:43,2024-04-19 00:00:00
3904364415,2024-04-17 21:38:54,2024-04-17 21:26:55
3888451953,2024-04-09 10:34:40,2024-04-09 00:00:00
3887479477,2024-04-05 19:55:26,2024-04-05 19:55:26
3895563848,2024-04-12 04:00:37,2024-04-11 00:00:00
3902848481,2024-04-19 21:45:55,2024-04-19 21:33:27
3902349190,2024-04-19 13:16:54,2024-04-19 13:16:54
3906089954,2024-04-19 18:54:35,2024-04-19 18:54:35
3904959849,2024-04-18 15:59:04,2024-04-18 15:47:56
3906095543,2024-04-19 19:20:39,2024-04-19 00:00:00
3901982631,2024-04-19 01:19:02,2024-04-19 01:19:02
3904991723,2024-04-18 16:52:28,2024-04-18 00:00:00
3886838590,2024-04-09 09:19:30,2024-04-09 09:06:24
3900094264,2024-04-15 21:01:37,2024-03-21 20:50:26
3902867524,2024-04-19 22:38:49,2024-04-19 22:27:04
3903843269,2024-04-18 22:41:26,2024-04-18 22:30:01
3904366109,2024-04-17 21:40:24,2024-04-17 21:28:14
3904413297,2024-04-18 01:09:16,2024-04-18 00:57:38
3900938943,2024-04-17 21:15:42,2024-04-17 21:04:40
3906249279,2024-04-19 22:23:42,2024-04-19 22:06:19
3895276028,2024-04-11 21:14:01,2024-04-11 21:00:41
3906221675,2024-04-19 21:20:11,2024-04-19 21:06:52
3900983482,2024-04-18 03:07:00,2024-04-18 02:53:08
3902926891,2024-04-16 14:51:39,2024-04-02 00:00:00
3900983348,2024-04-18 02:48:15,2024-04-18 02:34:57
3902808861,2024-04-19 18:24:49,2024-04-19 18:24:49
3894551547,2024-04-12 02:18:45,2024-04-12 02:06:02
3904396393,2024-04-17 23:13:28,2024-04-17 23:02:15
3899525265,2024-04-16 14:25:12,2024-04-16 14:25:12
3894991744,2024-04-11 18:50:51,2024-04-11 18:50:51
3901395290,2024-04-18 17:53:04,2024-04-18 17:53:04
3894287437,2024-04-11 19:26:16,2024-04-11 19:14:10
3895830232,2024-04-12 05:38:22,2024-04-11 00:00:00
3895813076,2024-04-12 04:59:17,2024-04-12 04:47:18
3891254073,2024-04-12 00:46:55,2024-04-12 00:34:11
3902349403,2024-04-19 13:34:59,2024-04-19 13:34:59
3905665584,2024-04-19 09:31:05,2024-04-17 00:00:00
3884804043,2024-04-05 23:59:42,2024-04-05 23:59:42
3902781487,2024-04-18 00:28:07,2024-04-18 00:28:07
3906265319,2024-04-20 00:17:22,2024-04-20 00:17:22
3905832220,2024-04-19 12:48:10,2024-04-19 12:48:10
3904390655,2024-04-17 23:04:25,2024-04-17 00:00:00
3905296555,2024-04-18 21:00:28,2024-04-18 21:00:28
3905868310,2024-04-19 14:43:49,2024-04-19 14:43:49
3902348604,2024-04-19 13:40:26,2024-04-19 13:40:26
3902358750,2024-04-19 15:05:46,2024-04-19 14:55:01
3901670718,2024-04-15 20:27:24,2024-04-15 20:14:58
3904569842,2024-04-19 18:33:30,2024-04-19 18:33:30
3905376620,2024-04-19 04:01:33,2024-04-19 03:50:23
3902782966,2024-04-18 01:45:00,2024-04-17 00:00:00
3889776148,2024-04-09 13:29:48,2024-04-09 13:29:48
3905347657,2024-04-19 01:02:06,2024-04-18 00:00:00
3901390911,2024-04-18 18:16:57,2024-04-18 18:16:57
3901350929,2024-04-18 15:06:21,2024-04-18 14:54:08
3902361034,2024-04-19 14:42:29,2024-04-19 14:31:02
3894545932,2024-04-12 02:12:19,2024-04-11 00:00:00
3902755327,2024-04-17 22:48:08,2024-04-17 22:31:11
3902347334,2024-04-19 12:47:27,2024-04-19 12:47:27
3903809532,2024-04-18 20:11:04,2024-04-18 19:57:58
3885858454,2024-04-06 04:36:37,2024-04-06 04:21:42
3904975082,2024-04-18 16:03:34,2024-04-18 16:03:34
3902955020,2024-04-16 15:16:27,2024-04-16 15:16:27
3904982958,2024-04-18 16:33:01,2024-04-18 16:16:14
3905328986,2024-04-18 22:48:00,2024-04-18 00:00:00
3901698530,2024-04-15 21:12:23,2024-04-15 20:59:44
3901354797,2024-04-18 14:55:35,2024-04-18 14:55:29
3895248757,2024-04-11 20:10:26,2024-04-11 20:10:26
3900964362,2024-04-17 22:41:23,2024-04-17 22:30:12
3904409642,2024-04-18 00:48:26,2024-04-18 00:48:26
3895865513,2024-04-12 06:53:30,2024-04-12 06:53:30
3902863821,2024-04-19 22:20:42,2024-04-19 22:20:42
3899527481,2024-04-16 14:44:33,2024-04-16 14:44:33
3902786393,2024-04-18 01:51:44,2024-04-18 01:32:13
3901378583,2024-04-18 16:55:39,2024-04-18 16:55:39
3901677445,2024-04-15 20:38:23,2024-04-15 20:27:41
3902833350,2024-04-19 18:53:42,2024-04-19 18:53:42
3901942309,2024-04-18 19:35:38,2024-04-18 19:35:38
3902864961,2024-04-19 22:42:39,2024-04-19 22:30:01
3902753543,2024-04-17 22:39:35,2024-04-17 22:28:50
3894297080,2024-04-11 19:47:13,2024-04-11 19:31:45
3905609678,2024-04-19 05:58:12,2024-04-19 05:58:12
3884822297,2024-04-06 02:54:12,2024-04-06 02:28:08
3903482440,2024-04-18 17:53:51,2024-04-18 17:42:04
3901649537,2024-04-15 19:58:38,2024-04-15 19:58:38
3903898031,2024-04-19 04:54:33,2024-04-19 00:00:00
3887835848,2024-04-06 00:25:29,2024-04-06 00:25:29
3904429456,2024-04-18 02:50:57,2024-04-17 00:00:00
3904392090,2024-04-17 22:26:04,2024-04-17 22:26:04
3895547176,2024-04-12 03:26:27,2024-04-12 03:14:38
3901377654,2024-04-18 17:04:05,2024-04-18 17:04:05
3891269687,2024-04-12 03:11:18,2024-04-11 00:00:00
3888029744,2024-04-06 20:34:21,2024-04-06 20:34:21
3904392457,2024-04-17 22:53:20,2024-04-17 22:41:25
3905839953,2024-04-19 13:37:01,2024-04-19 13:37:01
3904368093,2024-04-17 21:41:57,2024-04-17 00:00:00
3887892618,2024-04-06 03:37:34,2024-04-06 03:25:59
3887855710,2024-04-06 02:06:19,2024-04-05 00:00:00
3891041079,2024-04-11 18:44:16,2024-04-11 18:21:32
3905860161,2024-04-19 14:30:31,2024-03-25 14:16:44
3904713082,2024-04-19 21:25:32,2024-04-19 21:25:32
3904581349,2024-04-19 19:17:10,2024-04-19 19:17:10
3895516483,2024-04-12 02:06:18,2024-04-12 01:52:27
3886444682,2024-04-09 03:10:35,2024-04-09 02:58:44
3901989370,2024-04-19 03:08:10,2024-04-19 02:57:07
3887572840,2024-04-09 03:21:24,2024-04-08 00:00:00
3901372826,2024-04-18 16:43:35,2024-04-18 16:43:35
3902756684,2024-04-17 23:05:20,2024-04-17 22:52:09
3905870277,2024-04-19 14:51:28,2024-04-19 14:51:28
3884856544,2024-04-06 05:24:27,2024-04-06 05:13:00
3902763238,2024-04-18 00:15:07,2024-03-24 00:00:34
3891255634,2024-04-12 01:47:09,2024-04-12 01:47:09
3901949270,2024-04-18 21:09:52,2024-04-18 20:57:58
3905366004,2024-04-19 02:19:56,2024-04-18 00:00:00
3888935756,2024-04-09 03:17:31,2024-04-09 03:05:50
3904072605,2024-04-19 10:31:44,2024-04-18 00:00:00
3891836461,2024-04-12 06:46:23,2024-04-12 06:33:15
3895801443,2024-04-12 04:27:16,2024-04-12 04:27:16
3891072357,2024-04-11 18:46:32,2024-04-11 18:34:55
3904400902,2024-04-17 23:40:13,2024-04-17 23:40:13
3904989442,2024-04-18 16:41:20,2024-04-18 16:20:50
3905320208,2024-04-18 22:23:56,2024-04-18 22:03:40
3898162530,2024-04-15 20:13:38,2024-04-15 20:13:38
3904926451,2024-04-18 14:23:32,2024-04-18 00:00:00
3901178344,2024-04-16 15:19:16,2024-04-16 15:07:31
3898155802,2024-04-15 18:55:22,2024-04-15 18:55:22
3905337165,2024-04-18 22:52:48,2024-04-18 22:41:27
3901984289,2024-04-19 02:52:21,2024-04-19 02:28:58
3904092287,2024-04-19 12:42:44,2024-04-19 12:42:44
3902830702,2024-04-19 19:30:41,2024-04-19 19:30:41
3905311207,2024-04-18 21:49:11,2024-04-18 00:00:00
3902915476,2024-04-16 14:24:27,2024-04-16 14:13:04
3904428222,2024-04-18 02:39:00,2024-04-18 02:28:02
3904096779,2024-04-19 14:15:52,2024-04-19 14:04:50
3904951238,2024-04-18 15:32:36,2024-04-18 00:00:00
3902320485,2024-04-19 08:32:16,2024-04-19 08:18:32
3905364725,2024-04-19 02:36:17,2024-04-19 02:23:55
3887102731,2024-04-09 13:39:11,2024-04-09 13:39:11
3905363932,2024-04-19 02:38:15,2024-04-19 02:27:24
3901992291,2024-04-19 03:46:24,2024-04-19 03:34:55
3904042142,2024-04-19 05:54:53,2024-04-19 05:54:53
3902864548,2024-04-19 22:07:06,2024-04-19 21:55:34
3903887593,2024-04-19 04:06:16,2024-04-19 03:55:10
3903481129,2024-04-18 17:27:18,2024-04-18 17:27:18
3906085385,2024-04-19 18:39:11,2024-03-25 18:27:15
3902841678,2024-04-19 21:17:22,2024-04-19 21:04:21
3904423505,2024-04-18 02:33:38,2024-04-18 02:21:52
3906225154,2024-04-19 21:20:11,2024-04-19 21:06:50
3901982646,2024-04-19 01:29:37,2024-04-19 01:18:25
3901630201,2024-04-15 19:21:21,2024-04-15 19:21:21
3903867969,2024-04-19 02:02:15,2024-04-19 01:44:28
3901398801,2024-04-18 18:25:58,2024-04-18 18:25:58
3887845001,2024-04-06 01:02:37,2024-04-05 00:00:00
3901987330,2024-04-19 03:05:21,2024-04-19 02:54:05
3906258268,2024-04-19 23:19:11,2024-04-19 22:48:10
3902753181,2024-04-17 22:35:26,2024-04-17 22:13:34
3904726119,2024-04-19 22:57:11,2024-04-19 22:31:44
3900954425,2024-04-17 21:36:19,2024-04-17 21:36:19
3891015596,2024-04-11 18:12:15,2024-04-11 18:12:15
3904984858,2024-04-18 16:31:15,2024-04-17 00:00:00
3887997138,2024-04-09 09:21:34,2024-04-08 00:00:00
3904949761,2024-04-18 15:19:55,2024-04-18 15:19:55
3905357624,2024-04-19 01:34:46,2024-04-19 01:22:44
3904997211,2024-04-18 16:49:06,2024-04-18 16:38:01
3904960008,2024-04-18 15:44:35,2024-04-18 15:29:24
3887837922,2024-04-06 00:42:14,2024-04-06 00:42:14
3904703923,2024-04-19 21:25:11,2024-03-28 00:00:00
3904070609,2024-04-19 10:23:31,2024-03-25 10:09:44
3889295387,2024-04-09 08:42:36,2024-04-09 08:29:35
3904413072,2024-04-18 01:04:15,2024-04-18 01:04:15
3895204792,2024-04-11 19:18:47,2024-04-11 19:18:47
3887915705,2024-04-09 05:19:43,2024-04-09 04:57:53
3895598136,2024-04-12 04:28:15,2024-04-12 04:15:37
3906255282,2024-04-19 22:58:02,2024-04-19 22:45:48
3885822304,2024-04-06 02:49:04,2024-04-06 02:37:25
3903870900,2024-04-19 02:16:13,2024-04-18 00:00:00
3904359718,2024-04-17 21:07:25,2024-04-17 21:04:30
3895543115,2024-04-12 03:17:41,2024-04-11 00:00:00
3903485478,2024-04-18 18:01:08,2024-04-18 18:01:08
3888946378,2024-04-09 03:36:37,2024-03-15 03:24:40
3906233326,2024-04-19 21:54:00,2024-04-19 21:42:45
3900947511,2024-04-17 21:38:43,2024-04-17 21:19:59
3901957757,2024-04-18 21:46:12,2024-04-18 21:46:12
3900070472,2024-04-15 19:10:23,2024-04-15 00:00:00
3890895154,2024-04-11 17:12:41,2024-04-11 17:12:41
3903462698,2024-04-18 16:34:04,2024-04-18 16:18:50
3906233513,2024-04-19 22:01:33,2024-04-19 21:50:07
3905300792,2024-04-18 21:32:00,2024-04-18 21:20:23
3906099184,2024-04-19 19:24:26,2024-04-19 19:24:26
3905377475,2024-04-19 04:19:24,2024-04-19 03:59:46
3905667452,2024-04-19 09:30:07,2024-04-19 09:16:53
3904513101,2024-04-19 15:21:51,2024-04-19 15:09:17
3906084962,2024-04-19 18:35:53,2024-04-19 18:35:40
3894888768,2024-04-11 17:48:22,2024-04-11 17:48:22
3904988837,2024-04-18 16:30:28,2024-04-18 16:30:28
3904099310,2024-04-19 13:45:09,2024-04-19 13:45:09
3903816549,2024-04-18 20:50:52,2024-04-18 20:34:17
3903481171,2024-04-18 17:28:48,2024-04-18 17:28:48
3906091904,2024-04-19 18:57:58,2024-04-19 18:57:58
3904424984,2024-04-18 03:04:38,2024-04-18 02:51:00
3900077629,2024-04-15 20:05:29,2024-04-15 19:53:14
3902802246,2024-04-19 18:02:07,2024-04-19 18:02:07
3906250452,2024-04-19 22:24:24,2024-04-19 22:13:07
3901640232,2024-04-15 19:45:29,2024-04-15 19:45:29
3905852585,2024-04-19 14:09:31,2024-04-19 14:09:31
3895270915,2024-04-11 21:14:17,2024-04-11 21:01:23
3900941793,2024-04-17 21:10:04,2024-04-17 21:10:04
3887104565,2024-04-09 13:37:14,2024-04-09 13:37:14
3894283569,2024-04-11 19:08:10,2024-04-11 18:40:41
3903877135,2024-04-19 02:46:48,2024-04-19 02:34:12
3905869894,2024-04-19 15:13:28,2024-04-19 15:00:04
3898164173,2024-04-15 19:45:32,2024-04-15 19:45:32
3886820978,2024-04-09 07:18:56,2024-04-09 07:06:05
3886456906,2024-04-09 03:57:06,2024-04-09 03:45:28
3903473471,2024-04-18 16:51:48,2024-04-18 16:38:39
3905348626,2024-04-19 00:46:13,2024-04-18 00:00:00
3905234788,2024-04-18 17:56:27,2024-04-18 17:55:13
3901674074,2024-04-15 20:22:10,2024-04-15 20:10:43
3906232046,2024-04-19 21:50:35,2024-04-19 21:33:28
3901937917,2024-04-18 20:21:33,2024-04-18 20:09:06
3906226816,2024-04-19 21:29:14,2024-04-19 21:29:14
3903823752,2024-04-18 21:21:33,2024-04-17 00:00:00
3903809737,2024-04-18 20:16:39,2024-04-18 20:07:25
3905352117,2024-04-19 00:32:43,2024-04-18 00:00:00
3901696072,2024-04-15 21:03:23,2024-03-21 20:51:03
3889705630,2024-04-09 11:17:06,2024-04-09 11:17:06
3904510280,2024-04-19 15:27:55,2024-04-19 00:00:00
3902865233,2024-04-19 21:56:27,2024-04-19 21:44:00
3904509114,2024-04-19 14:46:18,2024-04-19 14:46:18
3905329575,2024-04-18 22:43:47,2024-04-18 22:28:06
3894214619,2024-04-11 17:42:16,2024-04-11 17:42:16
3900950648,2024-04-17 21:40:44,2024-04-17 21:40:44
3903814523,2024-04-18 20:31:34,2024-04-18 20:20:25
3884896493,2024-04-06 06:44:01,2024-04-06 06:44:01
3905293486,2024-04-18 20:57:45,2024-04-18 20:57:45
3884816812,2024-04-06 02:26:38,2024-04-05 00:00:00
3894890456,2024-04-11 17:19:38,2024-04-11 17:19:38
3884442424,2024-04-05 21:08:24,2024-04-05 20:57:07
3887496817,2024-04-05 20:19:54,2024-04-05 20:19:54
3894556426,2024-04-12 02:43:34,2024-04-12 02:31:07
3904391524,2024-04-17 22:54:51,2024-04-17 22:48:44
3902903527,2024-04-16 14:38:15,2024-04-16 14:38:15
3905258355,2024-04-18 19:48:22,2024-04-18 19:48:22
3884939469,2024-04-05 20:59:42,2024-04-05 20:59:42
3902369135,2024-04-19 15:11:43,2024-04-19 15:11:43
3884448485,2024-04-05 21:10:28,2024-04-05 21:10:28
3905207302,2024-04-18 17:04:01,2024-04-18 16:52:56
3889707900,2024-04-09 11:51:53,2024-04-09 11:51:53
3899531620,2024-04-16 15:04:03,2024-04-16 15:04:03
3884440143,2024-04-05 20:21:21,2024-04-05 20:21:21
3902742575,2024-04-17 21:44:28,2024-04-17 21:32:18
3902831539,2024-04-19 19:23:20,2024-04-19 19:23:20
3886836922,2024-04-09 09:19:30,2024-04-09 09:06:31
3898159310,2024-04-15 20:18:40,2024-04-15 20:18:40
3887870710,2024-04-06 02:35:46,2024-04-06 02:23:56
3905380051,2024-04-19 03:52:37,2024-04-19 03:32:53
3901634149,2024-04-15 19:29:28,2024-04-15 19:29:28
3902744018,2024-04-17 21:22:49,2024-04-17 21:22:49
3905239403,2024-04-18 18:06:15,2024-04-18 18:06:15
3884899422,2024-04-06 07:15:19,2024-04-06 07:15:19
3906220965,2024-04-19 21:26:09,2024-04-19 00:00:00
3904568031,2024-04-19 18:15:55,2024-04-19 18:03:26
3904420645,2024-04-18 02:30:17,2024-04-18 02:15:25
3903475880,2024-04-18 17:15:13,2024-04-18 17:15:13
3900943283,2024-04-17 21:12:54,2024-04-17 00:00:00
3904961107,2024-04-18 15:43:14,2024-04-18 15:32:18
3900079074,2024-04-15 19:40:29,2024-04-15 19:40:29
3891815276,2024-04-12 06:23:17,2024-04-12 06:23:17
3884440307,2024-04-05 20:35:50,2024-04-05 20:35:50
3901958358,2024-04-18 21:29:00,2024-04-18 21:29:00
3888945057,2024-04-09 03:17:19,2024-04-09 03:17:19
3901949079,2024-04-18 20:47:19,2024-04-18 20:47:19
3900075971,2024-04-15 20:09:09,2024-04-15 19:56:28
3905246685,2024-04-18 19:15:47,2024-04-18 19:15:47
3901397106,2024-04-18 18:27:40,2024-04-18 00:00:00
3902750766,2024-04-17 22:38:27,2024-04-17 22:18:23
3886461842,2024-04-09 04:05:29,2024-04-09 03:54:09
3904952412,2024-04-18 15:21:25,2024-04-18 15:17:00
3902800492,2024-04-19 18:01:45,2024-04-19 18:01:45
3901664326,2024-04-15 20:22:31,2024-04-15 00:00:00
3902356394,2024-04-19 14:47:42,2024-04-19 14:34:52
3901638896,2024-04-15 20:03:55,2024-04-14 00:00:00
3889419940,2024-04-09 09:17:25,2024-04-09 09:17:25
3889717689,2024-04-09 12:17:33,2024-04-09 12:17:33
3895808811,2024-04-12 05:03:40,2024-04-11 00:00:00
3905366542,2024-04-19 02:44:10,2024-04-19 02:28:29
3894924243,2024-04-11 18:24:50,2024-04-11 18:24:50
3894877672,2024-04-11 17:13:34,2024-04-11 17:13:34
3895539788,2024-04-12 03:17:06,2024-04-10 00:00:00
3901963364,2024-04-18 22:24:41,2024-04-18 22:12:03
3904393156,2024-04-17 22:54:36,2024-04-17 00:00:00
3903459065,2024-04-18 16:17:40,2024-04-18 15:53:19
3903469971,2024-04-18 16:51:20,2024-04-18 16:39:43
3905302706,2024-04-18 21:39:47,2024-04-18 21:27:47
3902860953,2024-04-19 22:19:58,2024-04-19 22:04:18
3905269925,2024-04-18 20:01:58,2024-04-18 20:01:58
3905283615,2024-04-18 20:22:50,2024-04-18 00:00:00
3900977333,2024-04-17 23:47:26,2024-04-17 23:47:26
3901938998,2024-04-18 20:53:50,2024-04-18 20:27:55
3891244876,2024-04-12 00:23:37,2024-04-11 00:00:00
3902756588,2024-04-17 23:09:29,2024-04-17 00:00:00
3904952707,2024-04-18 15:34:46,2024-04-18 00:00:00
3886446308,2024-04-09 03:11:13,2024-04-08 00:00:00
3901393068,2024-04-18 17:18:13,2024-04-18 17:18:13
3904406095,2024-04-17 23:50:22,2024-03-23 23:40:12
3900960597,2024-04-17 22:31:47,2024-04-17 22:19:53
3902883087,2024-04-20 00:00:06,2024-04-20 00:00:06
3901937901,2024-04-18 20:07:52,2024-04-18 20:07:52
3902790421,2024-04-18 02:52:10,2024-04-18 02:39:13
3905252142,2024-04-18 19:15:22,2024-04-18 00:00:00
3888953776,2024-04-09 03:46:14,2024-04-09 03:31:14
3901388739,2024-04-18 17:55:06,2024-04-18 17:55:06
3905852507,2024-04-19 14:25:22,2024-04-19 14:08:59
3903817420,2024-04-18 20:50:52,2024-04-18 20:34:04
3891288838,2024-04-12 04:25:48,2024-04-12 04:08:02
3904575426,2024-04-19 18:53:49,2024-04-19 18:53:49
3885100981,2024-04-06 10:15:25,2024-04-06 10:15:25
3904927042,2024-04-18 14:20:34,2024-04-18 14:00:14
3895216572,2024-04-11 19:57:14,2024-04-11 19:43:16
3890895287,2024-04-11 17:28:08,2024-04-11 17:28:08
3891084510,2024-04-11 20:17:24,2024-04-11 20:17:24
3889285842,2024-04-09 08:36:46,2024-04-09 08:19:17
3895808696,2024-04-12 05:04:33,2024-04-12 00:00:00
3904087641,2024-04-19 12:42:51,2024-04-19 12:42:51
3895541213,2024-04-12 03:13:43,2024-04-12 02:59:38
3906075907,2024-04-19 18:33:12,2024-04-19 00:00:00
3891070956,2024-04-11 19:24:47,2024-04-11 19:24:47
3901356452,2024-04-18 15:07:42,2024-04-18 15:07:42
3898162222,2024-04-15 19:19:13,2024-04-15 19:06:01
3887579312,2024-04-09 03:37:01,2024-04-09 03:25:15
3887573937,2024-04-09 03:42:37,2024-04-09 03:28:02
3903805644,2024-04-18 19:46:03,2024-04-18 19:31:42
3902352369,2024-04-19 13:44:08,2024-04-19 13:44:08
3906227614,2024-04-19 21:43:18,2024-04-19 21:20:59
3891006465,2024-04-11 17:50:53,2024-04-11 17:50:53
3891016623,2024-04-11 18:12:39,2024-04-11 18:12:39
3887586849,2024-04-09 04:15:55,2024-04-09 03:45:27
3895806379,2024-04-12 04:53:18,2024-04-11 00:00:00
3885821519,2024-04-06 02:51:27,2024-04-06 02:39:21
3903453784,2024-04-18 15:55:21,2024-04-18 15:55:21
3905238306,2024-04-18 18:01:59,2024-04-18 18:01:59
3889717528,2024-04-09 12:28:19,2024-04-09 12:16:42
3895557580,2024-04-12 03:48:53,2024-04-12 03:33:33
3904711041,2024-04-19 21:33:24,2024-04-19 21:20:33
3884818895,2024-04-06 02:42:49,2024-04-06 02:30:26
3904395183,2024-04-17 23:02:33,2024-04-17 22:50:08
3886476731,2024-04-09 04:32:33,2024-04-09 04:20:35
3903840811,2024-04-18 22:23:53,2024-04-18 22:23:53
3886886015,2024-04-09 12:23:58,2024-04-09 12:23:58
3906229726,2024-04-19 21:52:29,2024-04-19 00:00:00
3888808580,2024-04-09 12:55:47,2024-04-09 12:55:47
3894543933,2024-04-12 01:26:06,2024-04-12 01:14:12
3906259199,2024-04-19 23:01:13,2024-04-19 00:00:00
3886894644,2024-04-09 13:13:04,2024-04-09 13:13:04
3899523205,2024-04-16 14:37:56,2024-04-16 14:37:56
3885823563,2024-04-06 03:04:01,2024-04-06 02:51:58
3903466857,2024-04-18 16:29:32,2024-04-18 16:29:32
3904365662,2024-04-17 21:47:47,2024-04-17 21:35:54
3884855214,2024-04-06 04:43:14,2024-04-06 04:31:42
3901375854,2024-04-18 17:04:01,2024-04-18 17:04:01
3884437510,2024-04-05 20:36:15,2024-04-05 20:36:15
3887838190,2024-04-06 00:07:15,2024-04-05 23:54:20
3764329709,2024-04-18 21:55:21,2024-04-18 21:55:21
3903823513,2024-04-18 21:19:23,2024-04-18 00:00:00
3884435534,2024-04-05 20:12:34,2024-04-05 20:12:34
3895594497,2024-04-12 04:28:32,2024-04-12 04:12:32
3903849057,2024-04-18 22:58:30,2024-04-18 22:46:37
3905820379,2024-04-19 11:49:45,2024-04-19 11:49:45
3904946018,2024-04-18 15:02:36,2024-04-18 15:02:36
3887574625,2024-04-09 03:28:22,2024-04-08 00:00:00
3887884511,2024-04-06 03:16:25,2024-03-12 03:04:28
3901620051,2024-04-15 19:06:33,2024-04-15 19:06:33
3895826428,2024-04-12 05:17:47,2024-04-12 05:17:47
3887499066,2024-04-05 20:10:03,2024-04-05 20:10:03
3895827706,2024-04-12 05:38:17,2024-04-12 05:25:59
3888803724,2024-04-09 13:01:18,2024-04-09 12:49:44
3904367434,2024-04-17 21:53:31,2024-04-17 21:41:19
3901664804,2024-04-15 20:24:24,2024-04-15 20:08:47
3901947304,2024-04-18 21:09:29,2024-04-18 20:55:45
3903811877,2024-04-18 20:40:23,2024-04-17 00:00:00
3906252977,2024-04-19 22:59:28,2024-04-19 22:47:55
3901173057,2024-04-16 14:41:30,2024-04-16 14:41:30
3905393716,2024-04-19 04:52:34,2024-04-18 00:00:00
3887701518,2024-04-05 20:26:37,2024-04-05 20:26:37
3901938293,2024-04-18 19:06:13,2024-04-18 19:06:13
3884434148,2024-04-05 20:03:05,2024-04-05 19:51:49
3887479173,2024-04-05 19:53:37,2024-04-05 19:53:37
3901996396,2024-04-19 04:12:51,2024-04-18 00:00:00
3902865825,2024-04-19 22:36:41,2024-04-19 22:36:41
3902914629,2024-04-16 14:29:59,2024-04-16 00:00:00
3884989876,2024-04-06 00:15:05,2024-03-11 23:59:39
3901938883,2024-04-18 20:30:48,2024-04-18 20:16:57
3899526360,2024-04-16 14:37:03,2024-04-16 14:37:03
3905299732,2024-04-18 21:31:25,2024-04-18 21:15:30
3901954769,2024-04-18 21:48:15,2024-04-18 21:35:52
3903430565,2024-04-18 14:27:10,2024-04-18 00:00:00
3903843361,2024-04-18 22:45:35,2024-04-18 22:33:37
3889484819,2024-04-09 10:29:30,2024-04-09 10:17:41
3904391329,2024-04-17 22:44:12,2024-04-17 22:44:12
3905299812,2024-04-18 21:30:48,2024-04-18 21:30:48
3902863646,2024-04-19 22:15:25,2024-04-19 22:03:35
3904056932,2024-04-19 09:07:37,2024-04-19 08:56:18
3904366662,2024-04-17 21:46:14,2024-04-17 21:46:14
3891272477,2024-04-12 03:10:58,2024-04-12 02:59:01
3894660083,2024-04-12 06:05:41,2024-04-12 05:49:03
3906261765,2024-04-20 00:08:55,2024-04-20 00:08:55
3900942592,2024-04-17 21:12:37,2024-04-17 00:00:00
3888938719,2024-04-09 03:28:20,2024-04-09 03:12:12
3904947344,2024-04-18 15:25:53,2024-04-18 15:10:58
3886841498,2024-04-09 09:19:30,2024-04-09 09:06:25
3900988031,2024-04-18 02:40:59,2024-04-18 02:40:59
3889442585,2024-04-09 09:40:57,2024-04-09 09:40:57
3903823747,2024-04-18 21:21:33,2024-04-18 00:00:00
3901377433,2024-04-18 16:38:17,2024-04-18 16:38:17
3904390697,2024-04-18 02:27:09,2024-04-17 00:00:00
3901373712,2024-04-18 16:35:04,2024-04-18 16:35:04
3898174069,2024-04-15 20:51:51,2024-04-15 20:40:02
3903805612,2024-04-18 19:32:06,2024-04-18 19:32:06
3901176407,2024-04-16 15:26:17,2024-04-16 00:00:00
3904424978,2024-04-18 03:02:09,2024-04-18 02:50:38
3903838896,2024-04-18 22:37:41,2024-04-18 22:19:37
3884805949,2024-04-06 01:42:50,2024-04-06 01:31:15
3889759537,2024-04-09 13:14:18,2024-04-09 13:14:18
3902743182,2024-04-17 21:39:37,2024-04-17 21:24:17
3886949144,2024-04-18 00:55:38,2024-04-18 00:55:38
3905324567,2024-04-18 22:27:11,2024-04-18 00:00:00
3906255406,2024-04-19 23:02:39,2024-04-19 00:00:00
3904388393,2024-04-17 22:45:41,2024-04-17 00:00:00
3905282337,2024-04-18 20:09:09,2024-04-18 20:09:09
3887497886,2024-04-05 20:20:23,2024-04-05 20:20:23
3885811902,2024-04-06 02:19:51,2024-04-06 02:06:27
3903891087,2024-04-19 04:34:06,2024-04-19 04:11:59
3888037093,2024-04-07 03:29:17,2024-04-07 03:14:03
3906254713,2024-04-19 23:10:34,2024-04-19 22:49:46
3905692232,2024-04-19 10:27:18,2024-04-19 10:14:38
3888028978,2024-04-06 23:05:43,2024-04-06 23:05:43
3889256170,2024-04-09 07:51:19,2024-04-09 07:37:46
3903885290,2024-04-19 03:59:47,2024-04-19 03:40:04
3895538986,2024-04-12 03:21:59,2024-04-11 00:00:00
3901393934,2024-04-18 18:17:35,2024-04-18 18:17:35
3905667985,2024-04-19 09:55:42,2024-04-18 00:00:00
3886873795,2024-04-09 10:41:07,2024-04-09 10:30:02
3905307214,2024-04-18 21:27:44,2024-04-18 21:27:44
3906081231,2024-04-19 18:22:09,2024-04-19 18:22:09
3888026549,2024-04-06 11:59:10,2024-04-06 11:59:10
3884432577,2024-04-05 20:05:58,2024-04-05 19:53:33
3904365715,2024-04-17 21:56:26,2024-04-17 00:00:00
3885101852,2024-04-06 09:47:10,2024-04-06 09:47:10
3891003813,2024-04-11 17:56:46,2024-04-11 17:44:54
3902341309,2024-04-19 11:38:04,2024-04-19 11:38:04
3901982994,2024-04-19 02:26:57,2024-04-18 00:00:00
3903884648,2024-04-19 04:19:11,2024-04-19 03:46:26
3902919024,2024-04-16 14:25:25,2024-04-16 14:14:31
3895485790,2024-04-12 00:32:29,2024-04-12 00:20:47
3887577262,2024-04-09 03:21:53,2024-04-09 03:08:55
3905291501,2024-04-18 20:44:56,2024-04-18 20:32:39
3887494432,2024-04-05 20:09:08,2024-04-05 20:09:08
3901937347,2024-04-18 18:49:22,2024-04-18 18:49:22
3891080275,2024-04-11 20:05:07,2024-04-11 20:05:07
3884437686,2024-04-05 20:47:56,2024-04-05 20:47:56
3900081340,2024-04-15 20:13:10,2024-04-15 00:00:00
3889772906,2024-04-09 13:37:00,2024-04-09 13:37:00
3891012935,2024-04-11 18:08:27,2024-04-11 18:08:27
3901377547,2024-04-18 16:45:08,2024-04-18 16:45:08
3904715848,2024-04-19 22:21:23,2024-04-19 00:00:00
3906224895,2024-04-19 21:41:10,2024-04-19 00:00:00
3901960828,2024-04-18 22:54:55,2024-04-18 22:54:55
3905327581,2024-04-18 22:25:11,2024-04-18 22:13:20
3899543184,2024-04-16 15:20:38,2024-04-16 15:20:38
3887724094,2024-04-05 20:59:36,2024-04-05 20:59:36
3901950035,2024-04-18 20:53:48,2024-04-18 20:53:48
3906256382,2024-04-19 23:11:36,2024-04-19 22:51:50
3901369648,2024-04-18 16:20:45,2024-04-18 16:08:06
3901965004,2024-04-18 22:02:47,2024-04-18 21:50:43
3884847279,2024-04-06 04:21:40,2024-04-06 04:05:29
3905376344,2024-04-19 03:41:06,2024-04-19 03:28:47
3887478459,2024-04-05 19:53:23,2024-04-05 19:53:23
3904994062,2024-04-18 16:27:42,2024-04-18 16:27:42
3901963637,2024-04-18 23:05:41,2024-04-18 23:05:41
3888002408,2024-04-06 03:49:34,2024-04-06 03:32:49
3900960283,2024-04-17 22:09:14,2024-04-17 21:56:45
3904388247,2024-04-17 22:37:27,2024-04-17 00:00:00
3900951294,2024-04-17 21:38:43,2024-04-17 21:23:17
3904510281,2024-04-19 15:27:55,2024-04-19 00:00:00
3887851777,2024-04-06 01:33:12,2024-04-06 01:21:48
3898164931,2024-04-15 20:16:19,2024-04-15 20:16:19
3891078531,2024-04-11 20:06:07,2024-04-11 20:06:07
3901938506,2024-04-18 19:42:56,2024-04-18 19:31:04
3888998577,2024-04-09 04:20:03,2024-04-09 04:05:39
3900981799,2024-04-18 02:36:38,2024-04-18 00:00:00
3885805695,2024-04-06 01:26:10,2024-04-06 01:14:30
3901176193,2024-04-16 15:01:50,2024-04-16 00:00:00
3903826417,2024-04-18 21:29:31,2024-04-18 21:17:35
3902351889,2024-04-19 14:35:50,2024-04-19 00:00:00
3906256532,2024-04-19 23:09:39,2024-04-19 22:56:32
3905846996,2024-04-19 14:02:10,2024-04-19 14:02:10
3884840989,2024-04-06 04:20:10,2024-04-05 00:00:00
3902742171,2024-04-17 21:33:39,2024-04-17 21:22:02
3898183167,2024-04-15 21:17:37,2024-04-15 21:17:37
3904079869,2024-04-19 13:24:29,2024-04-19 11:42:50
3906089989,2024-04-19 18:57:49,2024-04-19 18:57:49
3900939856,2024-04-17 21:08:06,2024-04-17 20:57:06
3906224265,2024-04-19 21:20:11,2024-04-19 21:06:52
3901950306,2024-04-18 21:23:45,2024-04-18 00:00:00
3895526133,2024-04-12 02:22:25,2024-04-12 02:07:41
3888955618,2024-04-09 03:51:00,2024-04-09 03:32:57
3900067214,2024-04-15 18:48:35,2024-04-15 18:36:25
3895529087,2024-04-12 02:25:26,2024-04-12 02:14:26
3904923061,2024-04-18 13:58:17,2024-04-18 13:58:17
3903823079,2024-04-18 20:47:45,2024-04-18 20:47:45
3905608591,2024-04-19 05:40:15,2024-04-19 05:40:15
3901938739,2024-04-18 20:20:19,2024-04-18 20:09:06
3884435954,2024-04-05 20:39:32,2024-04-05 20:39:32
3905690140,2024-04-19 10:31:06,2024-04-19 10:12:00
3902782921,2024-04-18 01:28:44,2024-04-18 01:28:44
3886200603,2024-04-06 07:09:48,2024-04-06 07:09:48
3904425264,2024-04-18 02:46:16,2024-04-18 02:26:36
3904415914,2024-04-18 02:25:45,2024-04-18 02:25:45
3904987266,2024-04-18 16:28:54,2024-04-18 16:15:35
3854137450,2024-04-15 19:16:34,2024-04-15 19:15:02
3901364174,2024-04-18 15:48:32,2024-04-18 15:36:24
3905370187,2024-04-19 02:36:47,2024-04-18 00:00:00
3904391030,2024-04-17 22:37:48,2024-04-17 00:00:00
3905343992,2024-04-18 23:55:26,2024-04-18 23:55:26
3900942524,2024-04-17 21:11:00,2024-04-17 00:00:00
3884926211,2024-04-05 20:25:30,2024-04-05 20:13:05
3901961591,2024-04-18 22:30:03,2024-04-18 22:15:45
3906237986,2024-04-19 22:12:14,2024-04-19 22:01:50
3903810836,2024-04-18 20:29:49,2024-04-18 00:00:00
3902924086,2024-04-16 14:27:09,2024-04-16 14:27:09
3901388256,2024-04-18 17:12:16,2024-04-18 17:12:16
3884429852,2024-04-05 20:17:37,2024-04-05 00:00:00
3900966083,2024-04-17 22:22:03,2024-04-17 22:10:45
3901454826,2024-04-15 18:39:04,2024-04-15 18:39:04
3885114225,2024-04-07 00:12:31,2024-04-07 00:12:31
3904510164,2024-04-19 15:21:50,2024-04-19 15:09:31
3901379202,2024-04-18 16:42:00,2024-04-16 00:00:00
3901984300,2024-04-19 02:42:53,2024-04-19 02:30:42
3901957457,2024-04-18 21:31:06,2024-04-18 21:31:06
3906228964,2024-04-19 21:56:23,2024-04-19 21:40:19
3900943147,2024-04-17 21:08:38,2024-04-17 20:55:27
3904934909,2024-04-18 15:08:21,2024-04-18 14:51:35
3905298038,2024-04-18 21:01:29,2024-04-18 20:50:05
3905820435,2024-04-19 11:57:31,2024-04-19 11:57:31
3901356199,2024-04-18 14:57:41,2024-04-18 14:57:41
3899521364,2024-04-16 14:24:19,2024-04-16 14:13:14
3905393441,2024-04-19 04:43:49,2024-04-18 00:00:00
3901960702,2024-04-18 22:44:29,2024-04-18 22:32:26
3906260154,2024-04-19 23:06:23,2024-04-19 22:54:58
3889209883,2024-04-09 06:58:28,2024-04-09 06:58:28
3903841872,2024-04-18 23:04:20,2024-04-18 22:37:15
3889742996,2024-04-09 12:42:21,2024-04-09 12:42:21
3904504879,2024-04-19 15:11:31,2024-04-19 14:59:32
3895275348,2024-04-11 21:16:28,2024-04-11 21:02:35
1586552873,2024-04-11 17:50:19,2024-04-11 17:50:19
3885103601,2024-04-06 10:14:41,2024-04-06 10:14:41
3900961459,2024-04-17 22:22:03,2024-04-17 22:10:45
3904368280,2024-04-17 22:35:39,2024-04-17 22:35:39
3894413737,2024-04-11 21:12:42,2024-04-11 00:00:00
3903472581,2024-04-18 17:13:28,2024-04-18 16:40:06
3894660339,2024-04-12 06:05:26,2024-04-12 05:54:01
3903849191,2024-04-18 23:21:55,2024-04-18 23:10:59
3889277893,2024-04-09 08:16:56,2024-04-09 08:04:49
3901673726,2024-04-15 20:34:08,2024-04-15 20:22:49
3901938262,2024-04-18 19:05:25,2024-04-18 19:05:25
3895803717,2024-04-12 04:46:40,2024-04-12 00:00:00
3904953934,2024-04-18 15:47:51,2024-04-18 15:29:52
3891071631,2024-04-11 19:03:29,2024-04-11 18:52:58
3902865869,2024-04-19 22:34:48,2024-04-19 22:23:31
3905829073,2024-04-19 12:37:56,2024-04-19 12:25:37
3891073557,2024-04-11 19:14:12,2024-04-11 19:14:12
3889749113,2024-04-09 12:43:39,2024-04-09 12:43:39
3902869113,2024-04-19 22:38:49,2024-04-19 22:26:03
3891283841,2024-04-12 04:09:59,2024-04-11 00:00:00
3902808373,2024-04-19 18:26:45,2024-03-25 18:15:25
3903475374,2024-04-18 17:15:58,2024-04-18 16:41:55
3887871326,2024-04-06 02:35:51,2024-04-05 00:00:00
3905341047,2024-04-18 23:07:12,2024-04-18 22:55:22
3902862995,2024-04-19 22:56:51,2024-04-19 00:00:00
3884893121,2024-04-06 06:39:26,2024-04-06 06:39:26
3906252903,2024-04-19 22:58:29,2024-04-19 22:44:16
3904431636,2024-04-18 03:06:51,2024-04-18 02:54:53
3902355809,2024-04-19 14:34:48,2024-04-19 14:34:48
3905208568,2024-04-18 17:16:11,2024-04-15 00:00:00
3894400094,2024-04-11 19:55:44,2024-04-11 19:55:44
3902326929,2024-04-19 09:59:47,2024-04-19 09:48:56
3904387663,2024-04-17 22:37:26,2024-04-17 00:00:00
3901391872,2024-04-18 18:17:39,2024-04-18 18:17:39
3901654486,2024-04-15 20:14:55,2024-04-15 20:02:19
3904377786,2024-04-17 22:26:19,2024-04-17 22:03:23
3884818257,2024-04-06 02:22:11,2024-04-06 02:09:12
3904069310,2024-04-19 10:13:25,2024-04-19 09:46:02
3887713604,2024-04-05 21:02:40,2024-04-05 20:51:05
3905873694,2024-04-19 15:08:36,2024-04-19 15:08:36
3888024824,2024-04-06 11:25:54,2024-04-06 11:25:54
3900960520,2024-04-17 22:22:22,2024-04-17 22:10:07
3886892068,2024-04-09 12:45:41,2024-04-09 12:45:41
3906250569,2024-04-19 22:31:11,2024-04-19 00:00:00
3885809468,2024-04-06 01:26:10,2024-04-06 01:14:27
3905882432,2024-04-19 15:17:56,2024-04-19 15:17:56
3886836887,2024-04-09 09:19:31,2024-04-09 09:06:07
3889748174,2024-04-09 12:42:20,2024-04-09 12:42:20
3900952341,2024-04-17 21:43:59,2024-04-17 21:32:11
3899532745,2024-04-16 15:09:24,2024-04-16 15:09:24
3904380763,2024-04-17 22:22:42,2024-04-17 22:09:09
3887498520,2024-04-05 20:25:29,2024-04-05 20:13:24
3901378179,2024-04-18 16:21:51,2024-04-18 16:21:51
3905879176,2024-04-19 15:22:21,2024-04-19 15:10:08
3890876705,2024-04-11 17:21:09,2024-04-11 17:21:09
3905292352,2024-04-18 20:48:45,2024-04-18 20:38:03
3905285225,2024-04-18 20:21:19,2024-04-18 00:00:00
3887703098,2024-04-05 20:36:09,2024-04-05 20:24:14
3906227856,2024-04-19 21:30:01,2024-04-19 21:30:01
3904379945,2024-04-17 22:24:59,2024-04-17 22:13:48
3902332069,2024-04-19 10:01:18,2024-03-25 09:46:25
3903847194,2024-04-18 22:48:51,2024-04-18 00:00:00
3901943593,2024-04-18 20:20:32,2024-04-18 20:08:29
3901476719,2024-04-15 18:49:39,2024-04-15 18:49:39
3905367765,2024-04-19 02:55:11,2024-04-19 02:43:14
3901696461,2024-04-15 21:09:37,2024-04-15 00:00:00
3905840265,2024-04-19 13:24:47,2024-04-19 13:24:47
3904084746,2024-04-19 12:15:02,2024-04-02 00:00:00
3902845210,2024-04-19 21:39:17,2024-04-19 21:19:43
3901957830,2024-04-18 22:01:31,2024-04-18 21:45:10
3885838138,2024-04-06 04:00:36,2024-04-06 03:40:47
3888489751,2024-04-09 12:25:19,2024-04-09 12:25:19
3903473031,2024-04-18 16:30:19,2024-04-18 16:30:19
3904942771,2024-04-18 15:23:08,2024-04-18 15:11:35
3894897642,2024-04-11 17:41:06,2024-04-11 17:41:06
3898169557,2024-04-15 20:17:51,2024-04-15 20:17:51
3901668997,2024-04-15 20:32:25,2024-04-15 00:00:00
3905305834,2024-04-18 21:52:58,2024-04-18 00:00:00
3891079369,2024-04-11 20:01:47,2024-04-11 20:01:47
3885865461,2024-04-06 04:56:43,2024-04-06 04:46:05
3898179121,2024-04-15 21:16:20,2024-04-15 21:04:02
3903836711,2024-04-18 22:25:37,2024-04-18 22:10:52
3905290874,2024-04-18 20:55:59,2024-04-18 20:44:33
3901668733,2024-04-15 20:12:03,2024-04-15 20:12:03
3903441937,2024-04-18 15:13:25,2024-04-18 15:13:25
3901177791,2024-04-16 15:23:29,2024-04-16 15:09:41
3898165459,2024-04-15 20:09:17,2024-04-15 20:09:17
3904581969,2024-04-19 19:37:23,2024-04-19 19:37:23
3906259166,2024-04-19 23:07:04,2024-04-19 22:49:30
3887473146,2024-04-05 19:51:55,2024-04-05 19:37:21
3902865518,2024-04-19 21:57:04,2024-04-19 21:57:04
3884935214,2024-04-05 20:39:48,2024-04-05 20:39:48
3894203817,2024-04-11 17:07:43,2024-04-11 16:54:42
3902340793,2024-04-19 12:46:17,2024-04-19 12:34:39
3888026564,2024-04-06 12:08:15,2024-04-06 12:08:15
3900074466,2024-04-15 19:31:40,2024-04-15 19:31:40
3887887879,2024-04-06 03:37:34,2024-04-06 03:26:01
3904916812,2024-04-18 13:59:51,2024-04-18 13:59:51
3904399370,2024-04-17 23:30:39,2024-04-17 23:14:17
3884435265,2024-04-05 20:05:44,2024-04-05 20:05:44
3889283255,2024-04-09 08:16:56,2024-04-09 08:04:50
3894905735,2024-04-11 17:50:37,2024-04-11 17:50:37
3906258042,2024-04-19 22:52:30,2024-04-19 22:38:41
3901985464,2024-04-19 03:08:25,2024-04-19 02:53:01
3902735172,2024-04-17 21:08:41,2024-04-17 20:56:20
3906093236,2024-04-19 19:02:48,2024-04-19 19:02:48
3902371340,2024-04-19 15:25:20,2024-04-19 15:25:20
3887879080,2024-04-06 02:49:44,2024-04-06 02:39:44
3900940909,2024-04-17 21:14:11,2024-04-17 21:14:11
3889100684,2024-04-09 04:23:37,2024-04-09 04:08:55
3904938457,2024-04-18 15:02:01,2024-04-17 00:00:00
3900083486,2024-04-15 20:24:27,2024-04-15 20:11:58
3902780039,2024-04-18 00:35:26,2024-04-18 00:23:30
3886897665,2024-04-09 13:22:02,2024-04-09 13:22:02
3901982357,2024-04-19 00:22:44,2024-04-19 00:22:44
3903847292,2024-04-18 23:08:51,2024-04-18 22:40:08
3894277203,2024-04-11 18:24:23,2024-04-11 18:24:23
3884932385,2024-04-05 20:46:29,2024-04-05 20:34:09
3905663999,2024-04-19 09:46:40,2024-04-19 00:00:00
3885808398,2024-04-06 01:12:13,2024-04-06 01:00:39
3905397645,2024-04-19 05:16:58,2024-04-19 05:00:20
3906221992,2024-04-19 21:17:31,2024-04-19 21:17:31
3889126606,2024-04-09 05:07:23,2024-04-09 04:57:13
3895595514,2024-04-12 04:23:08,2024-04-12 04:11:31
3903467850,2024-04-18 16:48:22,2024-04-18 16:32:01
3887842016,2024-04-06 00:44:31,2024-04-06 00:44:31
3890898200,2024-04-11 17:36:11,2024-04-11 17:36:11
3901347421,2024-04-18 14:10:07,2024-04-18 14:10:07
3884868815,2024-04-06 06:26:59,2024-04-06 06:26:59
3899527837,2024-04-16 15:04:37,2024-04-16 14:52:31
3905334555,2024-04-18 22:53:37,2024-04-18 22:42:14
3885114064,2024-04-06 19:51:15,2024-04-06 19:51:15
3905396570,2024-04-19 05:18:58,2024-03-25 04:54:37
3901355368,2024-04-18 15:10:42,2024-04-18 14:52:13
3901349300,2024-04-18 14:45:20,2024-04-18 14:33:13
3903455860,2024-04-18 16:24:48,2024-04-18 00:00:00
3902802993,2024-04-19 18:17:48,2024-04-19 18:17:48
3905333641,2024-04-18 22:58:51,2024-04-18 22:40:38
3904418336,2024-04-18 02:05:24,2024-04-15 00:00:00
3903813030,2024-04-18 20:08:51,2024-04-18 00:00:00
3904724759,2024-04-19 23:26:41,2024-04-19 00:00:00
3905335178,2024-04-18 22:39:21,2024-04-18 22:28:16
3902863987,2024-04-19 23:05:39,2024-04-19 22:41:11
3901181648,2024-04-16 15:24:57,2024-04-16 15:24:57
3901939973,2024-04-18 20:43:17,2024-04-18 20:31:03
3900958917,2024-04-17 22:17:03,2024-04-17 00:00:00
3905293512,2024-04-18 20:52:06,2024-04-18 20:52:06
3906228915,2024-04-19 21:49:27,2024-04-19 21:37:40
3900965101,2024-04-17 22:22:02,2024-04-17 22:10:45
3902370668,2024-04-19 15:33:06,2024-04-19 15:33:06
3906220980,2024-04-19 21:24:18,2024-04-19 00:00:00
3901976924,2024-04-19 01:38:44,2024-04-19 01:27:29
3904365456,2024-04-17 21:42:54,2024-04-17 21:31:09
3905633521,2024-04-19 07:06:49,2024-04-19 06:55:26
3901177422,2024-04-16 15:21:09,2024-04-15 00:00:00
3901693880,2024-04-15 21:12:09,2024-04-15 00:00:00
3902349760,2024-04-19 13:58:09,2024-04-19 13:58:09
3894211004,2024-04-11 17:19:25,2024-04-11 16:58:38
3891098097,2024-04-11 21:17:03,2024-04-11 21:17:03
3895271764,2024-04-11 21:13:22,2024-04-11 21:01:56
3903842890,2024-04-18 23:13:48,2024-04-18 00:00:00
3901662560,2024-04-15 20:07:03,2024-04-15 20:07:03
3905646851,2024-04-19 07:54:46,2024-04-19 07:54:46
3904420268,2024-04-18 02:16:55,2024-04-17 00:00:00
3904387380,2024-04-17 22:28:13,2024-04-17 22:14:28
3901177503,2024-04-16 15:19:30,2024-04-16 15:19:30
3905295741,2024-04-18 21:20:55,2024-04-18 00:00:00
3905865293,2024-04-19 14:34:28,2024-04-19 14:34:28
3903469978,2024-04-18 17:13:28,2024-04-18 16:39:59
3904430436,2024-04-18 02:55:36,2024-04-18 02:43:05
3903472866,2024-04-18 16:51:35,2024-04-18 16:51:35
3889756715,2024-04-09 13:15:44,2024-04-09 13:15:44
3887704942,2024-04-05 20:48:53,2024-04-05 20:37:58
3904425790,2024-04-18 02:53:39,2024-04-18 02:41:27
3902738635,2024-04-17 21:31:34,2024-04-17 21:18:26
3905863865,2024-04-19 14:54:49,2024-04-19 00:00:00
3904094267,2024-04-19 13:08:31,2024-04-19 13:08:31
3901939030,2024-04-18 18:46:44,2024-04-18 18:46:44
3894577592,2024-04-12 03:57:46,2024-04-12 03:46:28
3905301571,2024-04-18 21:37:23,2024-04-18 00:00:00
3905854409,2024-04-19 14:23:33,2024-04-19 14:11:21
3904396237,2024-04-17 23:05:52,2024-04-17 00:00:00
3906201051,2024-04-19 19:33:10,2024-04-19 19:33:10
3884438357,2024-04-05 20:28:55,2024-04-05 20:28:55
3894220009,2024-04-11 17:44:44,2024-04-11 17:44:44
3903844419,2024-04-18 22:50:17,2024-03-24 22:36:18
3905371509,2024-04-19 03:01:39,2024-04-19 03:01:39
3902363091,2024-04-19 14:55:21,2024-04-19 14:44:16
3895531567,2024-04-12 02:43:11,2024-04-11 00:00:00
3901395018,2024-04-18 17:48:33,2024-04-18 17:36:50
3887885656,2024-04-06 03:27:07,2024-04-06 03:14:41
3904391762,2024-04-17 23:16:59,2024-04-17 22:59:06
3900072803,2024-04-15 19:48:01,2024-04-15 19:32:02
3902369728,2024-04-19 15:36:25,2024-04-19 15:36:25
3900953063,2024-04-17 21:38:49,2024-04-17 21:26:53
3901668879,2024-04-15 20:39:25,2024-04-15 20:14:53
3905284701,2024-04-18 20:29:55,2024-04-18 00:00:00
3901376596,2024-04-18 16:49:29,2024-04-18 16:49:29
3902304260,2024-04-19 05:45:13,2024-04-19 05:45:13
3885809673,2024-04-06 01:50:27,2024-04-05 00:00:00
3903826562,2024-04-18 21:22:29,2024-04-18 21:22:29
3905367305,2024-04-19 02:22:05,2024-04-19 02:10:42
3905300322,2024-04-18 21:20:15,2024-04-18 21:04:41
3895800453,2024-04-12 04:24:00,2024-04-12 04:24:00
3888944113,2024-04-09 03:24:43,2024-04-08 00:00:00
3905255117,2024-04-18 19:22:09,2024-04-18 19:10:23
3904965007,2024-04-18 15:50:15,2024-04-18 15:38:50
3901351125,2024-04-18 14:36:10,2024-04-18 14:36:10
3905326681,2024-04-18 22:23:56,2024-04-18 22:08:49
3902806593,2024-04-19 18:20:52,2024-04-19 18:20:52
3898175460,2024-04-15 21:09:09,2024-04-15 00:00:00
3895597875,2024-04-12 04:24:09,2024-04-12 04:24:09
3905293213,2024-04-18 21:15:49,2024-04-18 21:15:49
3885839059,2024-04-06 03:52:03,2024-04-05 00:00:00
3900945480,2024-04-17 21:22:25,2024-04-17 21:22:25
3904388612,2024-04-17 22:55:36,2024-04-17 00:00:00
3901936678,2024-04-18 19:42:56,2024-04-18 19:31:12
3901942991,2024-04-18 20:48:27,2024-04-18 20:48:27
3905377008,2024-04-19 03:30:31,2024-04-19 00:00:00
3903477017,2024-04-18 17:13:28,2024-04-18 16:41:22
3901955955,2024-04-18 22:01:03,2024-04-18 00:00:00
3889771110,2024-04-09 13:21:55,2024-04-09 13:21:55
3901657166,2024-04-15 20:02:05,2024-04-15 20:02:05
3906092702,2024-04-19 19:23:56,2024-04-19 19:23:56
3902342627,2024-04-19 12:41:22,2024-04-19 12:41:22
3889704155,2024-04-09 10:51:12,2024-04-09 10:49:46
3900959714,2024-04-17 22:22:22,2024-04-17 22:06:38
3906221806,2024-04-19 21:24:11,2024-04-19 21:12:34
3895556580,2024-04-12 03:48:54,2024-04-12 03:33:25
3891289532,2024-04-12 04:25:48,2024-04-12 04:08:09
3905884344,2024-04-19 15:36:18,2024-04-19 15:20:32
3902348741,2024-04-19 13:57:03,2024-04-19 13:57:03
3904988916,2024-04-18 16:49:31,2024-04-18 16:32:08
3905241545,2024-04-18 18:47:48,2024-04-18 18:47:48
3902750134,2024-04-17 22:28:51,2024-04-17 21:50:15
3905297430,2024-04-18 21:13:01,2024-04-18 20:59:30
3904403320,2024-04-17 23:23:33,2024-04-17 23:23:33
3889739178,2024-04-09 12:30:13,2024-04-09 12:30:13
3901671608,2024-04-15 20:28:29,2024-04-15 00:00:00
3886456194,2024-04-09 03:45:11,2024-04-09 03:33:18
3900950029,2024-04-17 21:28:55,2024-04-17 21:17:22
3902863803,2024-04-20 00:26:56,2024-04-19 22:14:27
3901938685,2024-04-18 20:09:50,2024-04-18 20:09:50
3891276367,2024-04-12 03:28:31,2024-04-12 03:17:23
3905852627,2024-04-19 14:13:54,2024-04-19 14:13:54
3902867551,2024-04-19 22:41:35,2024-04-19 22:28:59
3904413642,2024-04-18 01:51:41,2024-04-18 01:37:42
3904991099,2024-04-18 16:32:21,2024-04-18 16:18:46
3902354410,2024-04-19 13:58:31,2024-04-19 13:58:31
3888026562,2024-04-06 12:07:29,2024-04-06 12:07:29
3895216826,2024-04-11 19:50:50,2024-04-11 19:50:50
3905850505,2024-04-19 14:24:14,2024-04-19 14:00:21
3887873017,2024-04-06 02:30:55,2024-04-05 00:00:00
3887861055,2024-04-06 01:56:28,2024-04-06 01:44:25
3905252509,2024-04-18 19:53:06,2024-04-18 19:53:06
3891276175,2024-04-12 03:19:27,2024-04-11 00:00:00
3904065180,2024-04-19 09:26:31,2024-04-19 09:26:31
3901394579,2024-04-18 18:04:44,2024-04-18 18:04:44
3894283673,2024-04-11 18:57:26,2024-04-11 18:45:15
3895538874,2024-04-12 03:19:42,2024-04-11 00:00:00
3904710092,2024-04-19 21:31:04,2024-04-19 21:19:41
3894873308,2024-04-11 17:13:50,2024-04-11 16:57:50
3903473826,2024-04-18 17:03:25,2024-04-17 00:00:00
3887935718,2024-04-09 07:11:45,2024-04-09 07:00:38
3904418832,2024-04-18 02:23:41,2024-04-18 02:12:42
3901348080,2024-04-18 14:13:12,2024-04-18 14:13:12
3904390363,2024-04-17 22:51:24,2024-04-17 22:37:39
3886832824,2024-04-09 08:47:04,2024-04-09 08:34:47
3895591728,2024-04-12 04:23:07,2024-04-12 04:11:33
3894558969,2024-04-12 03:11:28,2024-04-12 02:59:09
3906230533,2024-04-19 21:47:07,2024-04-19 21:35:29
3900069563,2024-04-15 19:01:11,2024-04-15 19:01:11
3902828885,2024-04-19 19:42:10,2024-04-19 19:42:10
3886444841,2024-04-09 03:21:07,2024-04-08 00:00:00
3900959904,2024-04-17 22:42:20,2024-04-17 22:26:54
3895805471,2024-04-12 04:38:25,2024-04-12 04:38:25
3884429663,2024-04-05 19:57:38,2024-04-05 19:57:38
3902874414,2024-04-19 23:18:48,2024-04-19 23:06:37
3902808330,2024-04-19 18:27:38,2024-04-19 18:14:53
3904719459,2024-04-19 22:28:51,2024-04-19 22:08:40
3903832637,2024-04-18 21:55:59,2024-04-18 21:42:33
3894924920,2024-04-11 18:17:15,2024-04-11 18:17:15
3905300123,2024-04-18 21:09:22,2024-04-18 20:54:12
3894630725,2024-04-12 05:15:27,2024-04-11 00:00:00
3902363160,2024-04-19 14:50:13,2024-04-19 14:50:13
3895816146,2024-04-12 05:06:37,2024-04-12 04:55:42
3904986375,2024-04-18 16:27:46,2024-04-18 00:00:00
3901944523,2024-04-18 21:07:07,2024-04-18 20:56:13
3905303804,2024-04-18 21:46:15,2024-04-18 21:29:43
3885866323,2024-04-06 04:57:23,2024-04-06 04:44:18
3904586136,2024-04-19 19:47:38,2024-04-19 19:31:49
3888944268,2024-04-09 03:30:12,2024-04-08 00:00:00
3901992459,2024-04-19 03:57:41,2024-03-25 03:44:21
3887711431,2024-04-05 20:43:59,2024-04-05 20:43:59
3905854559,2024-04-19 14:14:23,2024-04-19 14:14:23
3905205612,2024-04-18 17:07:11,2024-04-18 16:56:25
3900977761,2024-04-18 01:30:10,2024-04-18 01:18:01
3903841736,2024-04-18 22:53:34,2024-04-18 22:34:19
3905663742,2024-04-19 09:29:49,2024-04-19 09:16:27
3901942096,2024-04-18 19:04:07,2024-04-18 19:04:07
3904398749,2024-04-17 23:20:28,2024-04-17 23:20:28
3906222600,2024-04-19 21:17:20,2024-04-19 00:00:00
3887578605,2024-04-09 03:46:41,2024-04-08 00:00:00
3894942948,2024-04-11 18:24:20,2024-04-11 18:24:20
3887491220,2024-04-05 20:01:45,2024-04-05 20:01:45
3906226393,2024-04-19 21:16:35,2024-04-19 21:16:35
3902325205,2024-04-19 09:19:24,2024-04-19 09:06:18
3903843140,2024-04-18 22:33:28,2024-04-18 22:22:02
3901182461,2024-04-16 15:20:57,2024-04-16 15:20:57
3902829506,2024-04-19 18:50:44,2024-04-19 18:50:44
3901345508,2024-04-18 14:00:52,2024-04-18 14:00:52
3905871211,2024-04-19 15:03:01,2024-04-19 14:51:24
3904583378,2024-04-19 19:47:38,2024-04-19 19:32:01
3901965290,2024-04-18 22:22:13,2024-04-18 22:09:46
3902787335,2024-04-18 02:16:29,2024-04-17 00:00:00
3905886173,2024-04-19 15:19:46,2024-04-19 15:19:46
3901936918,2024-04-18 20:17:05,2024-04-18 20:05:29
3891070768,2024-04-11 19:11:41,2024-04-11 19:11:41
3901966258,2024-04-18 22:22:46,2024-04-18 22:11:04
3888000707,2024-04-06 03:49:32,2024-04-06 03:33:14
3905636618,2024-04-19 07:26:49,2024-04-19 07:15:21
3904385426,2024-04-17 23:49:25,2024-04-17 22:12:50
3903886298,2024-04-19 03:59:47,2024-04-19 03:40:09
3905288097,2024-04-18 20:23:16,2024-04-18 20:09:30
3901927034,2024-04-18 18:32:46,2024-04-18 18:32:46
3903494723,2024-04-18 18:35:39,2024-04-18 18:35:39
3905329537,2024-04-18 22:39:18,2024-04-18 22:25:53
3884843763,2024-04-06 04:04:09,2024-04-06 04:04:09
3904727426,2024-04-19 23:11:28,2024-04-19 00:00:00
3905379185,2024-04-19 03:47:26,2024-04-19 03:36:02
3901966322,2024-04-18 22:22:25,2024-04-18 22:22:25
3905874938,2024-04-19 15:31:33,2024-04-19 00:00:00
3900098086,2024-04-15 21:12:40,2024-04-15 21:00:55
3904704805,2024-04-19 21:27:53,2024-04-19 21:13:59
3902361285,2024-04-19 14:43:32,2024-04-19 14:43:32
3904720112,2024-04-19 22:10:32,2024-04-19 00:00:00
3904062829,2024-04-19 10:13:25,2024-04-19 09:46:01
3904700948,2024-04-19 21:20:25,2024-04-19 21:08:46
3906236303,2024-04-19 22:01:57,2024-04-19 21:50:39
3888000362,2024-04-06 03:41:47,2024-04-06 03:30:04
3895552082,2024-04-12 03:36:21,2024-04-12 03:25:36
3906253798,2024-04-19 23:07:04,2024-04-19 22:49:30
3905297336,2024-04-18 21:07:20,2024-04-18 20:54:10
3904416949,2024-04-18 02:30:09,2024-04-18 02:15:38
3900955095,2024-04-17 21:45:20,2024-04-17 00:00:00
3894891702,2024-04-11 17:23:42,2024-04-11 17:23:42
3901365198,2024-04-18 15:58:15,2024-04-18 15:46:12
3901964479,2024-04-18 22:42:06,2024-04-18 22:30:12
3887723240,2024-04-05 21:12:13,2024-04-05 21:01:09
3903430577,2024-04-18 14:26:47,2024-04-18 14:14:05
3904938832,2024-04-18 14:57:21,2024-04-18 14:57:21
3906255209,2024-04-19 22:52:49,2024-04-19 22:41:09
3901984718,2024-04-19 03:17:19,2024-04-19 03:01:07
3887589805,2024-04-09 04:00:03,2024-04-09 03:48:45
3904420138,2024-04-18 02:05:22,2024-04-17 00:00:00
3887881251,2024-04-06 03:07:44,2024-04-06 02:51:53
3886448028,2024-04-09 03:10:36,2024-04-09 02:58:31
3901690922,2024-04-15 20:49:41,2024-04-15 20:49:41
3887714036,2024-04-05 20:40:48,2024-04-05 20:40:48
3894200755,2024-04-11 17:13:20,2024-04-11 16:50:49
3905371114,2024-04-19 02:28:46,2024-04-18 00:00:00
3894562468,2024-04-12 03:22:24,2024-04-12 03:00:44
3900942616,2024-04-17 21:17:16,2024-04-17 21:02:12
3903491154,2024-04-18 18:19:21,2024-04-18 18:07:23
3900977811,2024-04-18 02:00:41,2024-04-18 01:47:45
3890889819,2024-04-11 17:09:10,2024-04-11 17:09:10
3886447020,2024-04-09 03:11:13,2024-04-08 00:00:00
3894626775,2024-04-12 05:04:23,2024-04-12 04:52:27
3905337508,2024-04-18 23:06:03,2024-04-18 00:00:00
3901378444,2024-04-18 16:45:11,2024-04-18 16:34:56
3901996670,2024-04-19 04:30:21,2024-04-19 04:13:47
3905375135,2024-04-19 03:28:04,2024-04-17 00:00:00
3906094223,2024-04-19 18:42:45,2024-04-19 18:42:45
3902747647,2024-04-17 22:15:06,2024-04-17 00:00:00
3895804191,2024-04-12 04:27:15,2024-04-12 04:27:15
3899523580,2024-04-16 14:37:06,2024-04-16 14:37:06
3903431195,2024-04-18 14:20:50,2024-04-18 00:00:00
3902846325,2024-04-19 21:33:24,2024-04-19 21:33:24
3901376421,2024-04-18 16:31:39,2024-04-18 16:31:39
3902834165,2024-04-19 18:46:57,2024-04-19 18:46:57
3905855152,2024-04-19 14:08:37,2024-04-19 14:08:37
3899532350,2024-04-16 15:07:30,2024-04-16 15:07:30
3889753962,2024-04-09 13:09:20,2024-04-09 13:09:20
3905871776,2024-04-19 15:28:59,2024-04-18 00:00:00
3887496317,2024-04-05 20:22:56,2024-04-05 00:00:00
3903476216,2024-04-18 16:55:18,2024-04-18 16:55:18
3902901804,2024-04-16 14:20:48,2024-04-16 00:00:00
3906250794,2024-04-19 22:42:11,2024-04-19 22:29:53
3887884060,2024-04-06 03:07:44,2024-04-06 02:51:57
3901623082,2024-04-15 19:08:40,2024-04-15 19:08:40
3901637392,2024-04-15 19:44:01,2024-04-15 19:44:01
3905332639,2024-04-18 22:45:36,2024-04-18 22:39:42
3901458025,2024-04-15 18:45:09,2024-04-15 18:45:09
3902945252,2024-04-16 15:19:05,2024-04-15 00:00:00
3903482570,2024-04-18 17:48:40,2024-04-18 17:48:40
3898171587,2024-04-15 20:49:30,2024-04-15 20:49:30
3898156471,2024-04-15 18:40:01,2024-04-15 18:40:01
3905399284,2024-04-19 05:08:09,2024-04-19 04:56:51
3904725280,2024-04-19 22:46:58,2024-04-19 22:36:25
3904385266,2024-04-17 22:21:25,2024-04-17 22:08:33
3905329147,2024-04-18 22:23:56,2024-04-18 22:09:21
3901353398,2024-04-18 14:45:53,2024-04-18 14:45:53
3904963187,2024-04-18 15:37:57,2024-04-18 15:37:57
3888807073,2024-04-09 13:08:03,2024-04-09 13:08:03
3904969596,2024-04-18 16:19:45,2024-04-18 16:04:43
3902867489,2024-04-19 22:22:52,2024-04-19 22:22:52
3905847067,2024-04-19 13:39:40,2024-04-19 13:39:40
3885816386,2024-04-06 02:22:57,2024-04-06 02:11:57
3895514861,2024-04-12 02:04:21,2024-04-11 00:00:00
3887875140,2024-04-06 02:37:50,2024-04-06 02:25:45
3885112525,2024-04-07 03:42:06,2024-04-07 03:42:06
3885806700,2024-04-06 01:26:10,2024-04-06 01:14:27
3900959313,2024-04-18 03:58:05,2024-04-17 00:00:00
3888032441,2024-04-06 20:03:51,2024-04-06 20:03:51
3901999769,2024-04-19 04:55:16,2024-04-19 04:55:16
3905331742,2024-04-18 22:45:36,2024-04-18 22:41:08
3884910761,2024-04-05 19:45:50,2024-04-05 19:31:37
3901939368,2024-04-18 19:42:53,2024-04-18 19:42:53
3900959938,2024-04-17 22:41:42,2024-04-17 22:30:04
3903472231,2024-04-18 16:56:12,2024-04-18 16:35:11
3888010221,2024-04-06 03:54:06,2024-04-06 03:42:31
3906089911,2024-04-19 19:01:51,2024-04-19 00:00:00
3895866009,2024-04-12 06:47:31,2024-04-12 06:47:31
3905683945,2024-04-19 10:19:38,2024-04-18 00:00:00
3887589865,2024-04-09 04:01:49,2024-04-09 03:49:48
3904394075,2024-04-17 22:44:54,2024-04-17 22:40:59
3905623077,2024-04-19 06:41:28,2024-04-19 06:41:28
3904384651,2024-04-17 22:21:06,2024-04-17 22:21:06
3904390173,2024-04-17 22:40:48,2024-04-17 22:30:01
3902747450,2024-04-17 22:06:11,2024-04-16 00:00:00
3904376996,2024-04-17 22:18:00,2024-04-17 22:04:16
3895490594,2024-04-12 00:56:48,2024-04-12 00:56:48
3887493973,2024-04-05 20:25:29,2024-04-05 20:13:20
3902867608,2024-04-19 22:46:19,2024-04-19 22:33:59
3903457103,2024-04-18 16:01:34,2024-04-18 15:49:28
3901939597,2024-04-18 20:00:50,2024-04-18 20:00:50
3884438894,2024-04-05 20:56:08,2024-04-05 20:56:08
3905228075,2024-04-18 17:32:38,2024-04-18 17:32:38
3905644966,2024-04-19 07:54:12,2024-04-19 07:54:12
3905860625,2024-04-19 14:27:28,2024-04-19 14:27:28
3901174894,2024-04-16 15:17:58,2024-04-16 15:06:26
3902353819,2024-04-19 14:30:08,2024-04-19 14:16:02
3904980851,2024-04-18 16:22:40,2024-04-18 16:11:10
3894610659,2024-04-12 04:45:32,2024-04-11 00:00:00
3886447854,2024-04-09 03:36:49,2024-04-09 03:20:13
3902954784,2024-04-16 15:24:58,2024-04-16 15:24:58
3902869232,2024-04-19 23:46:18,2024-04-19 22:53:50
3901631901,2024-04-15 19:50:38,2024-04-15 19:37:32
3887869634,2024-04-06 02:30:35,2024-04-06 02:16:15
3894544716,2024-04-12 01:26:06,2024-04-12 01:14:12
3904362150,2024-04-17 21:10:31,2024-04-17 21:10:31
3904955252,2024-04-18 15:18:56,2024-04-18 15:18:56
3904985895,2024-04-18 16:34:22,2024-04-18 16:21:51
3886893763,2024-04-09 13:00:18,2024-04-09 13:00:18
3903878213,2024-04-19 02:48:42,2024-04-19 02:48:42
3905372271,2024-04-19 03:01:26,2024-04-18 00:00:00
3890893438,2024-04-11 17:16:51,2024-04-11 17:16:51
3885109641,2024-04-06 19:34:27,2024-04-06 19:34:27
3900081442,2024-04-15 20:20:49,2024-04-15 20:05:08
3887905200,2024-04-09 04:31:21,2024-04-09 04:11:38
3901482268,2024-04-15 19:01:38,2024-04-15 00:00:00
3904396245,2024-04-17 23:04:31,2024-04-17 22:53:17
3904709551,2024-04-19 21:53:38,2024-04-19 00:00:00
3888967744,2024-04-09 04:19:33,2024-04-09 03:51:06
3889415367,2024-04-09 08:50:14,2024-04-09 08:50:14
3901694202,2024-04-15 20:59:42,2024-04-15 20:47:41
3888801827,2024-04-09 12:47:49,2024-04-09 12:47:49
3901978822,2024-04-19 01:40:48,2024-04-19 01:29:29
3904374223,2024-04-17 22:12:14,2024-04-17 00:00:00
3905307808,2024-04-18 21:54:00,2024-04-12 00:00:00
3904950838,2024-04-18 15:29:29,2024-04-18 15:29:29
3905289413,2024-04-18 20:38:11,2024-04-18 20:26:14
3884439562,2024-04-05 20:43:48,2024-04-05 20:43:48
3902877555,2024-04-20 00:00:46,2024-04-20 00:00:46
3903425834,2024-04-18 14:22:13,2024-04-18 14:05:49
3904393259,2024-04-17 22:59:42,2024-04-17 22:48:32
3901675025,2024-04-15 20:43:49,2024-04-15 20:17:23
3904367848,2024-04-17 22:09:27,2024-04-17 00:00:00
3903469487,2024-04-18 17:05:20,2024-04-18 00:00:00
3905211266,2024-04-18 17:03:45,2024-04-18 17:03:45
3901391086,2024-04-18 17:16:08,2024-04-18 17:16:08
3898171948,2024-04-15 20:59:45,2024-04-15 20:59:45
3891271607,2024-04-12 03:08:12,2024-04-11 00:00:00
3895559592,2024-04-12 03:56:36,2024-04-12 03:41:04
3895848086,2024-04-12 06:03:26,2024-04-12 06:03:26
3901672668,2024-04-15 20:30:13,2024-04-15 20:19:21
3905290863,2024-04-18 20:56:26,2024-04-18 20:44:28
3903469923,2024-04-18 17:13:28,2024-04-18 16:38:45
3890892483,2024-04-11 17:14:35,2024-04-11 17:14:35
3901942134,2024-04-18 19:19:54,2024-04-18 19:19:19
3905298036,2024-04-18 21:01:40,2024-04-18 00:00:00
3889111058,2024-04-09 04:37:23,2024-04-09 04:22:22
3905333661,2024-04-18 22:56:54,2024-04-18 22:41:50
3887835948,2024-04-06 00:40:26,2024-04-06 00:40:26
3890895315,2024-04-11 17:29:46,2024-04-11 17:29:46
3895537883,2024-04-12 03:17:42,2024-04-11 00:00:00
3900947017,2024-04-17 21:25:14,2024-04-17 21:13:17
3886217111,2024-04-06 23:01:47,2024-04-06 23:01:47
3894968510,2024-04-11 18:41:05,2024-04-11 18:41:05
3887498728,2024-04-05 20:31:49,2024-04-05 20:17:00
3898165934,2024-04-15 20:16:16,2024-04-15 20:16:16
3887882060,2024-04-06 02:56:20,2024-04-06 02:44:53
3904944018,2024-04-18 14:55:08,2024-04-18 14:55:08
3884805175,2024-04-06 00:11:03,2024-04-06 00:11:03
3903843102,2024-04-18 22:38:35,2024-04-18 22:20:24
3902756460,2024-04-17 22:46:23,2024-04-17 22:37:28
3888495844,2024-04-09 12:51:43,2024-04-09 12:32:47
3884852849,2024-04-06 04:43:18,2024-04-06 04:31:39
3906253316,2024-04-19 22:43:39,2024-04-19 22:32:11
3869413340,2024-04-06 03:42:32,2024-04-06 03:42:32
3894583759,2024-04-12 04:11:14,2024-04-11 00:00:00
3887493234,2024-04-05 20:20:30,2024-04-05 20:06:31
3904951009,2024-04-18 15:32:35,2024-04-18 00:00:00
3889499727,2024-04-09 10:48:21,2024-04-09 10:48:21
3884438768,2024-04-05 21:05:56,2024-04-05 20:52:24
3904999672,2024-04-18 16:48:03,2024-04-18 16:48:03
3902754577,2024-04-17 22:56:46,2024-03-23 22:31:13
3902744937,2024-04-17 22:06:19,2024-04-16 00:00:00
3901362966,2024-04-18 15:57:49,2024-04-18 15:46:13
3902944216,2024-04-16 15:20:31,2024-04-16 00:00:00
3904365734,2024-04-17 21:49:32,2024-04-17 21:37:47
3901942135,2024-04-18 19:15:35,2024-04-18 19:15:35
3901987405,2024-04-19 03:11:50,2024-04-18 00:00:00
3901689943,2024-04-15 20:49:07,2024-04-15 20:49:07
3903814039,2024-04-18 20:17:29,2024-04-18 20:04:50
3888960154,2024-04-09 03:52:40,2024-04-08 00:00:00
3898176352,2024-04-15 21:16:20,2024-04-15 20:58:59
3906252831,2024-04-19 22:52:45,2024-04-19 22:40:37
3904380816,2024-04-17 22:24:29,2024-04-17 22:12:03
3901959877,2024-04-18 22:19:11,2024-03-24 21:57:58
3905207307,2024-04-18 16:55:05,2024-04-18 16:55:05
3898166727,2024-04-15 20:16:13,2024-04-15 20:16:13
3906238093,2024-04-19 22:11:55,2024-04-19 00:00:00
3902811539,2024-04-19 18:26:41,2024-04-19 18:26:41
3905823746,2024-04-19 12:25:49,2024-04-19 12:25:49
3905874009,2024-04-19 14:53:51,2024-04-19 14:53:51
3905866844,2024-04-19 15:03:36,2024-04-19 14:51:58
3905851273,2024-04-19 13:55:30,2024-04-19 13:55:30
3902699544,2024-04-16 14:15:17,2024-04-16 14:15:17
3888949394,2024-04-09 03:39:48,2024-04-09 03:27:30
3894574061,2024-04-12 03:58:24,2024-04-12 03:38:54
3905299446,2024-04-18 21:19:45,2024-04-18 00:00:00
3886463722,2024-04-09 04:25:17,2024-04-09 04:06:59
3895557285,2024-04-12 03:44:37,2024-04-12 03:30:33
3902866341,2024-04-19 22:07:09,2024-04-19 21:56:01
3886897039,2024-04-09 12:51:33,2024-04-09 12:51:33
3901986713,2024-04-19 03:17:34,2024-04-19 03:06:03
3906225593,2024-04-19 21:30:51,2024-04-19 00:00:00
3901959668,2024-04-18 21:47:55,2024-04-18 21:47:55
3904078215,2024-04-19 11:13:59,2024-04-19 10:45:06
3904990239,2024-04-18 16:33:12,2024-04-18 16:20:36
3903839414,2024-04-18 22:27:32,2024-04-18 22:10:15
3904365483,2024-04-17 21:47:20,2024-03-23 21:32:07
3901351909,2024-04-18 14:57:59,2024-04-18 14:57:59
3905356758,2024-04-19 01:51:14,2024-04-19 01:37:29
3904574866,2024-04-19 19:13:20,2024-04-19 19:13:20
3901160488,2024-04-16 14:18:57,2024-04-16 14:07:00
3905321122,2024-04-18 22:19:19,2024-04-18 00:00:00
3895221265,2024-04-11 20:05:03,2024-04-11 19:52:44
3904410343,2024-04-18 00:26:29,2024-04-18 00:26:29
3904995862,2024-04-18 16:58:10,2024-04-18 00:00:00
3905311203,2024-04-18 21:48:50,2024-04-18 21:38:12
3887993602,2024-04-09 09:21:34,2024-04-08 00:00:00
3901939264,2024-04-18 19:18:14,2024-04-18 19:18:14
3888025714,2024-04-06 11:35:29,2024-04-06 11:35:29
3904404498,2024-04-17 23:48:30,2024-04-17 00:00:00
3906080350,2024-04-19 18:42:13,2024-04-19 18:22:26
3904725023,2024-04-19 22:37:22,2024-03-25 22:25:34
3905330854,2024-04-18 22:51:53,2024-04-18 00:00:00
3901455593,2024-04-15 18:38:22,2024-04-15 18:38:22
3905380158,2024-04-19 03:50:55,2024-04-19 03:36:22
3884853512,2024-04-06 04:40:19,2024-04-06 04:28:31
3902752877,2024-04-17 22:45:29,2024-04-17 22:33:43
3887892038,2024-04-06 03:32:49,2024-04-06 03:19:15
3885805690,2024-04-06 01:26:10,2024-04-06 01:14:25
3904503098,2024-04-19 14:29:20,2024-04-19 14:17:42
3905662907,2024-04-19 09:29:23,2024-04-19 00:00:00
3905333899,2024-04-18 23:02:16,2024-04-18 00:00:00
3905339606,2024-04-18 23:23:24,2024-04-18 23:23:24
3902396607,2024-04-19 18:06:23,2024-04-19 18:06:23
3901692989,2024-04-15 21:11:34,2024-04-15 20:58:35
3894283124,2024-04-11 18:29:56,2024-04-11 18:29:56
3884811972,2024-04-06 02:19:49,2024-04-05 00:00:00
3906252358,2024-04-19 22:41:12,2024-04-19 00:00:00
3905324768,2024-04-18 22:19:18,2024-04-18 00:00:00
3898172297,2024-04-15 20:45:30,2024-04-15 20:45:30
3901358612,2024-04-18 15:37:58,2024-04-18 15:25:07
3885826692,2024-04-06 03:17:30,2024-04-06 03:05:03
3887467939,2024-04-05 19:36:30,2024-04-05 19:36:30
3905363192,2024-04-19 01:55:31,2024-04-19 01:44:01
3901672200,2024-04-15 20:23:24,2024-04-15 00:00:00
3902866718,2024-04-19 22:33:40,2024-04-19 22:33:40
3905329136,2024-04-18 22:22:27,2024-04-18 22:09:12
3905344070,2024-04-18 23:21:41,2024-04-18 23:09:11
3906097162,2024-04-19 19:22:31,2024-04-19 19:22:31
3901942861,2024-04-18 20:46:21,2024-04-18 20:34:46
3905374009,2024-04-19 03:08:28,2024-04-19 02:56:28
3888999807,2024-04-09 04:24:03,2024-04-09 04:10:43
3901990811,2024-04-19 03:24:44,2024-04-19 03:11:16
3895535252,2024-04-12 02:40:26,2024-04-12 02:40:26
3904431426,2024-04-18 03:00:44,2024-04-18 02:50:02
3888015109,2024-04-06 04:06:14,2024-04-06 03:54:54
3895250495,2024-04-11 20:10:15,2024-04-11 20:10:15
3905841614,2024-04-19 13:38:49,2024-04-19 13:38:49
3906222769,2024-04-19 21:27:59,2024-04-19 21:27:59
3902843828,2024-04-19 21:31:39,2024-04-19 21:20:22
3901963384,2024-04-18 22:29:29,2024-04-18 22:15:51
3902841941,2024-04-19 21:27:43,2024-04-19 00:00:00
3887862154,2024-04-06 02:04:38,2024-04-05 00:00:00
3904382359,2024-04-17 22:15:26,2024-04-17 00:00:00
3901985720,2024-04-19 03:05:31,2024-04-19 03:05:31
3885854666,2024-04-06 04:32:14,2024-04-06 04:21:12
3902747497,2024-04-17 22:06:41,2024-04-17 00:00:00
3905332656,2024-04-18 22:51:54,2024-04-18 22:40:14
3904990962,2024-04-18 16:49:46,2024-04-18 16:37:28
3903449123,2024-04-18 15:22:32,2024-04-18 15:22:32
3904957058,2024-04-18 15:29:20,2024-04-18 15:29:20
3906256510,2024-04-19 23:14:39,2024-04-19 22:55:51
3902362338,2024-04-19 14:47:59,2024-04-19 14:47:59
3891092574,2024-04-11 21:14:10,2024-04-11 21:02:19
3902751248,2024-04-17 22:17:54,2024-04-17 00:00:00
3884444613,2024-04-05 21:14:10,2024-04-05 21:02:20
3900073698,2024-04-15 19:44:35,2024-04-15 00:00:00
3902862857,2024-04-19 22:34:50,2024-04-19 22:22:01
3894400253,2024-04-11 20:13:40,2024-04-11 00:00:00
3901350370,2024-04-18 14:37:53,2024-04-18 14:37:53
3894847770,2024-04-11 17:15:14,2024-04-11 16:33:51
3904092366,2024-04-19 12:51:13,2024-04-19 12:51:13
3898162140,2024-04-15 19:00:30,2024-04-15 19:00:30
3894548753,2024-04-12 02:11:20,2024-04-12 02:11:20
3894952136,2024-04-11 18:37:01,2024-04-11 00:00:00
3901377116,2024-04-18 16:40:14,2024-04-18 00:00:00
3887831945,2024-04-06 00:34:19,2024-04-06 00:22:31
3888940723,2024-04-09 03:29:11,2024-04-08 00:00:00
3895251446,2024-04-11 20:17:28,2024-04-11 20:17:28
3884433568,2024-04-05 20:15:21,2024-04-05 20:15:21
3894659432,2024-04-12 06:05:26,2024-04-12 05:53:56
3902916652,2024-04-16 14:29:59,2024-04-16 00:00:00
3902838684,2024-04-19 21:15:30,2024-04-19 00:00:00
3901374647,2024-04-18 16:49:22,2024-04-18 16:49:22
3906238234,2024-04-19 22:21:44,2024-04-19 21:59:51
3904720672,2024-04-19 22:32:43,2024-04-19 22:14:21
3905844673,2024-04-19 13:48:10,2024-04-19 13:48:10
3905841229,2024-04-19 13:28:02,2024-04-19 13:28:02
3889732520,2024-04-09 12:23:52,2024-04-09 12:23:52
3901348442,2024-04-18 14:42:57,2024-04-18 14:30:44
3905355984,2024-04-19 01:51:14,2024-04-19 01:37:28
3898177281,2024-04-15 20:58:36,2024-04-15 20:58:36
3888011135,2024-04-06 04:22:25,2024-04-06 03:50:47
3886884629,2024-04-09 12:35:29,2024-04-09 12:35:29
3901966502,2024-04-18 22:58:59,2024-04-18 00:00:00
3902737344,2024-04-17 21:10:23,2024-04-17 21:10:23
3903442981,2024-04-18 16:44:45,2024-04-18 00:00:00
3885102484,2024-04-06 09:06:37,2024-04-06 09:06:37
3898165150,2024-04-15 19:38:56,2024-04-15 19:38:56
3887865314,2024-04-06 02:19:43,2024-04-06 02:06:51
3905327521,2024-04-18 22:33:21,2024-04-18 22:10:03
3906262691,2024-04-20 00:17:13,2024-04-20 00:17:13
3906259222,2024-04-19 23:04:04,2024-04-19 22:51:28
3889122912,2024-04-09 05:03:25,2024-04-08 00:00:00
3902745902,2024-04-17 22:13:15,2024-04-17 00:00:00
3904388626,2024-04-17 22:57:30,2024-04-17 22:43:38
3888418019,2024-04-09 10:06:21,2024-04-09 09:54:57
3894548180,2024-04-12 01:37:46,2024-04-12 01:25:54
3901344575,2024-04-18 14:01:58,2024-04-18 14:01:58
3895562146,2024-04-12 03:40:56,2024-04-12 03:40:56
3895524460,2024-04-12 02:22:30,2024-04-12 02:10:59
3904728010,2024-04-19 22:43:32,2024-04-19 22:32:11
3903832746,2024-04-18 22:14:56,2024-04-18 21:47:06
3902751594,2024-04-17 22:35:25,2024-04-17 22:17:14
3895829649,2024-04-12 06:01:29,2024-04-12 05:37:02
3895520817,2024-04-12 02:17:40,2024-04-12 02:05:23
3885852097,2024-04-06 04:31:58,2024-04-06 04:11:43
3898169067,2024-04-15 20:07:00,2024-04-15 20:07:00
3904925980,2024-04-18 14:25:17,2024-04-18 14:25:17
3905336609,2024-04-18 22:54:48,2024-04-18 22:54:48
3906247495,2024-04-19 22:30:19,2024-04-19 22:10:09
3904073157,2024-04-19 10:05:28,2024-04-19 00:00:00
3903800252,2024-04-18 19:00:00,2024-04-18 18:43:04
3905299252,2024-04-18 21:10:17,2024-04-18 20:57:34
3277232283,2024-04-12 03:38:15,2024-04-12 03:38:15
3901942519,2024-04-18 20:19:33,2024-04-18 20:06:54
3904725184,2024-04-19 22:46:37,2024-04-19 22:32:29
3904714963,2024-04-19 22:28:51,2024-04-19 22:08:37
3904388997,2024-04-17 23:13:24,2024-04-17 23:02:26
3887571722,2024-04-09 03:14:06,2024-04-08 00:00:00
3905330657,2024-04-18 22:46:52,2024-04-18 22:34:53
3905309503,2024-04-18 21:49:15,2024-04-18 21:35:40
3894611728,2024-04-12 04:55:23,2024-04-12 04:33:18
3905208333,2024-04-18 17:09:51,2024-04-17 00:00:00
3902835331,2024-04-19 19:30:09,2024-04-19 19:18:03
3902352902,2024-04-19 14:17:42,2024-04-19 14:17:42
3875732985,2024-04-18 18:20:09,2024-04-18 18:20:09
3895565080,2024-04-12 03:55:03,2024-04-12 03:42:48
3902948188,2024-04-16 15:23:15,2024-04-16 15:12:10
3901946288,2024-04-18 20:54:07,2024-04-18 20:54:07
3887494779,2024-04-05 20:22:56,2024-04-05 00:00:00
3894998506,2024-04-11 19:05:50,2024-04-11 19:05:50
3901673478,2024-04-15 20:28:29,2024-04-15 00:00:00
3888027029,2024-04-06 09:58:41,2024-04-06 09:44:15
3905886175,2024-04-19 15:36:46,2024-04-19 15:19:44
3885827745,2024-04-06 03:22:05,2024-04-05 00:00:00
3901935901,2024-04-18 18:50:54,2024-04-18 18:50:54
3901670143,2024-04-15 20:23:54,2024-04-15 20:09:20
3904409774,2024-04-18 01:05:53,2024-04-18 01:05:53
3886858359,2024-04-09 10:00:16,2024-04-08 00:00:00
3906224260,2024-04-19 21:19:33,2024-04-19 00:00:00
3884440730,2024-04-05 21:08:50,2024-04-05 00:00:00
3901682199,2024-04-15 20:30:56,2024-04-15 20:30:56
3904384725,2024-04-17 22:41:50,2024-04-17 00:00:00
3889499009,2024-04-09 10:44:39,2024-04-09 10:33:05
3902362600,2024-04-19 14:54:26,2024-04-19 14:54:26
3905295033,2024-04-18 20:52:53,2024-04-18 20:40:27
3889288412,2024-04-09 08:36:46,2024-04-09 08:18:59
3887991085,2024-04-09 09:02:11,2024-04-08 00:00:00
3894559458,2024-04-12 02:44:54,2024-04-11 00:00:00
3889241236,2024-04-09 07:23:42,2024-04-09 07:23:42
3905219666,2024-04-18 17:27:49,2024-04-18 17:27:49
3900962438,2024-04-17 22:20:24,2024-04-17 22:20:24
3889744567,2024-04-09 12:37:52,2024-04-09 12:37:52
3900977840,2024-04-18 02:11:18,2024-04-18 01:58:55
3905884219,2024-04-19 15:32:04,2024-04-19 00:00:00
3901354720,2024-04-18 14:57:28,2024-04-18 14:57:28
3904720066,2024-04-19 22:17:36,2024-04-19 00:00:00
3900943345,2024-04-17 21:18:38,2024-04-17 21:06:59
3902355417,2024-04-19 15:04:13,2024-04-19 15:04:13
3885840833,2024-04-06 04:05:43,2024-04-04 00:00:00
3894896010,2024-04-11 17:39:09,2024-04-11 17:39:09
3902365343,2024-04-19 15:15:54,2024-04-19 15:15:54
3905335528,2024-04-18 22:53:04,2024-04-18 22:42:16
3889495475,2024-04-09 10:41:58,2024-04-09 10:27:07
3900954290,2024-04-17 21:43:59,2024-04-17 21:32:17
3904967730,2024-04-18 16:14:06,2024-04-18 16:14:06
3904946433,2024-04-18 15:25:53,2024-04-18 15:12:04
3904561781,2024-04-19 18:11:46,2024-04-19 18:00:09
3891286421,2024-04-12 03:59:49,2024-04-11 00:00:00
3886455015,2024-04-09 03:38:39,2024-04-09 03:26:20
3895803024,2024-04-12 04:31:57,2024-04-12 04:20:08
3903895582,2024-04-19 04:55:21,2024-04-19 04:31:50
3904369079,2024-04-17 21:41:58,2024-03-23 21:30:16
3894994722,2024-04-11 18:52:12,2024-04-11 18:52:12
3887721010,2024-04-05 20:57:25,2024-04-05 20:57:25
3901373974,2024-04-18 17:12:52,2024-04-18 17:00:41
3899523765,2024-04-16 14:53:15,2024-04-16 14:53:15
3902941884,2024-04-16 15:21:59,2024-04-08 00:00:00
3902344741,2024-04-19 13:00:41,2024-04-19 13:00:41
3895593831,2024-04-12 04:16:10,2024-04-12 04:16:10
3885860170,2024-04-06 04:51:20,2024-04-05 00:00:00
3885819870,2024-04-06 02:38:56,2024-04-06 02:26:55
3902942962,2024-04-16 15:14:19,2024-04-16 15:14:19
3891068900,2024-04-11 18:46:32,2024-04-11 18:33:05
3904935517,2024-04-18 14:37:58,2024-04-18 14:37:58
3902347948,2024-04-19 13:31:44,2024-04-19 13:31:44
3904366031,2024-04-17 21:25:17,2024-04-17 21:25:17
3900947858,2024-04-17 21:38:49,2024-04-17 21:27:12
3904506111,2024-04-19 14:37:45,2024-04-19 14:26:40
3906228423,2024-04-19 21:45:09,2024-04-19 21:25:36
3901486363,2024-04-15 18:55:05,2024-04-15 18:55:05
3895560602,2024-04-12 03:53:10,2024-04-12 03:41:39
3904965679,2024-04-18 15:51:34,2024-04-18 15:51:34
3903833114,2024-04-18 21:44:21,2024-04-18 21:32:52
3885864703,2024-04-06 05:13:10,2024-04-06 04:58:04
3904711015,2024-04-19 21:33:25,2024-04-19 00:00:00
3887471349,2024-04-05 19:51:55,2024-04-05 19:37:20
3885856472,2024-04-06 04:36:37,2024-04-06 04:19:03
3903815068,2024-04-18 20:20:28,2024-04-18 20:08:18
3905667457,2024-04-19 09:30:07,2024-04-19 09:17:02
3905367987,2024-04-19 03:13:44,2024-04-19 03:01:15
3902932747,2024-04-16 14:46:29,2024-04-16 14:46:29
3884917416,2024-04-05 20:04:56,2024-04-05 19:53:08
3902743717,2024-04-17 22:01:53,2024-04-17 21:39:20
3887996332,2024-04-09 09:21:34,2024-04-08 00:00:00
3902942113,2024-04-16 15:01:05,2024-04-16 15:01:05
3895805383,2024-04-12 04:46:40,2024-04-12 00:00:00
3884439643,2024-04-05 20:49:03,2024-04-05 20:49:03
3901163001,2024-04-16 14:18:27,2024-04-16 14:05:09
3902877796,2024-04-20 00:20:51,2024-04-20 00:20:51
3900943285,2024-04-17 21:14:52,2024-04-17 00:00:00
3901291919,2024-04-15 19:01:29,2024-04-15 19:01:29
3891831820,2024-04-12 06:46:24,2024-04-12 06:32:40
3898158809,2024-04-15 19:26:45,2024-04-15 19:26:45
3904987323,2024-04-18 16:28:31,2024-04-18 16:16:56
3902359721,2024-04-19 15:08:28,2024-04-19 14:55:16
3905651315,2024-04-19 07:53:29,2024-04-19 07:53:29
3886841493,2024-04-09 09:19:30,2024-04-09 09:06:22
3902760376,2024-04-17 23:26:53,2024-04-17 00:00:00
3885834747,2024-04-06 04:00:37,2024-04-06 03:39:07
3901166848,2024-04-16 14:33:06,2024-04-16 14:33:06
3888004929,2024-04-06 04:00:16,2024-04-06 03:46:13
3891070796,2024-04-11 19:19:16,2024-04-11 19:05:54
3891000121,2024-04-11 17:48:07,2024-04-11 17:36:29
3905374323,2024-04-19 03:32:59,2024-04-19 03:20:50
3904384858,2024-04-17 23:14:10,2024-04-17 22:30:28
3905607969,2024-04-19 05:56:21,2024-04-19 05:56:21
3905302932,2024-04-18 21:48:51,2024-04-18 21:30:58
3884925055,2024-04-05 20:21:01,2024-04-05 00:00:00
3903802655,2024-04-18 19:15:01,2024-04-18 19:15:01
3901978810,2024-04-19 01:25:58,2024-04-19 01:25:58
3902745990,2024-04-17 22:18:57,2024-04-17 22:06:44
3904360804,2024-04-17 21:20:48,2024-04-17 21:20:48
3905886010,2024-04-19 15:32:05,2024-04-19 00:00:00
3901375723,2024-04-18 16:47:52,2024-04-18 16:47:52
3894209637,2024-04-11 17:19:25,2024-04-11 17:07:41
3887571620,2024-04-09 03:27:35,2024-04-08 00:00:00
3887481238,2024-04-05 19:54:53,2024-04-05 19:54:53
3903895551,2024-04-19 04:42:47,2024-04-19 04:31:36
3902752843,2024-04-17 22:43:46,2024-04-17 22:32:24
3902829502,2024-04-19 18:52:59,2024-04-19 18:52:59
3901964001,2024-04-18 22:02:18,2024-04-18 21:50:07
3901389363,2024-04-18 17:34:37,2024-04-18 17:32:08
3905331729,2024-04-18 22:51:41,2024-04-18 00:00:00
3901949243,2024-04-18 21:09:11,2024-04-18 20:56:53
3887874058,2024-04-06 02:30:35,2024-04-06 02:18:17
3905368977,2024-04-19 03:27:14,2024-04-18 00:00:00
3895493250,2024-04-12 00:56:36,2024-04-12 00:56:36
3903839896,2024-04-18 22:51:45,2024-04-18 00:00:00
3901943820,2024-04-18 20:27:00,2024-04-18 20:27:00
3887892743,2024-04-06 03:39:26,2024-04-06 03:26:33
3905374607,2024-04-19 03:56:55,2024-04-19 03:43:45
3887497192,2024-04-05 20:22:56,2024-04-05 00:00:00
3888023908,2024-04-06 11:22:31,2024-04-06 11:22:31
3890891669,2024-04-11 17:32:40,2024-04-11 17:32:40
3906233463,2024-04-19 21:57:58,2024-04-19 21:45:47
3904391813,2024-04-17 23:04:53,2024-04-17 23:04:53
3888826127,2024-04-09 13:23:20,2024-04-09 13:23:20
3905212062,2024-04-18 17:09:44,2024-04-18 16:57:58
3903826150,2024-04-18 21:21:33,2024-04-17 00:00:00
3903471482,2024-04-18 17:00:45,2024-04-18 16:38:10
3905257317,2024-04-18 19:56:50,2024-04-18 19:43:31
3905334285,2024-04-18 22:50:41,2024-04-18 00:00:00
3902848392,2024-04-19 21:42:22,2024-04-19 21:28:57
3903810129,2024-04-18 19:45:04,2024-04-18 19:45:04
3902318513,2024-04-19 08:32:16,2024-04-19 08:18:37
3905866143,2024-04-19 14:47:27,2024-04-19 14:47:27
3901647782,2024-04-15 20:19:30,2024-03-21 19:56:56
3891083189,2024-04-11 20:07:36,2024-04-11 20:07:36
3894978520,2024-04-11 18:53:36,2024-04-11 00:00:00
3904077558,2024-04-19 10:41:13,2024-04-19 10:29:44
3900961201,2024-04-17 21:54:28,2024-04-17 21:54:28
3895202218,2024-04-11 19:09:21,2024-04-11 19:09:21
3905364619,2024-04-19 02:22:40,2024-04-19 02:10:50
3902750307,2024-04-17 22:04:49,2024-04-17 22:04:49
3901935752,2024-04-18 18:44:48,2024-04-18 18:44:48
3905394542,2024-04-19 04:49:48,2024-04-19 04:38:10
3900943626,2024-04-17 21:20:11,2024-04-17 21:20:11
3901352391,2024-04-18 14:53:58,2024-04-18 14:53:58
3895221495,2024-04-11 20:09:34,2024-04-11 00:00:00
3904512019,2024-04-19 15:07:59,2024-04-19 15:07:59
3884834581,2024-04-06 04:25:55,2024-04-06 03:26:30
3902318822,2024-04-19 09:07:01,2024-04-19 08:52:49
3885850622,2024-04-06 04:31:58,2024-04-06 04:11:44
3895273662,2024-04-11 21:13:39,2024-04-11 20:59:32
3902790165,2024-04-18 02:19:44,2024-04-17 00:00:00
3884922027,2024-04-05 20:17:20,2024-04-05 20:04:38
3904724157,2024-04-19 22:34:40,2024-04-19 22:22:05
3884432550,2024-04-05 19:50:59,2024-04-05 19:50:59
3901942610,2024-04-18 20:22:58,2024-04-18 20:10:41
3889154249,2024-04-09 05:38:39,2024-04-09 05:38:39
3902316722,2024-04-19 08:32:16,2024-04-19 08:18:37
3895489514,2024-04-12 00:39:56,2024-04-12 00:39:56
3905373498,2024-04-19 03:38:31,2024-04-19 03:24:24
3901693968,2024-04-15 21:14:00,2024-04-15 21:03:09
3891270932,2024-04-12 03:17:01,2024-04-12 03:05:39
3902314481,2024-04-19 06:46:29,2024-04-19 06:35:05
3903871938,2024-04-19 02:24:21,2024-04-19 02:11:06
3905684688,2024-04-19 10:25:57,2024-04-15 00:00:00
3905262622,2024-04-18 20:10:01,2024-04-18 00:00:00
3904386116,2024-04-17 22:06:07,2024-04-17 22:06:07
3888935676,2024-04-09 03:19:30,2024-04-08 00:00:00
3904713779,2024-04-19 21:55:23,2024-04-19 00:00:00
3905868994,2024-04-19 15:00:11,2024-04-19 15:00:11
3906230384,2024-04-19 21:31:19,2024-04-19 21:31:19
3905622774,2024-04-19 06:45:40,2024-04-19 06:45:40
3901948239,2024-04-18 21:08:23,2024-04-18 00:00:00
3905674200,2024-04-19 09:55:42,2024-04-18 00:00:00
3905816560,2024-04-19 11:41:34,2024-04-19 11:41:34
3905284746,2024-04-18 20:22:25,2024-04-18 20:22:25
3901629888,2024-04-15 19:46:31,2024-04-15 19:34:53
3904515350,2024-04-19 15:36:32,2024-04-19 15:36:32
3904993533,2024-04-18 16:36:10,2024-04-18 16:36:10
3903448200,2024-04-18 15:28:45,2024-04-18 00:00:00
3903838435,2024-04-18 22:20:43,2024-04-18 22:06:44
3887720337,2024-04-05 21:12:33,2024-04-05 20:59:43
3905695654,2024-04-19 11:08:25,2024-04-19 10:56:01
3898162775,2024-04-15 19:43:59,2024-04-15 19:43:59
3885804788,2024-04-06 01:12:13,2024-04-06 01:00:26
3901355164,2024-04-18 14:45:09,2024-04-18 14:45:09
3903844138,2024-04-18 22:35:06,2024-04-18 00:00:00
3898172325,2024-04-15 20:45:59,2024-04-15 20:45:59
3884830867,2024-04-06 03:27:58,2024-04-06 03:15:32
3905304452,2024-04-18 21:39:46,2024-04-18 21:28:02
3901371251,2024-04-18 16:18:29,2024-04-18 00:00:00
3903830273,2024-04-18 21:40:58,2024-04-18 21:25:22
3891267806,2024-04-12 03:11:19,2024-04-12 00:00:00
3891076396,2024-04-11 19:20:56,2024-04-11 19:20:56
3905330366,2024-04-18 22:31:58,2024-03-24 22:19:50
3901344586,2024-04-18 14:10:28,2024-04-18 00:00:00
3885823703,2024-04-06 03:18:48,2024-04-05 00:00:00
3902841738,2024-04-19 21:20:28,2024-04-19 21:08:30
3885826623,2024-04-06 03:14:07,2024-04-06 03:00:06
3884942293,2024-04-05 21:01:57,2024-04-05 21:01:57
3894584027,2024-04-12 04:05:00,2024-04-10 00:00:00
3889752586,2024-04-09 12:57:48,2024-04-09 12:57:48
3888826254,2024-04-09 13:29:17,2024-04-09 13:29:17
3901473971,2024-04-15 18:48:42,2024-04-15 18:48:42
3904430034,2024-04-18 02:39:57,2024-04-18 02:28:48
3887852697,2024-04-06 01:33:12,2024-04-06 01:21:44
3902738639,2024-04-17 21:29:59,2024-04-17 21:18:32
3904962541,2024-04-18 15:45:45,2024-04-18 15:45:45
3906237214,2024-04-19 22:15:54,2024-04-19 21:55:06
3904055398,2024-04-19 07:49:21,2024-04-19 07:49:21
3904429053,2024-04-18 02:39:00,2024-04-18 02:28:02
3894547269,2024-04-12 01:49:34,2024-04-12 01:37:37
3901966459,2024-04-18 22:41:44,2024-04-18 22:41:44
3902926933,2024-04-16 14:40:34,2024-04-16 14:40:34
3904944114,2024-04-18 15:08:19,2024-04-18 14:55:56
3898176417,2024-04-15 21:11:02,2024-04-15 21:00:19
3887707913,2024-04-05 20:38:03,2024-04-05 20:38:03
3904724202,2024-04-19 22:54:45,2024-04-19 22:25:11
3904956667,2024-04-18 15:47:51,2024-04-18 15:30:06
3905625542,2024-04-19 06:45:03,2024-04-19 06:45:03
3886896776,2024-04-09 13:17:03,2024-04-09 13:17:03
3887868788,2024-04-06 02:30:54,2024-04-05 00:00:00
3905290097,2024-04-18 20:22:55,2024-04-18 00:00:00
3902319883,2024-04-19 09:07:02,2024-04-19 08:52:52
3905200082,2024-04-18 16:41:39,2024-04-18 16:41:39
3905801073,2024-04-19 11:06:55,2024-04-19 10:55:33
3901356606,2024-04-18 15:23:37,2024-04-18 15:23:37
3905237837,2024-04-18 18:15:45,2024-04-18 18:15:45
3901350351,2024-04-18 14:36:44,2024-04-18 14:36:44
3901644243,2024-04-15 20:03:55,2024-04-14 00:00:00
3901944226,2024-04-18 20:43:17,2024-04-18 20:30:58
3906224350,2024-04-19 21:25:14,2024-04-19 21:10:31
3895209965,2024-04-11 19:37:06,2024-04-11 19:37:06
3905657491,2024-04-19 08:35:48,2024-04-19 08:35:48
3902833681,2024-04-19 19:32:28,2024-04-19 19:32:28
3884846843,2024-04-06 04:24:57,2024-04-05 00:00:00
3905345759,2024-04-19 00:26:32,2024-04-19 00:14:39
3904385533,2024-04-17 22:32:53,2024-04-17 22:17:01
3905657944,2024-04-19 09:04:02,2024-04-19 09:04:02
3905374034,2024-04-19 03:10:20,2024-04-19 02:57:42
3902866208,2024-04-19 21:58:52,2024-04-19 21:47:33
3894286516,2024-04-11 19:10:13,2024-04-11 19:10:13
3905839943,2024-04-19 13:36:49,2024-04-19 13:36:49
3905254305,2024-04-18 19:27:49,2024-04-18 19:27:49
3902878413,2024-04-19 23:58:27,2024-04-19 23:58:27
3901682203,2024-04-15 20:43:51,2024-04-15 20:30:55
3884936212,2024-04-05 21:03:00,2024-04-04 00:00:00
3901372262,2024-04-18 16:26:14,2024-04-18 16:13:46
3902829720,2024-04-19 19:20:31,2024-04-19 19:20:31
3888028893,2024-04-06 21:48:23,2024-04-06 21:35:40
3886478600,2024-04-09 04:40:39,2024-04-09 04:27:20
3901395383,2024-04-18 18:04:13,2024-04-18 18:04:13
3904567128,2024-04-19 18:15:27,2024-04-19 00:00:00
3904379995,2024-04-17 22:27:40,2024-04-17 22:15:48
3901363186,2024-04-18 15:33:11,2024-04-18 15:20:28
3905300826,2024-04-18 21:22:28,2024-04-18 21:22:28
3905615118,2024-04-19 06:28:34,2024-04-19 06:28:34
3895202118,2024-04-11 19:01:31,2024-04-11 19:01:31
3904956957,2024-04-18 15:37:55,2024-04-18 15:37:55
3884856205,2024-04-06 04:43:47,2024-03-12 04:31:29
3891252203,2024-04-12 00:46:55,2024-04-12 00:32:26
3904573454,2024-04-19 18:26:50,2024-04-19 18:26:50
3898156552,2024-04-15 18:48:56,2024-04-15 18:48:56
3886450784,2024-04-09 03:43:55,2024-03-15 03:32:12
3903843110,2024-04-18 22:34:10,2024-04-18 22:20:31
3905392891,2024-04-19 04:57:57,2024-04-19 04:44:33
3903458148,2024-04-18 15:59:08,2024-04-18 15:59:08
3889285441,2024-04-09 08:32:22,2024-04-09 08:11:11
3884896591,2024-04-06 06:44:53,2024-04-06 06:44:53
3901374540,2024-04-18 16:43:56,2024-04-18 16:31:37
3906074343,2024-04-19 18:07:06,2024-04-19 18:07:06
3905339132,2024-04-18 23:03:31,2024-04-18 22:49:46
3904389487,2024-04-17 22:52:48,2024-04-17 00:00:00
3905298835,2024-04-18 21:30:33,2024-04-18 00:00:00
3904921710,2024-04-18 15:12:46,2024-04-18 14:05:05
3901989883,2024-04-19 03:34:12,2024-04-19 03:20:39
3903471376,2024-04-18 17:02:28,2024-04-18 16:35:47
3884432321,2024-04-05 19:39:37,2024-04-05 19:28:06
3895851152,2024-04-12 06:15:08,2024-04-12 06:15:08
3905370948,2024-04-19 03:32:59,2024-04-19 03:20:51
3898172247,2024-04-15 20:50:26,2024-04-15 20:50:26
3884431494,2024-04-05 19:42:39,2024-04-05 19:31:05
3905861098,2024-04-19 14:20:57,2024-04-19 14:20:57
3904374180,2024-04-17 22:09:02,2024-04-17 00:00:00
3905374580,2024-04-19 03:49:13,2024-04-19 00:00:00
3895556601,2024-04-12 03:50:38,2024-04-12 03:33:34
3902757811,2024-04-17 23:26:53,2024-04-17 00:00:00
3905851380,2024-04-19 14:08:48,2024-04-19 13:57:26
3901690160,2024-04-15 20:48:21,2024-04-15 20:37:59
3906258314,2024-04-19 23:07:27,2024-04-19 22:49:48
3885112280,2024-04-06 23:00:55,2024-04-06 23:00:55
3902919690,2024-04-16 14:25:49,2024-04-16 14:25:49
3891082052,2024-04-11 19:54:04,2024-04-11 19:54:04
3886486582,2024-04-09 06:14:07,2024-04-09 06:14:07
3906092667,2024-04-19 18:55:31,2024-04-19 18:55:31
3901672189,2024-04-15 20:22:12,2024-04-15 00:00:00
3898159502,2024-04-15 19:09:06,2024-04-15 19:09:06
3902758574,2024-04-17 23:29:46,2024-04-17 23:11:35
3856243244,2024-04-06 18:36:55,2024-04-06 18:36:55
3887496603,2024-04-05 20:29:53,2024-04-05 00:00:00
3906225770,2024-04-19 21:37:29,2024-04-19 00:00:00
3895492266,2024-04-12 00:59:47,2024-04-12 00:59:47
3904965886,2024-04-18 15:56:09,2024-04-18 15:56:09
3902336542,2024-04-19 10:43:05,2024-03-25 10:31:55
3904726371,2024-04-19 23:03:32,2024-04-19 22:42:04
3894213026,2024-04-11 17:26:48,2024-04-11 00:00:00
3904396368,2024-04-17 23:16:59,2024-04-17 22:59:14
3898159400,2024-04-15 18:53:14,2024-04-15 18:53:14
3888948705,2024-04-09 03:40:12,2024-04-09 03:28:39
3906230312,2024-04-19 21:40:37,2024-04-19 00:00:00
3904723709,2024-04-19 23:11:28,2024-04-19 00:00:00
3905876323,2024-04-19 15:20:48,2024-04-19 15:05:53
3904928628,2024-04-18 14:31:25,2024-04-18 14:31:25
3904952606,2024-04-18 15:19:34,2024-04-18 15:19:34
3887708952,2024-04-05 20:51:19,2024-04-05 20:39:26
3884923050,2024-04-05 20:20:59,2024-04-05 20:05:06
3906092802,2024-04-19 19:29:43,2024-04-19 00:00:00
3898172434,2024-04-15 20:53:38,2024-04-15 20:53:38
3901396068,2024-04-18 18:13:28,2024-04-18 18:13:28
3902833659,2024-04-19 19:31:08,2024-04-19 19:31:08
3899934194,2024-04-16 18:46:44,2024-04-16 18:46:44
3895536273,2024-04-12 02:53:16,2024-04-12 02:41:11
3901938742,2024-04-18 20:16:55,2024-04-18 20:16:55
3894400226,2024-04-11 20:11:59,2024-04-11 00:00:00
3901940967,2024-04-18 20:27:31,2024-04-18 20:27:31
3888023952,2024-04-06 11:53:41,2024-04-06 11:53:41
3905847730,2024-04-19 13:56:29,2024-04-19 13:56:29
3903879836,2024-04-19 03:33:31,2024-03-25 03:22:02
3900941792,2024-04-17 21:23:26,2024-04-17 00:00:00
3903810645,2024-04-18 20:22:29,2024-04-18 00:00:00
3894284788,2024-04-11 19:23:48,2024-04-11 19:10:49
3902737779,2024-04-17 21:34:47,2024-04-17 21:22:20
3904991177,2024-04-18 16:34:09,2024-04-18 00:00:00
3902836833,2024-04-19 21:16:30,2024-04-19 21:00:59
3889700771,2024-04-09 11:22:17,2024-04-09 10:50:36
3901696570,2024-04-15 21:13:07,2024-04-15 21:01:07
3903825848,2024-04-18 21:36:47,2024-04-18 21:22:53
3885100797,2024-04-06 08:38:55,2024-04-06 08:38:55
3891266979,2024-04-12 03:12:06,2024-04-12 03:01:18
3904098526,2024-04-19 13:48:56,2024-04-19 13:48:56
3901169582,2024-04-16 14:36:26,2024-04-16 14:36:26
3905269963,2024-04-18 20:04:14,2024-04-18 20:04:14
3905306704,2024-04-18 21:49:34,2024-04-18 21:34:34
3901368207,2024-04-18 16:01:37,2024-04-18 15:50:25
3884837128,2024-04-06 03:38:34,2024-04-06 03:25:03
3901939884,2024-04-18 20:36:25,2024-04-18 00:00:00
3904418982,2024-04-18 02:35:41,2024-04-17 00:00:00
3905307848,2024-04-18 21:56:47,2024-04-18 21:43:40
3902743958,2024-04-17 22:02:30,2024-04-17 21:47:44
3901465075,2024-04-15 18:42:54,2024-04-15 18:42:54
3901660970,2024-04-15 20:22:14,2024-04-15 20:07:42
3902352145,2024-04-19 13:43:54,2024-04-19 13:31:24
3888938733,2024-04-09 03:24:43,2024-04-08 00:00:00
3888975615,2024-04-09 04:13:47,2024-04-09 03:55:30
3900941723,2024-04-17 21:17:16,2024-04-17 21:03:22
3898160959,2024-04-15 19:55:21,2024-04-15 19:55:21
3905290159,2024-04-18 20:28:03,2024-04-18 20:15:36
3898178206,2024-04-15 20:58:14,2024-04-15 20:58:14
3906249690,2024-04-19 22:51:28,2024-04-19 22:24:43
3905693880,2024-04-19 11:06:55,2024-04-19 10:55:33
3902914328,2024-04-16 14:25:10,2024-04-16 14:10:22
3904721893,2024-04-19 22:56:25,2024-04-19 22:29:53
3904388040,2024-04-17 22:36:47,2024-04-17 00:00:00
3894287450,2024-04-11 19:26:17,2024-04-11 19:14:15
3906251233,2024-04-19 22:19:50,2024-04-19 22:08:02
3902750384,2024-04-17 22:18:34,2024-04-17 22:04:18
3904706231,2024-04-19 21:24:22,2024-04-19 00:00:00
3906094093,2024-04-19 18:39:11,2024-04-19 18:39:11
3900978838,2024-04-18 02:05:55,2024-04-18 01:53:09
3901672165,2024-04-15 20:22:10,2024-04-15 20:10:54
3888979079,2024-04-09 04:06:47,2024-04-09 03:55:48
3901986300,2024-04-19 02:55:50,2024-04-19 02:44:09
3885853857,2024-04-06 04:31:58,2024-04-06 04:20:44
3905339034,2024-04-18 22:56:51,2024-04-18 00:00:00
3889716760,2024-04-09 12:28:19,2024-04-09 12:16:42
3887857459,2024-04-06 01:58:19,2024-04-06 01:46:58
3894561533,2024-04-12 03:08:58,2024-04-12 02:57:02
3905878393,2024-04-19 15:12:27,2024-04-19 15:12:27
3902936931,2024-04-16 14:59:08,2024-04-16 14:59:08
3905248890,2024-04-18 19:31:55,2024-04-18 19:20:27
3903897989,2024-04-19 05:16:32,2024-04-19 04:44:04
3894875325,2024-04-11 17:18:28,2024-04-11 16:58:21
3901937716,2024-04-18 19:38:32,2024-04-18 19:38:32
3900088467,2024-04-15 20:39:10,2024-04-15 20:25:58
3901996000,2024-04-19 03:44:56,2024-04-19 03:32:18
3905297895,2024-04-18 21:29:18,2024-04-18 21:16:11
3899537466,2024-04-16 15:10:20,2024-04-16 15:10:20
3904728642,2024-04-20 00:14:36,2024-04-18 00:00:00
3887582011,2024-04-09 03:46:41,2024-04-08 00:00:00
3902875176,2024-04-19 23:23:29,2024-04-19 23:23:29
3904723988,2024-04-20 00:14:37,2024-03-26 00:00:29
3902876846,2024-04-20 00:20:48,2024-04-20 00:20:48
3884851532,2024-04-06 04:24:30,2024-04-06 00:00:00
3904724687,2024-04-19 23:05:27,2024-04-19 00:00:00
3902354845,2024-04-19 14:20:38,2024-04-19 14:20:38
3904366302,2024-04-17 21:36:03,2024-04-17 21:36:03
3895801271,2024-04-12 04:24:04,2024-04-12 04:24:04
3904368605,2024-04-17 21:47:57,2024-04-17 21:47:57
3903876087,2024-04-19 02:21:41,2024-04-19 02:05:05
3902779936,2024-04-18 01:25:35,2024-04-18 01:25:35
3904422530,2024-04-18 02:29:53,2024-04-17 00:00:00
3904509918,2024-04-19 15:25:46,2024-04-19 00:00:00
3904367091,2024-04-17 21:40:45,2024-04-17 00:00:00
3895212031,2024-04-11 19:28:01,2024-04-11 19:28:01
3891281763,2024-04-12 03:57:36,2024-04-11 00:00:00
3906260682,2024-04-20 00:03:25,2024-04-19 23:43:52
3900954831,2024-04-17 21:42:35,2024-04-17 21:42:35
3904420320,2024-04-18 02:17:00,2024-04-18 02:05:35
3887490752,2024-04-05 20:21:12,2024-04-05 00:00:00
3898157552,2024-04-15 18:48:47,2024-04-15 18:48:47
3887905897,2024-04-09 04:40:45,2024-04-09 04:23:26
3900956959,2024-04-17 21:59:01,2024-03-23 21:55:58
3901952937,2024-04-18 21:50:23,2024-04-18 21:36:54
3904507836,2024-04-19 15:21:51,2024-04-19 15:09:15
3906096222,2024-04-19 19:23:25,2024-04-19 19:12:06
3903427732,2024-04-18 14:23:20,2024-03-24 14:05:09
3884875819,2024-04-06 06:33:18,2024-04-06 06:33:18
3905689671,2024-04-19 10:36:48,2024-04-19 10:25:27
3904385871,2024-04-17 22:45:41,2024-04-17 00:00:00
3901979599,2024-04-19 00:46:29,2024-04-19 00:33:04
3887859678,2024-04-06 02:19:31,2024-04-05 00:00:00
3901647420,2024-04-15 19:55:04,2024-04-15 19:55:04
3900946060,2024-04-17 21:14:05,2024-04-17 21:14:05
3905204516,2024-04-18 17:02:59,2024-04-18 00:00:00
3905288182,2024-04-18 20:22:31,2024-04-18 20:10:50
3901344640,2024-04-18 14:04:16,2024-04-18 14:04:16
3904390397,2024-04-17 22:52:39,2024-04-17 22:39:24
3905270262,2024-04-18 20:09:10,2024-04-18 19:57:46
3887836932,2024-04-06 00:39:40,2024-04-06 00:39:40
3894560872,2024-04-12 03:21:08,2024-04-11 00:00:00
3900951626,2024-04-17 21:46:36,2024-04-17 21:31:49
3901395281,2024-04-18 17:51:02,2024-04-18 17:51:02
3905664141,2024-04-19 09:05:24,2024-04-19 09:05:24
3905335512,2024-04-18 22:53:35,2024-04-18 22:41:10
3902806971,2024-04-19 18:26:02,2024-04-19 18:26:02
3904997454,2024-04-18 17:06:22,2024-04-18 17:06:22
3894580402,2024-04-12 04:04:36,2024-03-23 00:00:00
3901363947,2024-04-18 16:30:29,2024-04-18 15:50:50
3906252317,2024-04-19 22:31:11,2024-04-19 00:00:00
3887584684,2024-04-09 03:57:59,2024-04-09 03:44:12
3889412428,2024-04-09 09:16:49,2024-04-08 00:00:00
3895596607,2024-04-12 04:16:29,2024-04-12 04:16:29
3894897018,2024-04-11 17:29:08,2024-04-11 17:29:08
3894208022,2024-04-11 17:07:43,2024-04-11 16:54:53
3904922808,2024-04-18 14:22:22,2024-04-18 00:00:00
3906093878,2024-04-19 19:28:15,2024-04-19 19:28:15
3905656028,2024-04-19 08:37:42,2024-04-19 00:00:00
3902325150,2024-04-19 09:07:01,2024-04-19 09:02:47
3889586525,2024-04-18 17:03:00,2024-04-18 17:03:00
3905264980,2024-04-18 20:21:18,2024-03-24 19:57:42
3905297549,2024-04-18 21:13:12,2024-04-18 21:05:20
3903811259,2024-04-18 20:16:55,2024-04-18 20:02:57
3894286598,2024-04-11 19:23:48,2024-04-11 19:13:21
3902861514,2024-04-19 21:48:35,2024-04-19 21:48:35
3887700540,2024-04-05 20:15:42,2024-04-05 20:15:42
3902956145,2024-04-16 15:20:13,2024-04-16 15:20:13
3905816984,2024-04-19 12:19:45,2024-04-19 00:00:00
3904432273,2024-04-18 02:58:57,2024-04-18 02:47:21
3901674523,2024-04-15 20:30:44,2024-04-15 00:00:00
3894994008,2024-04-11 18:48:54,2024-04-11 18:48:54
3885853980,2024-04-06 04:43:52,2024-04-06 00:00:00
3900967005,2024-04-17 22:56:41,2024-04-17 22:56:41
3901958239,2024-04-18 21:39:07,2024-04-18 21:26:56
3884925610,2024-04-05 20:28:42,2024-04-05 20:17:17
3888010001,2024-04-06 04:09:01,2024-04-06 03:37:13
3906229131,2024-04-19 21:32:52,2024-04-19 21:20:17
3903879068,2024-04-19 02:38:21,2024-04-19 02:27:01
3903450023,2024-04-18 16:18:58,2024-04-18 16:18:58
3901680220,2024-04-15 20:42:48,2024-04-15 20:29:50
3895510266,2024-04-12 01:36:43,2024-04-12 01:24:26
3904361526,2024-04-17 21:26:59,2024-04-17 21:26:59
3902809929,2024-04-19 18:29:22,2024-04-19 18:29:22
3894567095,2024-04-12 03:22:31,2024-04-11 00:00:00
3885813230,2024-04-06 02:18:19,2024-04-06 02:04:51
3889288237,2024-04-09 08:27:28,2024-04-09 08:15:34
3884437152,2024-04-05 20:13:23,2024-04-05 20:13:23
3894613440,2024-04-12 04:43:50,2024-04-12 04:31:48
3906257372,2024-04-19 23:10:54,2024-04-19 22:52:47
3902940581,2024-04-16 15:05:36,2024-04-16 15:05:36
3904948869,2024-04-18 15:28:52,2024-04-18 15:18:03
3905225936,2024-04-18 17:45:01,2024-04-18 17:45:01
3903461297,2024-04-18 16:24:56,2024-04-18 16:13:59
3887719163,2024-04-05 21:10:15,2024-04-05 20:56:41
3903469840,2024-04-18 16:48:36,2024-04-18 00:00:00
3885103239,2024-04-06 07:38:55,2024-04-06 07:38:55
3903818218,2024-04-18 20:50:52,2024-04-18 20:34:09
3889733287,2024-04-09 12:23:46,2024-04-09 12:23:46
3884436896,2024-04-05 20:48:33,2024-04-05 20:34:36
3902772892,2024-04-18 00:24:05,2024-04-18 00:24:05
3904506036,2024-04-19 14:19:42,2024-04-19 14:19:42
3901985586,2024-04-19 03:11:50,2024-04-18 00:00:00
3902814753,2024-04-19 18:46:25,2024-04-19 18:33:56
3884899750,2024-04-06 07:45:22,2024-04-06 07:45:22
3901674724,2024-04-15 20:34:08,2024-04-15 20:21:57
3888489238,2024-04-09 11:56:24,2024-04-09 11:56:24
3906263017,2024-04-20 00:03:25,2024-04-19 23:43:54
3904950307,2024-04-18 15:32:35,2024-04-18 00:00:00
3904941284,2024-04-18 15:13:41,2024-04-18 14:59:53
3884921208,2024-04-05 20:21:00,2024-04-05 20:05:07
3885864385,2024-04-06 04:57:23,2024-04-06 04:44:22
3900953690,2024-04-17 21:40:23,2024-04-17 21:40:23
3895557576,2024-04-12 03:50:38,2024-04-12 03:33:32
3903473443,2024-04-18 16:58:46,2024-04-18 16:37:39
3891069283,2024-04-11 18:28:54,2024-04-11 18:28:54
3902353485,2024-04-19 14:02:07,2024-04-19 14:02:07
3887578044,2024-04-09 03:21:24,2024-04-08 00:00:00
3886482407,2024-04-09 05:00:57,2024-04-09 05:00:57
3899528363,2024-04-16 14:44:01,2024-04-16 14:44:01
3905663050,2024-04-19 09:11:59,2024-04-19 08:58:43
3902735798,2024-04-17 21:22:53,2024-04-17 00:00:00
3895487880,2024-04-12 00:59:40,2024-04-12 00:59:40
3901688054,2024-04-15 20:48:30,2024-04-15 20:35:45
3905302521,2024-04-18 21:25:33,2024-04-18 21:25:33
3894550752,2024-04-12 02:24:06,2024-04-12 02:11:01
3901375677,2024-04-18 18:27:08,2024-04-18 18:27:08
3904428739,2024-04-18 03:02:36,2024-04-17 00:00:00
3899531746,2024-04-16 15:19:49,2024-04-16 15:07:55
3902347953,2024-04-19 13:32:25,2024-04-19 13:32:25
3894293970,2024-04-11 19:51:56,2024-04-11 19:51:56
3894902801,2024-04-11 17:46:43,2024-04-11 17:46:43
3884927854,2024-04-05 20:42:45,2024-04-05 00:00:00
3901983483,2024-04-19 01:43:36,2024-04-19 01:31:08
3884920409,2024-04-05 20:18:49,2024-04-05 20:07:05
3902811232,2024-04-19 18:18:08,2024-04-19 18:18:08
3906095952,2024-04-19 19:43:39,2024-04-19 19:43:39
3901167724,2024-04-16 14:52:13,2024-04-16 14:39:20
3906253837,2024-04-19 23:01:14,2024-04-19 00:00:00
3906090888,2024-04-19 18:50:09,2024-04-19 18:50:09
3899516980,2024-04-16 14:19:17,2024-04-16 14:19:17
3902741399,2024-04-17 21:25:23,2024-04-17 21:25:23
3905201339,2024-04-18 16:58:05,2024-04-18 00:00:00
3894296607,2024-04-11 20:08:37,2024-04-11 19:56:22
3905375181,2024-04-19 03:30:09,2024-04-19 03:16:15
3903479141,2024-04-18 17:28:08,2024-04-18 00:00:00
3902867178,2024-04-19 22:06:38,2024-04-19 21:54:31
3905300191,2024-04-18 21:10:19,2024-04-18 20:57:13
3899512916,2024-04-16 14:16:06,2024-04-16 14:03:14
3902355237,2024-04-19 13:56:07,2024-04-19 13:56:07
3850259262,2024-04-06 09:20:49,2024-02-12 09:47:25
3905828614,2024-04-19 12:52:53,2024-04-19 12:52:53
3901390894,2024-04-18 18:27:40,2024-04-18 00:00:00
3906253811,2024-04-19 23:06:47,2024-04-19 22:49:42
3904987239,2024-04-18 16:26:55,2024-04-18 16:15:13
3901377229,2024-04-18 16:34:43,2024-04-18 00:00:00
3905378714,2024-04-19 04:25:26,2024-04-19 04:03:45
3905253275,2024-04-18 19:23:23,2024-04-18 19:11:16
3886213451,2024-04-06 19:43:20,2024-04-06 19:43:20
3905854361,2024-04-19 14:22:35,2024-04-19 14:10:13
3905285772,2024-04-18 20:43:46,2024-04-18 00:00:00
3887916032,2024-04-09 04:55:17,2024-04-09 04:39:07
3904366303,2024-04-17 21:45:51,2024-04-17 21:33:57
3891010220,2024-04-11 17:49:44,2024-04-11 17:49:44
3884823612,2024-04-06 03:05:48,2024-04-05 00:00:00
3894898325,2024-04-11 17:37:16,2024-04-11 17:37:16
3901377450,2024-04-18 16:49:04,2024-04-18 16:34:31
3887890745,2024-04-06 03:37:34,2024-04-06 03:25:48
3902835373,2024-04-19 19:22:25,2024-04-19 19:22:25
3904387419,2024-04-17 22:27:40,2024-04-17 22:15:17
3887886811,2024-04-06 03:34:13,2024-04-05 00:00:00
3903466816,2024-04-18 16:37:22,2024-04-18 00:00:00
3884928463,2024-04-05 20:39:21,2024-04-05 20:27:54
3900074788,2024-04-15 19:47:47,2024-04-15 19:47:47
3904970455,2024-04-18 15:59:43,2024-04-18 15:59:43
3889116099,2024-04-09 04:43:47,2024-04-08 00:00:00
3901698044,2024-04-15 21:03:06,2024-04-15 20:51:06
3889104206,2024-04-09 04:24:03,2024-04-09 04:10:13
3906225670,2024-04-19 21:22:36,2024-04-19 21:22:36
3906097564,2024-04-19 19:46:17,2024-04-19 19:46:17
3901673425,2024-04-15 20:15:29,2024-04-15 20:15:29
3903887784,2024-04-19 04:20:59,2024-04-18 00:00:00
3891011858,2024-04-11 18:23:16,2024-04-11 18:23:16
3904724401,2024-04-19 22:44:23,2024-04-19 00:00:00
3905849843,2024-04-19 14:24:13,2024-04-19 14:08:23
3904705390,2024-04-19 21:26:38,2024-04-19 00:00:00
3906227300,2024-04-19 21:26:54,2024-04-19 21:14:44
3901936740,2024-04-18 19:42:01,2024-04-18 19:42:01
3902755923,2024-04-17 23:31:44,2024-04-17 23:19:28
3902831702,2024-04-19 19:43:03,2024-04-19 19:31:04
3904730170,2024-04-20 00:14:36,2024-04-19 00:00:00
3894402137,2024-04-11 20:16:56,2024-04-11 20:04:48
3902740426,2024-04-17 21:35:24,2024-04-17 00:00:00
3889416410,2024-04-09 09:12:26,2024-04-09 00:00:00
3900951137,2024-04-17 21:21:28,2024-04-17 21:21:28
3904567515,2024-04-19 18:11:16,2024-04-19 18:11:16
3903848064,2024-04-18 22:49:07,2024-04-18 22:36:09
3904372043,2024-04-17 22:22:43,2024-04-17 21:50:03
3905838010,2024-04-19 13:07:52,2024-04-19 13:07:52
3885820636,2024-04-06 02:51:24,2024-04-06 02:39:32
3888953086,2024-04-09 03:43:19,2024-04-09 03:28:42
3889750599,2024-04-09 12:55:04,2024-04-09 12:55:04
3901995156,2024-04-19 03:43:32,2024-04-19 03:43:32
3888027197,2024-04-06 11:28:46,2024-04-06 11:28:46
3888959290,2024-04-09 03:50:57,2024-04-09 03:33:10
3887478823,2024-04-05 20:07:07,2024-04-05 19:55:34
3888998892,2024-04-09 05:19:26,2024-04-09 04:08:18
3888027196,2024-04-06 11:28:15,2024-04-06 11:28:15
3906262053,2024-04-19 23:24:29,2024-04-19 23:13:14
3901379236,2024-04-18 16:48:06,2024-04-18 16:31:07
3904368542,2024-04-17 21:45:18,2024-04-17 21:45:18
3906225822,2024-04-19 21:40:19,2024-04-19 21:26:30
3901683864,2024-04-15 20:41:07,2024-04-15 20:41:07
3904422886,2024-04-18 02:46:15,2024-04-18 02:27:38
3898160407,2024-04-15 19:12:59,2024-04-15 19:12:59
3906247358,2024-04-19 22:06:01,2024-04-19 22:06:01
3904363305,2024-04-17 21:20:40,2024-04-17 21:20:40
3902738281,2024-04-17 21:23:17,2024-04-17 00:00:00
3905818466,2024-04-19 11:46:14,2024-04-19 11:46:14
3905336567,2024-04-18 23:04:19,2024-04-18 22:52:13
3894903399,2024-04-11 17:45:41,2024-04-11 17:45:41
3904357994,2024-04-17 21:36:06,2024-04-17 00:00:00
3895556805,2024-04-12 03:49:12,2024-04-12 03:36:30
3906244923,2024-04-19 22:17:50,2024-04-19 22:04:55
3900946950,2024-04-17 21:39:10,2024-04-17 21:24:33
3901454540,2024-04-15 18:41:23,2024-04-15 18:41:23
3884810267,2024-04-06 01:31:38,2024-04-06 01:31:38
3900080547,2024-04-15 20:20:49,2024-04-15 20:05:06
3898155753,2024-04-15 18:44:57,2024-04-15 18:44:57
3894887819,2024-04-11 17:20:31,2024-04-11 17:20:31
3904076556,2024-04-19 10:40:12,2024-04-19 10:31:19
3895807514,2024-04-12 04:45:17,2024-04-12 04:45:17
3903477581,2024-04-18 17:24:41,2024-04-18 17:24:41
3895537804,2024-04-12 03:17:06,2024-04-10 00:00:00
3895211852,2024-04-11 19:49:54,2024-04-11 19:37:14
3903830935,2024-04-18 21:48:51,2024-04-18 21:48:51
3901675872,2024-04-15 20:45:06,2024-04-15 00:00:00
3904391411,2024-04-17 22:58:10,2024-04-17 22:41:57
3906256424,2024-04-19 23:12:52,2024-04-19 00:00:00
3886469666,2024-04-09 04:27:25,2024-04-09 04:11:03
3901948065,2024-04-18 20:40:57,2024-04-18 20:40:57
3898165862,2024-04-15 20:25:46,2024-04-15 00:00:00
3906252519,2024-04-19 22:42:44,2024-04-19 22:29:09
3901354551,2024-04-18 14:49:25,2024-04-18 14:49:25
3887707650,2024-04-05 20:44:49,2024-04-05 20:32:43
3902363430,2024-04-19 14:56:38,2024-04-19 14:56:38
3903878661,2024-04-19 03:22:13,2024-04-18 00:00:00
3905308632,2024-04-18 21:46:23,2024-04-18 21:35:24
3902785641,2024-04-18 02:11:34,2024-04-18 01:57:56
3894998233,2024-04-11 18:53:38,2024-04-11 18:53:38
3901179226,2024-04-16 15:16:55,2024-04-16 15:05:57
3900944127,2024-04-17 21:10:06,2024-04-17 21:10:06
3904389475,2024-04-17 22:55:36,2024-04-17 00:00:00
3899542238,2024-04-16 15:17:26,2024-04-16 15:17:26
3885113236,2024-04-06 23:53:53,2024-04-06 23:53:53
3884918547,2024-04-05 20:13:42,2024-04-05 00:00:00
3906253919,2024-04-19 23:05:51,2024-04-19 22:54:07
3901978651,2024-04-19 00:46:29,2024-04-19 00:33:03
3900964194,2024-04-17 22:22:22,2024-04-17 22:10:46
3888967226,2024-04-09 04:17:05,2024-04-09 03:45:24
3894918887,2024-04-11 18:01:51,2024-04-11 18:01:51
3903826260,2024-04-18 21:21:48,2024-04-18 21:10:04
3887498280,2024-04-05 20:22:56,2024-04-05 00:00:00
3902811257,2024-04-19 18:19:40,2024-04-19 18:19:40
3902751646,2024-04-17 22:31:03,2024-04-17 00:00:00
3901615603,2024-04-15 19:06:23,2024-04-15 19:06:23
3889294457,2024-04-09 08:30:06,2024-04-09 08:30:06
3774103540,2024-04-11 19:56:43,2024-04-11 19:56:43
3905869928,2024-04-19 15:03:12,2024-04-19 15:03:12
3891095195,2024-04-11 21:13:22,2024-04-11 21:13:22
3888495691,2024-04-09 12:43:16,2024-04-09 12:31:08
3900981757,2024-04-18 02:25:46,2024-04-17 00:00:00
3889116278,2024-04-09 04:50:28,2024-04-09 04:37:11
3900082230,2024-04-15 20:20:49,2024-04-15 20:05:04
3899525340,2024-04-16 14:40:03,2024-04-16 14:27:33
3888027143,2024-04-06 11:14:23,2024-04-06 11:14:23
3904958509,2024-04-18 15:35:21,2024-04-18 15:35:21
3901682398,2024-04-15 20:35:28,2024-04-15 20:35:28
3906071607,2024-04-19 18:09:50,2024-04-19 18:09:50
3905658782,2024-04-19 09:13:33,2024-04-07 21:00:45
3906260046,2024-04-19 23:03:05,2024-04-19 22:50:55
3905627302,2024-04-19 06:45:38,2024-04-19 06:45:38
3899539684,2024-04-16 15:27:58,2024-04-16 15:27:58
3889166026,2024-04-09 05:53:14,2024-04-09 05:53:14
3888976407,2024-04-09 04:19:34,2024-04-09 03:55:03
3905880567,2024-04-19 15:26:41,2024-04-19 00:00:00
3889708997,2024-04-09 11:53:50,2024-04-09 11:53:50
3906251130,2024-04-19 22:16:16,2024-04-19 22:05:10
3904924559,2024-04-18 14:24:08,2024-04-18 14:13:17
3904431344,2024-04-18 02:53:55,2024-04-18 02:41:54
1014822088,2024-04-18 19:37:42,2024-04-18 19:37:42
3904930964,2024-04-18 15:18:39,2024-04-18 15:18:39
3888977402,2024-04-09 04:09:51,2024-04-09 03:57:40
3904714725,2024-04-19 22:24:42,2024-04-19 21:59:30
3901957995,2024-04-18 21:51:26,2024-04-18 21:51:26
3903824603,2024-04-18 21:22:21,2024-04-18 00:00:00
3901670521,2024-04-15 20:48:16,2024-04-15 20:11:40
3898170618,2024-04-15 20:29:28,2024-04-15 20:29:28
3894208291,2024-04-11 17:15:56,2024-04-11 00:00:00
3890892501,2024-04-11 17:17:01,2024-04-11 17:17:01
3895244760,2024-04-11 20:09:32,2024-04-11 20:09:32
3901353652,2024-04-18 14:54:27,2024-04-18 14:54:27
3895800451,2024-04-12 04:23:57,2024-04-12 04:23:57
3898175685,2024-04-15 21:03:00,2024-04-15 21:03:00
3884874426,2024-04-06 06:29:42,2024-04-06 06:29:42
3902839987,2024-04-19 21:27:18,2024-04-19 21:14:45
3905333109,2024-04-18 22:34:01,2024-04-18 00:00:00
3902879712,2024-04-20 00:18:03,2024-04-20 00:18:03
3888027150,2024-04-06 11:16:17,2024-04-06 11:16:17
3905307202,2024-04-18 21:39:34,2024-04-18 21:27:22
3900065643,2024-04-15 18:42:54,2024-04-15 18:42:54
3902773678,2024-04-18 00:30:49,2024-04-17 00:00:00
