3901335560,69.0,1.0
3905247916,1.0,0.0
3906220675,4.0,0.0
3885100607,2.0,0.0
3904987490,6.0,0.0
3902369031,5.0,0.0
3902840683,3.0,0.0
3884818891,6.0,0.0
3889114267,26.0,11.0
3902943173,4.0,1.0
3901984740,5.0,0.0
3904056310,2.0,0.0
3901958747,3.0,0.0
3901951411,2.0,0.0
3902832381,7.0,0.0
3889707929,20.0,5.0
3902744935,26.0,1.0
3888946537,4.0,0.0
3905843096,1.0,0.0
3887496942,10.0,0.0
3899541620,10.0,1.0
3887996525,5.0,0.0
3901351967,4.0,0.0
3906225781,3.0,0.0
3905844856,2.0,0.0
3905868469,3.0,0.0
3906226555,3.0,0.0
3904953979,6.0,0.0
3904704411,2.0,0.0
3891069685,3.0,0.0
3905874823,1.0,0.0
3887873880,16.0,2.0
3888412421,5.0,0.0
3884814759,5.0,0.0
3884497787,8.0,3.0
3904409648,110.0,30.0
3902756214,12.0,0.0
3904996323,8.0,1.0
3900079741,9.0,0.0
3895569526,4.0,0.0
3904923994,5.0,0.0
3904514031,2.0,0.0
3905371907,9.0,0.0
3906250980,4.0,0.0
3905860187,5.0,0.0
3891267987,2.0,0.0
3904099139,5.0,1.0
3901346531,4.0,1.0
3906077247,2.0,0.0
3906227269,4.0,0.0
3903875365,5.0,0.0
3903460106,32.0,3.0
3891016225,2.0,0.0
3906250839,4.0,0.0
3904089651,3.0,0.0
3902352258,2.0,0.0
3904939830,17.0,0.0
3902790185,13.0,1.0
3898164712,7.0,0.0
3894297093,4.0,0.0
3891070346,4.0,0.0
3901937605,2.0,0.0
3902747592,5.0,0.0
3901989094,5.0,0.0
3888954704,4.0,0.0
3906257540,4.0,0.0
3902366184,1.0,0.0
3901183148,9.0,0.0
3901942034,2.0,0.0
3903475808,54.0,1.0
3888496444,5.0,0.0
3902868047,2.0,0.0
3905340069,5.0,0.0
3901371446,4.0,0.0
3904506949,1.0,0.0
3900079337,7.0,0.0
3900074954,36.0,6.0
3905257175,1.0,0.0
3901640746,8.0,0.0
3904389372,5.0,0.0
3894298601,3.0,0.0
3895486964,5.0,0.0
3888008601,4.0,0.0
3901800006,9.0,1.0
3901359062,20.0,6.0
3904724495,3.0,0.0
3891072714,6.0,0.0
3905608554,1.0,0.0
3887882156,15.0,3.0
3889451621,4.0,0.0
3906220883,2.0,0.0
3887886394,7.0,0.0
3887836569,5.0,0.0
3885829199,9.0,0.0
3895810556,4.0,0.0
3902781637,16.0,5.0
3902356981,3.0,0.0
3903448599,10.0,0.0
3889283240,3.0,0.0
3905313008,3.0,0.0
3905883322,2.0,0.0
3891860116,2.0,0.0
3901682173,18.0,0.0
3904094725,0.0,0.0
3906073505,6.0,0.0
3901633120,14.0,0.0
3904384840,6.0,0.0
3904384606,31.0,1.0
3901965306,2.0,0.0
3884432812,33.0,5.0
3894883044,6.0,1.0
3889109690,4.0,0.0
3904060080,3.0,0.0
3894885530,5.0,0.0
3900078623,16.0,0.0
3884933059,6.0,1.0
3891266914,4.0,0.0
3902863902,5.0,0.0
3884430256,77.0,3.0
3902318501,4.0,0.0
3904581622,5.0,1.0
3901937390,2.0,0.0
3905309404,5.0,0.0
3904420614,52.0,15.0
3895252444,3.0,0.0
3904363829,7.0,0.0
3903879813,4.0,0.0
3901374215,34.0,7.0
3889291169,7.0,0.0
3887833724,617.0,88.0
3902784671,3.0,0.0
3891033736,2.0,0.0
3901965405,3.0,0.0
3889737948,7.0,0.0
3859514569,11.0,1.0
3891091367,4.0,0.0
3902341816,4.0,0.0
3904428249,4.0,0.0
3902864839,4.0,0.0
3904965988,12.0,0.0
3895524222,4.0,0.0
3906075912,4.0,0.0
3902363578,4.0,0.0
3901675606,4.0,0.0
3905292555,4.0,0.0
3891078346,2.0,0.0
3902354496,8.0,1.0
3901994290,6.0,0.0
3902833230,21.0,2.0
3905842049,4.0,0.0
3902842984,2.0,0.0
3904960747,7.0,0.0
3894561587,6.0,0.0
3906262038,5.0,0.0
3901936778,3.0,0.0
3889744909,9.0,0.0
3904720957,3.0,0.0
3902829423,2.0,0.0
3905392386,4.0,0.0
3904722587,3.0,0.0
3904397108,5.0,0.0
3884893729,3.0,0.0
3887724170,14.0,0.0
3902869062,4.0,0.0
3884803257,30.0,2.0
3904423465,5.0,0.0
3900983468,4.0,0.0
3898168520,187.0,85.0
3906229207,0.0,0.0
3905310347,0.0,0.0
3905839508,5.0,0.0
3901366121,7.0,0.0
3887472633,4.0,0.0
3902912724,2.0,0.0
3904994372,14.0,0.0
3904953432,29.0,16.0
3894933046,2.0,0.0
3903818741,3.0,0.0
3902875962,2.0,0.0
3898180206,196.0,0.0
3891251273,4.0,0.0
3887855572,5.0,0.0
3906092719,13.0,0.0
3901354670,160.0,13.0
3903845619,5.0,0.0
3895834221,2.0,0.0
3904395109,45.0,4.0
3902363361,2.0,0.0
3906097151,20.0,4.0
3888951992,5.0,0.0
3889741982,5.0,0.0
3901939447,7.0,0.0
3905844964,2.0,0.0
3895216750,2.0,0.0
3889444307,4.0,0.0
3901960027,3.0,0.0
3900959944,4.0,0.0
3894869499,5.0,0.0
3904994977,15.0,1.0
3905818893,2.0,1.0
3895599238,5.0,0.0
3894872515,6.0,0.0
3905286461,3.0,0.0
3889772007,6.0,0.0
3901978814,0.0,0.0
3905240328,12.0,1.0
3889711843,1.0,0.0
3904926235,14.0,0.0
3884443249,6.0,1.0
3903468507,5.0,0.0
3902751958,6.0,0.0
3900085849,5.0,0.0
3901937866,2.0,0.0
3905279936,5.0,0.0
3887574626,4.0,0.0
3901690148,36.0,0.0
3905328761,4.0,0.0
3901950783,6.0,0.0
3901950102,2.0,0.0
3884808462,4.0,0.0
3888429960,5.0,0.0
3903813758,4.0,0.0
3902812059,16.0,0.0
3886470182,5.0,0.0
3894551747,3.0,0.0
3895803694,4.0,0.0
3901940914,4.0,0.0
3886848311,4.0,0.0
3894628585,5.0,0.0
3904515085,6.0,2.0
3891268104,4.0,0.0
3894877080,5.0,0.0
3887940695,3.0,0.0
3887104554,10.0,0.0
3901181403,7.0,0.0
3894290062,1.0,0.0
3886837530,5.0,0.0
3905336608,4.0,0.0
3905332129,4.0,0.0
3887592869,10.0,0.0
3904424985,4.0,0.0
3895524644,5.0,0.0
3905306912,4.0,0.0
3905294508,2.0,0.0
3887596418,19.0,2.0
3898162837,49.0,0.0
3904381910,4.0,0.0
3889494484,5.0,0.0
3891073938,0.0,0.0
3884806603,12.0,2.0
3894676584,2.0,0.0
3900077978,41.0,4.0
3905240430,3.0,0.0
3889742921,5.0,0.0
3902913603,7.0,0.0
3905863355,2.0,0.0
3905294351,1.0,0.0
3903484378,30.0,10.0
3887493907,24.0,1.0
3887834295,25.0,1.0
3902354449,2.0,0.0
3902317597,2.0,0.0
3891079321,4.0,0.0
3894978649,2.0,0.0
3904097940,3.0,0.0
3901948080,2.0,0.0
3900960754,5.0,0.0
3889700327,7.0,0.0
3902759261,4.0,0.0
3890895156,3.0,0.0
3884899294,4.0,0.0
3904941470,136.0,6.0
3902340836,2.0,0.0
3901698661,37.0,4.0
3872781436,5.0,0.0
3894664659,3.0,0.0
3887100856,20.0,1.0
3906224922,2.0,0.0
3895551425,3.0,0.0
3889417446,7.0,0.0
3901375093,6.0,0.0
3895845875,2.0,0.0
3887482156,25.0,1.0
3904388427,10.0,0.0
3895560610,4.0,0.0
3887492823,5.0,0.0
3902821873,5.0,0.0
3901942128,1.0,0.0
3895491386,2.0,0.0
3906259190,4.0,0.0
3891268645,5.0,0.0
3904941277,17.0,1.0
3885827579,6.0,0.0
3884811337,10.0,1.0
3902919181,2.0,0.0
3889162488,2.0,0.0
3887891330,7.0,2.0
3901994470,4.0,0.0
3899527093,1.0,0.0
3894874285,3.0,0.0
3888027768,4.0,0.0
3904011054,4.0,0.0
3903848488,5.0,0.0
3895201289,5.0,1.0
3904421009,5.0,0.0
3884443358,18.0,1.0
3905202067,3.0,0.0
3901960311,4.0,0.0
3903465145,9.0,1.0
3901375124,24.0,1.0
3904959049,9.0,1.0
3887931131,5.0,0.0
3904723778,2.0,0.0
3904396946,8.0,0.0
3899527092,3.0,0.0
3905327539,2.0,0.0
3898170667,20.0,1.0
3906227125,3.0,0.0
3901680241,14.0,0.0
3905693877,5.0,0.0
3902737665,5.0,0.0
3878348967,4.0,0.0
3905283771,4.0,0.0
3905304484,3.0,0.0
3902735290,4.0,0.0
3900083327,11.0,0.0
3888973777,4.0,0.0
3904964569,6.0,0.0
3894550383,6.0,0.0
3904373195,5.0,1.0
3885866873,4.0,0.0
3905369937,4.0,0.0
3903464497,7.0,1.0
3902743076,7.0,1.0
3904949788,18.0,2.0
3884993723,5.0,0.0
3905238728,4.0,0.0
3904991255,3.0,0.0
3905869464,1.0,0.0
3904392520,6.0,2.0
3902945283,241.0,54.0
3888931913,5.0,0.0
3888939713,6.0,0.0
3891016680,1.0,0.0
3895513836,6.0,0.0
3904417885,4.0,0.0
3905240179,65.0,17.0
3894629364,5.0,0.0
3891070590,3.0,0.0
3905293967,1.0,0.0
3903467952,4.0,0.0
3888000731,5.0,0.0
3900092740,6.0,0.0
3901350313,4.0,0.0
3884437267,18.0,0.0
3905217730,121.0,28.0
3904358971,24.0,3.0
3887499512,4.0,0.0
3901986490,14.0,2.0
3902859729,2.0,0.0
3904958135,3.0,0.0
3906252580,4.0,0.0
3906259591,4.0,0.0
3901697608,27.0,1.0
3699945651,4.0,0.0
3891251200,4.0,0.0
3905367212,6.0,0.0
3901693931,6.0,0.0
3887934049,4.0,0.0
3900975198,3.0,1.0
3885101262,3.0,0.0
3904381528,5.0,0.0
3902879443,2.0,0.0
3884824859,8.0,1.0
3894567032,4.0,0.0
3902369127,3.0,0.0
3905888062,2.0,0.0
3905245918,1.0,0.0
3905671480,4.0,0.0
3904365365,16.0,0.0
3905834907,7.0,0.0
3901631002,8.0,2.0
3903470978,4.0,0.0
3906249545,4.0,0.0
3889714811,22.0,1.0
3904399805,5.0,0.0
3894677377,1.0,0.0
3901646116,9.0,0.0
3904367234,15.0,0.0
3901936490,5.0,0.0
3888953923,6.0,0.0
3894545504,4.0,0.0
3905381056,4.0,0.0
3903475153,5.0,0.0
3904396139,11.0,0.0
3906231563,2.0,0.0
3901167847,157.0,55.0
3895542262,4.0,0.0
3901941087,4.0,0.0
3904364886,4.0,0.0
3904387455,8.0,0.0
3894877390,3.0,0.0
3903813237,3.0,0.0
3895808164,5.0,0.0
3895808700,4.0,0.0
3900963520,15.0,0.0
3898158839,10.0,0.0
3901372232,22.0,0.0
3887576270,4.0,0.0
3889123024,7.0,0.0
3904952418,5.0,0.0
3902353558,3.0,0.0
3889489429,0.0,0.0
3902747106,8.0,0.0
3906258113,4.0,0.0
3901989080,4.0,0.0
3895595857,2.0,0.0
3901391094,30.0,0.0
3905292245,2.0,0.0
3888447154,5.0,0.0
3886839068,5.0,0.0
3904719638,4.0,0.0
3903492450,4.0,0.0
3903808234,4.0,0.0
3903455407,8.0,0.0
3901696602,6.0,0.0
3903834955,3.0,0.0
3890894461,32.0,15.0
3886463753,4.0,0.0
3906236441,4.0,0.0
3905386825,4.0,0.0
3901347789,40.0,6.0
3902912813,7.0,0.0
3895525771,4.0,0.0
3904718575,4.0,0.0
3887898839,6.0,0.0
3895222089,3.0,0.0
3905211500,13.0,1.0
3906251525,1.0,0.0
3902743321,7.0,0.0
3905829610,3.0,0.0
3901176179,42.0,1.0
3894678353,1.0,0.0
3905250227,3.0,0.0
3905393686,1.0,0.0
3905686677,4.0,0.0
3884899914,1.0,0.0
3903453896,484.0,254.0
3902943197,22.0,1.0
3898178357,76.0,21.0
3900947565,30.0,10.0
3905847705,3.0,0.0
3901991070,2.0,0.0
3904940164,8.0,0.0
3904393325,6.0,0.0
3889417402,6.0,0.0
3904393370,8.0,0.0
3904970200,9.0,1.0
3902861620,4.0,0.0
3901350728,25.0,3.0
3889752544,43.0,1.0
3884823624,4.0,0.0
3903472987,3.0,0.0
3789402808,141.0,6.0
3891287228,5.0,0.0
3904394115,5.0,0.0
3905332347,4.0,0.0
3903812791,2.0,0.0
3894214600,3.0,0.0
3903454820,11.0,1.0
3899535031,4.0,0.0
3887884812,6.0,0.0
3900939829,4.0,0.0
3905310379,4.0,0.0
3906226249,3.0,0.0
3904370178,26.0,0.0
3901948283,6.0,0.0
3904389723,26.0,0.0
3886453718,6.0,0.0
3884442527,70.0,3.0
3901347289,3.0,0.0
3903829722,2.0,0.0
3904985596,7.0,0.0
3903814421,5.0,0.0
3905235733,26.0,7.0
3901634086,3.0,0.0
3906251192,4.0,0.0
3905656027,3.0,0.0
3898165386,8.0,1.0
3905814528,2.0,0.0
3887700475,6.0,0.0
3898169827,20.0,5.0
3887474122,10.0,1.0
3905859816,3.0,0.0
3900979524,6.0,0.0
3891282750,4.0,0.0
3889440953,2.0,0.0
3888013056,4.0,0.0
3905335505,4.0,0.0
3884800884,12.0,0.0
3889282271,4.0,0.0
3904724342,3.0,0.0
3901660650,5.0,0.0
3902910763,6.0,0.0
3901356388,42.0,2.0
3904990444,3.0,0.0
3902398690,3.0,0.0
3898174088,14.0,0.0
3906246855,4.0,0.0
3901173634,64.0,34.0
3905338148,6.0,1.0
3902783923,40.0,4.0
3884932296,4.0,0.0
3904088535,1.0,0.0
3905255350,2.0,0.0
3902846274,3.0,0.0
3885811763,11.0,1.0
3884442638,247.0,68.0
3886825826,3.0,0.0
3901938566,5.0,0.0
3885378281,4.0,0.0
3905304030,4.0,0.0
3889714345,8.0,0.0
3903892699,4.0,0.0
3900961355,15.0,0.0
3903815632,5.0,0.0
3903453951,32.0,5.0
3900941805,48.0,12.0
3905294761,3.0,0.0
3899537276,57.0,4.0
3895521959,2.0,0.0
3904393276,9.0,1.0
3905304928,5.0,0.0
3903827029,4.0,0.0
3902359059,1.0,0.0
3905370687,4.0,0.0
3905374480,4.0,0.0
3904703938,4.0,0.0
3901641800,285.0,115.0
3904985681,4.0,0.0
3905289118,4.0,0.0
3889776027,13.0,1.0
3904416905,7.0,0.0
3905822803,2.0,0.0
3906257215,4.0,0.0
3905299418,4.0,0.0
3895524679,6.0,0.0
3886461843,4.0,0.0
3903843298,5.0,0.0
3905395540,5.0,0.0
3901959788,2.0,0.0
3904990398,4.0,0.0
3901391548,3.0,0.0
3894204917,6.0,2.0
3895493802,4.0,0.0
3901948573,3.0,0.0
3902357194,1.0,0.0
3889719550,6.0,0.0
3894289303,3.0,0.0
3901949185,3.0,0.0
3899538932,18.0,4.0
3895216047,4.0,0.0
3905329831,4.0,0.0
3902359134,2.0,0.0
3904389022,10.0,1.0
3894286400,5.0,0.0
3901941159,2.0,0.0
3905270692,2.0,0.0
3889498218,34.0,4.0
3905330615,4.0,0.0
3904022072,2.0,0.0
3895803422,3.0,0.0
3902779943,3.0,0.0
3906253983,4.0,0.0
3884898958,3.0,0.0
3888024793,2.0,0.0
3887859356,4.0,0.0
3904367229,5.0,0.0
3906259402,4.0,0.0
3901388381,34.0,15.0
3905338699,2.0,0.0
3885109998,1.0,0.0
3891805647,10.0,2.0
3906233138,4.0,0.0
3902868031,2.0,0.0
3905394689,4.0,0.0
3904393417,15.0,1.0
3902843428,2.0,0.0
3904572821,4.0,0.0
3905304732,3.0,0.0
3887878497,5.0,0.0
3906252836,4.0,0.0
3905692452,5.0,0.0
3904952461,5.0,0.0
3904719633,4.0,0.0
3905230505,4.0,1.0
3900940787,4.0,0.0
3904933486,7.0,0.0
3887843070,4.0,0.0
3902867228,5.0,0.0
3885824928,9.0,0.0
3887100195,13.0,1.0
3904706024,3.0,0.0
3906233050,4.0,0.0
3894548333,3.0,0.0
3884442203,6.0,0.0
3887998081,3.0,0.0
3891810835,1.0,0.0
3905651541,4.0,0.0
3902748718,6.0,0.0
3888488368,675.0,161.0
3891087670,4.0,0.0
3902921231,65.0,24.0
3905339066,3.0,0.0
3901952003,2.0,0.0
3901940525,5.0,0.0
3898173048,41.0,13.0
3904411256,69.0,9.0
3905337361,5.0,0.0
3903890263,4.0,0.0
3904367205,5.0,0.0
3905828880,6.0,0.0
3887873234,5.0,0.0
3902752576,4.0,0.0
3894679353,3.0,0.0
3903838882,4.0,0.0
3902364891,2.0,0.0
3903811309,2.0,0.0
3888940734,11.0,1.0
3885103690,2.0,0.0
3906253821,2.0,0.0
3903472817,5.0,0.0
3903879532,7.0,0.0
3904369676,19.0,3.0
3904073153,4.0,0.0
3899539346,32.0,1.0
3901959119,7.0,1.0
3898160133,284.0,110.0
3889443479,5.0,0.0
3902866667,4.0,0.0
3902786202,9.0,1.0
3903449417,53.0,11.0
3887572572,4.0,0.0
3904710487,3.0,0.0
3900986036,34.0,5.0
3905655960,4.0,0.0
3884442989,27.0,4.0
3901358002,5.0,0.0
3884943143,37.0,0.0
3905373826,8.0,1.0
3894298063,3.0,0.0
3902757287,3.0,0.0
3888942448,5.0,0.0
3902342727,1.0,0.0
3905375130,4.0,0.0
3894996849,3.0,0.0
3887883004,8.0,0.0
3902759273,25.0,6.0
3894892615,4.0,0.0
3891067970,4.0,0.0
3901664849,19.0,0.0
3901345968,13.0,0.0
3901625828,23.0,4.0
3884899839,2.0,0.0
3901661644,60.0,14.0
3904092817,2.0,0.0
3905240578,4.0,0.0
3903479113,5.0,0.0
3895271718,5.0,0.0
3884834779,7.0,1.0
3903836269,2.0,0.0
3902919446,8.0,0.0
3901373976,3.0,0.0
3905368581,4.0,0.0
3904095561,9.0,0.0
3887577703,5.0,0.0
3887871159,4.0,0.0
3905365569,3.0,0.0
3884810065,2.0,0.0
3903475356,16.0,0.0
3905332628,2.0,0.0
3886442777,8.0,0.0
3903865722,4.0,0.0
3905300311,3.0,0.0
3906233470,4.0,0.0
3884929733,7.0,0.0
3888999731,4.0,0.0
3901936931,4.0,2.0
3901997705,4.0,0.0
3904382831,5.0,0.0
3900979766,5.0,0.0
3906097174,46.0,13.0
3904999945,9.0,0.0
3901357027,10.0,0.0
3884830851,5.0,0.0
3884918481,136.0,2.0
3903849116,4.0,0.0
3894565414,3.0,0.0
3899539107,10.0,0.0
3894543866,3.0,0.0
3890895185,1.0,0.0
3904917868,6.0,0.0
3904951315,34.0,0.0
3891018915,3.0,0.0
3885111681,2.0,0.0
3904953790,56.0,10.0
3905816160,2.0,0.0
3903469837,5.0,0.0
3902753780,3.0,0.0
3895539927,2.0,0.0
3901997628,4.0,0.0
3905838998,3.0,0.0
3905330158,3.0,0.0
3900967065,113.0,47.0
3905874929,5.0,0.0
3904386273,6.0,0.0
3905334076,3.0,0.0
3886839277,3.0,0.0
3887862136,6.0,0.0
3905600097,2.0,0.0
3906253669,4.0,0.0
3906254310,4.0,0.0
3901943823,3.0,0.0
3902843354,6.0,0.0
3884842800,5.0,0.0
3898156776,7.0,0.0
3902369493,0.0,0.0
3901697666,45.0,16.0
3904717782,4.0,0.0
3894565071,2.0,0.0
3904924480,8.0,0.0
3884935237,29.0,1.0
3884898622,3.0,0.0
3904582691,7.0,0.0
3905237946,5.0,0.0
3902844857,4.0,0.0
3902355815,3.0,0.0
3904928589,122.0,28.0
3905881686,1.0,0.0
3904390124,6.0,0.0
3901172188,7.0,1.0
3901698745,107.0,16.0
3894215087,0.0,0.0
3906255627,2.0,0.0
3905213162,7.0,1.0
3886896218,15.0,1.0
3904725080,2.0,0.0
3904947280,161.0,32.0
3887579363,4.0,0.0
3905203798,6.0,1.0
3898174493,30.0,6.0
3899533572,19.0,4.0
3889742723,6.0,0.0
3902842841,3.0,0.0
3903462124,56.0,20.0
3903475234,12.0,0.0
3900984432,5.0,0.0
3891069826,4.0,0.0
3904950441,41.0,8.0
3902821917,20.0,3.0
3888474589,4.0,0.0
3885822234,13.0,1.0
3900965341,71.0,12.0
3894284376,6.0,0.0
3904381914,7.0,0.0
3903802520,3.0,0.0
3885829553,5.0,0.0
3902758233,5.0,0.0
3902751855,4.0,0.0
3905235800,12.0,0.0
3904418844,8.0,0.0
3903445854,36.0,4.0
3905254166,1.0,0.0
3884004631,41.0,0.0
3904931770,13.0,4.0
3902755922,18.0,1.0
3902347170,4.0,0.0
3884829691,5.0,0.0
3903476647,6.0,0.0
3901349258,4.0,0.0
3904414331,25.0,4.0
3891089761,3.0,0.0
3906254848,4.0,0.0
3905204397,5.0,0.0
3887719397,60.0,7.0
3885869331,4.0,0.0
3884441127,36.0,6.0
3894547785,4.0,0.0
3904049998,5.0,0.0
3900977762,3.0,0.0
3904988129,4.0,0.0
3884892909,4.0,0.0
3904505485,4.0,0.0
3900940684,5.0,0.0
3902751976,4.0,0.0
3903449152,28.0,2.0
3895551513,6.0,0.0
3905855439,2.0,0.0
3898161471,4.0,0.0
3904364112,9.0,0.0
3905289221,3.0,0.0
3889291268,3.0,0.0
3905819114,5.0,0.0
3902755251,7.0,0.0
3905336028,4.0,0.0
3906253780,4.0,0.0
3905271422,9.0,3.0
3903445777,14.0,1.0
3904962921,8.0,1.0
3905292957,5.0,0.0
3902334024,4.0,0.0
3904364458,9.0,0.0
3905329505,4.0,0.0
3886889075,12.0,1.0
3902759207,56.0,20.0
3904394377,7.0,0.0
3902752765,11.0,0.0
3904057627,4.0,0.0
3906235067,3.0,0.0
3903880721,4.0,0.0
3900981838,7.0,0.0
3905242858,2.0,0.0
3901937706,1.0,0.0
3885812440,7.0,0.0
3903446512,9.0,1.0
3902844189,1.0,0.0
3901942730,4.0,0.0
3886461406,5.0,0.0
3905305910,4.0,0.0
3900077854,11.0,0.0
3891288391,4.0,0.0
3885112109,12.0,3.0
3887876724,11.0,0.0
3888827472,13.0,0.0
3901950083,2.0,0.0
3905689659,0.0,0.0
3894585777,14.0,1.0
3895808250,4.0,0.0
3903871967,4.0,0.0
3902320830,4.0,0.0
3792245483,3.0,0.0
3903884848,4.0,0.0
3906230477,3.0,0.0
3903459620,27.0,0.0
3895541182,3.0,0.0
3904934912,5.0,0.0
3904414914,6.0,0.0
3905692466,0.0,0.0
3901389312,57.0,26.0
3889111666,5.0,0.0
3895523849,5.0,0.0
3886453725,4.0,0.0
3902851858,4.0,0.0
3903881658,6.0,0.0
3904392799,4.0,0.0
3895520039,5.0,0.0
3905307745,2.0,0.0
3902955090,18.0,1.0
3891073654,2.0,1.0
3902925182,50.0,14.0
3901961311,3.0,0.0
3903896510,3.0,0.0
3889208304,3.0,0.0
3904431155,6.0,0.0
3906214795,3.0,0.0
3901624941,68.0,14.0
3901904494,6.0,2.0
3885833280,5.0,0.0
3902754566,8.0,1.0
3904724372,4.0,0.0
3886467252,4.0,0.0
3901667849,32.0,3.0
3905336500,3.0,0.0
3905305726,4.0,0.0
3901683656,46.0,1.0
3906248701,3.0,0.0
3905870919,2.0,0.0
3901950061,3.0,0.0
3903839904,5.0,1.0
3888005875,4.0,0.0
3903428569,5.0,0.0
3902919570,4.0,0.0
3905250613,4.0,0.0
3887475347,4.0,0.0
3884430592,40.0,4.0
3904430446,3.0,0.0
3894878268,24.0,0.0
3905666662,4.0,0.0
3887490541,19.0,2.0
3894901780,4.0,0.0
3905688797,0.0,0.0
3902325192,4.0,0.0
3905346594,2.0,0.0
3891800099,8.0,0.0
3888024791,2.0,0.0
3886881207,11.0,2.0
3904381776,7.0,1.0
3894884702,4.0,0.0
3902358060,1.0,0.0
3894284544,2.0,0.0
3904418938,13.0,1.0
3901934830,4.0,0.0
3884867489,3.0,0.0
3904510209,3.0,0.0
3889756201,10.0,0.0
3901983842,3.0,0.0
3887499529,6.0,0.0
3894905078,3.0,0.0
3891838120,2.0,0.0
3905846931,1.0,0.0
3905293914,4.0,0.0
3905662846,3.0,0.0
3886891821,86.0,31.0
3903815027,4.0,0.0
3906255336,4.0,0.0
3885832805,4.0,0.0
3886463540,5.0,0.0
3885869333,5.0,0.0
3895229447,4.0,0.0
3887718727,53.0,7.0
3885102139,3.0,0.0
3889490012,9.0,0.0
3905693815,0.0,0.0
3904708375,4.0,0.0
3895249459,2.0,0.0
3901613137,3.0,0.0
3902829524,3.0,0.0
3901159887,3.0,0.0
3900075168,43.0,7.0
3903825425,5.0,0.0
3887705186,4.0,0.0
3903430176,5.0,2.0
3895812037,5.0,0.0
3904722811,2.0,0.0
3906235417,2.0,0.0
3891070664,9.0,1.0
3885113232,2.0,0.0
3884437755,9.0,0.0
3905857318,1.0,0.0
3899535105,20.0,2.0
3905314416,2.0,0.0
3885870157,4.0,0.0
3889718952,6.0,0.0
3905397088,4.0,0.0
3902878632,3.0,0.0
3901356396,6.0,0.0
3887915315,4.0,0.0
3904379762,6.0,1.0
3884811164,6.0,0.0
3904389281,10.0,0.0
3887862545,5.0,0.0
3904362870,7.0,0.0
3901378079,7.0,0.0
3894873397,8.0,1.0
3895544338,4.0,0.0
3902747251,10.0,1.0
3903824576,3.0,0.0
3904942737,148.0,19.0
3901342855,4.0,0.0
3901378558,6.0,0.0
3902751602,5.0,0.0
3905646091,2.0,0.0
3901954922,3.0,0.0
3905205888,3.0,0.0
3903874985,4.0,0.0
3901990575,10.0,1.0
3904415936,5.0,0.0
3902359962,4.0,0.0
3891076806,3.0,0.0
3903887008,4.0,0.0
3895596955,33.0,5.0
3887871177,14.0,0.0
3901356382,4.0,0.0
3903875381,5.0,0.0
3899530376,13.0,4.0
3889243852,2.0,0.0
3886893724,32.0,11.0
3905299416,2.0,0.0
3889208572,2.0,0.0
3888022971,2.0,0.0
3905876699,3.0,0.0
3895555175,6.0,0.0
3901650120,32.0,9.0
3894873107,4.0,0.0
3903497698,3.0,0.0
3906228870,4.0,0.0
3884442235,4.0,0.0
3905367854,4.0,0.0
3906256165,3.0,0.0
3901397105,5.0,0.0
3904938279,16.0,1.0
3888934761,5.0,0.0
3901684833,18.0,0.0
3901938443,2.0,0.0
3898167029,3.0,0.0
3903472505,5.0,0.0
3906238094,3.0,0.0
3901949888,6.0,0.0
3906081493,27.0,5.0
3894275923,2.0,0.0
3898172196,11.0,0.0
3905843932,3.0,0.0
3905330284,4.0,0.0
3904364345,7.0,0.0
3905850891,3.0,0.0
3898163439,83.0,5.0
3904706890,4.0,0.0
3887888880,5.0,0.0
3902951358,34.0,2.0
3906096660,3.0,1.0
3904392798,4.0,0.0
3901348288,14.0,0.0
3895546498,5.0,0.0
3895216725,3.0,0.0
3895272651,4.0,0.0
3905829581,3.0,0.0
3889103278,6.0,1.0
3904702516,4.0,0.0
3904927579,6.0,0.0
3904566378,30.0,6.0
3894660939,1.0,0.0
3891278706,5.0,0.0
3900960643,335.0,59.0
3900960524,3.0,0.0
3888486839,38.0,8.0
3906236506,2.0,0.0
3903818755,4.0,0.0
3898163464,14.0,0.0
3904387645,10.0,0.0
3905288475,3.0,0.0
3891079289,2.0,0.0
3899525484,13.0,0.0
3887935817,1.0,0.0
3903874100,4.0,0.0
3901967416,2.0,0.0
3900980214,4.0,0.0
3904366930,19.0,0.0
3905364704,4.0,0.0
3905208522,19.0,3.0
3904932678,5.0,0.0
3905302262,1.0,0.0
3904940431,10.0,0.0
3904067007,6.0,0.0
3901939314,2.0,0.0
3905357695,4.0,0.0
3900074985,3.0,0.0
3884804930,7.0,0.0
3900949710,7.0,0.0
3887575578,4.0,0.0
3905324922,4.0,0.0
3887474692,2.0,0.0
3905355970,3.0,0.0
3905847740,5.0,0.0
3898158709,4.0,0.0
3906222629,3.0,0.0
3905696709,2.0,0.0
3894212373,3.0,0.0
3905660521,4.0,0.0
3905693901,4.0,0.0
3904966858,4.0,0.0
3906093658,61.0,19.0
3898175613,4.0,0.0
3905850001,2.0,0.0
3894582374,4.0,0.0
3885815070,5.0,0.0
3885837131,4.0,0.0
3895810529,5.0,0.0
3903876973,5.0,0.0
3888978625,3.0,0.0
3904504853,4.0,0.0
3894896611,4.0,0.0
3887883657,5.0,0.0
3887710471,33.0,4.0
3905330335,4.0,0.0
3888943255,4.0,1.0
3904942116,6.0,0.0
3901677057,4.0,0.0
3894271662,3.0,1.0
3903838952,6.0,0.0
3903485146,44.0,9.0
3905307045,3.0,0.0
3888033452,2.0,0.0
3884432497,4.0,0.0
3904954514,35.0,9.0
3901679345,5.0,0.0
3898173121,25.0,1.0
3905300363,4.0,0.0
3901956559,4.0,0.0
3902862944,4.0,0.0
3904725192,4.0,0.0
3884438476,96.0,36.0
3901946075,4.0,0.0
3905300146,4.0,0.0
3905647937,4.0,0.0
3905340366,2.0,0.0
3900982683,6.0,0.0
3901346474,5.0,0.0
3891256630,4.0,0.0
3884834444,5.0,0.0
3905209347,10.0,0.0
3679026145,43.0,2.0
3902832605,9.0,1.0
3903481726,6.0,0.0
3901352034,17.0,5.0
3905310526,6.0,0.0
3905845989,3.0,0.0
3903816010,4.0,0.0
3901945586,3.0,0.0
3902754506,7.0,0.0
3894871071,5.0,0.0
3901934861,2.0,0.0
3900066761,3.0,0.0
3904991870,4.0,0.0
3905673074,5.0,0.0
3904991464,6.0,0.0
3904366727,23.0,0.0
3884822372,4.0,0.0
3906085694,8.0,0.0
3904070954,2.0,0.0
3903809243,2.0,0.0
3906235076,4.0,0.0
3903456753,3.0,0.0
3905648685,3.0,0.0
3899518277,4.0,0.0
3900938733,7.0,1.0
3906097252,29.0,6.0
3887998126,4.0,0.0
3902752979,7.0,0.0
3891011886,1.0,0.0
3903840412,4.0,0.0
3905818398,1.0,0.0
3904721078,2.0,0.0
3902827813,20.0,5.0
3906230661,4.0,0.0
3895554923,4.0,0.0
3901625986,6.0,0.0
3902743122,14.0,1.0
3904950534,15.0,3.0
3888938956,5.0,0.0
3891077280,2.0,0.0
3900944090,18.0,0.0
3884855774,4.0,0.0
3905368154,4.0,0.0
3902757697,20.0,2.0
3905869082,3.0,0.0
3887896929,7.0,0.0
3904415209,43.0,0.0
3902340797,3.0,1.0
3895804749,5.0,1.0
3902736910,5.0,0.0
3885825909,10.0,1.0
3905824801,2.0,0.0
3895803023,8.0,0.0
3900945353,29.0,10.0
3884822364,5.0,0.0
3905202142,3.0,0.0
3904964123,5.0,0.0
3902741163,6.0,0.0
3887838660,46.0,3.0
3891854459,3.0,0.0
3904381997,6.0,0.0
3905623093,2.0,0.0
3887946622,5.0,0.0
3888939845,7.0,0.0
3887588762,7.0,0.0
3889715792,20.0,0.0
3905294283,3.0,0.0
3901608046,22.0,2.0
3905359544,2.0,0.0
3900964711,45.0,11.0
3905614056,2.0,0.0
3904430516,4.0,0.0
3884433280,2.0,0.0
3895532017,4.0,0.0
3906082188,5.0,0.0
3891076336,2.0,0.0
3904432320,3.0,0.0
3904428807,4.0,0.0
3895542654,5.0,0.0
3906253167,3.0,0.0
3902873352,1.0,0.0
3905886054,4.0,0.0
3886460427,7.0,0.0
3901943650,3.0,0.0
3903810817,6.0,0.0
3904071274,5.0,0.0
3900975628,18.0,4.0
3904090897,4.0,0.0
3905272511,2.0,0.0
3902843966,4.0,0.0
3905233250,34.0,14.0
3905304396,6.0,0.0
3888021967,2.0,0.0
3886455203,8.0,1.0
3887491518,2.0,0.0
3901668707,6.0,0.0
3900977305,25.0,1.0
3901964494,4.0,0.0
3901939300,1.0,0.0
3902353316,5.0,0.0
3887995756,5.0,0.0
3906262675,3.0,0.0
3886830216,4.0,0.0
3894950886,2.0,0.0
3901356430,10.0,2.0
3887701623,4.0,0.0
3902351777,1.0,0.0
3905698199,0.0,0.0
3894557809,3.0,0.0
3903186352,1.0,0.0
3904725019,3.0,0.0
3891077217,1.0,0.0
3899526631,8.0,1.0
3902742061,68.0,16.0
3905236931,1.0,0.0
3895814277,6.0,0.0
3904719736,7.0,0.0
3903811298,4.0,0.0
3898163380,61.0,6.0
3906230536,2.0,0.0
3899534805,58.0,14.0
3885105233,2.0,0.0
3902878411,2.0,0.0
3901948039,2.0,0.0
3885383477,61.0,4.0
3902821938,5.0,0.0
3904373211,4.0,0.0
3904397805,5.0,0.0
3901696216,11.0,1.0
3905210157,4.0,0.0
3886837957,3.0,0.0
3905665766,5.0,0.0
3895520935,4.0,0.0
3905297616,2.0,0.0
3901699025,6.0,0.0
3902839634,2.0,0.0
3899538732,197.0,79.0
3903828795,2.0,0.0
3904059862,3.0,0.0
3902754589,6.0,0.0
3905302360,3.0,0.0
3900981711,6.0,0.0
3885103599,2.0,0.0
3903498199,2.0,0.0
3904942731,10.0,0.0
3888999921,12.0,1.0
3888959273,4.0,0.0
3884814729,16.0,6.0
3905359842,4.0,0.0
3901983246,2.0,0.0
3905302376,3.0,0.0
3900968478,8.0,0.0
3904365277,11.0,0.0
3886837477,5.0,0.0
3894294471,3.0,0.0
3903446751,3.0,0.0
3901953362,4.0,0.0
3884924864,75.0,6.0
3901641401,459.0,152.0
3905226022,19.0,0.0
3904361599,37.0,2.0
3905239612,1.0,0.0
3887884061,5.0,0.0
3905252527,1.0,0.0
3885858668,4.0,0.0
3903871481,2.0,0.0
3884436907,8.0,0.0
3888959284,5.0,0.0
3890894270,2.0,0.0
3902876847,2.0,0.0
3901348553,11.0,0.0
3895222638,2.0,0.0
3904386547,18.0,0.0
3905823748,3.0,0.0
3905298998,3.0,0.0
3905297672,2.0,0.0
3901375706,16.0,1.0
3903831273,3.0,0.0
3901903355,2.0,0.0
3901667723,16.0,0.0
3901387991,10.0,1.0
3901697202,80.0,14.0
3905306192,3.0,0.0
3891075451,2.0,1.0
3905817088,2.0,0.0
3901981141,3.0,0.0
3898173174,15.0,1.0
3898173889,24.0,3.0
3905253489,1.0,0.0
3905291096,4.0,0.0
3901964321,2.0,0.0
3905302805,3.0,0.0
3891006821,0.0,0.0
3905374421,4.0,0.0
3894908004,3.0,0.0
3906231354,3.0,0.0
3901357222,9.0,0.0
3904052414,2.0,0.0
3903839932,5.0,0.0
3905237799,1.0,0.0
3899532253,11.0,1.0
3905656196,2.0,0.0
3884434253,40.0,5.0
3904569101,7.0,0.0
3903845893,4.0,0.0
3898175614,9.0,0.0
3902920820,4.0,0.0
3887832903,17.0,0.0
3905394818,4.0,0.0
3900090420,12.0,0.0
3905209022,5.0,0.0
3906249397,4.0,0.0
3905625029,2.0,0.0
3904380958,28.0,4.0
3900958928,5.0,0.0
3887700775,5.0,0.0
3884917043,83.0,35.0
3889139917,7.0,0.0
3887586389,22.0,3.0
3905858430,7.0,0.0
3901375679,3.0,1.0
3899530530,12.0,0.0
3905213049,5.0,0.0
3891249901,4.0,0.0
3889116267,4.0,0.0
3895514631,1.0,0.0
3904385691,115.0,7.0
3547664337,4.0,1.0
3902831425,14.0,3.0
3904961233,5.0,0.0
3905350216,2.0,0.0
3887837476,8.0,0.0
3901939698,4.0,0.0
3904389144,11.0,1.0
3904398485,4.0,0.0
3889297093,2.0,0.0
3906083088,6.0,0.0
3889403735,2.0,0.0
3904930358,4.0,0.0
3904595242,5.0,0.0
3904429600,8.0,0.0
3894549713,8.0,0.0
3884439828,4.0,0.0
3884820626,4.0,0.0
3885807866,67.0,10.0
3902356685,6.0,1.0
3900956944,4.0,0.0
3904388756,7.0,0.0
3887889257,5.0,0.0
3894567472,4.0,0.0
3901394243,7.0,1.0
3904369803,36.0,0.0
3902759058,24.0,3.0
3906223360,2.0,0.0
3901160233,5.0,0.0
3906097035,23.0,2.0
3904425744,3.0,0.0
3903432127,8.0,0.0
3906232546,3.0,0.0
3900072637,5.0,0.0
3904416860,4.0,0.0
3903836006,1.0,0.0
3889122545,5.0,0.0
3895566192,3.0,0.0
3903445638,11.0,0.0
3903825707,2.0,0.0
3905335154,4.0,0.0
3901947048,3.0,0.0
3895558592,5.0,0.0
3889125731,4.0,0.0
3905615110,2.0,0.0
3902946311,181.0,50.0
3901942267,2.0,0.0
3904928269,4.0,0.0
3895811525,10.0,1.0
3901953744,0.0,0.0
3904362680,2.0,0.0
3898173608,21.0,0.0
3902356920,3.0,0.0
3898175570,11.0,0.0
3898173765,10.0,1.0
3901677053,4.0,0.0
3903443991,34.0,4.0
3901699027,8.0,0.0
3891268761,3.0,0.0
3902922384,2.0,0.0
3894876827,5.0,0.0
3906095971,21.0,6.0
3905247564,0.0,0.0
3891016598,2.0,0.0
3903840743,1.0,0.0
3894412736,3.0,0.0
3884433417,9.0,0.0
3904390353,5.0,0.0
3889731581,5.0,0.0
3904056044,4.0,0.0
3901353198,6.0,0.0
3884926916,9.0,0.0
3897799795,29.0,0.0
3905251459,4.0,0.0
3903464468,22.0,3.0
3889239469,2.0,0.0
3885111376,2.0,0.0
3905391947,4.0,0.0
3904419243,5.0,0.0
3887713091,7.0,0.0
3895560636,4.0,0.0
3901981789,2.0,0.0
3898156689,19.0,0.0
3888027917,2.0,0.0
3905621552,2.0,0.0
3894548432,4.0,0.0
3902750588,18.0,3.0
3902900415,15.0,4.0
3902306340,2.0,0.0
3899523682,44.0,6.0
3906248908,3.0,0.0
3891065973,3.0,0.0
3905241042,7.0,2.0
3894999179,2.0,0.0
3906223393,4.0,0.0
3905297481,2.0,0.0
3901983746,5.0,0.0
3887486544,8.0,0.0
3905839873,2.0,0.0
3904055440,2.0,0.0
3901981493,5.0,0.0
3901988080,3.0,0.0
3905857367,1.0,0.0
3891251852,4.0,0.0
3901943134,4.0,1.0
3889417415,6.0,0.0
3886831284,6.0,0.0
3887992812,3.0,0.0
3901372037,5.0,0.0
3885857581,8.0,0.0
3905298764,5.0,0.0
3891070576,1.0,0.0
3899526205,6.0,0.0
3904360832,5.0,0.0
3900961338,2.0,0.0
3885841974,5.0,0.0
3898159217,2.0,0.0
3895827699,2.0,0.0
3906220888,4.0,0.0
3901937894,4.0,0.0
3905874924,2.0,0.0
3901948362,5.0,0.0
3905377388,4.0,0.0
3905212198,17.0,1.0
3888031683,2.0,0.0
3884436683,6.0,0.0
3906258379,3.0,0.0
3902750257,20.0,0.0
3904587310,16.0,5.0
3902344458,3.0,0.0
3903424985,4.0,0.0
3901941565,5.0,0.0
3902819805,11.0,0.0
3888443765,3.0,0.0
3903471662,4.0,0.0
3903876027,4.0,0.0
3901673048,4.0,0.0
3905243122,1.0,0.0
3903835755,6.0,0.0
3902842532,3.0,0.0
3902828743,6.0,0.0
3905347762,0.0,0.0
3902915218,45.0,2.0
3905350381,2.0,0.0
3904722607,4.0,0.0
3905244169,4.0,0.0
3904944503,12.0,2.0
3906071626,2.0,0.0
3903822706,3.0,0.0
3887596433,6.0,0.0
3899536357,50.0,4.0
3903458030,15.0,2.0
3884843664,6.0,0.0
3905695052,3.0,0.0
3902929847,3.0,0.0
3905319003,3.0,0.0
3891071849,2.0,0.0
3901641390,4.0,0.0
3901374838,3.0,0.0
3902829701,18.0,3.0
3887890771,6.0,0.0
3901170493,3.0,0.0
3900080527,14.0,4.0
3901997700,7.0,0.0
3884899879,2.0,0.0
3901941808,4.0,0.0
3898174546,65.0,6.0
3905208503,4.0,0.0
3904427752,12.0,0.0
3902920021,9.0,0.0
3887103286,60.0,9.0
3901633112,13.0,0.0
3905295633,4.0,0.0
3903820636,4.0,0.0
3900945020,6.0,0.0
3903491528,19.0,7.0
3902754223,16.0,1.0
3898161225,9.0,0.0
3895547342,3.0,0.0
3903896893,3.0,0.0
3902359408,1.0,0.0
3902863706,2.0,0.0
3899536295,40.0,9.0
3891070678,4.0,0.0
3887997482,5.0,0.0
3894567983,4.0,0.0
3903468498,15.0,0.0
3902755770,12.0,0.0
3887498296,8.0,0.0
3906233215,3.0,0.0
3905302318,4.0,0.0
3833894876,2.0,0.0
3902761095,6.0,0.0
3903496536,3.0,0.0
3902829695,42.0,6.0
3905330895,2.0,0.0
3901345536,18.0,1.0
3889716827,6.0,0.0
3889102276,4.0,0.0
3901677476,10.0,0.0
3886826452,2.0,0.0
3884939253,15.0,0.0
3894997641,0.0,0.0
3904361463,5.0,0.0
3905352361,3.0,0.0
3901697276,23.0,1.0
3904368504,4.0,0.0
3903836658,4.0,0.0
3905310310,3.0,0.0
3903446058,22.0,0.0
3894287104,3.0,0.0
3902865992,2.0,0.0
3902844456,2.0,0.0
3904388052,3.0,0.0
3887476184,4.0,0.0
3901375511,124.0,9.0
3904953296,4.0,0.0
3904724594,5.0,0.0
3885832793,4.0,0.0
3904391640,8.0,0.0
3885840174,6.0,0.0
3905868889,0.0,0.0
3902363858,3.0,0.0
3904408940,6.0,0.0
3905295505,0.0,0.0
3898171517,9.0,0.0
3905876696,3.0,0.0
3899521996,29.0,2.0
3884819709,6.0,0.0
3905844211,3.0,0.0
3905838977,2.0,0.0
3905363816,4.0,0.0
3906232438,4.0,0.0
3904091630,3.0,0.0
3902738485,5.0,0.0
3904965593,19.0,2.0
3894282431,3.0,0.0
3902806456,12.0,1.0
3902359200,6.0,0.0
3900095424,10.0,0.0
3891270629,4.0,0.0
3886214858,3.0,1.0
3904362564,16.0,0.0
3901950531,3.0,0.0
3904066608,4.0,0.0
3904386487,4.0,0.0
3901952236,2.0,0.0
3903444797,5.0,0.0
3904719457,5.0,0.0
3905327980,3.0,0.0
3903473884,5.0,0.0
3904415700,6.0,0.0
3902748892,7.0,0.0
3898168996,77.0,19.0
3905295985,4.0,0.0
3902830395,9.0,0.0
3904376371,30.0,5.0
3905878181,0.0,0.0
3902883079,0.0,0.0
3905850836,8.0,0.0
3901678057,16.0,2.0
3886465317,11.0,1.0
3898167134,2.0,0.0
3901964411,1.0,0.0
3889121493,4.0,0.0
3894922461,7.0,1.0
3886877739,8.0,1.0
3904725537,4.0,0.0
3905693272,0.0,0.0
3902751109,15.0,0.0
3903830202,2.0,0.0
3905331607,2.0,0.0
3895827697,3.0,0.0
3903846061,4.0,0.0
3903825650,4.0,0.0
3894542974,4.0,0.0
3902755411,7.0,0.0
3906246987,4.0,0.0
3895828496,4.0,0.0
3901365304,25.0,1.0
3902363376,3.0,0.0
3904920920,9.0,0.0
3904988719,4.0,0.0
3885807506,7.0,0.0
3895221892,0.0,0.0
3888821781,30.0,6.0
3906245890,4.0,0.0
3904930435,22.0,0.0
3905667794,3.0,0.0
3894284787,3.0,0.0
3884801688,8.0,1.0
3902341957,2.0,0.0
3891840573,1.0,0.0
3903837938,3.0,0.0
3902844225,4.0,0.0
3895208286,3.0,0.0
3891071251,2.0,0.0
3904961344,4.0,0.0
3890893424,3.0,0.0
3904722775,4.0,0.0
3906201196,30.0,4.0
3895595869,9.0,0.0
3884989743,4.0,0.0
3904390504,51.0,4.0
3902359728,1.0,0.0
3905247742,1.0,0.0
3895808433,3.0,0.0
3906099182,15.0,1.0
3903807473,4.0,0.0
3887834880,7.0,1.0
3895556923,5.0,0.0
3885106385,2.0,0.0
3904951775,5.0,0.0
3898166540,95.0,12.0
3905334517,5.0,0.0
3905848494,0.0,0.0
3884813110,4.0,0.0
3888801850,35.0,6.0
3895282227,4.0,0.0
3888938727,5.0,0.0
3905328452,5.0,0.0
3901986089,5.0,0.0
3906249368,4.0,0.0
3901988451,3.0,0.0
3890895123,15.0,2.0
3884438493,61.0,3.0
3904424361,4.0,0.0
3906258732,1.0,0.0
3904714460,4.0,0.0
3898172017,104.0,10.0
3906254707,5.0,0.0
3900964193,5.0,0.0
3901937818,5.0,1.0
3904378930,14.0,0.0
3906069813,2.0,0.0
3902749795,6.0,0.0
3904429488,5.0,0.0
3903815629,4.0,0.0
3904708103,5.0,0.0
3900082289,26.0,4.0
3898166215,6.0,0.0
3889123467,5.0,0.0
3905304718,3.0,0.0
3905304215,3.0,0.0
3898158598,126.0,21.0
3900948571,72.0,5.0
3906230255,0.0,0.0
3864519762,3.0,0.0
3904726520,4.0,0.0
3902832535,6.0,0.0
3901392969,4.0,0.0
3905829691,2.0,0.0
3902354399,0.0,0.0
3904361716,6.0,0.0
3903843265,14.0,6.0
3891074941,2.0,0.0
3887485023,4.0,0.0
3903474884,4.0,0.0
3901949715,3.0,0.0
3905374189,4.0,0.0
3906260035,3.0,0.0
3884435057,3.0,0.0
3903810625,4.0,0.0
3904945286,13.0,0.0
3900077383,4.0,0.0
3903457440,95.0,16.0
3901940900,3.0,0.0
3901699032,7.0,0.0
3904383886,5.0,0.0
3900081337,4.0,0.0
3884813081,4.0,0.0
3902881320,4.0,1.0
3901930827,3.0,0.0
3885862587,3.0,0.0
3889114500,5.0,0.0
3895263956,5.0,0.0
3904726099,4.0,0.0
3901936380,13.0,2.0
3901353353,24.0,4.0
3885857586,4.0,0.0
3898161338,5.0,0.0
3884993214,9.0,0.0
3902353878,2.0,0.0
3904418944,4.0,0.0
3905325991,4.0,0.0
3905361345,1.0,0.0
3904361274,3.0,0.0
3887709891,5.0,0.0
3901342597,8.0,1.0
3906226811,4.0,0.0
3903474947,4.0,0.0
3906231123,5.0,0.0
3891075325,2.0,0.0
3905397421,4.0,0.0
3900962188,7.0,1.0
3906252389,3.0,0.0
3901940801,2.0,0.0
3905368256,4.0,0.0
3904721853,2.0,0.0
3886463765,7.0,0.0
3884428894,4.0,0.0
3891817708,0.0,0.0
3906236405,4.0,0.0
3901174713,8.0,0.0
3889745832,7.0,0.0
3902939942,229.0,79.0
3891256033,3.0,0.0
3895804304,7.0,1.0
3903849462,4.0,0.0
3899535073,4.0,0.0
3891246965,0.0,0.0
3902829859,5.0,0.0
3888028879,4.0,0.0
3901942820,3.0,0.0
3894547236,4.0,0.0
3901165995,3.0,0.0
3884808725,3.0,0.0
3905308482,4.0,0.0
3894297633,4.0,0.0
3903182940,3.0,0.0
3894290070,3.0,0.0
3902783948,6.0,0.0
3900076153,37.0,11.0
3901984736,3.0,0.0
3885810271,5.0,0.0
3905363747,4.0,0.0
3904390708,5.0,0.0
3905301004,10.0,3.0
3901632308,5.0,0.0
3904067547,4.0,0.0
3902351133,2.0,0.0
3905341299,3.0,0.0
3901954569,1.0,0.0
3902931404,45.0,2.0
3906254571,2.0,0.0
3902836953,4.0,0.0
3880380418,9.0,1.0
3902763168,48.0,6.0
3905880810,3.0,0.0
3884822260,4.0,0.0
3906254910,3.0,0.0
3895218002,5.0,0.0
3902354073,4.0,0.0
3904064479,3.0,0.0
3903883574,4.0,0.0
3887720536,2.0,0.0
3900080230,15.0,1.0
3895513645,3.0,0.0
3894212059,4.0,0.0
3904719153,4.0,0.0
3884440653,6.0,0.0
3905306811,5.0,0.0
3901983301,3.0,0.0
3905241180,16.0,0.0
3885855624,11.0,1.0
3904957711,4.0,0.0
3885857716,6.0,0.0
3905290837,3.0,0.0
3891250165,2.0,0.0
3887570772,5.0,0.0
3894873664,5.0,0.0
3885101961,2.0,0.0
3902759778,83.0,19.0
3903842251,4.0,0.0
3906220959,3.0,0.0
3902344827,2.0,0.0
3895543393,3.0,0.0
3906256023,4.0,0.0
3884800424,13.0,3.0
3901947388,0.0,0.0
3889172709,5.0,0.0
3906257286,5.0,0.0
3903824520,3.0,0.0
3906235037,3.0,0.0
3884807751,26.0,2.0
3900948373,4.0,0.0
3904386218,5.0,0.0
3891017362,2.0,0.0
3904953340,3.0,0.0
3902848184,3.0,0.0
3895554928,4.0,0.0
3904095543,0.0,0.0
3906226416,3.0,0.0
3899523267,23.0,3.0
3902831423,14.0,0.0
3888944503,4.0,0.0
3887933390,5.0,0.0
3903494557,4.0,1.0
3902755616,28.0,0.0
3905363419,2.0,0.0
3886885021,144.0,91.0
3905340015,4.0,0.0
3904722801,4.0,0.0
3902863336,1.0,0.0
3902322794,3.0,0.0
3895491607,2.0,0.0
3905289407,3.0,0.0
3901962761,4.0,0.0
3891264684,4.0,0.0
3901992922,4.0,0.0
3902344347,2.0,0.0
3902320489,4.0,0.0
3903881247,13.0,2.0
3887896103,18.0,0.0
3906223265,5.0,0.0
3894886783,4.0,0.0
3904431346,5.0,0.0
3895221139,3.0,0.0
3898172826,52.0,5.0
3888027114,1.0,0.0
3898166631,2.0,0.0
3904511022,2.0,0.0
3901939252,5.0,0.0
3895494174,2.0,0.0
3902757383,6.0,0.0
3895546230,14.0,0.0
3891066679,2.0,0.0
3902353983,4.0,0.0
3903807663,4.0,0.0
3905372728,4.0,0.0
3906230107,1.0,0.0
3895515586,4.0,0.0
3887883678,4.0,0.0
3901944034,7.0,0.0
3887862132,6.0,0.0
3905334477,2.0,0.0
3884443704,2.0,0.0
3905865173,4.0,0.0
3898166700,6.0,2.0
3887909411,5.0,0.0
3895562433,18.0,3.0
3904972378,34.0,5.0
3905346035,4.0,0.0
3901377608,102.0,36.0
3905825166,3.0,0.0
3898163215,8.0,1.0
3902751894,17.0,0.0
3902863215,2.0,0.0
3903805862,3.0,0.0
3895207495,4.0,0.0
3902846250,2.0,0.0
3905375219,4.0,0.0
3884444120,5.0,0.0
3901171408,58.0,2.0
3906091970,51.0,12.0
3903846140,4.0,0.0
3887877769,13.0,1.0
3898167847,9.0,0.0
3898171324,46.0,7.0
3901942343,4.0,0.0
3905326814,3.0,0.0
3905296952,4.0,0.0
3905304908,2.0,0.0
3888947457,4.0,0.0
3884894273,2.0,0.0
3884449483,30.0,4.0
3900087592,25.0,2.0
3902332283,4.0,0.0
3906220834,3.0,0.0
3889701790,2.0,0.0
3887721401,160.0,88.0
3905337569,4.0,0.0
3884814762,5.0,0.0
3885112261,2.0,0.0
3900961608,7.0,0.0
3900943394,22.0,0.0
3895488700,2.0,0.0
3898172076,16.0,1.0
3902858835,4.0,0.0
3903839853,4.0,0.0
3906247860,5.0,1.0
3891041847,3.0,0.0
3902918564,12.0,0.0
3886461289,22.0,1.0
3901957864,4.0,0.0
3905339596,3.0,0.0
3887573211,6.0,0.0
3905301714,3.0,0.0
3889115142,4.0,0.0
3885863708,13.0,0.0
3905333139,4.0,0.0
3895271686,4.0,0.0
3903844495,8.0,0.0
3902761014,4.0,0.0
3903450317,6.0,0.0
3905311296,3.0,0.0
3901360298,5.0,0.0
3901955849,4.0,0.0
3902753442,4.0,0.0
3904995395,4.0,0.0
3902359050,2.0,0.0
3905251224,3.0,0.0
3902756350,8.0,0.0
3904502114,3.0,0.0
3905333087,4.0,0.0
3895217130,4.0,0.0
3903442967,3.0,0.0
3902862110,2.0,0.0
3889721317,7.0,1.0
3903810824,4.0,0.0
3889148835,4.0,0.0
3901977527,1.0,0.0
3904991273,3.0,0.0
3904388781,5.0,0.0
3886451772,7.0,0.0
3891013812,5.0,0.0
3889148839,4.0,0.0
3894543916,4.0,0.0
3904408733,127.0,10.0
3902734833,5.0,0.0
3889442823,4.0,0.0
3899543129,94.0,21.0
3905239253,16.0,2.0
3889110202,4.0,0.0
3891280054,4.0,0.0
3885106003,2.0,0.0
3904503892,4.0,0.0
3904387768,7.0,0.0
3884431598,3.0,0.0
3904406406,8.0,1.0
3902754105,4.0,0.0
3902371380,5.0,0.0
3905296703,0.0,0.0
3894889444,5.0,0.0
3901944650,2.0,0.0
3903810260,12.0,2.0
3901345928,28.0,1.0
3903802564,2.0,0.0
3901940806,2.0,0.0
3904708377,4.0,0.0
3887838642,2.0,0.0
3894616701,3.0,0.0
3901983858,4.0,0.0
3904360920,91.0,7.0
3901986087,6.0,0.0
3901942525,4.0,0.0
3900959650,72.0,30.0
3902369543,5.0,0.0
3906228314,3.0,0.0
3891088798,6.0,0.0
3887839208,3.0,0.0
3906257515,4.0,0.0
3902756391,14.0,0.0
3905255626,2.0,0.0
3903448317,7.0,0.0
3905345067,3.0,0.0
3901961019,2.0,0.0
3887883878,7.0,0.0
3888935529,4.0,0.0
3904414910,4.0,0.0
3889445611,5.0,0.0
3884924121,31.0,8.0
3904392131,39.0,6.0
3905306710,3.0,0.0
3904579456,32.0,5.0
3887890773,7.0,0.0
3889282831,3.0,0.0
3901945214,2.0,0.0
3901979723,3.0,0.0
3895566635,3.0,0.0
3902941522,3.0,0.0
3901958467,4.0,0.0
3902364167,3.0,0.0
3884438462,4.0,0.0
3903847543,3.0,0.0
3904956288,14.0,2.0
3901642113,15.0,1.0
3898171313,6.0,0.0
3905668781,3.0,0.0
3900987195,4.0,0.0
3794986432,2.0,0.0
3900082189,49.0,3.0
3902355607,2.0,0.0
3906227468,2.0,0.0
3905872661,1.0,0.0
3902937058,52.0,9.0
3901945072,3.0,0.0
3898156784,6.0,0.0
3884437730,29.0,6.0
3905288882,4.0,0.0
3889116270,4.0,0.0
3903869469,4.0,0.0
3898156667,45.0,10.0
3903466546,6.0,0.0
3901379157,6.0,0.0
3904429186,7.0,0.0
3901164734,36.0,4.0
3889411623,0.0,0.0
3887468976,4.0,0.0
3904409663,5.0,0.0
3904727072,4.0,0.0
3906224916,1.0,0.0
3901393501,3.0,0.0
3901945186,2.0,0.0
3905394245,4.0,0.0
3906222940,2.0,0.0
3903838921,4.0,0.0
3891071892,1.0,0.0
3903466920,5.0,0.0
3888031890,7.0,1.0
3904387725,71.0,21.0
3901979218,10.0,2.0
3885103388,3.0,0.0
3901378485,10.0,0.0
3904396072,7.0,0.0
3904962666,6.0,0.0
3905848673,1.0,0.0
3895800681,2.0,0.0
3902866546,4.0,0.0
3894211595,4.0,0.0
3906223822,5.0,0.0
3905369156,9.0,1.0
3905370083,5.0,0.0
3902806239,4.0,0.0
3902344775,3.0,0.0
3901360429,5.0,0.0
3901919658,2.0,0.0
3895219797,3.0,0.0
3906247768,2.0,0.0
3905344943,4.0,0.0
3902761490,23.0,3.0
3905671283,4.0,0.0
3905336690,4.0,0.0
3904990249,10.0,0.0
3905335767,4.0,0.0
3906080271,3.0,0.0
3898170896,44.0,6.0
3900962182,7.0,0.0
3905330390,2.0,0.0
3906250691,4.0,0.0
3902339288,8.0,1.0
3906250761,3.0,0.0
3889417423,7.0,0.0
3902827028,6.0,1.0
3894671037,3.0,0.0
3902747706,11.0,0.0
3885107174,2.0,0.0
3895805304,9.0,1.0
3902355283,2.0,0.0
3904997692,3.0,0.0
3886843057,5.0,0.0
3900072544,34.0,2.0
3894881209,4.0,0.0
3901394625,8.0,0.0
3901942346,1.0,0.0
3900940836,5.0,0.0
3901372266,13.0,2.0
3885860892,7.0,0.0
3901455502,5.0,0.0
3901356370,7.0,0.0
3904409117,5.0,0.0
3904394336,3.0,0.0
3904987813,4.0,0.0
3898166761,11.0,0.0
3894914966,2.0,0.0
3894870474,6.0,0.0
3904941620,5.0,0.0
3905873936,3.0,0.0
3898160223,28.0,0.0
3902345422,2.0,0.0
3894891810,5.0,0.0
3900982725,5.0,0.0
3902845201,3.0,0.0
3901390779,1.0,0.0
3895566927,4.0,0.0
3904568870,5.0,0.0
3900987104,7.0,0.0
3887879374,5.0,0.0
3905339068,4.0,0.0
3889714841,16.0,1.0
3888811323,70.0,32.0
3888932991,5.0,0.0
3903449919,100.0,36.0
3901689959,342.0,104.0
3894899597,3.0,0.0
3901641538,4.0,0.0
3902831396,10.0,0.0
3905327685,4.0,0.0
3888803597,17.0,0.0
3904584467,11.0,0.0
3904068836,4.0,0.0
3906070800,5.0,0.0
3901942350,4.0,0.0
3904385747,9.0,0.0
3889747299,5.0,0.0
3884438827,38.0,0.0
3901978341,3.0,0.0
3902317123,4.0,0.0
3458210342,7.0,0.0
3889453027,5.0,0.0
3904728063,4.0,0.0
3894210672,4.0,0.0
3901954917,4.0,0.0
3904418310,4.0,0.0
3902367496,3.0,0.0
3511440340,3.0,0.0
3902366178,1.0,0.0
3888024801,2.0,0.0
3901979184,2.0,0.0
3905302346,4.0,0.0
3906265232,4.0,0.0
3906227834,1.0,0.0
3904382333,6.0,0.0
3884939329,22.0,1.0
3884921389,5.0,0.0
3888004706,6.0,0.0
3890894201,3.0,0.0
3891072639,13.0,3.0
3894287443,3.0,0.0
3895252401,37.0,3.0
3899533476,8.0,0.0
3895528161,4.0,0.0
3901955321,3.0,0.0
3903838989,4.0,0.0
3901496929,31.0,8.0
3902355141,2.0,0.0
3905876025,2.0,0.0
3894548321,5.0,0.0
3895215103,3.0,0.0
3904419244,4.0,0.0
3905803686,2.0,0.0
3889239433,2.0,0.0
3903463486,6.0,0.0
3898157476,7.0,1.0
3891068947,2.0,0.0
3886840539,3.0,0.0
3901945450,4.0,0.0
3887704142,6.0,0.0
3884806509,16.0,1.0
3898167024,27.0,6.0
3905303509,4.0,0.0
3884920783,5.0,0.0
3906226770,2.0,0.0
3905394275,4.0,0.0
3894562457,6.0,0.0
3903429488,4.0,0.0
3905865837,0.0,0.0
3887476336,7.0,0.0
3902323722,4.0,0.0
3894281015,4.0,0.0
3901472360,16.0,7.0
3902358260,1.0,0.0
3904564800,5.0,0.0
3887495209,5.0,0.0
3903885473,5.0,0.0
3889721467,6.0,0.0
3904501448,2.0,0.0
3887581359,5.0,0.0
3905874325,2.0,0.0
3904986925,31.0,2.0
3905332120,4.0,0.0
3903887004,4.0,0.0
3905203489,5.0,0.0
3902362733,1.0,0.0
3902736538,4.0,0.0
3889705284,4.0,0.0
3903811113,3.0,0.0
3903443825,7.0,0.0
3902371357,5.0,0.0
3902831397,9.0,0.0
3904984613,68.0,6.0
3903444387,2.0,0.0
3889706880,22.0,2.0
3902946054,6.0,0.0
3902948256,119.0,67.0
3900080550,33.0,1.0
3905249934,2.0,0.0
3891249553,1.0,0.0
3900960569,179.0,53.0
3889156130,4.0,0.0
3901398923,6.0,0.0
3904058989,4.0,0.0
3888029607,298.0,77.0
3904383936,9.0,0.0
3905381802,3.0,0.0
3901944600,4.0,0.0
3901697529,8.0,0.0
3901181189,142.0,7.0
3905335221,4.0,0.0
3890894450,2.0,0.0
3895217129,3.0,0.0
3905335094,4.0,0.0
3894579677,5.0,0.0
3888006987,3.0,0.0
3884431629,12.0,1.0
3905392673,4.0,0.0
3900953060,4.0,0.0
3902951791,5.0,0.0
3900977235,6.0,0.0
3904950551,48.0,2.0
3884933545,58.0,16.0
3886441927,4.0,0.0
3895515746,4.0,0.0
3898167971,63.0,5.0
3901379545,11.0,1.0
3894552146,6.0,0.0
3900978792,11.0,0.0
3905372329,4.0,0.0
3903890061,4.0,0.0
3906228547,2.0,0.0
3891070663,4.0,0.0
3901391189,10.0,2.0
3895541648,4.0,0.0
3888033428,2.0,0.0
3894903523,4.0,0.0
3885863424,5.0,0.0
3903836151,7.0,1.0
3895528144,14.0,2.0
3889779595,11.0,2.0
3891270633,5.0,0.0
3894926621,5.0,0.0
3894569023,15.0,1.0
3904359759,1.0,0.0
3894564390,5.0,0.0
3903476891,4.0,0.0
3891093047,4.0,0.0
3901984029,4.0,0.0
3895812299,4.0,0.0
3891073518,6.0,1.0
3905363959,4.0,1.0
3906069835,3.0,0.0
3905849939,6.0,0.0
3887479740,23.0,2.0
3904715713,3.0,0.0
3901173733,17.0,4.0
3898168846,50.0,3.0
3894611313,10.0,0.0
3891818095,1.0,0.0
3905661416,4.0,0.0
3905251106,2.0,0.0
3894208786,3.0,0.0
3905327545,4.0,0.0
3889160039,183.0,79.0
3884831622,7.0,0.0
3903875417,5.0,0.0
3901170474,4.0,0.0
3903472737,14.0,4.0
3900080524,5.0,0.0
3901694732,49.0,2.0
3900096452,28.0,7.0
3884894749,1.0,0.0
3898172126,95.0,40.0
3901378445,7.0,0.0
3904365184,24.0,2.0
3902757069,5.0,0.0
3905276827,4.0,0.0
3889282977,4.0,0.0
3901965801,4.0,0.0
3888000699,4.0,0.0
3904365721,14.0,0.0
3891282373,1.0,0.0
3901980612,4.0,0.0
3902321377,3.0,0.0
3899531572,6.0,0.0
3900943294,4.0,1.0
3902360009,2.0,0.0
3904974167,119.0,13.0
3895841459,2.0,0.0
3894878010,5.0,0.0
3894675633,1.0,0.0
3904715859,3.0,0.0
3902878353,2.0,0.0
3904941170,3.0,0.0
3904580127,16.0,2.0
3905284601,3.0,0.0
3901679357,125.0,37.0
3884915177,14.0,3.0
3900957663,58.0,7.0
3904408473,25.0,8.0
3900087920,12.0,1.0
3905207996,14.0,0.0
3902311112,2.0,0.0
3901633102,20.0,2.0
3894996749,4.0,0.0
3902913831,5.0,0.0
3885823893,5.0,0.0
3902751952,5.0,0.0
3885851126,6.0,0.0
3904721059,4.0,0.0
3901984623,3.0,0.0
3888035108,27.0,2.0
3900966232,7.0,0.0
3903877152,7.0,0.0
3905371846,4.0,0.0
3901168703,10.0,0.0
3904920744,3.0,0.0
3901955345,3.0,0.0
3903825483,4.0,0.0
3895277427,2.0,0.0
3904969494,344.0,94.0
3884808730,2.0,0.0
3904945234,33.0,1.0
3905308636,4.0,0.0
3894562491,6.0,0.0
3902866676,3.0,0.0
3903847178,4.0,0.0
3887875266,7.0,0.0
3904392703,37.0,5.0
3905831299,6.0,2.0
3901667916,19.0,0.0
3903481015,5.0,0.0
3901682366,6.0,0.0
3902867197,5.0,0.0
3905393721,3.0,0.0
3903453845,17.0,5.0
3891008087,4.0,0.0
3905333647,2.0,0.0
3906251423,4.0,0.0
3891071517,10.0,0.0
3902943727,8.0,0.0
3891810847,1.0,0.0
3906253755,4.0,0.0
3904366420,13.0,0.0
3901985163,4.0,0.0
3885111701,2.0,0.0
3901942875,4.0,0.0
3904710007,4.0,0.0
3891816908,0.0,0.0
3884438389,38.0,12.0
3905254410,1.0,0.0
3900975990,18.0,2.0
3904086114,4.0,0.0
3884935342,102.0,15.0
3901675534,5.0,0.0
3902365732,4.0,0.0
3884434778,1179.0,297.0
3885810223,9.0,0.0
3905287539,3.0,0.0
3887474517,17.0,2.0
3904712636,3.0,0.0
3900943715,34.0,5.0
3905880707,2.0,0.0
3891245999,2.0,0.0
3901672390,7.0,0.0
3888452850,4.0,0.0
3886838586,5.0,0.0
3898160908,6.0,0.0
3903827451,3.0,0.0
3895494172,2.0,0.0
3886486522,6.0,1.0
3905882431,4.0,1.0
3901944998,0.0,0.0
3904924549,72.0,25.0
3904406752,5.0,0.0
3887474177,29.0,3.0
3903885028,4.0,0.0
3904365387,121.0,54.0
3887909422,35.0,6.0
3894614628,5.0,0.0
3904999946,4.0,0.0
3904085733,5.0,0.0
3895542196,6.0,0.0
3905350064,3.0,0.0
3901977993,0.0,0.0
3895810656,3.0,0.0
3887701179,14.0,0.0
3902862901,4.0,0.0
3888022997,2.0,0.0
3885821385,7.0,0.0
3887712919,74.0,15.0
3887878759,6.0,0.0
3887907124,13.0,1.0
3886451987,5.0,0.0
3901357522,7.0,0.0
3905680547,3.0,0.0
3901935945,4.0,0.0
3904400889,6.0,0.0
3906220932,5.0,0.0
3904372004,7.0,0.0
3885804875,10.0,0.0
3887897611,6.0,0.0
3905878951,3.0,0.0
3885846885,6.0,0.0
3905327422,2.0,0.0
3891267962,3.0,0.0
3895805689,4.0,0.0
3884851658,5.0,0.0
3884436924,322.0,79.0
3905628852,2.0,0.0
3901351179,3.0,0.0
3905326685,2.0,0.0
3905368238,4.0,0.0
3902749818,6.0,0.0
3895594806,2.0,0.0
3884431507,6.0,0.0
3902800410,5.0,0.0
3906230559,3.0,0.0
3894941768,2.0,0.0
3898156782,8.0,0.0
3894533187,3.0,0.0
3895203068,4.0,0.0
3903447946,6.0,0.0
3887998116,4.0,0.0
3687125020,2.0,0.0
3905302215,4.0,0.0
3901941985,2.0,0.0
3901992458,5.0,0.0
3905299310,5.0,0.0
3904954776,6.0,0.0
3905345736,4.0,0.0
3905294892,3.0,0.0
3904378956,13.0,0.0
3894572063,5.0,0.0
3895595511,4.0,0.0
3904091249,2.0,0.0
3895542251,3.0,0.0
3904073438,3.0,0.0
3901651785,81.0,15.0
3884437433,176.0,42.0
3901368993,6.0,1.0
3906089341,10.0,0.0
3901484323,6.0,0.0
3889289291,5.0,0.0
3905369743,6.0,0.0
3902368514,4.0,0.0
3894567350,4.0,0.0
3884991627,6.0,0.0
3905667588,4.0,0.0
3889771181,204.0,72.0
3884435186,4.0,0.0
2147609712,1.0,0.0
3889425951,5.0,0.0
3903840440,4.0,0.0
3895547109,4.0,0.0
3887494800,4.0,0.0
3889477401,4.0,0.0
3901396404,24.0,8.0
3903870699,3.0,0.0
3889472187,4.0,0.0
3899529897,72.0,13.0
3901693418,35.0,2.0
3901698621,6.0,0.0
3887842011,4.0,0.0
3901348814,152.0,37.0
3901943108,2.0,0.0
3898174037,7.0,1.0
3905378057,4.0,0.0
3904949296,5.0,0.0
3899525111,18.0,1.0
3887871025,8.0,0.0
3905874306,5.0,0.0
3887999695,6.0,0.0
3904379663,12.0,0.0
3902746952,5.0,0.0
3905394719,3.0,0.0
3884867299,4.0,0.0
3903881563,5.0,0.0
3901366561,4.0,0.0
3886848085,2.0,0.0
3904957814,14.0,1.0
3902865613,0.0,0.0
3905317482,2.0,0.0
3906095958,13.0,0.0
3901667990,21.0,0.0
3905329501,5.0,0.0
3888005735,4.0,0.0
3905819298,2.0,0.0
3905206234,4.0,0.0
3904931961,26.0,0.0
3885102433,2.0,0.0
3903456669,36.0,3.0
3901943742,4.0,0.0
3895594816,4.0,0.0
3901976823,2.0,0.0
3905331726,4.0,0.0
3887587855,6.0,0.0
3905842543,3.0,0.0
3885870164,5.0,0.0
3891077252,5.0,0.0
3905271751,5.0,0.0
3904724933,6.0,0.0
3888025758,2.0,0.0
3900960580,5.0,0.0
3906225917,1.0,0.0
3894545521,4.0,0.0
3891271651,3.0,0.0
3904389540,278.0,20.0
3901392081,8.0,0.0
3891808115,45.0,10.0
3887489324,2.0,0.0
3891076409,2.0,0.0
3887705990,5.0,0.0
3885827659,6.0,0.0
3901695367,8.0,2.0
3902322968,4.0,0.0
3905830192,4.0,1.0
3889720611,6.0,0.0
3885865475,5.0,0.0
3901936513,2.0,0.0
3901345859,10.0,0.0
3901345891,15.0,0.0
3887702406,6.0,0.0
3895598320,7.0,0.0
3902750580,9.0,0.0
3894561107,3.0,0.0
3904706397,1.0,0.0
3901936355,5.0,0.0
3905845985,3.0,0.0
3904970171,43.0,5.0
3905339212,5.0,0.0
3905607723,4.0,0.0
3895815426,2.0,0.0
3901945130,4.0,0.0
3901981173,2.0,0.0
3888020348,6.0,0.0
3904394014,17.0,0.0
3902365035,3.0,0.0
3891071634,2.0,0.0
3901980502,5.0,0.0
3904954992,4.0,0.0
3900961626,7.0,0.0
3884914703,33.0,4.0
3904961093,15.0,1.0
3904933184,115.0,16.0
3901672074,9.0,1.0
3884919292,15.0,0.0
3887853960,48.0,0.0
3904057428,2.0,0.0
3894412823,4.0,0.0
3904069101,4.0,0.0
3886216020,2.0,0.0
3900967019,125.0,7.0
3906255158,5.0,0.0
3904388597,7.0,0.0
3888954708,4.0,0.0
3902787231,8.0,1.0
3888025697,2.0,0.0
3902756829,10.0,0.0
3901982026,2.0,0.0
3902344386,2.0,0.0
3887878826,8.0,0.0
3901391195,38.0,5.0
3885858036,4.0,0.0
3891082220,7.0,0.0
3905291352,3.0,1.0
3901346935,10.0,1.0
3900072460,149.0,17.0
3885111458,3.0,0.0
3900944549,4.0,0.0
3891019682,2.0,0.0
3906231335,2.0,0.0
3901984335,4.0,0.0
3904359917,5.0,0.0
3906250429,4.0,0.0
3887476809,7.0,0.0
3904501831,4.0,0.0
3887713280,6.0,0.0
3887496291,9.0,0.0
3899522711,31.0,3.0
3903891949,4.0,0.0
3905326927,3.0,0.0
3904503158,3.0,0.0
3903814159,4.0,0.0
3886883359,106.0,8.0
3888972919,7.0,0.0
3902360797,1.0,0.0
3902865878,2.0,0.0
3887718474,28.0,6.0
3889720466,33.0,5.0
3904566830,4.0,0.0
3905314792,2.0,0.0
3895524751,5.0,0.0
3904992645,3.0,0.0
3901976568,1.0,0.0
3903465373,6.0,0.0
3905370125,4.0,0.0
3902947294,2.0,0.0
3905255131,0.0,0.0
3891252189,5.0,0.0
3894543920,4.0,0.0
3901356605,4.0,0.0
3880176089,3.0,0.0
3901630280,17.0,0.0
3891077558,4.0,0.0
3901941624,4.0,0.0
3894882264,5.0,1.0
3895809333,6.0,0.0
3905247486,1.0,0.0
3902862526,2.0,0.0
3888025698,3.0,0.0
3902913489,7.0,0.0
3888000713,6.0,0.0
3885861425,4.0,0.0
3906096213,15.0,0.0
3894555997,4.0,0.0
3898169293,10.0,1.0
3891027917,2.0,0.0
3904392478,14.0,0.0
3895594808,2.0,0.0
3900959733,9.0,0.0
3884442151,26.0,2.0
3902760416,9.0,0.0
3898169787,12.0,0.0
3887870884,5.0,0.0
3905208364,5.0,0.0
3894957728,3.0,0.0
3905839602,2.0,0.0
3904406737,23.0,1.0
3905323994,4.0,0.0
3906256029,4.0,0.0
3901351288,6.0,0.0
3895521584,4.0,0.0
3904094974,4.0,0.0
3904357866,4.0,0.0
3901343659,2.0,1.0
3901345958,5.0,0.0
3905203277,4.0,0.0
3901662953,26.0,0.0
3898160667,4.0,0.0
3905310321,4.0,0.0
3905363545,4.0,0.0
3894567339,4.0,0.0
3889750545,7.0,0.0
3899520176,4.0,0.0
3884434305,5.0,0.0
3902938935,9.0,1.0
3904972425,2.0,0.0
3889453588,4.0,0.0
3904417933,18.0,1.0
3902359183,2.0,0.0
3902759692,15.0,1.0
3906091917,19.0,0.0
3902357249,3.0,0.0
3898160943,7.0,1.0
3905816860,2.0,0.0
3904390368,8.0,0.0
3904986891,4.0,0.0
3895271679,3.0,0.0
3901392259,4.0,1.0
3904428574,123.0,31.0
3901347571,6.0,0.0
3901167602,12.0,0.0
3904707273,1.0,0.0
3895570410,3.0,0.0
3884895985,2.0,0.0
3895599270,3.0,0.0
3884435854,3.0,0.0
3905856091,4.0,0.0
3906254496,4.0,0.0
3905341063,4.0,0.0
3905818531,0.0,0.0
3901954675,7.0,0.0
3904956350,5.0,0.0
3905313233,3.0,0.0
3905240354,4.0,1.0
3894564155,3.0,0.0
3901955876,3.0,0.0
3898163079,9.0,2.0
3904428551,6.0,0.0
3904392063,6.0,0.0
3901357943,5.0,0.0
3888979219,8.0,0.0
3906247540,4.0,0.0
3884435681,7.0,1.0
3905310386,3.0,0.0
3901677723,5.0,0.0
3887907757,4.0,0.0
3906099226,4.0,0.0
3904400613,341.0,0.0
3891251523,4.0,0.0
3888027130,3.0,0.0
3906254726,3.0,0.0
3904369261,4.0,0.0
3901938381,3.0,0.0
3902839674,4.0,0.0
3901389731,7.0,0.0
3905204634,3.0,0.0
3905656195,2.0,0.0
3906091750,50.0,3.0
3901388602,30.0,7.0
3904960371,12.0,2.0
3905881612,4.0,0.0
3904068869,4.0,0.0
3895269284,4.0,0.0
3905611304,2.0,0.0
3903476468,345.0,118.0
3891093300,4.0,0.0
3904367283,40.0,3.0
3901373702,78.0,13.0
3905238869,6.0,1.0
3905330565,6.0,0.0
3905664725,4.0,0.0
3902947884,5.0,0.0
3901956551,3.0,0.0
3904990686,4.0,0.0
3885101334,2.0,0.0
3884827386,6.0,0.0
3903497399,2.0,0.0
3891246931,2.0,0.0
3894888973,3.0,0.0
3901942967,3.0,0.0
3905333185,4.0,0.0
3898176327,88.0,11.0
3887105459,19.0,2.0
3889715346,10.0,1.0
3889488825,5.0,0.0
3901694257,100.0,42.0
3894533362,4.0,0.0
3904385842,6.0,0.0
3898166952,12.0,2.0
3904361736,4.0,0.0
3899534475,1.0,0.0
3891076949,2.0,0.0
3904710263,4.0,0.0
3901168684,10.0,0.0
3894612614,4.0,0.0
3901393077,4.0,0.0
3903472757,4.0,0.0
3902746649,25.0,2.0
3904362475,4.0,0.0
3885851345,4.0,0.0
3888993529,6.0,0.0
3890895616,2.0,0.0
3901976386,4.0,0.0
3901694885,7.0,0.0
3903846170,4.0,0.0
3902789482,8.0,0.0
3904096451,4.0,0.0
3898160983,54.0,9.0
3901940460,2.0,0.0
3901990337,4.0,0.0
3887493742,4.0,0.0
3905209328,5.0,0.0
3903475258,3.0,0.0
3895839644,1.0,0.0
3894567314,4.0,0.0
3904514243,3.0,0.0
3894874027,4.0,0.0
3906090992,5.0,0.0
3898173161,38.0,1.0
3889702854,19.0,0.0
3884880475,2.0,0.0
3905693847,0.0,0.0
3889495472,3.0,0.0
3906072618,10.0,1.0
3889126518,5.0,0.0
3901979920,4.0,0.0
3905873545,1.0,0.0
3905308725,3.0,0.0
3899527095,8.0,0.0
3906096199,6.0,1.0
3895207749,3.0,0.0
3906247604,4.0,0.0
3904388363,8.0,0.0
3884425580,59.0,7.0
3902876607,2.0,0.0
3902740865,5.0,0.0
3901956557,4.0,0.0
3899537964,28.0,3.0
3905644981,5.0,0.0
3906224302,2.0,0.0
3902734451,6.0,1.0
3901679303,13.0,0.0
3905377065,4.0,0.0
3900966028,8.0,0.0
3891277662,4.0,0.0
3901983542,2.0,0.0
3905374465,4.0,0.0
3887872386,4.0,0.0
3905293354,3.0,0.0
3906227798,4.0,0.0
3904716517,4.0,0.0
3904503289,3.0,0.0
3905368202,4.0,0.0
3891255174,19.0,7.0
3901668603,12.0,2.0
3906248652,4.0,0.0
3900958203,38.0,11.0
3905824742,2.0,0.0
3901990052,2.0,0.0
3906229256,5.0,0.0
3902867427,2.0,0.0
3884443818,71.0,15.0
3903823721,3.0,0.0
3895815394,7.0,0.0
3894893665,3.0,0.0
3904949777,40.0,9.0
3887915007,7.0,0.0
3905875307,0.0,0.0
3901695283,5.0,0.0
3901389270,65.0,12.0
3901694949,64.0,1.0
3902855139,2.0,0.0
3905871160,3.0,0.0
3901698255,198.0,0.0
3889484364,3.0,0.0
3901379546,20.0,1.0
3905289410,4.0,0.0
3898155797,7.0,3.0
3894277628,2.0,0.0
3904390385,6.0,0.0
3900072233,30.0,3.0
3894216382,4.0,0.0
3898164159,35.0,6.0
3894218302,1.0,0.0
3904726723,4.0,0.0
3891093071,3.0,0.0
3902350743,2.0,0.0
3891278470,8.0,0.0
3904389582,6.0,0.0
3903878014,5.0,0.0
3902348757,1.0,0.0
3905801167,2.0,0.0
3905333290,1.0,0.0
3901937905,4.0,0.0
3885812217,8.0,0.0
3902754968,12.0,0.0
3902943732,17.0,3.0
3905397477,5.0,0.0
3904399930,5.0,0.0
3904992740,5.0,0.0
3903881487,4.0,0.0
3887882381,6.0,0.0
3906255683,2.0,0.0
3887868799,11.0,0.0
3894996733,2.0,0.0
3903471527,6.0,0.0
3898158901,145.0,40.0
3901954135,4.0,0.0
3891276321,3.0,0.0
3902845044,4.0,0.0
3901139606,20.0,0.0
3889485844,0.0,0.0
3904380998,5.0,0.0
3904387323,16.0,2.0
3886832801,1.0,0.0
3889126796,5.0,0.0
3906236420,5.0,0.0
3884915772,9.0,0.0
3903879087,5.0,0.0
3891250854,4.0,0.0
3904720665,5.0,0.0
3905329299,4.0,0.0
3906249800,2.0,0.0
3904506938,4.0,0.0
3905851424,3.0,0.0
3889424146,4.0,0.0
3895809121,4.0,0.0
3894938321,3.0,0.0
3901997613,6.0,0.0
3901964371,2.0,0.0
3902316836,4.0,0.0
3905669416,4.0,0.0
3903881531,4.0,0.0
3890896255,2.0,0.0
3887700479,4.0,0.0
3902349750,5.0,0.0
3902343477,4.0,0.0
3887835724,7.0,0.0
3904563633,6.0,0.0
3905338327,4.0,0.0
3898161354,35.0,2.0
3904992207,3.0,0.0
3901177193,109.0,31.0
3901392151,8.0,1.0
3885844674,8.0,0.0
3902783333,7.0,0.0
3891082049,2.0,0.0
3903805731,2.0,0.0
3903838955,4.0,0.0
3903474709,5.0,0.0
3889490159,0.0,0.0
3888030787,2.0,0.0
3889739306,6.0,0.0
3898159418,13.0,1.0
3904057429,2.0,0.0
3901635569,78.0,13.0
3901989066,4.0,0.0
3906252382,2.0,0.0
3894905577,3.0,0.0
3905314126,4.0,0.0
3902747249,12.0,0.0
3886881398,9.0,0.0
3903830542,4.0,0.0
3902361636,3.0,0.0
3902925275,20.0,3.0
3891255108,2.0,0.0
3887836979,9.0,0.0
3904575428,4.0,0.0
3886213531,2.0,0.0
3895844926,3.0,0.0
3901939831,2.0,0.0
3899532160,8.0,0.0
3514667133,103.0,29.0
3906255414,4.0,0.0
3906247864,2.0,0.0
3905295449,4.0,0.0
3906079018,3.0,0.0
3903450108,4.0,0.0
3906083123,9.0,1.0
3901171097,4.0,0.0
3905329814,5.0,0.0
3905833561,3.0,0.0
3888035026,3.0,0.0
3888006812,6.0,0.0
3888964506,6.0,0.0
3904975048,13.0,1.0
3903809481,4.0,0.0
3904398777,5.0,0.0
3902360091,1.0,0.0
3901647510,2.0,0.0
3889434548,4.0,0.0
3885836996,13.0,1.0
3901967292,2.0,0.0
3905617945,2.0,0.0
3904363364,5.0,0.0
3904709049,1.0,0.0
3898162623,16.0,0.0
3900070190,14.0,0.0
3885104451,2.0,0.0
3903842155,2.0,0.0
3906225767,3.0,0.0
3902928653,6.0,0.0
3901943601,6.0,1.0
3899517717,6.0,2.0
3904060802,4.0,0.0
3884891473,3.0,0.0
3889434759,4.0,0.0
3889149589,4.0,0.0
3903842534,5.0,0.0
3898160535,4.0,0.0
3901965327,4.0,0.0
3891252548,2.0,0.0
3889437509,4.0,0.0
3891280413,5.0,0.0
3884432683,212.0,27.0
3901937395,4.0,0.0
3901359166,49.0,8.0
3904998436,3.0,0.0
3905608578,2.0,0.0
3904501720,3.0,0.0
3888001295,6.0,0.0
3905345005,3.0,0.0
3900089527,3.0,0.0
3906259433,2.0,0.0
3900944194,4.0,0.0
3901949561,4.0,0.0
3903839262,4.0,0.0
3900067646,203.0,74.0
3885831267,5.0,0.0
3905249469,3.0,0.0
3899519511,1.0,0.0
3899525628,68.0,16.0
3903473529,6.0,0.0
3889113335,4.0,0.0
3894681049,1.0,0.0
3904089081,4.0,0.0
3902786746,4.0,0.0
3887915130,5.0,0.0
3887841149,6.0,0.0
3904936266,10.0,1.0
3905658788,4.0,0.0
3904954875,12.0,2.0
3888419758,4.0,0.0
3901375465,30.0,6.0
3884921130,4.0,0.0
3902831585,7.0,0.0
3904724333,4.0,0.0
3888932866,4.0,0.0
3903872918,5.0,0.0
3890894304,3.0,0.0
3894209784,5.0,0.0
3901161317,5.0,0.0
3889702659,19.0,0.0
3902865223,4.0,0.0
3887713456,818.0,41.0
3905331222,3.0,0.0
3888805484,42.0,6.0
3889418965,3.0,0.0
3891266158,5.0,0.0
3891834629,2.0,0.0
3905802710,2.0,0.0
3903875931,4.0,0.0
3887482162,7.0,0.0
3901982608,2.0,0.0
3900956664,16.0,0.0
3904420134,6.0,0.0
3906257304,4.0,0.0
3905846637,3.0,0.0
3891808462,2.0,0.0
3902362661,2.0,0.0
3902760661,6.0,0.0
3905611334,3.0,0.0
3902758503,22.0,1.0
3900976512,8.0,0.0
3905851715,2.0,0.0
3906239201,3.0,0.0
3902740502,4.0,0.0
3904574964,4.0,0.0
3887889285,9.0,0.0
3901965037,2.0,0.0
3905338085,6.0,0.0
3901991681,15.0,1.0
3889769846,207.0,54.0
3900943120,5.0,0.0
3905338213,5.0,0.0
3899531129,3.0,0.0
3904372046,7.0,0.0
3891071869,2.0,0.0
3903479127,6.0,0.0
3904418373,6.0,0.0
3905250969,3.0,0.0
3898168557,29.0,4.0
3905396315,4.0,0.0
3905813552,2.0,0.0
3904956011,3.0,0.0
3887715616,36.0,6.0
3891810254,3.0,0.0
3906099392,25.0,6.0
3906226978,1.0,0.0
3905397281,3.0,0.0
3887574671,6.0,0.0
3901371789,5.0,0.0
3902742857,4.0,0.0
3901977316,2.0,0.0
3889112783,4.0,0.0
3905675308,2.0,0.0
3905308749,0.0,0.0
3905336663,3.0,0.0
3901941145,6.0,0.0
3886897649,43.0,13.0
3902756218,5.0,0.0
3885830010,6.0,0.0
3904390754,53.0,15.0
3889191478,2.0,0.0
3895815389,8.0,1.0
3884826501,6.0,1.0
3904362829,13.0,0.0
3903431017,5.0,0.0
3899532601,15.0,2.0
3905295712,1.0,0.0
3904994221,3.0,0.0
3904716339,0.0,0.0
3901800038,72.0,9.0
3905843105,2.0,0.0
3902866621,4.0,0.0
3888974834,10.0,0.0
3905244150,2.0,0.0
3905323966,3.0,0.0
3887948213,2.0,0.0
3900984252,8.0,0.0
3899525569,37.0,7.0
3904946412,7.0,0.0
3906223387,2.0,0.0
3901953986,4.0,0.0
3895566723,6.0,0.0
3902760274,4.0,0.0
3901699369,203.0,16.0
3905353136,4.0,0.0
3900076704,4.0,0.0
3895546169,2.0,0.0
3894212407,0.0,0.0
3906077911,4.0,0.0
3901693694,49.0,4.0
3844838697,2.0,0.0
3905203941,3.0,0.0
3900087175,13.0,1.0
3895490955,4.0,0.0
3903831514,3.0,0.0
3889742925,5.0,0.0
3898178337,8.0,0.0
3889110988,4.0,0.0
3891284819,5.0,0.0
3902757114,4.0,0.0
3890889845,2.0,0.0
3902372126,4.0,0.0
3905692453,6.0,0.0
3895208315,0.0,0.0
3905693729,6.0,0.0
3903826785,4.0,0.0
3902931504,7.0,0.0
3902324092,4.0,0.0
3901960301,1.0,0.0
3887472551,6.0,1.0
3905251138,2.0,0.0
3889101425,4.0,0.0
3887882169,7.0,0.0
3905876158,1.0,0.0
3894591622,7.0,0.0
3902938702,6.0,0.0
3903457260,3.0,0.0
3906088681,4.0,0.0
3887836566,7.0,0.0
3901961211,4.0,0.0
3885831580,31.0,1.0
3889415860,4.0,0.0
3906250629,4.0,0.0
3891073885,3.0,0.0
3889735426,5.0,0.0
3887589873,8.0,0.0
3894271252,4.0,0.0
3905301890,3.0,0.0
3902925501,14.0,0.0
3900959492,12.0,0.0
3884831771,7.0,0.0
3905369159,7.0,0.0
3891015183,2.0,0.0
3905846614,2.0,0.0
3902939013,25.0,4.0
3905399239,4.0,0.0
3904962856,9.0,1.0
3885102661,0.0,0.0
3906079019,4.0,0.0
3903872725,3.0,0.0
3905296405,4.0,0.0
3905379461,4.0,0.0
3902865744,2.0,0.0
3891254127,3.0,0.0
3902346883,5.0,0.0
3906226820,2.0,0.0
3884437325,34.0,5.0
3902862930,3.0,1.0
3903475767,5.0,0.0
3902757380,4.0,0.0
3887911678,14.0,1.0
3887945598,4.0,0.0
3906222679,2.0,0.0
3904374851,14.0,3.0
3905390693,4.0,0.0
3902877523,2.0,0.0
3906099383,7.0,0.0
3899518867,66.0,18.0
3902845301,2.0,0.0
3904416726,8.0,0.0
3888995070,8.0,0.0
3905283719,4.0,0.0
3901623088,9.0,1.0
3906221602,3.0,0.0
3895560712,10.0,0.0
3894227460,3.0,0.0
3905864245,2.0,0.0
3904388720,5.0,0.0
3884807780,2.0,0.0
3900944313,2.0,0.0
3884857363,6.0,0.0
3894288370,5.0,0.0
3905811952,2.0,0.0
3894543942,3.0,0.0
3889415659,6.0,0.0
3894612799,8.0,0.0
3899931505,13.0,1.0
3901676944,66.0,7.0
3885109761,2.0,0.0
3904395506,20.0,0.0
3894562492,4.0,0.0
3900952520,6.0,1.0
3906220992,4.0,0.0
3904722890,4.0,0.0
3894558518,4.0,0.0
3904911266,22.0,5.0
3901957418,5.0,0.0
3887993978,5.0,0.0
3904423313,6.0,1.0
3885824571,6.0,0.0
3904386696,6.0,0.0
3898161370,362.0,48.0
3905835458,3.0,0.0
3900947166,73.0,4.0
3904368290,59.0,4.0
3885828631,4.0,0.0
3887886766,5.0,0.0
3904928566,4.0,1.0
3894286708,1.0,0.0
3894219997,3.0,0.0
3905210114,7.0,1.0
3895517141,4.0,0.0
3904998602,4.0,0.0
3884897887,4.0,0.0
3900063969,2.0,0.0
3884914113,2.0,0.0
3887882151,7.0,0.0
3903842173,6.0,0.0
3887909770,43.0,5.0
3905271775,0.0,0.0
3905885162,4.0,0.0
3905695401,9.0,0.0
3889417418,7.0,0.0
3903837646,4.0,0.0
3902751590,9.0,0.0
3895207340,2.0,0.0
3905287022,3.0,0.0
3904419263,4.0,0.0
3895215556,3.0,0.0
3901960651,6.0,1.0
3894939779,2.0,0.0
3888956508,4.0,0.0
3890899730,0.0,0.0
3905311265,3.0,0.0
3900961391,5.0,0.0
3889121324,5.0,0.0
3895802758,4.0,0.0
3905335482,4.0,0.0
3902734984,8.0,0.0
3904704740,5.0,0.0
3894944422,3.0,0.0
3906073684,3.0,0.0
3901178330,192.0,45.0
3887593923,5.0,0.0
3905288841,2.0,0.0
3886894536,50.0,18.0
3904951118,6.0,0.0
3902760633,4.0,0.0
3894960077,3.0,0.0
3904515002,4.0,0.0
3901955923,4.0,0.0
3894878960,4.0,0.0
3885815226,4.0,0.0
3902807391,4.0,0.0
3904399635,17.0,4.0
3902845191,1.0,0.0
3899526014,7.0,0.0
3905347585,4.0,0.0
3906233265,3.0,0.0
3887717792,25.0,0.0
3902755170,11.0,0.0
3905327504,5.0,0.0
3900975619,11.0,0.0
3905378377,4.0,0.0
3886885739,22.0,5.0
3903456852,11.0,2.0
3904419292,4.0,0.0
3901943046,3.0,0.0
3904707077,3.0,0.0
2457183642,2.0,0.0
3904393377,7.0,0.0
3905324520,2.0,0.0
3894295313,3.0,0.0
3904390653,6.0,0.0
3906251582,2.0,0.0
3901983124,4.0,0.0
3901979882,3.0,0.0
3906259167,4.0,0.0
3895265918,4.0,0.0
3901980050,2.0,0.0
3886441952,4.0,0.0
3900096445,43.0,7.0
3851131508,3.0,0.0
3903824818,2.0,0.0
3905687972,0.0,0.0
3905379104,4.0,0.0
3904565981,4.0,0.0
3885103436,2.0,0.0
3884440332,11.0,0.0
3900082233,17.0,0.0
3902864379,3.0,0.0
3904369338,4.0,0.0
3904426695,17.0,1.0
3903837981,5.0,0.0
3888031713,2.0,0.0
3901953547,12.0,3.0
3889756753,179.0,46.0
3895537889,4.0,0.0
3902758178,5.0,0.0
3905341055,4.0,0.0
3904052983,2.0,0.0
3898174244,8.0,1.0
3898164270,11.0,0.0
3901995500,3.0,0.0
3904950319,7.0,0.0
3895594967,4.0,0.0
3889716108,29.0,5.0
3905296103,3.0,0.0
3903821515,5.0,0.0
3891271646,5.0,0.0
3899538823,6.0,0.0
3905833435,2.0,0.0
3901357129,10.0,0.0
3905302126,3.0,0.0
3901377534,3.0,0.0
3899536215,3.0,0.0
3885112328,3.0,0.0
3904928125,4.0,0.0
3895547788,8.0,0.0
3901388756,9.0,0.0
3903495850,4.0,0.0
3901965351,4.0,0.0
3901346702,6.0,2.0
3899538921,192.0,54.0
3901942173,2.0,0.0
3903450112,23.0,6.0
3901956571,4.0,0.0
3906250650,3.0,0.0
3901654321,24.0,0.0
3901950078,3.0,0.0
3837482218,2.0,0.0
3904374068,6.0,0.0
3894894829,4.0,0.0
3904095141,3.0,0.0
3889737448,6.0,0.0
3903471614,3.0,0.0
3900958903,7.0,0.0
3894400361,5.0,0.0
3905251020,4.0,0.0
3894211550,3.0,0.0
3887579112,4.0,0.0
3889257053,2.0,0.0
3904953558,10.0,1.0
3887929211,5.0,0.0
3904706000,2.0,0.0
3903876266,6.0,0.0
3885826289,6.0,0.0
3904369126,4.0,0.0
3887854779,4.0,0.0
3902808410,5.0,0.0
3902751717,21.0,0.0
3901394473,5.0,1.0
3904390405,3.0,0.0
3902879369,2.0,0.0
3902869222,4.0,0.0
3902833764,14.0,4.0
3905837532,2.0,0.0
3888932996,5.0,0.0
3895564509,4.0,0.0
3905341374,3.0,0.0
3901950293,1.0,0.0
3902803963,4.0,0.0
3898168834,11.0,1.0
3894561711,4.0,0.0
3887496220,9.0,1.0
3894927720,3.0,0.0
3891045250,4.0,0.0
3899542044,4.0,0.0
3904932106,6.0,0.0
3894872380,14.0,1.0
3902938677,7.0,1.0
3899540313,249.0,47.0
3904725178,3.0,0.0
3903846756,4.0,0.0
3894281440,2.0,0.0
3900937869,27.0,1.0
3888023857,2.0,0.0
3887858543,6.0,0.0
3887700477,7.0,0.0
3885106156,2.0,0.0
3895219135,5.0,0.0
3900079378,18.0,4.0
3901937364,4.0,0.0
3905340538,2.0,0.0
3895214581,2.0,0.0
3901368747,4.0,0.0
3901647224,11.0,0.0
3886463208,5.0,0.0
3904422451,4.0,0.0
3894605650,20.0,0.0
3887596324,6.0,0.0
3905689665,0.0,0.0
3904390476,5.0,0.0
3901987409,5.0,0.0
3904505627,3.0,0.0
3884912967,4.0,0.0
3901950033,2.0,0.0
3901340864,7.0,1.0
3900981825,8.0,3.0
3904511134,3.0,0.0
3894906124,5.0,0.0
3900073173,3.0,0.0
3803659249,4.0,0.0
3904985549,22.0,1.0
3889146785,6.0,0.0
3905202045,5.0,0.0
3906227104,3.0,0.0
3904963209,9.0,0.0
3902936258,23.0,0.0
3901173908,9.0,1.0
3902826405,9.0,0.0
3902862499,3.0,0.0
3905306637,3.0,0.0
3905289189,6.0,0.0
3902863936,4.0,0.0
3904960848,6.0,1.0
3901952932,3.0,0.0
3903478320,37.0,12.0
3905348456,4.0,0.0
3902743229,4.0,0.0
3888027971,2.0,0.0
3905399173,4.0,0.0
3904084737,5.0,0.0
3903457225,9.0,0.0
3906258619,2.0,0.0
3887491742,4.0,0.0
3887711206,12.0,0.0
3903877539,20.0,2.0
3904425904,9.0,0.0
3905209055,36.0,15.0
3901944146,4.0,0.0
3906253822,5.0,0.0
3885839866,7.0,0.0
3895561973,2.0,0.0
3899533604,14.0,1.0
3905326736,4.0,0.0
3901358586,5.0,0.0
3905277964,4.0,0.0
3905335507,4.0,0.0
3884930490,6.0,0.0
3904390080,4807.0,215.0
3895596590,5.0,0.0
3905859489,2.0,0.0
3905874940,3.0,0.0
3884441501,13.0,1.0
3901683857,29.0,1.0
3905398469,3.0,0.0
3898159871,2.0,0.0
3905299983,5.0,0.0
3887708073,8.0,0.0
3895491707,2.0,0.0
3903473885,4.0,0.0
3885813273,8.0,0.0
3884431568,3.0,0.0
3900959836,5.0,0.0
3886835916,3.0,0.0
3887571671,7.0,2.0
3904729114,4.0,0.0
3904953971,108.0,11.0
3886883707,56.0,15.0
3887499080,6.0,1.0
3865441576,2.0,0.0
3885824700,4.0,0.0
3903428389,7.0,0.0
3894541775,3.0,0.0
3903851116,5.0,0.0
3905887015,3.0,0.0
3891259585,3.0,0.0
3885808330,7.0,0.0
3906255263,3.0,0.0
3903811287,4.0,0.0
3904415181,14.0,1.0
3905293044,4.0,0.0
3905352201,4.0,0.0
3887891186,15.0,1.0
3905345999,3.0,0.0
3895209379,1.0,0.0
3901351142,5.0,0.0
3905336637,4.0,0.0
3904365421,16.0,1.0
3904066221,4.0,0.0
3898166674,9.0,0.0
3894297817,1.0,0.0
3885115023,17.0,6.0
3902311873,4.0,0.0
3891013611,5.0,0.0
3902304198,4.0,0.0
3891033112,2.0,0.0
3906088924,228.0,52.0
3885809843,6.0,0.0
3905205568,8.0,0.0
3887473147,4.0,0.0
3884806427,2.0,0.0
3902749444,10.0,1.0
3887711690,4.0,0.0
3887909622,9.0,0.0
3902830712,4.0,0.0
3895518064,2.0,0.0
3904359979,4.0,0.0
3889101763,6.0,0.0
3902786588,3.0,0.0
3906256189,3.0,0.0
3904725279,4.0,0.0
3900947002,10.0,2.0
3904717419,4.0,0.0
3899522601,14.0,0.0
3888954719,4.0,0.0
3885116067,3.0,0.0
3905696304,5.0,0.0
3902351387,9.0,1.0
3890891860,2.0,0.0
3884431165,15.0,1.0
3889239795,5.0,0.0
3889120661,4.0,0.0
3905848930,3.0,0.0
3904994215,37.0,6.0
3884833058,4.0,0.0
3905367788,4.0,0.0
3894288299,4.0,0.0
3902864873,4.0,0.0
3903887450,4.0,0.0
3891013959,2.0,0.0
3905836675,3.0,0.0
3905310155,5.0,0.0
3902953073,5.0,0.0
3904365333,4.0,0.0
3905243013,152.0,51.0
3894604087,4.0,0.0
3905366356,4.0,0.0
3888026502,2.0,0.0
3901388702,15.0,1.0
3902859819,1.0,0.0
3884438789,12.0,0.0
3894517855,4.0,0.0
3901635985,14.0,0.0
3901622146,92.0,17.0
3898174208,17.0,0.0
3901985460,3.0,0.0
3903456851,7.0,0.0
3903806630,2.0,0.0
3901620096,15.0,0.0
3895848280,1.0,0.0
3905213749,20.0,2.0
3904385745,5.0,0.0
3888971405,4.0,0.0
3905312758,6.0,0.0
3902753966,5.0,0.0
3901668526,3.0,0.0
3904072473,1.0,0.0
3906221613,4.0,0.0
3904989851,4.0,0.0
3884856059,5.0,0.0
3901978992,4.0,0.0
3900949741,4.0,0.0
3902759344,15.0,1.0
3905249687,2.0,0.0
3901184071,5.0,0.0
3902754583,4.0,0.0
3905252157,3.0,0.0
3905839015,4.0,0.0
3903452724,39.0,13.0
3894555573,4.0,0.0
3903888880,4.0,0.0
3905862980,2.0,0.0
3905332220,4.0,0.0
3905664930,4.0,0.0
3889122600,5.0,0.0
3905313229,3.0,0.0
3884432529,6.0,0.0
3904942237,82.0,0.0
3901940822,4.0,0.0
3903479041,8.0,0.0
3901365293,4.0,0.0
3888406250,20.0,1.0
3901374652,11.0,2.0
3900988044,5.0,0.0
3903450836,27.0,5.0
3901694226,26.0,4.0
3798658570,2.0,0.0
3903816633,4.0,0.0
3884991624,39.0,4.0
3888487650,14.0,2.0
3902812744,1.0,0.0
3886882794,35.0,2.0
3903882000,5.0,0.0
3884894455,4.0,0.0
3905333384,4.0,0.0
3900072176,10.0,1.0
3904073120,4.0,0.0
3899521739,1.0,0.0
3904409814,6.0,0.0
3904995076,5.0,0.0
3904057486,2.0,0.0
3894565355,3.0,0.0
3902745425,7.0,0.0
3884839963,4.0,0.0
3900988130,69.0,14.0
3900097176,6.0,0.0
3905249528,2.0,0.0
3902862759,4.0,0.0
3894872129,5.0,0.0
3903814369,4.0,0.0
3884822256,8.0,1.0
3904388741,10.0,0.0
3905873964,2.0,0.0
3889487882,0.0,0.0
3901364905,6.0,0.0
3885831420,5.0,0.0
3902805325,3.0,0.0
3905298446,4.0,0.0
3904988195,15.0,0.0
3902804991,13.0,1.0
3888404098,5.0,0.0
3888027257,2.0,0.0
3904390596,5.0,0.0
3902355080,1.0,0.0
3905207523,4.0,0.0
3895593551,5.0,0.0
3884440104,5.0,0.0
3887494605,11.0,0.0
3901936688,6.0,0.0
3885108052,2.0,0.0
3901351092,0.0,0.0
3901342730,44.0,8.0
3891279056,2.0,0.0
3884808459,4.0,0.0
3901941445,4.0,0.0
3906227955,3.0,0.0
3895543417,2.0,0.0
3904399911,5.0,0.0
3904962405,15.0,1.0
3900982869,4.0,0.0
3903825899,4.0,0.0
3905295229,3.0,0.0
3904430424,4.0,0.0
3905295708,3.0,0.0
3894946065,4.0,0.0
3887934138,3.0,0.0
3901678279,8.0,0.0
3898176213,19.0,0.0
3895273666,4.0,0.0
3901942022,2.0,0.0
3901966218,5.0,0.0
3889157118,2.0,0.0
3904941478,43.0,5.0
3904729247,4.0,0.0
3902730932,6.0,1.0
3905393296,4.0,0.0
3889718382,7.0,0.0
3895489677,2.0,0.0
3901340915,6.0,0.0
3902914840,436.0,204.0
3891076871,5.0,0.0
3903474867,4.0,0.0
3888963522,12.0,0.0
3906232268,2.0,0.0
3894287123,2.0,0.0
3889283245,5.0,0.0
3891090727,3.0,0.0
3905667587,4.0,0.0
3902353264,4.0,0.0
3904366169,159.0,51.0
3906222569,2.0,0.0
3901936746,2.0,0.0
3888024774,2.0,0.0
3901648102,7.0,0.0
3901368982,5.0,0.0
3898169824,7.0,0.0
3888028787,3.0,0.0
3904088434,3.0,0.0
3905869116,3.0,0.0
3905353020,2.0,0.0
3905370561,4.0,0.0
3889745580,6.0,0.0
3904395194,24.0,4.0
3905328650,5.0,0.0
3891820207,1.0,0.0
3904361422,22.0,1.0
3902789217,23.0,1.0
3901633629,18.0,0.0
3900090753,46.0,5.0
3901687906,60.0,15.0
3905829299,2.0,0.0
3903460339,7.0,0.0
3905392551,4.0,0.0
3904578561,6.0,0.0
3885102428,2.0,0.0
3904057287,2.0,0.0
3906224969,3.0,0.0
3889413798,3.0,0.0
3894291324,6.0,1.0
3901391461,4.0,0.0
3904412117,8.0,0.0
3884930335,5.0,0.0
3884917464,4.0,0.0
3901350300,7.0,0.0
3884836254,8.0,0.0
3901352256,5.0,0.0
3900081557,5.0,0.0
3888028840,2.0,0.0
3903466290,7.0,0.0
3905289790,4.0,0.0
3895540576,4.0,0.0
3902356107,6.0,1.0
3900098056,9.0,1.0
3898176450,4.0,0.0
3905369148,4.0,0.0
3905200567,4.0,0.0
3901979268,2.0,0.0
3904928129,6.0,0.0
3904962261,471.0,182.0
3906233252,4.0,0.0
3184403524,5.0,0.0
3904058977,3.0,0.0
3887870499,6.0,0.0
3905364769,5.0,0.0
3904924155,5.0,0.0
3905845140,3.0,0.0
3903449592,28.0,5.0
3904093974,5.0,0.0
3899526088,1.0,0.0
3905699072,4.0,0.0
3895528120,4.0,0.0
3887840164,3.0,0.0
3905336075,4.0,0.0
3900079657,12.0,3.0
3906221998,4.0,0.0
3901941110,2.0,0.0
3903807467,5.0,0.0
3887717638,37.0,7.0
3905326762,4.0,0.0
3904384985,75.0,15.0
3904929121,8.0,0.0
3884923486,2.0,0.0
3887868736,10.0,0.0
3904949340,18.0,3.0
3905624882,2.0,0.0
3885852004,5.0,0.0
3903432401,2.0,0.0
3900940678,4.0,0.0
3891292480,5.0,0.0
3905247885,0.0,0.0
3905358652,2.0,0.0
3901372758,22.0,10.0
3894918029,2.0,0.0
3894557230,4.0,0.0
3905287251,6.0,0.0
3901349298,6.0,0.0
3903845174,2.0,0.0
3886453543,4.0,0.0
3902829551,14.0,0.0
3902782960,6.0,0.0
3889112428,4.0,0.0
3902819061,24.0,4.0
3903838889,5.0,0.0
3895520829,5.0,0.0
3884807795,4.0,0.0
3901942018,5.0,0.0
3900084011,11.0,0.0
3901387941,45.0,6.0
3891273734,6.0,0.0
3887872044,6.0,0.0
3905332900,4.0,0.0
3901939092,3.0,0.0
3904993697,3.0,0.0
3901647687,4.0,0.0
3901349901,5.0,0.0
3889414997,6.0,0.0
3901941918,3.0,0.0
3901697864,96.0,10.0
3884446615,22.0,2.0
3905827277,0.0,0.0
3904420743,12.0,1.0
3886214472,3.0,0.0
3889441096,3.0,0.0
3902799201,4.0,0.0
3901988515,11.0,0.0
3901943311,3.0,0.0
3899531195,7.0,0.0
3904585599,4.0,0.0
3904722917,4.0,0.0
3901627740,45.0,1.0
3894872469,7.0,0.0
3905328370,2.0,0.0
3903445874,53.0,4.0
3906261848,0.0,0.0
3887888322,7.0,0.0
3891075526,4.0,0.0
3906080450,2.0,0.0
3888937324,4.0,0.0
3884855541,8.0,1.0
3901640390,11.0,2.0
3887930267,4.0,0.0
3903475369,4.0,0.0
3887916591,4.0,0.0
3905285607,5.0,0.0
3904729100,3.0,0.0
3894567135,6.0,0.0
3904061915,4.0,0.0
3904099498,1.0,0.0
3895218549,2.0,0.0
3905296990,5.0,1.0
3903474905,7.0,0.0
3904706305,5.0,0.0
3902787425,8.0,0.0
3905209569,6.0,0.0
3899534955,16.0,1.0
3902867434,0.0,0.0
3884434858,145.0,25.0
3899530882,5.0,0.0
3905303234,2.0,0.0
3905864712,6.0,0.0
3906227433,0.0,0.0
3889295570,3.0,0.0
3902788492,13.0,2.0
3906093959,3.0,1.0
3891020500,4.0,0.0
3902864879,4.0,0.0
3902918674,39.0,14.0
3901391448,3.0,0.0
3900079420,14.0,5.0
3902830582,4.0,0.0
3901955560,7.0,1.0
3904386849,145.0,31.0
3902750857,4.0,0.0
3888023955,2.0,0.0
3906231524,4.0,0.0
3891252447,1.0,0.0
3901959154,4.0,0.0
3901672375,6.0,0.0
3887985844,2.0,0.0
3901938193,11.0,0.0
3887863127,5.0,0.0
3900960291,17.0,2.0
3904928864,5.0,0.0
3905375244,12.0,0.0
3904370412,5.0,0.0
3895516497,4.0,0.0
3886895281,8.0,0.0
3905368195,4.0,0.0
3906258667,3.0,0.0
3899519788,1.0,0.0
3904935852,4.0,0.0
3903836720,1.0,0.0
3901978764,0.0,0.0
3901692714,64.0,21.0
3904567613,62.0,4.0
3904720955,3.0,0.0
3895569518,4.0,0.0
3900987067,4.0,0.0
3905671220,3.0,0.0
3901672743,16.0,1.0
3904386754,5.0,0.0
3906200102,23.0,0.0
3900077267,32.0,1.0
3888032591,2.0,0.0
3886824598,8.0,0.0
3902762053,7.0,0.0
3895490371,2.0,0.0
3884808089,7.0,0.0
3901607912,202.0,75.0
3904993694,52.0,14.0
3884498718,3.0,0.0
3889412913,4.0,0.0
3901956899,4.0,0.0
3904966730,4.0,0.0
3903808138,0.0,0.0
3901640114,3.0,0.0
3898169794,125.0,12.0
3904396022,5.0,0.0
3902300081,2.0,0.0
3905345770,3.0,0.0
3906224521,4.0,0.0
3887714578,13.0,0.0
3903480129,7.0,0.0
3904396156,4.0,0.0
3905647709,4.0,0.0
3905234168,5.0,1.0
3905849101,5.0,0.0
3894900783,6.0,0.0
3905365421,4.0,0.0
3894567144,4.0,0.0
3905283691,2.0,0.0
3904418774,4.0,0.0
3901373561,7.0,0.0
3904393384,5.0,0.0
3888029847,4.0,0.0
3895806470,4.0,0.0
3902826291,8.0,0.0
3895559162,4.0,0.0
3902753396,5.0,0.0
3906221937,1.0,0.0
3903432109,3.0,0.0
3902757076,30.0,3.0
3902322750,4.0,0.0
3889753211,28.0,4.0
3905335722,4.0,0.0
3903462753,16.0,4.0
3885106329,4.0,0.0
3902359019,7.0,0.0
3889241209,2.0,0.0
3901390183,17.0,3.0
3905374560,4.0,0.0
3905816414,5.0,0.0
3901157647,6.0,0.0
3905304930,3.0,0.0
3887709224,5.0,0.0
3903843302,4.0,0.0
3906098409,5.0,0.0
3906068135,4.0,0.0
3901982514,3.0,0.0
3889122468,5.0,1.0
3886452577,10.0,0.0
3891075352,2.0,0.0
3886841483,4.0,0.0
3891074534,2.0,0.0
3895863897,1.0,0.0
3898161230,38.0,0.0
3889750404,7.0,0.0
3904729573,1.0,0.0
3894991495,3.0,0.0
3905302263,8.0,0.0
3899524416,8.0,0.0
3894562386,3.0,0.0
3906257415,5.0,0.0
3904426048,56.0,9.0
3891017639,2.0,0.0
3906261076,2.0,0.0
3904963795,35.0,9.0
3901391513,13.0,4.0
3904425900,10.0,0.0
3901944490,2.0,0.0
3901390163,12.0,0.0
3902833506,36.0,3.0
3891290026,2.0,0.0
3900986140,6.0,1.0
3904983924,36.0,4.0
3895804419,10.0,0.0
3906097267,10.0,0.0
3905375306,4.0,0.0
3902841736,3.0,0.0
3905302212,5.0,0.0
3904710437,4.0,0.0
3902744489,4.0,0.0
3906075280,2.0,0.0
3895274655,5.0,0.0
3902869114,4.0,0.0
3903841745,3.0,0.0
3904725286,2.0,0.0
3906228410,4.0,0.0
3905394344,4.0,0.0
3895269288,4.0,0.0
3905334505,2.0,0.0
3884865472,5.0,0.0
3901944324,4.0,0.0
3904407995,9.0,0.0
3902832747,8.0,0.0
3905345962,3.0,0.0
3903456303,20.0,0.0
3887719210,19.0,4.0
3887984775,3.0,0.0
3904358794,17.0,1.0
3894899446,2.0,0.0
3902756584,9.0,3.0
3891077214,0.0,0.0
3905300347,5.0,0.0
3905882588,3.0,0.0
3895222483,2.0,0.0
3901675592,13.0,1.0
3901367663,12.0,1.0
3904391489,7.0,0.0
3902740968,6.0,0.0
3887891159,6.0,0.0
3898170614,238.0,89.0
3880169314,14.0,1.0
3904974390,4.0,0.0
3888970443,6.0,0.0
3895489623,5.0,1.0
3904080110,8.0,0.0
3895553904,4.0,0.0
3894237291,7.0,0.0
3898159960,4.0,0.0
3901988109,4.0,0.0
3902879440,3.0,0.0
3894552058,4.0,0.0
3902351289,1.0,0.0
3894203915,5.0,0.0
3902754651,17.0,1.0
3902911326,9.0,0.0
3902358002,3.0,0.0
3904572433,4.0,0.0
3905305961,3.0,0.0
3902829910,9.0,0.0
3903870863,4.0,0.0
3902866668,5.0,0.0
3894892548,2.0,0.0
3901356482,5.0,0.0
3902942810,6.0,0.0
3898155947,3.0,0.0
3902746995,4.0,0.0
3905282674,4.0,0.0
3884919104,8.0,0.0
3895530892,9.0,0.0
3902757775,40.0,11.0
3901606769,13.0,0.0
3902744940,3.0,0.0
3906237232,3.0,0.0
3906094735,21.0,5.0
3904430647,89.0,45.0
3903480423,47.0,9.0
3899528561,16.0,0.0
3906251832,5.0,0.0
3901693878,52.0,10.0
3891256398,0.0,0.0
3904702972,4.0,0.0
3904414295,4.0,0.0
3904428318,22.0,2.0
3905334191,4.0,0.0
3901374417,5.0,0.0
3888027831,0.0,0.0
3885834735,5.0,0.0
3891000309,2.0,0.0
3905300472,5.0,0.0
3904962292,11.0,0.0
3887836698,7.0,0.0
3887710592,46.0,7.0
3904382748,6.0,0.0
3905295651,5.0,0.0
3903444724,17.0,6.0
3895209082,0.0,0.0
3905306408,2.0,0.0
3905209620,17.0,2.0
3887581836,4.0,0.0
3891256343,2.0,0.0
3887985665,4.0,0.0
3902354233,1.0,0.0
3900960348,6.0,0.0
3895847520,3.0,0.0
3891075232,3.0,0.0
3904506023,1.0,0.0
3894947250,0.0,0.0
3905293893,5.0,1.0
3901961538,4.0,0.0
3902785462,7.0,0.0
3905889399,2.0,0.0
3902759300,5.0,0.0
3902948190,10.0,0.0
3901161331,5.0,0.0
3902344442,3.0,0.0
3891274490,4.0,0.0
3901992222,4.0,0.0
3904990710,6.0,0.0
3884438813,7.0,0.0
3889100769,5.0,0.0
3905844526,5.0,0.0
3884444231,20.0,1.0
3902809037,3.0,0.0
3905857177,2.0,0.0
3889744478,6.0,0.0
3899533185,3.0,0.0
3895273656,6.0,0.0
3886463704,5.0,0.0
3905608535,3.0,0.0
3904414530,20.0,0.0
3884827908,5.0,0.0
3905829008,0.0,0.0
3895547276,4.0,0.0
3903471847,4.0,0.0
3902928902,6.0,0.0
3905331403,3.0,0.0
3904369602,6.0,0.0
3885842914,23.0,0.0
3906231784,2.0,0.0
3905341445,2.0,0.0
3903444225,46.0,5.0
3905289433,4.0,0.0
3888943536,5.0,0.0
3886897166,13.0,4.0
3901983128,4.0,0.0
3902937152,6.0,0.0
3904368738,530.0,6.0
3902744980,25.0,3.0
3901378319,15.0,2.0
3887499124,11.0,0.0
3898166107,28.0,2.0
3884849127,5.0,0.0
3905346542,4.0,0.0
3904418047,4.0,0.0
3905309353,3.0,0.0
3895236069,5.0,0.0
3895802755,2.0,0.0
3904411350,13.0,3.0
3902946105,3.0,0.0
3884434112,27.0,8.0
3887864881,7.0,0.0
3888938974,4.0,0.0
3901365429,4.0,0.0
3895518190,2.0,0.0
3888827018,6.0,0.0
3885808489,6.0,0.0
3902735990,4.0,0.0
3906224654,1.0,0.0
3904701729,2.0,0.0
3902941937,10.0,0.0
3885857105,8.0,2.0
3904415945,5.0,0.0
3906254764,4.0,0.0
3902754460,14.0,1.0
3901936774,5.0,0.0
3898139221,5.0,0.0
3902750041,5.0,0.0
3905871448,1.0,0.0
3884913664,5.0,0.0
3901939188,0.0,0.0
3887855247,944.0,53.0
3902751645,6.0,0.0
3889440224,4.0,0.0
3887907792,46.0,6.0
3898178303,128.0,31.0
3905291931,4.0,0.0
3901356023,56.0,7.0
3906252016,3.0,0.0
3901347350,19.0,1.0
3905864152,3.0,0.0
3894966641,1.0,0.0
3904727667,4.0,0.0
3905871365,2.0,0.0
921716,20.0,2.0
3903845902,3.0,0.0
3895535906,5.0,0.0
3906223764,3.0,0.0
3887574848,5.0,0.0
3902841694,2.0,0.0
3905371084,4.0,0.0
3894562476,3.0,0.0
3887908822,5.0,0.0
3900945805,7.0,0.0
3904712217,3.0,0.0
3901955830,2.0,0.0
3898175313,67.0,12.0
3902803337,2.0,0.0
3900963305,74.0,28.0
3886881503,4.0,0.0
3894566423,5.0,1.0
3889101477,7.0,0.0
3903810134,2.0,0.0
3875765946,3.0,0.0
3901458309,5.0,0.0
3901376472,112.0,16.0
3901348637,46.0,0.0
3904394261,186.0,21.0
3887103514,39.0,1.0
3905379090,4.0,0.0
3895562323,5.0,0.0
3885828625,4.0,0.0
3900957956,19.0,2.0
3902946113,7.0,0.0
3901979719,2.0,0.0
3902922295,4.0,0.0
3902865442,2.0,0.0
3903841096,4.0,0.0
3891076151,2.0,0.0
3901959681,4.0,0.0
3904406788,3.0,0.0
3905310131,4.0,0.0
3904407411,5.0,0.0
3905800870,2.0,0.0
3904416659,8.0,0.0
3903838920,4.0,0.0
3904378343,6.0,0.0
3900073735,5.0,0.0
3894874596,6.0,0.0
3906063669,4.0,0.0
3902864223,3.0,0.0
3900959919,21.0,2.0
3904418987,4.0,0.0
3902760233,4.0,0.0
3901948125,4.0,0.0
3901601026,3.0,0.0
3891253183,2.0,0.0
3884807486,5.0,0.0
3901374079,13.0,1.0
3902949447,10.0,1.0
3905276674,3.0,0.0
3894590099,6.0,0.0
3901364349,15.0,1.0
3905202977,6.0,0.0
3904387911,6.0,0.0
3906095758,2.0,0.0
3901346604,6.0,0.0
3904996383,4.0,0.0
3901351952,28.0,1.0
3902881316,4.0,0.0
3899523423,10.0,0.0
3901978375,2.0,0.0
3887100224,30.0,2.0
3902314151,2.0,0.0
3904955161,5.0,0.0
3903469440,3.0,1.0
3906258204,4.0,0.0
3895206412,9.0,0.0
3895805310,9.0,2.0
3901957435,8.0,0.0
3902329002,4.0,0.0
3902362906,1.0,0.0
3900964432,5.0,1.0
3904999249,19.0,2.0
3901962500,5.0,0.0
3901349600,78.0,6.0
3906076141,42.0,8.0
3902792155,4.0,0.0
3905813935,4.0,0.0
3902789363,73.0,16.0
3895514852,4.0,0.0
3905843343,1.0,0.0
3904419274,4.0,0.0
3904953371,16.0,7.0
3904752292,3.0,0.0
3904386750,7.0,0.0
3905885240,3.0,0.0
3905682900,2.0,0.0
3887716398,19.0,3.0
3904507847,3.0,0.0
3906221885,2.0,0.0
3906098112,12.0,1.0
3894946919,3.0,0.0
3901374583,2.0,0.0
3885822168,5.0,0.0
3905349422,4.0,0.0
3894920995,4.0,0.0
3891260807,4.0,0.0
3905339255,3.0,0.0
3901945474,3.0,0.0
3901630925,9.0,1.0
3887495897,11.0,1.0
3889772080,37.0,1.0
3906231036,3.0,0.0
3902353559,3.0,0.0
3902940976,5.0,0.0
3884912327,3.0,0.0
3886825768,1.0,0.0
3903836668,3.0,0.0
3906226477,4.0,0.0
3898161736,10.0,0.0
3902366315,9.0,1.0
3888998970,8.0,1.0
3904719590,4.0,0.0
3889417724,2.0,0.0
3903830326,3.0,0.0
3905868661,2.0,0.0
3902361552,4.0,0.0
3906246207,2.0,0.0
3900984162,13.0,4.0
3891275761,3.0,0.0
3905327860,2.0,0.0
3888962717,5.0,0.0
3887496084,67.0,5.0
3902758139,20.0,1.0
3884920368,12.0,1.0
3904374115,4.0,0.0
3905346963,4.0,0.0
3886450509,5.0,0.0
3885100882,2.0,0.0
3891264109,4.0,0.0
3901943436,1.0,0.0
3901345535,2.0,0.0
3885832003,5.0,0.0
3902914638,5.0,0.0
3902351966,28.0,12.0
3884498694,10.0,0.0
3905289364,3.0,0.0
3901936413,3.0,0.0
3901940281,1.0,0.0
3885809291,4.0,0.0
3904054604,3.0,0.0
3901941858,4.0,0.0
3903830269,3.0,0.0
3895271765,4.0,0.0
3895209148,2.0,0.0
3901942881,1.0,0.0
3903483149,15.0,1.0
3902356201,4.0,0.0
3887985766,5.0,0.0
3901960317,3.0,0.0
3904949934,3.0,0.0
3902926801,7.0,0.0
3887493767,5.0,0.0
3902343171,2.0,0.0
3885862588,5.0,0.0
3901946055,4.0,0.0
3901379572,4.0,0.0
3894205348,4.0,0.0
3887840140,3.0,0.0
3895598366,5.0,0.0
3905394202,3.0,0.0
3902765160,7.0,0.0
3894205058,5.0,0.0
3899540583,34.0,4.0
3901942481,3.0,0.0
3904429502,19.0,2.0
3906079420,10.0,0.0
3886825581,4.0,0.0
3903847548,4.0,0.0
3904074436,3.0,0.0
3895210864,3.0,1.0
3903875867,6.0,0.0
3884908921,5.0,0.0
3905377046,3.0,0.0
3901941451,8.0,2.0
3901940568,5.0,0.0
3886453772,6.0,0.0
3891805744,2.0,0.0
3889477790,2.0,0.0
3904385971,16.0,0.0
3888031773,2.0,0.0
3905300946,4.0,0.0
3888937910,10.0,0.0
3891251151,4.0,0.0
3906228421,3.0,0.0
3905331309,4.0,0.0
3905283332,4.0,0.0
3905286624,2.0,0.0
3891281106,3.0,0.0
3905355022,3.0,0.0
3901976979,3.0,0.0
3901627475,36.0,7.0
3898172581,9.0,0.0
3900074179,5.0,0.0
3889245602,2.0,0.0
3894977245,2.0,0.0
3905668124,4.0,0.0
3904372016,26.0,2.0
3906093747,11.0,1.0
3884888553,2.0,0.0
3895564211,2.0,0.0
3900978234,1.0,0.0
3904396293,68.0,12.0
3894208260,4.0,0.0
3901349302,5.0,0.0
3887486130,4.0,0.0
3902729855,5.0,0.0
3901645087,9.0,0.0
3904961805,3.0,0.0
3884818347,2.0,0.0
3894299426,4.0,0.0
3894607592,7.0,0.0
3888957465,4.0,0.0
3905301150,5.0,0.0
3904951404,5.0,0.0
3901673159,18.0,2.0
3901389688,11.0,2.0
3887871226,12.0,1.0
3900940798,36.0,14.0
3891282484,5.0,0.0
3904709905,5.0,0.0
3901954912,4.0,0.0
3904928083,8.0,0.0
3905819459,2.0,0.0
3901635865,7.0,0.0
3895801827,9.0,0.0
3900973960,27.0,1.0
3894280286,2.0,0.0
3901997816,3.0,0.0
3905397119,4.0,0.0
3813645405,4.0,0.0
3900068586,11.0,1.0
3898166823,2.0,0.0
3888967242,6.0,0.0
3901689892,3.0,0.0
3891252537,2.0,0.0
3905391526,4.0,0.0
3902787108,17.0,2.0
3904424817,4.0,0.0
3904371298,36.0,1.0
3904954934,34.0,7.0
3900074442,16.0,1.0
3905624802,2.0,0.0
3901976746,4.0,0.0
3895866041,1.0,0.0
3906236557,2.0,0.0
3901944474,2.0,0.0
3905357694,4.0,0.0
3887899806,6.0,0.0
3901359689,4.0,0.0
3904725532,4.0,0.0
3901353791,7.0,1.0
3897779966,53.0,0.0
3902945060,7.0,0.0
3888004978,6.0,0.0
3903869503,5.0,0.0
3902753842,8.0,2.0
3906224266,3.0,0.0
3884924079,9.0,1.0
3901168001,11.0,0.0
3884435283,20.0,1.0
3895830481,2.0,0.0
3904394059,29.0,2.0
3900082939,9.0,1.0
3899529963,9.0,0.0
3887712525,120.0,49.0
3906252946,4.0,0.0
3905298790,3.0,0.0
3894878599,3.0,0.0
3904942730,9.0,1.0
3904969207,2.0,0.0
3900978338,28.0,0.0
3900073701,3.0,0.0
3889720469,8.0,0.0
3891250880,4.0,0.0
3898157509,24.0,5.0
3891834822,2.0,0.0
3905251190,16.0,3.0
3901352558,8.0,0.0
3902322696,2.0,0.0
3902934349,2.0,0.0
3900073689,4.0,0.0
3895528375,4.0,0.0
3904726660,5.0,0.0
3895488638,4.0,1.0
3901938557,1.0,0.0
3903479211,30.0,8.0
3902360310,2.0,0.0
3904990124,10.0,0.0
3901697063,24.0,3.0
3902824936,5.0,0.0
3905378381,5.0,0.0
3902746965,8.0,0.0
3891076554,0.0,0.0
3887495356,4.0,0.0
3891268765,3.0,0.0
3889288224,6.0,0.0
3901976700,2.0,0.0
3899533841,41.0,4.0
3902832567,12.0,2.0
3905830665,1.0,0.0
3901393135,3.0,0.0
3884816490,4.0,0.0
3901389256,45.0,7.0
3903849060,4.0,0.0
3895218149,3.0,0.0
3902859935,3.0,0.0
3894586029,24.0,6.0
3904993115,3.0,0.0
3901393504,20.0,1.0
3891842118,2.0,0.0
3898169734,9.0,0.0
3884834369,3.0,0.0
3906252902,3.0,0.0
3887703003,5.0,0.0
3884804274,30.0,2.0
3886457569,17.0,2.0
3901349314,106.0,27.0
3903883576,4.0,0.0
3885866402,5.0,0.0
3905338681,2.0,0.0
3885827475,4.0,0.0
3884434743,4.0,0.0
3901348096,27.0,3.0
3901951333,6.0,0.0
3905609653,2.0,0.0
3905376363,5.0,0.0
3906220804,3.0,0.0
3898161351,12.0,1.0
3887497595,4.0,0.0
3905372659,7.0,0.0
3901173110,7.0,0.0
3887855575,4.0,0.0
3905873619,4.0,0.0
3904367702,4.0,0.0
3903869532,3.0,0.0
3888972888,8.0,0.0
3885835070,5.0,0.0
3884444072,16.0,0.0
3888948679,8.0,0.0
3901393585,15.0,0.0
3902348814,1.0,0.0
3902753365,4.0,0.0
3900084843,132.0,66.0
3902948158,19.0,4.0
3905397478,4.0,0.0
3889112059,4.0,0.0
3903475437,4.0,0.0
3885811743,4.0,0.0
3900964412,77.0,8.0
3905299805,3.0,0.0
3770151266,8.0,0.0
3884829125,6.0,0.0
3901991113,4.0,0.0
3901937445,4.0,0.0
3894400060,3.0,0.0
3898163577,33.0,0.0
3906256138,2.0,0.0
3886884439,17.0,1.0
3902860597,5.0,0.0
3904368419,11.0,0.0
3904381407,6.0,0.0
3904393232,31.0,3.0
3904936850,6.0,0.0
3900074872,117.0,19.0
3888010407,6.0,0.0
3905804422,2.0,0.0
3901698052,7.0,1.0
3905681890,4.0,0.0
3904959979,58.0,10.0
3905813943,2.0,0.0
3898176044,41.0,0.0
3898162536,13.0,0.0
3899526148,9.0,1.0
3905363404,4.0,0.0
3901941465,5.0,1.0
3902753648,19.0,1.0
3887571655,4.0,0.0
3902865586,2.0,0.0
3884856372,20.0,0.0
3898162999,55.0,8.0
3902756718,11.0,1.0
3884911741,11.0,1.0
3902862801,2.0,0.0
3904753253,4.0,0.0
3905864846,1.0,0.0
3905295166,3.0,0.0
3889191542,2.0,0.0
3906253607,4.0,0.0
3885860924,4.0,0.0
3906253131,4.0,0.0
3905803622,2.0,0.0
3902865612,2.0,0.0
3884918354,19.0,2.0
3905294993,2.0,0.0
3891075420,9.0,0.0
3891834744,2.0,0.0
3898166119,6.0,0.0
3902356305,18.0,1.0
3902757009,882.0,83.0
3904931291,4.0,0.0
3888020859,6.0,0.0
3901397487,7.0,1.0
3903882129,7.0,0.0
3884834448,4.0,0.0
3905823107,2.0,0.0
3901334964,47.0,4.0
3904388622,7.0,0.0
3901944596,2.0,0.0
3905881438,3.0,0.0
3902802257,6.0,0.0
3888961656,4.0,0.0
3905242103,2.0,0.0
3886488846,7.0,0.0
3904087478,3.0,0.0
3884854216,25.0,2.0
3887493837,21.0,2.0
3904955822,13.0,0.0
3905349489,3.0,0.0
3901376473,5.0,0.0
3903825681,2.0,0.0
3904949350,12.0,2.0
3894556602,5.0,0.0
3904364647,8.0,0.0
3904418093,7.0,0.0
3901938999,3.0,0.0
3887709890,7.0,0.0
3889724598,26.0,10.0
3903824635,4.0,0.0
3905822298,1.0,0.0
3887862476,5.0,0.0
3889232275,4.0,0.0
3895546174,10.0,3.0
3901940989,4.0,0.0
3905298205,2.0,0.0
3884439401,8.0,0.0
3904052518,2.0,0.0
3902865688,4.0,0.0
3905866390,2.0,0.0
3885814531,34.0,3.0
3904387566,5.0,0.0
3895545318,3.0,0.0
3901690525,7.0,1.0
3902931700,5.0,0.0
3885104430,2.0,0.0
3894874996,11.0,2.0
3894560359,7.0,1.0
3894906952,1.0,0.0
3904367798,265.0,20.0
3902915635,4.0,0.0
3905342070,5.0,0.0
3902812759,4.0,0.0
3894553119,4.0,0.0
3891067775,2.0,0.0
3904085783,4.0,0.0
3887880974,3.0,0.0
3903496959,4.0,0.0
3904933813,32.0,2.0
3884440238,9.0,0.0
3900982090,226.0,99.0
3904366094,24.0,1.0
3895546502,4.0,0.0
3905372769,2.0,0.0
3904384593,7.0,0.0
3887715200,10.0,0.0
3905856193,3.0,0.0
3906234626,4.0,1.0
3905291042,5.0,0.0
3889485739,4.0,0.0
3903495844,3.0,0.0
3887715235,7.0,0.0
3901945437,3.0,0.0
3905289116,3.0,0.0
3904385618,4.0,0.0
3891048858,2.0,0.0
3904949937,7.0,0.0
3901376532,5.0,0.0
3905382527,19.0,3.0
3904421525,5.0,0.0
3890897538,4.0,0.0
3900960444,6.0,0.0
3900957138,18.0,4.0
3886456898,4.0,0.0
3903823464,4.0,0.0
3901976377,2.0,0.0
3904361797,19.0,1.0
3898176223,5.0,0.0
3885824748,6.0,0.0
3884919161,42.0,3.0
3902913475,15.0,0.0
3884441318,6.0,0.0
3902864692,4.0,0.0
3901351146,4.0,0.0
3905235940,9.0,3.0
3905252780,2.0,0.0
3895535829,4.0,0.0
3889489708,0.0,0.0
3901499095,3.0,0.0
3902752848,4.0,0.0
3905297631,1.0,0.0
3902740872,4.0,0.0
3901966015,2.0,0.0
3901691226,21.0,2.0
3902763244,143.0,39.0
3886464216,4.0,0.0
3884992118,6.0,0.0
3895537137,3.0,0.0
3902753343,32.0,0.0
3904719461,5.0,0.0
3905832349,2.0,0.0
3905349387,3.0,0.0
3889729486,5.0,0.0
3886887026,7.0,0.0
3905308330,5.0,0.0
3904384942,5.0,0.0
3895517992,4.0,0.0
3901368754,3.0,0.0
3905652415,4.0,0.0
3905253300,3.0,0.0
3886453024,7.0,0.0
3886830186,5.0,0.0
3901965475,3.0,0.0
3901991803,5.0,0.0
3889281895,3.0,0.0
3887906737,5.0,0.0
3905349537,4.0,0.0
3904937249,2.0,0.0
3902946096,9.0,0.0
3904414222,19.0,0.0
3905299686,2.0,0.0
3904723218,4.0,0.0
3904391527,9.0,1.0
3902865765,1.0,0.0
3901367096,12.0,0.0
3904052742,4.0,0.0
3905874927,3.0,0.0
3891252350,4.0,0.0
3905326956,4.0,0.0
3905330907,5.0,0.0
3904931773,6.0,0.0
3886831256,4.0,0.0
3904403572,5.0,0.0
3904382750,18.0,2.0
3894593701,7.0,0.0
3901949604,4.0,0.0
3895524716,4.0,0.0
3887705178,2.0,0.0
3902860672,4.0,0.0
3884436884,23.0,0.0
3887721306,22.0,4.0
3903828539,4.0,0.0
3899527483,14.0,0.0
3898159176,7.0,0.0
3902748889,6.0,0.0
3895593839,2.0,0.0
3884440656,60.0,11.0
3902322410,4.0,0.0
3905353443,3.0,0.0
3902365612,0.0,0.0
3903881293,4.0,0.0
3894577186,4.0,0.0
3902833762,22.0,2.0
3885808874,5.0,0.0
3898160286,2.0,0.0
3904386832,8.0,0.0
3894281835,5.0,0.0
3885817094,11.0,0.0
3902755382,10.0,0.0
3904364511,33.0,1.0
3904410414,4.0,0.0
3902318497,4.0,0.0
3904362930,4.0,0.0
3895528146,8.0,1.0
3884847130,11.0,1.0
3889439284,5.0,0.0
3902367121,3.0,0.0
3901967208,4.0,0.0
3884899830,2.0,0.0
3905332985,4.0,0.0
3887572580,7.0,0.0
3905208037,6.0,0.0
3905870863,5.0,0.0
3900070642,12.0,3.0
3889116047,13.0,0.0
3906224871,5.0,0.0
3901982835,4.0,0.0
3904397000,15.0,2.0
3886214453,2.0,0.0
3904933414,6.0,0.0
3905333973,4.0,0.0
3891264839,4.0,0.0
3884443258,11.0,0.0
3889709704,5.0,0.0
3898175062,40.0,7.0
3887988465,4.0,0.0
3901962779,1.0,0.0
3901355183,25.0,0.0
3891075376,3.0,0.0
3904723185,4.0,0.0
3905392433,4.0,0.0
3900982505,11.0,1.0
3902371216,5.0,0.0
3903838897,6.0,0.0
3905839740,3.0,0.0
3902759102,6.0,0.0
3904721368,4.0,0.0
3895543179,5.0,0.0
3905299409,6.0,0.0
3889779102,16.0,3.0
3904707144,4.0,0.0
3905826273,2.0,0.0
3888478400,6.0,0.0
3904371264,7.0,0.0
3904969072,15.0,2.0
3905832689,6.0,0.0
3902881293,3.0,0.0
3901675863,5.0,0.0
3902841731,3.0,0.0
3888006798,4.0,0.0
3894290352,3.0,0.0
3901340287,4.0,0.0
3904401868,9.0,0.0
3902348215,5.0,0.0
3905874156,2.0,0.0
3901180686,4.0,0.0
3905865236,1.0,0.0
3898179030,61.0,18.0
3904962444,59.0,4.0
3904387998,9.0,2.0
3905375039,4.0,0.0
3902880392,0.0,0.0
3887869601,7.0,0.0
3904388115,4.0,0.0
3900941706,14.0,0.0
3884820686,7.0,0.0
3887884141,26.0,4.0
3905205930,23.0,4.0
3905301648,4.0,0.0
3903896466,4.0,0.0
3902752889,10.0,0.0
3904416925,5.0,0.0
3901983348,3.0,0.0
3900942825,39.0,8.0
3902352157,8.0,0.0
3906262039,5.0,0.0
3904365552,4.0,0.0
3905367055,4.0,0.0
3905351129,4.0,0.0
3888411793,4.0,0.0
3904062817,4.0,0.0
3889121850,6.0,0.0
3891076691,2.0,0.0
3889153447,3.0,0.0
3903828467,3.0,0.0
3906230291,4.0,0.0
3884933467,5.0,0.0
3899524395,2.0,0.0
3881822529,32.0,10.0
3903825677,2.0,0.0
3894298243,2.0,0.0
3888943235,5.0,0.0
3905388977,2.0,0.0
3901965373,2.0,0.0
3903867926,5.0,0.0
3902868145,5.0,0.0
3903813171,5.0,0.0
3901948342,2.0,0.0
3904997194,3.0,0.0
3904395511,7.0,0.0
3906229379,2.0,0.0
3904570564,4.0,0.0
3903843071,4.0,0.0
3900080227,6.0,0.0
3902876503,4.0,0.0
3887479346,9.0,1.0
3901389445,9.0,1.0
3904965727,4.0,0.0
3885830028,20.0,2.0
3904722352,4.0,0.0
3902880406,4.0,0.0
3905847849,3.0,0.0
3894947261,6.0,1.0
3898170762,155.0,52.0
3905857544,2.0,0.0
3887466670,7.0,0.0
3905331984,3.0,0.0
3886875534,5.0,0.0
3885846269,7.0,0.0
3905338305,7.0,0.0
3904968233,3.0,0.0
3904500935,4.0,0.0
3904964641,177.0,0.0
3889260857,3.0,0.0
3884434946,17.0,1.0
3885804884,4.0,0.0
3902351302,3.0,0.0
3884804420,60.0,4.0
3903835463,4.0,0.0
3905398027,2.0,0.0
3898160150,37.0,1.0
3906250451,4.0,0.0
3900090571,24.0,1.0
3902831705,23.0,3.0
3902845086,2.0,0.0
3901958462,5.0,0.0
3905832576,4.0,1.0
3901676831,6.0,0.0
3894549047,2.0,0.0
3894564166,5.0,0.0
3905334134,2.0,0.0
3906069458,3.0,0.0
3884802254,46.0,6.0
3888026302,2.0,0.0
3904574613,20.0,2.0
3898161131,38.0,4.0
3905235783,8.0,0.0
3903472970,2.0,0.0
3904023028,8.0,0.0
3900091241,25.0,0.0
3901991079,5.0,0.0
3902350671,3.0,0.0
3884827405,4.0,0.0
3905243823,3.0,0.0
3902753742,6.0,0.0
3903451067,43.0,5.0
3887883818,6.0,0.0
3901998211,6.0,1.0
3905820232,2.0,0.0
3900086881,10.0,1.0
3894880327,3.0,0.0
3903475260,56.0,16.0
3902357304,3.0,0.0
3898161464,9.0,1.0
3900957819,4.0,0.0
3891019418,8.0,1.0
3905340107,5.0,0.0
3904416924,6.0,0.0
3906248680,3.0,0.0
3885829177,12.0,0.0
3887477342,15.0,1.0
3902834588,6.0,0.0
3905313188,5.0,0.0
3906087694,4.0,0.0
3901684681,50.0,6.0
3903430131,45.0,6.0
3886837949,5.0,0.0
3886442830,6.0,0.0
3895863821,2.0,0.0
3905298643,5.0,0.0
3905305207,3.0,0.0
3905377031,7.0,0.0
3898165280,14.0,4.0
3901942266,4.0,0.0
3906073398,11.0,0.0
3901680152,29.0,2.0
3905212005,11.0,0.0
3884444012,55.0,5.0
3905202835,81.0,42.0
3905683905,3.0,0.0
3905256287,3.0,0.0
3889440239,6.0,0.0
3889440228,5.0,0.0
3906231336,2.0,0.0
3905378048,3.0,0.0
3891262961,4.0,0.0
3895271734,4.0,0.0
3904421505,8.0,1.0
3904419853,4.0,0.0
3898167204,7.0,1.0
3895815053,4.0,0.0
3901379394,53.0,4.0
3902788606,4.0,0.0
3903828596,4.0,0.0
3906257335,4.0,0.0
3902312008,2.0,0.0
3904956559,6.0,0.0
3885833914,4.0,0.0
3901342649,2.0,0.0
3902745753,8.0,0.0
3904053883,2.0,0.0
3894283850,3.0,0.0
3905351127,3.0,0.0
3901978271,3.0,0.0
3894874592,5.0,0.0
3898161830,4.0,0.0
3895593858,5.0,0.0
3903874307,5.0,0.0
3902909845,5.0,0.0
3887495433,8.0,0.0
3901372369,4.0,0.0
3904718963,3.0,0.0
3905331923,4.0,0.0
3903824923,2.0,0.0
3890893956,2.0,0.0
3905300433,4.0,0.0
3904394286,20.0,1.0
3905832626,4.0,0.0
3901392732,55.0,13.0
3906238098,3.0,0.0
3901389226,6.0,0.0
3895505705,4.0,0.0
3904939168,142.0,48.0
3891269618,4.0,0.0
3887874313,4.0,0.0
3902786576,12.0,2.0
3905844728,3.0,0.0
3900957849,4.0,0.0
3900945316,121.0,20.0
3887881599,14.0,1.0
3902733882,23.0,3.0
658723396,2.0,0.0
3898163681,4.0,0.0
3902845145,3.0,0.0
3901978509,3.0,0.0
3903895666,5.0,0.0
3904397970,33.0,0.0
3886442655,4.0,0.0
3904385470,3.0,0.0
3891084024,3.0,0.0
3905695656,3.0,0.0
3901947070,4.0,0.0
3888033728,4.0,0.0
3904062224,4.0,0.0
3894567141,4.0,0.0
3884440541,60.0,10.0
3904074161,4.0,0.0
3902756482,7.0,0.0
3902755267,5.0,0.0
3895559727,11.0,1.0
3886880822,4.0,0.0
3894868506,4.0,0.0
3891040375,3.0,0.0
3902867511,1.0,0.0
3903844164,4.0,0.0
3905843294,2.0,0.0
3906093407,6.0,0.0
3901800662,478.0,175.0
3891073980,3.0,0.0
3906079474,3.0,0.0
3904392387,6.0,0.0
3885864491,4.0,0.0
3887940693,2.0,0.0
3906253680,4.0,0.0
3889118984,5.0,0.0
3887839177,4.0,0.0
3900975657,2.0,0.0
3904427749,64.0,14.0
3901629261,13.0,1.0
3887100751,21.0,4.0
3904388842,5.0,0.0
3900980590,5.0,0.0
3904725216,3.0,0.0
3902843486,4.0,0.0
3901669968,238.0,79.0
3887491939,4.0,0.0
3891076756,4.0,0.0
3905280856,4.0,0.0
3906227416,3.0,0.0
3900981039,6.0,1.0
3902917050,1.0,0.0
3904392214,8.0,0.0
3901954212,2.0,0.0
3903456759,4.0,0.0
3900982861,4.0,0.0
3902865798,5.0,0.0
3886896224,21.0,2.0
3898167110,21.0,2.0
3889778614,2.0,0.0
3901954512,2.0,0.0
3888827486,7.0,0.0
3890893389,1.0,0.0
3885813066,5.0,0.0
3905639076,2.0,0.0
3900958919,5.0,0.0
3901984680,4.0,0.0
3905850669,25.0,4.0
3901361094,17.0,0.0
3903815675,12.0,0.0
3904410718,9.0,0.0
3902867389,3.0,0.0
3903837561,4.0,0.0
3906226160,3.0,0.0
3886450573,4.0,0.0
3903457200,16.0,0.0
3903474898,7.0,0.0
3891035797,3.0,0.0
3901357063,7.0,0.0
3889749249,28.0,4.0
3888939033,4.0,0.0
3905821129,3.0,0.0
3895801437,2.0,0.0
3890892081,2.0,0.0
3901351622,199.0,55.0
3903846326,4.0,0.0
3905288314,2.0,0.0
3902750395,5.0,0.0
3905863701,0.0,0.0
3902355651,8.0,4.0
3905267894,1.0,0.0
3905298475,5.0,0.0
3905825377,3.0,0.0
3898178224,5.0,0.0
3906096545,4.0,0.0
3905828823,2.0,0.0
3902365933,1.0,0.0
3884444399,32.0,5.0
3900960716,22.0,3.0
3904431331,4.0,0.0
3906250568,5.0,0.0
3904418567,5.0,0.0
3891280202,4.0,0.0
3905673613,4.0,0.0
3905327908,4.0,0.0
3899532174,7.0,0.0
3904366901,7.0,0.0
3904988248,5.0,0.0
3906089481,3.0,1.0
3899542562,18.0,3.0
3905310400,5.0,0.0
3904581350,33.0,5.0
3903471599,4.0,0.0
3884854386,18.0,1.0
3902826290,9.0,2.0
3889497210,2.0,0.0
3906263303,4.0,0.0
3904941820,10.0,0.0
3904966468,5.0,0.0
3902317973,4.0,0.0
3906259551,2.0,0.0
3904383679,9.0,0.0
3903844355,5.0,0.0
3904721836,3.0,0.0
3895598363,6.0,0.0
3884836362,6.0,0.0
3905292452,3.0,0.0
3901370375,6.0,0.0
3889473337,10.0,0.0
3904703529,4.0,0.0
3901389450,6.0,0.0
3887492705,5.0,0.0
3905607970,3.0,0.0
3888976371,5.0,0.0
3885840895,5.0,0.0
3902356346,2.0,0.0
3901953530,3.0,0.0
3884992172,5.0,0.0
3887714735,13.0,0.0
3898163604,4.0,0.0
3905324924,4.0,0.0
3894557345,4.0,0.0
3903813069,4.0,0.0
3904595954,4.0,0.0
3902882170,2.0,0.0
3904081791,6.0,0.0
3903872872,4.0,0.0
3886880730,52.0,14.0
3885863503,6.0,0.0
3905656921,4.0,0.0
3906236815,5.0,0.0
3902828671,7.0,2.0
3886836913,3.0,0.0
3899528863,68.0,8.0
3904702847,2.0,0.0
3900961667,60.0,17.0
3889741967,4.0,0.0
3904935552,7.0,0.0
3905357625,3.0,0.0
3903449157,10.0,1.0
3903852011,6.0,0.0
3901698571,708.0,100.0
3901639441,7.0,0.0
3906257390,2.0,0.0
3887866960,6.0,0.0
3905362397,4.0,0.0
3889719294,18.0,1.0
3884437291,29.0,3.0
3888933849,4.0,0.0
3901681111,4.0,0.0
3884440664,9.0,0.0
3894603760,6.0,0.0
3903848547,4.0,0.0
3905870130,3.0,0.0
3902362395,2.0,0.0
3905309307,3.0,0.0
3900965396,899.0,266.0
3904396068,11.0,0.0
3903840754,4.0,0.0
3888963781,4.0,0.0
3898178045,42.0,4.0
3905855915,4.0,0.0
3905873893,3.0,0.0
3905338202,4.0,0.0
3889429010,4.0,0.0
3905293767,2.0,0.0
3904724738,3.0,0.0
3888948329,7.0,0.0
3902355038,0.0,0.0
3905325909,4.0,0.0
3891082091,4.0,0.0
3902882321,3.0,0.0
3884859455,12.0,2.0
3905869822,2.0,0.0
3905328984,4.0,0.0
3904064483,5.0,0.0
3884917805,90.0,20.0
3901962127,3.0,0.0
3904934247,42.0,22.0
3901941956,2.0,0.0
3905367319,3.0,0.0
3903819412,3.0,0.0
3902348039,7.0,0.0
3900956248,10.0,0.0
3906259133,2.0,0.0
3902801433,11.0,0.0
3902337613,3.0,0.0
3891073920,2.0,0.0
3901957533,3.0,1.0
3904367415,37.0,7.0
3906228095,3.0,0.0
3902949101,69.0,11.0
3905363544,3.0,0.0
3885852603,13.0,1.0
3887572686,4.0,0.0
3902808886,2.0,0.0
3887892616,7.0,0.0
3887575318,9.0,0.0
3905873943,4.0,0.0
3885810266,5.0,0.0
3905657910,4.0,0.0
3901944135,4.0,0.0
3906250635,3.0,0.0
3894296711,2.0,0.0
3904708156,1.0,0.0
3887883663,4.0,0.0
3901391066,3.0,1.0
3905648863,2.0,0.0
3902813743,48.0,10.0
3904725428,3.0,0.0
3899527152,4.0,0.0
3889110826,4.0,0.0
3884438208,8.0,0.0
3906222751,3.0,0.0
3898164318,28.0,5.0
3899544285,38.0,8.0
3902818320,5.0,0.0
3905399277,3.0,0.0
3904710939,4.0,0.0
3889756800,59.0,3.0
3904356518,51.0,23.0
3903815048,4.0,0.0
3899517312,4.0,0.0
3902835509,25.0,1.0
3905334274,1.0,0.0
3906092552,16.0,0.0
3902353737,6.0,0.0
3904091394,3.0,0.0
3900094084,9.0,0.0
3901171047,5.0,0.0
3901397056,2.0,0.0
3898157763,109.0,52.0
3884817950,6.0,0.0
3890894358,3.0,0.0
3901957309,1.0,0.0
3905612334,4.0,0.0
3899522567,10.0,0.0
3894545526,3.0,0.0
3895800064,4.0,0.0
3900977311,37.0,7.0
3888491242,45.0,9.0
3888937799,22.0,1.0
3902751735,18.0,1.0
3901643269,4.0,0.0
3905834733,1.0,0.0
3894620739,9.0,0.0
3887894070,5.0,0.0
3894872265,3.0,0.0
3904956188,2.0,0.0
3904726452,4.0,0.0
3899521916,9.0,0.0
3905818080,2.0,0.0
3905245827,1.0,0.0
3894292850,2.0,0.0
3885107203,2.0,0.0
3894213299,0.0,0.0
3904057315,2.0,0.0
3905244137,2.0,0.0
3894923115,3.0,0.0
3902830748,17.0,1.0
3895524230,3.0,0.0
3901342648,5.0,0.0
3888029033,0.0,0.0
3884438190,5.0,0.0
3894873374,9.0,0.0
3891285618,3.0,0.0
3886880750,240.0,82.0
3902346002,2.0,0.0
3904706308,2.0,0.0
3906257281,4.0,0.0
3888000710,5.0,0.0
3905287116,2.0,0.0
3905361585,4.0,0.0
3901947460,3.0,0.0
3895812160,8.0,0.0
3889411916,4.0,0.0
3904946022,20.0,3.0
3902737912,4.0,0.0
3888937998,16.0,1.0
3885846598,5.0,0.0
3904923829,9.0,0.0
3885830370,8.0,0.0
3900077853,8.0,0.0
3894604347,3.0,0.0
3900982122,7.0,0.0
3901952855,9.0,3.0
3902867009,2.0,0.0
3901359110,11.0,3.0
3905868502,3.0,0.0
3902833375,8.0,0.0
3894591077,6.0,0.0
3888960785,10.0,0.0
3902780724,5.0,0.0
3900941625,6.0,0.0
3894870221,3.0,0.0
3895221512,4.0,0.0
3902327717,4.0,0.0
3901379320,53.0,17.0
3901696052,14.0,2.0
3905292884,3.0,0.0
3905663114,4.0,0.0
3902771228,27.0,7.0
3904386508,4.0,0.0
3887723190,44.0,7.0
3901942323,3.0,0.0
3900964269,6.0,1.0
3902319543,4.0,0.0
3905313017,4.0,0.0
3905203960,4.0,0.0
3905213470,7.0,1.0
3895271687,4.0,0.0
3901992920,3.0,0.0
3902914807,7.0,2.0
3904386698,4.0,0.0
3904945501,15.0,0.0
3891072228,5.0,0.0
3895558703,4.0,0.0
3885115013,2.0,0.0
3895544206,5.0,0.0
3901953541,5.0,0.0
3889746822,6.0,0.0
3901455647,2.0,0.0
3903842823,4.0,0.0
3889713693,4.0,0.0
3887499521,6.0,0.0
3887917545,4.0,0.0
3901348306,26.0,3.0
3905696598,3.0,0.0
3904998277,3.0,0.0
3884440889,9.0,0.0
3904416903,12.0,1.0
3901949682,11.0,1.0
3884824105,4.0,0.0
3894856161,4.0,0.0
3904942538,292.0,73.0
3905800109,3.0,0.0
3906220833,3.0,0.0
3887597744,6.0,0.0
3886894784,112.0,12.0
3886830841,5.0,0.0
3884906708,4.0,0.0
3889417429,5.0,0.0
3895544599,5.0,0.0
3905297599,4.0,0.0
3902805438,4.0,0.0
3901393095,23.0,0.0
3905829893,2.0,0.0
3901646553,4.0,0.0
3905214821,6.0,0.0
3900982316,6.0,0.0
3902387889,20.0,0.0
3904722026,3.0,0.0
3905370569,5.0,0.0
3894878195,4.0,0.0
3901674451,7.0,0.0
3904575757,4.0,0.0
3901941439,2.0,0.0
3894551376,3.0,0.0
3902322967,4.0,0.0
3901981470,2.0,0.0
3906265301,4.0,0.0
3898173204,5.0,0.0
3894929722,4.0,0.0
3901363317,4.0,0.0
3902742881,10.0,0.0
3900975690,567.0,203.0
3903459592,6.0,0.0
3901373715,5.0,0.0
3904972225,15.0,1.0
3905378106,4.0,0.0
3889176368,10.0,0.0
3906251112,4.0,0.0
3903885464,2.0,0.0
3905292875,3.0,0.0
3905335113,1.0,0.0
3904059853,6.0,0.0
3902781838,10.0,0.0
3889114175,3.0,0.0
3905238396,4.0,0.0
3904706401,6.0,1.0
3891069764,0.0,0.0
3903831079,0.0,0.0
3905624228,1.0,0.0
3906261219,2.0,0.0
3903823458,4.0,0.0
3898161417,65.0,8.0
3901372732,6.0,0.0
3901942937,3.0,0.0
3905871057,2.0,0.0
3904927018,3.0,0.0
3891086928,4.0,0.0
3889751517,7.0,0.0
3904924146,4.0,0.0
3903499903,0.0,0.0
3903439928,19.0,6.0
3899541036,128.0,30.0
3901943502,5.0,1.0
3900980183,17.0,3.0
3906079224,8.0,0.0
3895551074,3.0,0.0
3905373459,3.0,0.0
3888437062,4.0,0.0
3902868080,4.0,0.0
3900098084,9.0,0.0
3900946986,4.0,0.0
3904416173,21.0,5.0
3889759008,128.0,21.0
3889705028,3.0,0.0
3905685721,3.0,0.0
3905291884,3.0,0.0
3901993048,6.0,0.0
3904087483,2.0,0.0
3901944789,4.0,0.0
3904094788,5.0,0.0
3901980121,4.0,0.0
3902950175,14.0,0.0
3894564494,4.0,0.0
3886822730,7.0,1.0
3889425361,13.0,0.0
3906226606,4.0,0.0
3886819062,2.0,0.0
3902845831,1.0,0.0
3905224263,3.0,0.0
3884808780,5.0,0.0
3905671224,4.0,0.0
3903809630,1.0,0.0
3884925951,33.0,2.0
3895593852,5.0,0.0
3903899777,4.0,0.0
3887707122,8.0,0.0
3885812023,137.0,25.0
3905391529,4.0,0.0
3887705175,9.0,0.0
3904708028,5.0,0.0
3894966968,0.0,0.0
3904395103,116.0,19.0
3901954422,4.0,0.0
3902734960,4.0,0.0
3887860243,7.0,0.0
3901369441,4.0,0.0
3906074404,1.0,0.0
3887483182,4.0,0.0
3885807746,7.0,0.0
3902743955,10.0,0.0
3906220793,5.0,0.0
3902948259,7.0,0.0
3904419445,5.0,0.0
3904063212,4.0,0.0
3901989102,4.0,0.0
3895494182,22.0,7.0
3888025696,3.0,0.0
3904577555,6.0,1.0
3901634981,62.0,12.0
3900975638,16.0,4.0
3902860600,2.0,0.0
3902345403,4.0,0.0
3884817954,13.0,0.0
3885812398,6.0,0.0
3902816665,4.0,0.0
3904422845,3.0,0.0
3900946617,31.0,0.0
3889717531,12.0,1.0
3905241207,6.0,1.0
3885830305,8.0,0.0
3905303449,4.0,0.0
3904932528,9.0,0.0
3904995898,6.0,0.0
3898173182,6.0,0.0
3902835567,7.0,1.0
3903453711,62.0,13.0
3905333676,4.0,0.0
3904514186,3.0,0.0
3895815388,5.0,0.0
3905303579,5.0,0.0
3904078606,4.0,0.0
3905373629,4.0,0.0
3904500659,6.0,0.0
3904940543,14.0,5.0
3901182061,3.0,0.0
3905327744,4.0,0.0
3905323884,2.0,0.0
3904384553,8.0,0.0
3905326963,3.0,0.0
3887909168,25.0,1.0
3905287223,5.0,0.0
3904932153,16.0,0.0
3904943401,12.0,0.0
3894640755,4.0,0.0
3900959592,9.0,0.0
3884825460,5.0,0.0
3886820920,9.0,1.0
3901988087,4.0,0.0
3901963488,4.0,0.0
3901673717,4.0,0.0
3903466265,4.0,0.0
3901692961,13.0,1.0
3901962136,3.0,0.0
3904969080,18.0,4.0
3904944359,30.0,1.0
3885852865,6.0,0.0
3905874847,3.0,0.0
3901994904,4.0,0.0
3901947235,2.0,1.0
3902805225,9.0,0.0
3905662932,3.0,0.0
3889706861,12.0,0.0
3889114488,4.0,0.0
3901631726,9.0,0.0
3905353280,4.0,0.0
3888481091,3.0,0.0
3904940291,63.0,17.0
3903824814,3.0,0.0
3900074939,4.0,0.0
3901687442,36.0,5.0
3902355196,8.0,1.0
3901951286,2.0,0.0
3891077588,3.0,0.0
3903466262,13.0,2.0
3901670133,7.0,1.0
3901944499,4.0,0.0
3899529464,9.0,0.0
3904927914,12.0,1.0
3904989953,19.0,2.0
3885821887,4.0,0.0
3903881530,5.0,0.0
3901632785,1.0,0.0
3905673312,4.0,0.0
3894951186,0.0,0.0
3904568131,5.0,0.0
3885852817,7.0,0.0
3901695001,129.0,14.0
3901941895,3.0,0.0
3905367322,5.0,0.0
3905334894,1.0,0.0
3900983039,4.0,0.0
3894289144,3.0,0.0
3895811133,4.0,0.0
3901390287,8.0,0.0
3904403634,5.0,0.0
3903474085,5.0,0.0
3906094203,3.0,0.0
3903817965,3.0,0.0
3901349969,30.0,2.0
3904060730,4.0,0.0
3888029010,2.0,0.0
3902745795,70.0,7.0
3905671034,4.0,0.0
3904967270,18.0,1.0
3884448112,5.0,0.0
3889720090,9.0,0.0
3898163517,37.0,12.0
3904935089,8.0,0.0
3903820977,4.0,0.0
3819767400,9.0,0.0
3902746422,5.0,0.0
3906227600,4.0,0.0
3895524116,3.0,0.0
3885809569,7.0,1.0
3888007703,5.0,0.0
3898159465,117.0,31.0
3898162228,41.0,12.0
3903426697,8.0,1.0
3902760050,8.0,0.0
3906225387,5.0,0.0
3901992264,5.0,0.0
3901694555,61.0,8.0
3887716355,24.0,2.0
3904970701,30.0,2.0
3903471022,6.0,0.0
3889289427,5.0,0.0
3888947812,7.0,0.0
3902807905,3.0,0.0
3905664904,4.0,0.0
3901940430,11.0,3.0
3884800557,5.0,0.0
3902360033,2.0,0.0
3884897030,4.0,0.0
3906247311,2.0,0.0
3905303316,4.0,0.0
3889105946,1.0,0.0
3906234200,0.0,0.0
3895825856,10.0,0.0
3904997798,7.0,0.0
3894963115,0.0,0.0
3905363053,3.0,0.0
3904406484,14.0,1.0
3891280213,4.0,0.0
3885835656,4.0,0.0
3884820805,10.0,1.0
3905273630,4.0,0.0
3887906584,5.0,0.0
3894947629,4.0,0.0
3901377592,4.0,0.0
3905370690,4.0,0.0
3895592800,4.0,0.0
3902758039,54.0,4.0
3903428865,13.0,2.0
3901977720,4.0,0.0
3902750826,8.0,0.0
3905396316,4.0,0.0
3899525623,38.0,17.0
3906225851,1.0,0.0
3886840509,4.0,0.0
3900090186,5.0,0.0
3904362263,5.0,0.0
3891009369,2.0,0.0
3906094760,30.0,2.0
3901949187,4.0,0.0
3905328798,6.0,0.0
3885114290,12.0,0.0
3905326804,5.0,0.0
3900981061,15.0,1.0
3888029694,3.0,0.0
3905392943,4.0,0.0
3895808249,4.0,0.0
3894277656,2.0,0.0
3898156632,63.0,9.0
3887485157,32.0,1.0
3904074487,3.0,0.0
3902742279,31.0,10.0
3886852889,5.0,0.0
3905330282,4.0,0.0
3902353821,3.0,0.0
3904708335,3.0,0.0
3900072796,5.0,0.0
3903804778,2.0,0.0
3901362004,4.0,0.0
3904705848,2.0,0.0
3904934865,5.0,0.0
3901349092,4.0,0.0
3885103423,2.0,0.0
3905237670,5.0,0.0
3906093767,663.0,59.0
3426467577,2.0,0.0
3884803174,10.0,2.0
3894268698,1.0,0.0
3902356177,2.0,0.0
3891014197,4.0,0.0
3904933371,14.0,0.0
3905222673,5.0,0.0
3901941124,2.0,0.0
3905337144,4.0,0.0
3888818724,4.0,0.0
3906235401,4.0,0.0
3887473513,6.0,1.0
3887704931,8.0,0.0
3906230145,3.0,1.0
3900962406,7.0,0.0
3903837041,3.0,0.0
3904393339,7.0,0.0
3898161875,69.0,12.0
3903802428,3.0,0.0
3901479583,6.0,0.0
3902831440,5.0,0.0
3902938891,5.0,0.0
3905336599,6.0,0.0
3894558614,3.0,0.0
3903869900,4.0,0.0
3901688549,31.0,1.0
3898169034,238.0,36.0
3901179090,15.0,3.0
3901944593,5.0,0.0
3904960980,14.0,1.0
3903808964,4.0,0.0
3903833040,3.0,0.0
3904393058,86.0,10.0
3901678662,30.0,0.0
3886210747,2.0,0.0
3884933191,8.0,0.0
3905864715,3.0,0.0
3899532297,61.0,14.0
3905340007,4.0,0.0
3895526573,3.0,0.0
3900981606,8.0,0.0
3904588259,13.0,1.0
3894617183,4.0,0.0
3902832496,3.0,0.0
3887719280,10.0,0.0
3902944522,4.0,0.0
3905644251,2.0,0.0
3885839915,4.0,0.0
3902733888,4.0,0.0
3898170646,37.0,6.0
3903459540,4.0,0.0
3895563431,4.0,0.0
3886457144,4.0,0.0
3905272027,4.0,0.0
3905661392,2.0,0.0
3887715191,7.0,0.0
3889413805,5.0,0.0
3901391616,5.0,0.0
3886840063,5.0,0.0
3903880008,5.0,0.0
3900937854,9.0,0.0
3901680724,22.0,0.0
3901949282,3.0,0.0
3898169829,8.0,0.0
3900069509,8.0,0.0
3889109114,43.0,5.0
3888944480,11.0,0.0
3904419756,5.0,0.0
3889284895,5.0,0.0
3889443735,5.0,0.0
3899541376,3.0,1.0
3901986376,4.0,0.0
3901185123,64.0,7.0
3887700229,2.0,0.0
3906092754,4.0,0.0
3904981960,3.0,0.0
3895210489,1.0,0.0
3885838583,4.0,0.0
3898169114,8.0,0.0
3895275822,3.0,0.0
3905857712,1.0,0.0
3901975907,2.0,0.0
3891004956,6.0,1.0
3904407491,7.0,0.0
3891077788,2.0,0.0
3905859155,4.0,0.0
3905331671,5.0,0.0
3890898979,2.0,0.0
3901167556,31.0,5.0
3902918086,6.0,0.0
3889731302,5.0,0.0
3884440311,8.0,1.0
3898176225,153.0,18.0
3887716280,11.0,0.0
3902869109,0.0,0.0
3905833198,0.0,0.0
3895864569,1.0,0.0
3904719618,4.0,0.0
3895599499,4.0,0.0
3887578489,10.0,0.0
3901936829,6.0,0.0
3895535536,3.0,0.0
3904711443,3.0,0.0
3888002418,7.0,0.0
3894943423,2.0,0.0
3903842658,5.0,0.0
3904925790,2.0,0.0
3902356684,4.0,0.0
3884912807,2.0,0.0
3904988362,3.0,0.0
3901983530,1.0,0.0
3887915624,6.0,0.0
3903459542,5.0,0.0
3906233828,4.0,0.0
3905370739,6.0,1.0
3902746700,8.0,0.0
3901378325,6.0,0.0
3902744881,5.0,0.0
3887835951,4.0,0.0
3905855021,2.0,0.0
3894908986,4.0,0.0
3900064449,6.0,0.0
3904367874,81.0,27.0
3895210266,2.0,0.0
3904069297,4.0,0.0
3906247421,4.0,0.0
3905245823,2.0,0.0
3901943118,7.0,0.0
3884913800,5.0,0.0
3894970392,2.0,0.0
3887890223,6.0,0.0
3906094633,14.0,7.0
3902833348,14.0,0.0
3905885978,0.0,0.0
3906220760,4.0,0.0
3900964475,2.0,0.0
3887457893,3.0,0.0
3904415396,3.0,0.0
3905344002,4.0,0.0
3902752750,36.0,1.0
3900949687,23.0,11.0
3906230739,3.0,0.0
3894682038,4.0,0.0
3894207941,4.0,0.0
3898163581,7.0,3.0
3904393057,8.0,0.0
3900953914,4.0,0.0
3904426749,7.0,0.0
3884436039,6.0,0.0
3901664902,23.0,4.0
3895801022,4.0,0.0
3905693010,3.0,0.0
3884821508,4.0,0.0
3904725260,5.0,0.0
3904365248,6.0,0.0
3901390094,64.0,18.0
3901941977,2.0,0.0
3904423548,7.0,0.0
3902354977,2.0,0.0
3901946040,3.0,0.0
3900966236,13.0,0.0
3905824328,1.0,0.0
3898165256,5.0,0.0
3901174653,10.0,0.0
3894554212,6.0,1.0
3901939678,4.0,0.0
3891268797,6.0,0.0
3901691289,27.0,5.0
3904573983,10.0,0.0
3903840994,3.0,0.0
3904087600,2.0,0.0
3901937806,4.0,0.0
3894610113,3.0,0.0
3900075663,36.0,9.0
3889415670,5.0,0.0
3902344441,4.0,0.0
3902353320,1.0,0.0
3901348271,16.0,1.0
3902926988,5.0,0.0
3903848414,3.0,0.0
3905372620,4.0,0.0
3905651369,2.0,0.0
3901943868,5.0,0.0
3906245798,3.0,0.0
3905886161,3.0,0.0
3905827250,4.0,0.0
3902756633,22.0,3.0
3904411557,7.0,0.0
3904429497,4.0,0.0
3894876574,6.0,0.0
3898170726,68.0,5.0
3905295297,3.0,0.0
3901690501,4.0,0.0
3888960029,4.0,0.0
3889414779,5.0,0.0
3884435336,3.0,0.0
3901950152,2.0,0.0
3905205114,3.0,0.0
3904513117,3.0,0.0
3900960528,7.0,0.0
3891072376,4.0,0.0
3904717397,2.0,0.0
3905293940,2.0,0.0
3900989033,6.0,0.0
3901352252,4.0,0.0
3899934195,11.0,1.0
3901944656,4.0,0.0
3901989078,3.0,0.0
3905308724,3.0,0.0
3904724047,6.0,0.0
3903476557,37.0,10.0
3901625858,40.0,1.0
3904390057,156.0,33.0
3902740290,5.0,0.0
3903818935,4.0,0.0
3901978910,2.0,0.0
3889110014,11.0,1.0
3901639347,8.0,0.0
3902738458,48.0,1.0
3888002407,6.0,0.0
3904380992,21.0,5.0
3886871721,5.0,0.0
3901349303,23.0,6.0
3904410762,7.0,1.0
3906093709,3.0,0.0
3904958668,10.0,0.0
3904927630,11.0,2.0
3904586316,5.0,0.0
3903810067,2.0,0.0
3902356397,3.0,0.0
3900963220,109.0,64.0
3906096237,17.0,5.0
3904359922,5.0,0.0
3891058703,2.0,0.0
3903813185,3.0,0.0
3906246970,3.0,0.0
3905697439,2.0,0.0
3906253143,4.0,0.0
3887717490,49.0,6.0
3901966532,2.0,0.0
3895557443,4.0,0.0
3895839959,2.0,0.0
3901348076,3.0,0.0
3884829103,6.0,0.0
3888002457,5.0,0.0
3904951446,4.0,0.0
3905372554,4.0,0.0
3903862895,4.0,0.0
3888400185,5.0,0.0
3901173604,150.0,13.0
3888034105,11.0,0.0
3898181140,35.0,10.0
3905270115,2.0,0.0
3903471772,4.0,0.0
3886455822,4.0,0.0
3905661922,3.0,0.0
3904939046,8.0,1.0
3902357507,4.0,0.0
3902826890,4.0,1.0
3905294101,3.0,0.0
3895523946,5.0,0.0
3891288833,2.0,0.0
3903473983,8.0,0.0
3905669467,4.0,0.0
3895813199,4.0,0.0
3903456324,39.0,3.0
3891071357,4.0,0.0
3904422584,3.0,0.0
3902369481,3.0,0.0
3905330539,4.0,0.0
3900951939,3.0,0.0
3905879958,4.0,0.0
3903829970,4.0,0.0
3889437480,5.0,0.0
3905206348,10.0,0.0
3898173739,6.0,0.0
3905829685,3.0,0.0
3905846503,1.0,0.0
3905252387,1.0,0.0
3901945168,24.0,5.0
3902940471,10.0,0.0
3901636181,13.0,0.0
3901695753,7.0,0.0
3899522561,76.0,12.0
3887880831,4.0,0.0
3901938333,18.0,4.0
3898157612,35.0,2.0
3884826482,4.0,0.0
3901977759,3.0,0.0
3902365242,1.0,0.0
3901946648,5.0,0.0
3903441738,15.0,0.0
3903807801,3.0,0.0
3904388628,16.0,4.0
3906222610,4.0,0.0
3903435338,4.0,0.0
3901640979,3.0,0.0
3894617071,10.0,0.0
3902354942,2.0,0.0
3906253198,4.0,0.0
3891075871,1.0,0.0
3905371086,4.0,0.0
3902352543,1.0,0.0
3904973349,54.0,22.0
3905303344,3.0,0.0
3885314268,5.0,0.0
3886464693,5.0,0.0
3905330513,2.0,0.0
3905883338,3.0,0.0
3884440612,7.0,0.0
3903868736,3.0,0.0
3906230560,3.0,0.0
3902341440,0.0,0.0
3901956833,4.0,0.0
3902751459,5.0,0.0
3887700418,30.0,1.0
3898158404,5.0,0.0
3906255294,3.0,0.0
3895541857,5.0,0.0
3900962606,7.0,0.0
3900966152,6.0,0.0
3904367649,4.0,0.0
3905828734,3.0,0.0
3905870844,1.0,0.0
3865391975,24.0,0.0
3888007779,4.0,0.0
3902358396,3.0,0.0
3905393500,5.0,0.0
3904961686,5.0,0.0
3904955598,4.0,0.0
3902808409,6.0,0.0
3905325926,4.0,0.0
3901675202,4.0,0.0
3901375070,16.0,3.0
3885847159,5.0,0.0
3899530745,13.0,0.0
3904387478,12.0,2.0
3887889072,19.0,4.0
3868493438,2.0,0.0
3898169832,14.0,0.0
3905331380,5.0,0.0
3895557909,6.0,0.0
3887914002,5.0,0.0
3903476060,3.0,0.0
3891082021,11.0,0.0
3901956489,4.0,0.0
3905390809,4.0,0.0
3902319546,5.0,0.0
3894560635,4.0,0.0
3889113574,3.0,0.0
3884932654,7.0,0.0
3904365541,7.0,0.0
3888938160,5.0,0.0
3767035869,2.0,0.0
3903879070,4.0,0.0
3904059316,3.0,0.0
3905252406,27.0,12.0
3902751812,11.0,0.0
3885106111,1.0,0.0
3905201494,7.0,0.0
3889759815,8.0,1.0
3891802231,8.0,0.0
3901981812,5.0,0.0
3904379547,8.0,0.0
3904992222,8.0,2.0
3902864872,2.0,0.0
3895238861,2.0,0.0
3901938661,5.0,1.0
3888972870,4.0,0.0
3906253709,3.0,0.0
3900070451,5.0,0.0
3891075547,3.0,0.0
3901989366,4.0,0.0
3903477401,5.0,0.0
3904715823,4.0,0.0
3899525341,3.0,0.0
3889749261,4.0,0.0
3895846217,2.0,0.0
3899528374,7.0,1.0
3891070657,7.0,0.0
3906261046,4.0,0.0
3895561822,7.0,0.0
3895541690,98.0,2.0
3901342722,4.0,0.0
3903446465,5.0,0.0
3904925630,4.0,0.0
3899528125,6.0,0.0
3898168023,269.0,82.0
3904948236,10.0,0.0
3900939903,6.0,0.0
3891076423,3.0,0.0
3901985484,26.0,3.0
3898157650,2.0,0.0
3891076083,2.0,0.0
3891075902,2.0,0.0
3901176191,40.0,7.0
3902352593,5.0,0.0
3902954355,6.0,0.0
3888973818,7.0,0.0
3898161243,55.0,6.0
3884942165,185.0,27.0
3904384951,7.0,0.0
3903468594,25.0,1.0
3905290727,5.0,0.0
3901958919,3.0,0.0
3904388074,4.0,0.0
3904417939,4.0,0.0
3899531595,17.0,2.0
3885821897,4.0,0.0
3898162715,30.0,4.0
3895525009,4.0,0.0
3901357193,52.0,8.0
3886832859,0.0,0.0
3887860389,49.0,1.0
3903836652,2.0,0.0
3898155686,5.0,0.0
3905324928,3.0,0.0
3904395070,12.0,1.0
3902866556,3.0,0.0
3898163029,39.0,7.0
3885865823,7.0,0.0
3903822799,4.0,0.0
3904502192,5.0,0.0
3884815524,4.0,0.0
3904962111,25.0,6.0
3906227767,3.0,0.0
3887838631,2.0,0.0
3904387565,24.0,1.0
3902944268,5.0,0.0
3902839809,6.0,1.0
3886445573,4.0,0.0
3902749599,5.0,0.0
3906259720,3.0,0.0
3902751181,4.0,0.0
3902344376,2.0,0.0
3901930434,3.0,0.0
3901354022,5.0,0.0
3886480224,10.0,0.0
3903871482,4.0,0.0
3885830897,5.0,0.0
3902820630,3.0,0.0
3891074209,3.0,0.0
3885852955,5.0,0.0
3904968281,18.0,2.0
3891076591,2.0,0.0
3884931432,4.0,0.0
3902922169,15.0,0.0
3900950936,15.0,3.0
3904965290,6.0,0.0
3901645544,33.0,1.0
3903880460,4.0,0.0
3903869823,4.0,0.0
3898175026,161.0,52.0
3904940844,13.0,0.0
3904421029,4.0,0.0
3905867683,3.0,0.0
3884915084,4.0,0.0
3891260460,4.0,0.0
3895801019,5.0,0.0
3891012793,4.0,0.0
3903484011,5.0,0.0
3902869248,2.0,0.0
3904384386,17.0,3.0
3891080342,3.0,0.0
3904370319,47.0,7.0
3887840180,3.0,0.0
3899544054,5.0,0.0
3889754360,115.0,12.0
3903882734,4.0,0.0
3901390515,4.0,0.0
3886451773,10.0,0.0
3885112377,33.0,2.0
3902781643,8.0,0.0
3905316039,5.0,0.0
3898172387,109.0,6.0
3903815459,5.0,0.0
3902844389,0.0,0.0
3891291206,3.0,0.0
3903810045,6.0,0.0
3902753695,20.0,1.0
3894881363,7.0,1.0
3902942333,5.0,0.0
3891833364,1.0,0.0
3891077144,1.0,0.0
3889415883,5.0,0.0
3904514242,4.0,0.0
3903810429,5.0,0.0
3891079540,3.0,0.0
3888029018,2.0,0.0
3894866908,6.0,0.0
3902316715,4.0,0.0
3895505631,4.0,0.0
3905819757,2.0,0.0
3905397479,1.0,0.0
3904362699,9.0,0.0
3901963344,3.0,0.0
3891079049,1.0,0.0
3894675617,2.0,0.0
3901939119,4.0,0.0
3904368002,9.0,0.0
3904576699,20.0,2.0
3905301404,4.0,0.0
3901350246,18.0,0.0
3905293892,4.0,0.0
3886481207,23.0,5.0
3902934945,6.0,0.0
3904423388,4.0,0.0
3904950380,3.0,0.0
3905252401,1.0,0.0
3891090731,3.0,0.0
3904365298,2.0,0.0
3906224368,2.0,0.0
3900962140,5.0,0.0
3894258320,4.0,0.0
3902759517,28.0,2.0
3888035137,5.0,0.0
3884439445,8.0,0.0
3905365452,3.0,0.0
3903835074,4.0,0.0
3904365968,4.0,0.0
3905333510,5.0,0.0
3905692892,3.0,0.0
3900983355,7.0,2.0
3904943239,6.0,1.0
3904362880,9.0,0.0
3902947837,45.0,8.0
3895596619,3.0,0.0
3901989836,15.0,5.0
3905362341,1.0,0.0
3902837897,4.0,0.0
3895804466,7.0,0.0
3905805350,2.0,0.0
3887577051,7.0,0.0
3899532312,8.0,0.0
3901638347,3.0,0.0
3906223166,4.0,0.0
3894289244,3.0,0.0
3901943193,2.0,0.0
3899529621,6.0,0.0
3905254164,4.0,0.0
3905332967,3.0,0.0
3905208753,13.0,5.0
3903875921,5.0,0.0
3885868395,5.0,0.0
3887852701,6.0,0.0
3904580473,5.0,0.0
3905664043,2.0,0.0
3905290357,4.0,0.0
3894294845,3.0,0.0
3903808841,4.0,0.0
3904392004,8.0,0.0
3906247697,4.0,0.0
3902848146,2.0,0.0
3898178362,10.0,1.0
3902745849,11.0,1.0
3905332948,5.0,0.0
3901976757,1.0,0.0
3895545804,4.0,0.0
3902834364,4.0,0.0
3905331463,4.0,0.0
3889110827,4.0,0.0
3894562013,5.0,0.0
3905818148,0.0,0.0
3891029822,1.0,0.0
3891248751,2.0,0.0
3906228521,2.0,0.0
3885832536,6.0,0.0
3887499129,7.0,1.0
3886456849,5.0,0.0
3906225790,2.0,0.0
3902758590,52.0,8.0
3904997171,8.0,0.0
3901388828,14.0,1.0
3902354259,1.0,0.0
3902782703,4.0,0.0
3891071743,2.0,0.0
3901942691,5.0,0.0
3899515753,2.0,0.0
3901633114,73.0,18.0
3905291553,6.0,0.0
3902752869,5.0,0.0
3901397255,3.0,0.0
3901922123,4.0,0.0
3894565143,3.0,0.0
3898169568,71.0,6.0
3904942173,50.0,13.0
3887879975,6.0,0.0
3902357446,1.0,0.0
3904362582,63.0,12.0
3906230104,4.0,0.0
3894541893,3.0,0.0
3903445954,194.0,16.0
3904372039,124.0,12.0
3905304698,2.0,0.0
3895597604,7.0,1.0
3901372518,4.0,0.0
3901395028,191.0,16.0
3904393140,13.0,1.0
3901696065,27.0,3.0
3903427914,10.0,1.0
3904992462,28.0,5.0
3904559937,5.0,0.0
3905299166,1.0,0.0
3888827019,4.0,0.0
3899524544,49.0,19.0
3900077658,6.0,0.0
3904066449,4.0,0.0
3884934922,40.0,5.0
3885809281,6.0,0.0
3887870393,4.0,0.0
3898163923,112.0,30.0
3905310186,7.0,3.0
3905332081,4.0,0.0
3901647821,627.0,268.0
3885825124,4.0,0.0
3903890912,3.0,0.0
3894299673,4.0,0.0
3898172428,427.0,49.0
3905366398,3.0,0.0
3885107883,5.0,0.0
3900961541,5.0,0.0
3885380768,6.0,0.0
3903806627,4.0,0.0
3901943898,4.0,0.0
3904715499,4.0,0.0
3905612004,3.0,0.0
3904390389,4.0,0.0
3901981324,2.0,0.0
3904365749,10.0,0.0
3902762024,8.0,0.0
3895222313,4.0,0.0
3899526255,2.0,0.0
3902863359,4.0,0.0
3905372906,5.0,0.0
3904416918,5.0,0.0
3904364310,66.0,5.0
3904390602,6.0,0.0
3902924693,23.0,2.0
3884443338,16.0,0.0
3901380070,5.0,0.0
3901479935,6.0,0.0
3904706144,3.0,0.0
3887481188,16.0,0.0
3901697714,14.0,1.0
3898163389,28.0,0.0
3901388340,24.0,3.0
3895535907,5.0,0.0
3902925688,3.0,1.0
3906069749,21.0,5.0
3904581987,4.0,0.0
3901941546,3.0,0.0
3895519329,6.0,0.0
3898159886,14.0,0.0
3900936989,4.0,0.0
3902783695,155.0,41.0
3895541645,4.0,0.0
3889462179,3.0,0.0
3895274514,4.0,0.0
3905339210,5.0,0.0
3894893416,2.0,0.0
3902341554,2.0,0.0
3895591992,19.0,1.0
3905665009,1.0,0.0
3905203666,4.0,0.0
3900965367,11.0,0.0
3900076186,9.0,0.0
3906221605,3.0,0.0
3905302269,3.0,0.0
3902341126,5.0,0.0
3885827737,6.0,0.0
3904946732,4.0,0.0
3906080275,2.0,0.0
3904410030,9.0,0.0
3902355851,2.0,0.0
3885807624,8.0,0.0
3905249529,3.0,0.0
3902308600,3.0,0.0
3904961289,5.0,0.0
3884899285,3.0,0.0
3889276823,4.0,0.0
3889746426,5.0,0.0
3891274771,5.0,0.0
3899533522,14.0,0.0
3904430032,7.0,0.0
3901944009,3.0,0.0
3902789294,34.0,8.0
3904922421,3.0,0.0
3901694457,14.0,1.0
3901167835,8.0,0.0
3905692785,4.0,0.0
3905852343,6.0,0.0
3903468905,4.0,0.0
3889413758,6.0,0.0
3902861752,3.0,0.0
3903878650,4.0,0.0
3904507500,3.0,0.0
3905361605,4.0,0.0
3891075519,6.0,1.0
3905667408,4.0,0.0
3901349218,7.0,0.0
3889428458,4.0,0.0
3904050722,2.0,0.0
3901941862,3.0,0.0
3900962499,2.0,0.0
3901933967,3.0,0.0
3895274555,3.0,0.0
3891016408,2.0,0.0
3904598967,4.0,0.0
3905298515,1.0,0.0
3905215385,18.0,1.0
3906252459,2.0,0.0
3901453826,5.0,0.0
3902840888,3.0,1.0
3904934655,3.0,0.0
3887885870,5.0,0.0
3905335231,4.0,0.0
3894904703,5.0,0.0
3894938042,2.0,0.0
3889482465,5.0,0.0
3901692960,63.0,9.0
3901951292,4.0,0.0
3901986388,5.0,0.0
3889121626,5.0,0.0
3886863612,3.0,0.0
3887718772,6.0,0.0
3888010307,4.0,0.0
3906233049,2.0,0.0
3905692358,4.0,0.0
3895492015,2.0,0.0
3904393526,6.0,0.0
3905336479,4.0,0.0
3903443566,18.0,2.0
3890896155,2.0,0.0
3902783234,6.0,0.0
3902809833,45.0,11.0
3904389130,5.0,0.0
3904094598,2.0,0.0
3903845012,4.0,0.0
3895849315,1.0,0.0
3894287518,3.0,0.0
3898158956,29.0,4.0
3901970304,3.0,0.0
3895599120,4.0,0.0
3900963381,21.0,2.0
3903832799,3.0,0.0
3901936881,3.0,0.0
3903800396,3.0,0.0
3884894976,2.0,0.0
3905838979,2.0,0.0
3905295243,6.0,0.0
3891085136,4.0,0.0
3898174410,8.0,0.0
3905247974,2.0,0.0
3898158802,11.0,1.0
3891070701,2.0,0.0
3894927416,5.0,0.0
3902361371,1.0,0.0
3898178692,83.0,9.0
3884819770,4.0,0.0
3902761072,7.0,0.0
3906097475,5.0,0.0
3889121579,5.0,0.0
3901671462,8.0,0.0
3895519787,4.0,0.0
3903885281,5.0,0.0
3887837931,2.0,0.0
3886206492,2.0,0.0
3905306899,7.0,0.0
3891044616,1.0,0.0
3889706035,2.0,0.0
3906248581,4.0,0.0
3900981054,501.0,72.0
3885106358,2.0,0.0
3894619245,5.0,0.0
3901634590,10.0,2.0
3901639451,18.0,1.0
3901940994,3.0,0.0
3906217716,2.0,0.0
3891079377,6.0,0.0
3906252925,4.0,0.0
3902860781,1.0,0.0
3898156500,7.0,0.0
3902368069,5.0,0.0
3904382939,5.0,0.0
3890897274,4.0,0.0
3898166477,1.0,0.0
3900946976,4.0,0.0
3903827297,2.0,0.0
3885105285,2.0,0.0
3905316843,3.0,0.0
3905241572,2.0,1.0
3904360763,5.0,0.0
3888934626,5.0,0.0
3905659959,1.0,0.0
3884872004,4.0,0.0
3901988301,4.0,0.0
3887997517,5.0,0.0
3905380015,3.0,0.0
3905294798,6.0,0.0
3904927146,12.0,0.0
3906260192,5.0,0.0
3885834204,4.0,0.0
3901983610,2.0,0.0
3884897614,2.0,0.0
3888028105,3.0,0.0
3900089195,5.0,0.0
3901373400,362.0,135.0
3906256338,2.0,0.0
3891272341,5.0,0.0
3889493888,4.0,0.0
3887482415,4.0,0.0
3884917816,11.0,0.0
3886453565,4.0,0.0
3891068866,3.0,0.0
3905326960,2.0,0.0
3901944351,4.0,0.0
3903824931,2.0,0.0
3902839785,5.0,0.0
3885863425,5.0,0.0
3906252452,4.0,0.0
3901371797,3.0,0.0
3904960850,2.0,0.0
3904422597,11.0,0.0
3890892699,5.0,0.0
3900956993,3.0,0.0
3894551303,6.0,0.0
3905312247,10.0,1.0
3904992682,5.0,0.0
3901363318,4.0,0.0
3886829547,3.0,0.0
3905876218,3.0,0.0
3905233000,4.0,0.0
3898173096,7.0,1.0
3895532855,4.0,0.0
3891087926,3.0,0.0
3904060144,2.0,0.0
3902752756,36.0,1.0
3904097988,4.0,0.0
3906259587,3.0,0.0
3904376533,97.0,29.0
3902348999,1.0,0.0
3884931215,10.0,0.0
3902925278,3.0,0.0
3884430719,35.0,5.0
3889731563,5.0,0.0
3903819358,12.0,1.0
3904925749,0.0,0.0
3884832996,5.0,0.0
3898164930,28.0,10.0
3902750332,7.0,0.0
3902863832,5.0,0.0
3904948234,9.0,1.0
3902355248,4.0,0.0
3889167531,3.0,0.0
3884820693,4.0,0.0
3901958415,4.0,0.0
3905864341,20.0,1.0
3902358794,3.0,0.0
3905329488,6.0,0.0
3887495748,6.0,0.0
3895209973,4.0,1.0
3901995710,5.0,0.0
3903476020,5.0,0.0
3888434378,6.0,0.0
3901695285,23.0,1.0
3891263986,7.0,0.0
3904991519,5.0,0.0
3898169763,15.0,0.0
3904040340,2.0,0.0
3904006296,4.0,0.0
3904077902,3.0,0.0
3903862996,4.0,0.0
3901673163,4.0,0.0
3885105454,0.0,0.0
3895562128,3.0,0.0
3898170750,36.0,13.0
3902753785,6.0,0.0
3905332271,4.0,0.0
3905340236,4.0,0.0
3884923225,38.0,7.0
3903899143,4.0,0.0
3906227267,3.0,0.0
3894293672,3.0,0.0
3888961831,56.0,15.0
3894563086,8.0,0.0
3905654821,6.0,3.0
3901379312,5.0,0.0
3905849766,2.0,0.0
3891005253,2.0,0.0
3903875295,3.0,0.0
3905298373,3.0,0.0
3884436831,11.0,0.0
3904705767,4.0,0.0
3891804005,5.0,0.0
3904395032,6.0,0.0
3904391467,35.0,1.0
3904958459,8.0,0.0
3901986131,4.0,0.0
3905875561,0.0,0.0
3902953318,26.0,3.0
3899527488,33.0,3.0
3887898522,6.0,0.0
3887988461,5.0,0.0
3901934437,2.0,0.0
3905816739,4.0,1.0
3904369049,7.0,0.0
3902356888,3.0,0.0
3900077885,13.0,0.0
3902364261,2.0,0.0
3905856967,4.0,0.0
3902356312,1.0,0.0
3905364775,3.0,0.0
3902949085,19.0,2.0
3901168465,4.0,0.0
3891001277,4.0,0.0
3903449857,40.0,8.0
3904011344,5.0,0.0
3904367278,3.0,0.0
3901392557,5.0,0.0
3905340539,2.0,0.0
3903443459,4.0,0.0
3905367761,4.0,0.0
3884432572,3.0,0.0
3903843472,4.0,0.0
3904955205,91.0,9.0
3903891836,2.0,0.0
3885823327,5.0,0.0
3902756632,11.0,0.0
3884818696,9.0,0.0
3902930481,17.0,1.0
3884440796,9.0,0.0
3895555948,28.0,7.0
3895491485,7.0,0.0
3894210749,3.0,0.0
3902923360,4.0,0.0
3898137449,65.0,11.0
3905299492,2.0,0.0
3902919528,21.0,3.0
3899531615,15.0,1.0
3904951773,4.0,0.0
3900942656,5.0,0.0
3894560665,3.0,0.0
3887898828,7.0,0.0
3903840509,4.0,0.0
3886485548,15.0,1.0
3885104213,1.0,0.0
3905349518,4.0,0.0
3904367162,2.0,0.0
3903454796,81.0,32.0
3889111922,4.0,0.0
3901980049,1.0,0.0
3895806915,4.0,0.0
3905332324,5.0,0.0
3903443709,13.0,1.0
3899524405,3.0,0.0
3895488768,4.0,0.0
3891264683,4.0,0.0
3903826879,4.0,0.0
3905654755,2.0,0.0
3888030004,2.0,0.0
3894557621,4.0,0.0
3891266994,5.0,0.0
3887477794,10.0,0.0
3905249444,2.0,0.0
3901346364,20.0,6.0
3889749133,7.0,0.0
3902834476,25.0,4.0
3900094471,8.0,0.0
3906225866,1.0,0.0
3887841363,7.0,0.0
3898157577,23.0,3.0
3904089070,4.0,0.0
3905374690,4.0,0.0
3904589552,3.0,0.0
3902788330,11.0,0.0
3902364363,4.0,0.0
3884813096,6.0,0.0
3901938674,2.0,0.0
3905667655,4.0,0.0
3904099379,1.0,0.0
3901990328,4.0,0.0
3885109767,1.0,0.0
3885102348,2.0,0.0
3890890530,4.0,0.0
3901363610,5.0,0.0
3904511357,0.0,0.0
3901938740,4.0,0.0
3884442659,162.0,69.0
3904417873,5.0,0.0
3905344236,2.0,0.0
3902831452,52.0,7.0
3904366077,344.0,107.0
3902326843,4.0,0.0
3903852053,4.0,0.0
3903452857,39.0,1.0
3887497191,11.0,2.0
3906258143,4.0,0.0
3885812324,4.0,0.0
3902924721,7.0,2.0
3902735329,5.0,0.0
3904985880,5.0,0.0
3904392691,40.0,4.0
3901962466,4.0,0.0
3902349301,3.0,0.0
3904579484,4.0,0.0
3901391519,6.0,0.0
3906250481,4.0,0.0
3901468987,17.0,1.0
3900088285,11.0,0.0
3903443557,27.0,12.0
3905294880,4.0,0.0
3905214068,45.0,9.0
3888024778,2.0,0.0
3904417890,7.0,0.0
3905880938,3.0,0.0
3901938868,5.0,1.0
3904727388,5.0,0.0
3905251881,2.0,0.0
3891285339,5.0,0.0
3899534795,36.0,3.0
3904719782,5.0,0.0
3901669702,6.0,0.0
3887480257,41.0,3.0
3899538966,20.0,0.0
3890890247,4.0,0.0
3901975893,2.0,0.0
3905868292,4.0,0.0
3905378245,4.0,0.0
3884438370,45.0,1.0
3898166517,84.0,24.0
3900073699,10.0,1.0
3905853149,2.0,0.0
3902352296,3.0,0.0
3902754765,10.0,1.0
3899526266,34.0,7.0
3904386989,7.0,0.0
3895561449,4.0,0.0
3901943367,1.0,0.0
3903806405,2.0,0.0
3901988880,5.0,0.0
3898169113,38.0,5.0
3901695754,8.0,0.0
3899530389,19.0,2.0
3904051778,3.0,0.0
3901937219,0.0,0.0
3905337173,4.0,0.0
3888938169,5.0,0.0
3885101674,4.0,0.0
3898161179,2.0,0.0
3902917254,5.0,0.0
3899529896,133.0,37.0
3619548798,3.0,0.0
3895560402,4.0,0.0
3900072380,5.0,0.0
3903846056,5.0,0.0
3901389725,19.0,4.0
3905299160,1.0,0.0
3905290145,3.0,0.0
3905333079,2.0,0.0
3904418297,5.0,0.0
3891293159,4.0,0.0
3902730898,4.0,0.0
3904408939,6.0,0.0
3905292386,3.0,0.0
3889741249,6.0,0.0
3884431687,13.0,0.0
3904954540,8.0,0.0
3895843123,1.0,0.0
3905284919,3.0,0.0
3900977246,5.0,0.0
3884436199,6.0,0.0
3904931824,4.0,0.0
3894547043,3.0,0.0
3904993392,7.0,0.0
3904952670,3.0,0.0
3906095537,46.0,18.0
3903840407,3.0,0.0
3887871513,7.0,0.0
3901936936,3.0,0.0
3887718760,44.0,4.0
3894613718,8.0,0.0
3884829904,109.0,45.0
3905882189,3.0,0.0
3889711234,2.0,0.0
3905294858,3.0,0.0
3905312219,4.0,0.0
3901676175,131.0,53.0
3906075205,6.0,0.0
3905694474,2.0,0.0
3894585316,7.0,0.0
3904986765,12.0,1.0
3886883337,56.0,20.0
3903488376,7.0,1.0
3900079443,11.0,1.0
3906247541,2.0,0.0
3901689184,5.0,0.0
3905618741,2.0,0.0
3903811732,5.0,0.0
3901947450,3.0,0.0
3904567187,4.0,0.0
3904048672,2.0,0.0
3894944869,2.0,0.0
3902950518,7.0,1.0
3894545719,3.0,0.0
3903875841,5.0,0.0
3888824632,18.0,1.0
3904423135,13.0,0.0
3891087996,4.0,0.0
3887856944,10.0,0.0
3885858698,5.0,0.0
3888937935,10.0,1.0
3895598352,3.0,0.0
3904504104,5.0,0.0
3904069293,5.0,1.0
3905295539,3.0,0.0
3891079219,1.0,0.0
3900982789,13.0,2.0
3889237056,2.0,0.0
3905337184,5.0,0.0
3901378542,5.0,0.0
3903457652,9.0,0.0
3901990248,4.0,0.0
3903875950,4.0,0.0
3887889123,5.0,0.0
3902743014,106.0,14.0
3906092880,4.0,0.0
3902741930,6.0,0.0
3635916819,4.0,0.0
3902939031,9.0,0.0
3900963067,4.0,0.0
3901669713,5.0,0.0
3895562168,4.0,0.0
3906229349,3.0,0.0
3888025706,2.0,0.0
3905298465,4.0,0.0
3887877848,6.0,0.0
3901640302,19.0,0.0
3905240549,7.0,0.0
3891069788,3.0,0.0
3905314483,6.0,0.0
3898159498,19.0,1.0
3904990661,3.0,0.0
3887869535,8.0,0.0
3889286262,4.0,0.0
3901358535,20.0,2.0
3906259862,2.0,0.0
3888939629,4.0,0.0
3904422371,30.0,12.0
3901955527,5.0,0.0
3895807005,4.0,0.0
3904986496,5.0,0.0
3902752154,4.0,0.0
3901943437,2.0,0.0
3888953750,36.0,2.0
3900086029,4.0,0.0
3904994315,7.0,0.0
3904932435,17.0,1.0
3888489415,23.0,5.0
3900959311,12.0,1.0
3901636180,14.0,2.0
3900958994,61.0,3.0
3889151211,12.0,5.0
3904059851,4.0,0.0
3905671653,3.0,0.0
3903826119,4.0,0.0
3902757292,24.0,2.0
3901945184,4.0,0.0
3905332130,4.0,0.0
3901942735,3.0,0.0
3905691510,0.0,0.0
3891264662,2.0,0.0
3895536297,4.0,0.0
3905871914,3.0,0.0
3902865776,4.0,0.0
3905845129,2.0,0.0
3905254606,1.0,0.0
3901473928,15.0,3.0
3895513045,1.0,0.0
3887858270,6.0,0.0
3898160843,26.0,1.0
3901347375,5.0,1.0
3884810188,8.0,1.0
3900088340,36.0,0.0
3885809693,7.0,0.0
3900957881,24.0,1.0
3894618124,4.0,0.0
3895592698,3.0,0.0
3905340865,4.0,0.0
3905328913,4.0,0.0
3905305852,6.0,0.0
3900966156,2.0,0.0
3902338583,2.0,0.0
3901358876,5.0,0.0
3905255185,1.0,0.0
3902832246,6.0,0.0
3901621231,4.0,0.0
3905666540,4.0,0.0
3901355159,22.0,0.0
3902788625,9.0,2.0
3905325786,4.0,0.0
3894627666,4.0,0.0
3899521911,3.0,0.0
3904707220,3.0,0.0
3901945465,3.0,0.0
3888028056,2.0,0.0
3884898623,4.0,0.0
3906224299,3.0,0.0
3898167841,8.0,0.0
3905334759,4.0,0.0
3904990119,6.0,0.0
3906220977,4.0,0.0
3885107042,2.0,0.0
3884835382,5.0,0.0
3889716065,21.0,2.0
3905394171,3.0,0.0
3904973160,4.0,0.0
3885101313,3.0,0.0
3903432114,3.0,0.0
3905658371,2.0,0.0
3884433770,31.0,2.0
3887573896,6.0,0.0
3904361896,11.0,0.0
3906091591,11.0,1.0
3889126519,7.0,0.0
3889748247,5.0,0.0
3905255091,2.0,0.0
3904368587,14.0,0.0
3885101294,6.0,1.0
3895218986,4.0,0.0
3903470250,28.0,0.0
3904386593,11.0,0.0
3901948441,2.0,0.0
3905819008,2.0,0.0
3894207509,9.0,2.0
3904716184,3.0,0.0
3898159407,22.0,6.0
3903835059,0.0,0.0
3902924383,4.0,0.0
3895527825,2.0,0.0
3906229814,4.0,0.0
3906098071,8.0,0.0
3901955903,12.0,2.0
3887715311,8.0,0.0
3903850236,3.0,0.0
3901949396,3.0,0.0
3905311733,2.0,0.0
3904377351,3.0,0.0
3886449692,3.0,0.0
3888010124,5.0,0.0
3905397635,3.0,0.0
3884440113,2.0,0.0
3903874760,4.0,0.0
3903808961,5.0,0.0
3901477904,5.0,0.0
3887859037,6.0,0.0
3903874852,5.0,0.0
3886881951,11.0,1.0
3901980555,3.0,0.0
3902738339,7.0,1.0
3904947580,3.0,0.0
3895801438,2.0,0.0
3905308519,5.0,0.0
3905366939,8.0,0.0
3904576221,5.0,0.0
3900977385,24.0,5.0
3905331666,4.0,0.0
3901179367,21.0,1.0
3894859149,9.0,1.0
3904973158,25.0,0.0
3888940630,18.0,3.0
3904507049,76.0,25.0
3901341943,2.0,0.0
3905369175,3.0,0.0
3901347848,10.0,1.0
3827945924,15.0,3.0
3894225180,4.0,0.0
3904964385,351.0,168.0
3905337422,3.0,0.0
3906089460,14.0,0.0
3905334189,4.0,0.0
3905209214,3.0,0.0
3902864517,4.0,0.0
3889725530,6.0,0.0
3901983433,2.0,0.0
3901956985,3.0,0.0
3890889832,4.0,0.0
3894203605,2.0,0.0
3902342403,1.0,0.0
3885841011,6.0,0.0
3902328004,4.0,0.0
3901455740,4.0,0.0
3905340136,3.0,0.0
3905812864,2.0,0.0
3885391022,6.0,0.0
3904391576,4.0,0.0
3891270569,4.0,0.0
3901987067,3.0,0.0
3904387673,5.0,0.0
3905373817,5.0,0.0
3884427871,21.0,3.0
3895538868,11.0,0.0
3905696613,5.0,0.0
3905256239,3.0,0.0
3906253772,5.0,0.0
3898172186,48.0,14.0
3886440919,4.0,0.0
3888026471,2.0,0.0
3905305089,4.0,0.0
3904996025,6.0,0.0
3904701770,2.0,0.0
3905287954,4.0,0.0
3887895158,6.0,1.0
3906256202,4.0,0.0
3891073771,1.0,0.0
3904729445,5.0,0.0
3888940788,6.0,0.0
3902782729,2.0,0.0
3894900044,2.0,0.0
3904392670,6.0,0.0
3905239437,3.0,0.0
3886459967,5.0,0.0
3906250734,4.0,0.0
3904387370,11.0,0.0
3901667956,7.0,0.0
3905380153,5.0,0.0
3904923513,4.0,0.0
3889769800,54.0,6.0
3888024861,2.0,0.0
3885104130,4.0,0.0
3905295727,9.0,1.0
3904951080,9.0,1.0
3901945262,2.0,0.0
3898172291,8.0,0.0
3899535187,200.0,42.0
3901372744,5.0,1.0
3903837946,4.0,0.0
3906249336,4.0,0.0
3905333755,5.0,0.0
3900953302,14.0,0.0
3884430666,41.0,0.0
3901355316,38.0,10.0
3904082582,4.0,0.0
3903452077,4.0,0.0
3894267879,1.0,0.0
3902343434,2.0,0.0
3887881849,10.0,0.0
3901377050,14.0,1.0
3887103519,14.0,2.0
3901675800,5.0,0.0
3904039444,5.0,0.0
3905217461,15.0,2.0
3903476704,28.0,7.0
3901480444,4.0,0.0
3902827993,3.0,0.0
3904090644,0.0,0.0
3903475236,6.0,0.0
3888027124,2.0,0.0
3901937291,2.0,0.0
3901666454,5.0,0.0
3887581483,6.0,0.0
3898158569,39.0,5.0
3902925633,48.0,0.0
3906226682,3.0,0.0
3901376192,20.0,4.0
3905394393,3.0,0.0
3904371047,6.0,1.0
3902340782,3.0,0.0
3901697625,23.0,3.0
3895537808,4.0,0.0
3905284685,4.0,0.0
3884920090,5.0,0.0
3887481930,6.0,0.0
3904924958,7.0,0.0
3900978829,2.0,0.0
3903804245,3.0,0.0
3901355737,3.0,0.0
3905287506,7.0,0.0
3898173132,4.0,0.0
3905327638,4.0,0.0
3886460887,5.0,0.0
3904403797,17.0,0.0
3887580128,4.0,0.0
3887841105,5.0,0.0
3902939643,81.0,4.0
3894549771,4.0,0.0
3906231763,4.0,0.0
3900959525,11.0,0.0
3901356237,5.0,0.0
3905334761,4.0,0.0
3901967104,5.0,0.0
3905828805,2.0,0.0
3904723385,4.0,0.0
3905297902,4.0,0.0
3906233479,4.0,0.0
3905854561,4.0,0.0
3884445603,13.0,0.0
3901670669,44.0,6.0
3900953291,12.0,1.0
3906248809,3.0,0.0
3903451207,56.0,9.0
3894679274,4.0,0.0
3900973965,35.0,0.0
3887478687,6.0,0.0
3901962457,4.0,0.0
3904399541,10.0,0.0
3884439350,55.0,11.0
3900945112,3.0,0.0
3906225033,4.0,0.0
3906222720,2.0,0.0
3887909397,5.0,0.0
3905210539,7.0,0.0
3904986530,11.0,0.0
3901946153,3.0,0.0
3902351259,1.0,0.0
3901941926,8.0,1.0
3889738321,151.0,36.0
3900982560,5.0,0.0
3904371063,14.0,1.0
3904942134,30.0,10.0
3902921693,7.0,0.0
3898172268,8.0,0.0
3903872547,4.0,0.0
3884994027,4.0,0.0
3891273119,3.0,0.0
3901353175,7.0,0.0
3887865002,7.0,0.0
3901659883,10.0,0.0
3902359750,3.0,0.0
3885823655,12.0,1.0
3889284492,7.0,0.0
3901984722,4.0,0.0
3900081518,154.0,3.0
3901947133,4.0,1.0
3898163540,105.0,19.0
3894213778,1.0,0.0
3899533474,6.0,0.0
3901979183,5.0,0.0
3889721204,9.0,1.0
3894285177,3.0,0.0
3905335712,3.0,0.0
3887551903,4.0,0.0
3901958382,4.0,0.0
3901994732,3.0,0.0
3900067552,8.0,1.0
3902320909,3.0,0.0
3894873135,6.0,0.0
3905297688,4.0,0.0
3889288413,4.0,0.0
3887841218,9.0,0.0
3905286627,5.0,0.0
3903831175,3.0,0.0
3884914451,5.0,0.0
3900090313,26.0,2.0
3900948837,5.0,0.0
3904990640,10.0,0.0
3894272214,4.0,0.0
3905359771,3.0,0.0
3902791150,6.0,0.0
3904412333,13.0,0.0
3889295317,1.0,0.0
3888019775,5.0,0.0
3888021971,2.0,0.0
3904362210,27.0,6.0
3901941482,4.0,0.0
3888495882,10.0,0.0
3894275438,2.0,0.0
3902769211,24.0,2.0
3894933273,5.0,0.0
3902747970,6.0,0.0
3884436665,6.0,1.0
3904941902,8.0,0.0
3901472402,11.0,0.0
3901612740,2.0,0.0
3904098416,3.0,0.0
3901630990,25.0,4.0
3888826040,30.0,2.0
3895526448,5.0,0.0
3899528987,6.0,0.0
3900960664,8.0,1.0
3900977307,10.0,1.0
3891020070,7.0,0.0
3889738622,5.0,0.0
3905251456,2.0,0.0
3885830915,4.0,0.0
3887878570,6.0,0.0
3905863625,1.0,0.0
3886474936,38.0,4.0
3904506248,4.0,0.0
3903806863,2.0,0.0
3904395154,99.0,31.0
3903490931,3.0,0.0
3903845358,6.0,0.0
3887889784,6.0,0.0
3905257229,3.0,0.0
3904362340,16.0,3.0
3902862856,3.0,0.0
3887724173,51.0,3.0
3901697547,5.0,0.0
3904709908,3.0,0.0
3891249654,3.0,0.0
3904065019,4.0,0.0
3904729237,4.0,0.0
3887595493,31.0,5.0
3901979547,2.0,0.0
3904418315,5.0,0.0
3902364031,3.0,0.0
3904922798,6.0,0.0
3899527635,10.0,0.0
3891073387,1.0,0.0
3886836233,2.0,0.0
3901162401,3.0,0.0
3894870216,5.0,0.0
3903476337,5.0,0.0
3889434829,5.0,0.0
3902849220,4.0,0.0
3894281841,2.0,0.0
3888959292,5.0,0.0
3905851793,3.0,0.0
3889128523,6.0,0.0
3904989553,20.0,2.0
3900949694,9.0,1.0
3903430372,5.0,0.0
3904712004,3.0,0.0
3902759257,4.0,0.0
3889240459,2.0,0.0
3901366562,5.0,0.0
3905333869,4.0,0.0
3894996848,4.0,0.0
3889111743,5.0,0.0
3887910762,15.0,0.0
3895549515,5.0,0.0
3902340777,1.0,0.0
3905325843,4.0,0.0
3903882215,4.0,0.0
3905381062,4.0,0.0
3902908183,6.0,0.0
3898165261,56.0,12.0
3889745743,4.0,0.0
3886468200,4.0,0.0
3889725560,4.0,0.0
3895516844,5.0,0.0
3889731066,7.0,0.0
3886457192,4.0,0.0
3901669311,7.0,0.0
3904071566,2.0,0.0
3903884957,18.0,6.0
3894292950,4.0,0.0
3904427295,5.0,0.0
3905851172,2.0,0.0
3906250622,3.0,0.0
3889439275,4.0,0.0
3894277549,3.0,0.0
3905850967,2.0,0.0
3903802511,2.0,0.0
3904974155,6.0,0.0
3901976381,0.0,0.0
3888972908,5.0,0.0
3904930567,36.0,4.0
3904722385,4.0,0.0
3901362396,3.0,0.0
3904361676,4.0,0.0
3902309908,2.0,0.0
3903472503,3.0,0.0
3902772255,13.0,2.0
3903442980,9.0,0.0
3895807250,4.0,0.0
3884440290,6.0,0.0
3903423913,5.0,0.0
3887882925,9.0,0.0
3902752592,11.0,0.0
3888944895,4.0,0.0
3901987169,4.0,0.0
3901939552,14.0,0.0
3905221514,26.0,6.0
3889705326,22.0,0.0
3903842778,4.0,0.0
3903821412,5.0,0.0
3906223194,2.0,0.0
3894650089,5.0,0.0
3904925291,0.0,0.0
3889714487,21.0,2.0
3905696594,4.0,0.0
3902754645,7.0,0.0
3906236155,3.0,0.0
3905256251,0.0,0.0
3905208139,5.0,0.0
3885867883,4.0,0.0
3905368987,5.0,0.0
3898175296,23.0,3.0
3901696496,246.0,68.0
3884919514,9.0,0.0
3903874901,6.0,0.0
3904963832,5.0,0.0
3901944010,3.0,0.0
3905298981,4.0,0.0
3906228167,2.0,0.0
3902917722,2.0,0.0
3900079812,9.0,0.0
3902344882,5.0,0.0
3902304077,4.0,0.0
3902756373,5.0,0.0
3899930726,13.0,1.0
3901185083,7.0,0.0
3889753436,19.0,3.0
3904385830,3.0,0.0
3887578877,5.0,0.0
3906200147,45.0,1.0
3899529771,31.0,4.0
3895849271,2.0,0.0
3899539387,43.0,13.0
3887836714,10.0,1.0
3902754680,7.0,1.0
3900949706,13.0,4.0
3900942457,4.0,0.0
3906224935,3.0,0.0
3891280219,4.0,0.0
3885852896,6.0,0.0
3904408578,873.0,180.0
3904044068,2.0,0.0
3902786516,4.0,0.0
3887590325,5.0,0.0
3902753256,4.0,0.0
3903849287,4.0,0.0
3884431599,66.0,29.0
3902787533,4.0,0.0
3905202829,3.0,0.0
3889772445,14.0,0.0
3885835089,5.0,0.0
3901945573,3.0,0.0
3903812853,5.0,0.0
3902913751,8.0,0.0
3903840974,3.0,0.0
3903471503,3.0,0.0
3903475628,7.0,0.0
3906224262,4.0,0.0
3894892582,5.0,0.0
3901669995,6.0,0.0
3902305054,3.0,0.0
3903476539,37.0,16.0
3895219154,0.0,0.0
3905874769,2.0,0.0
3905692496,0.0,0.0
3891257342,3.0,0.0
3887575321,3.0,0.0
3901982014,3.0,1.0
3895555926,4.0,0.0
3891275514,4.0,0.0
3886452435,6.0,0.0
3887727014,7.0,2.0
3901957104,4.0,0.0
3901990391,4.0,0.0
3903889193,5.0,0.0
3905879789,3.0,0.0
3891285379,4.0,0.0
3899520859,14.0,7.0
3904504993,6.0,0.0
3904424088,4.0,0.0
3905336563,6.0,0.0
3898178314,10.0,2.0
3898157592,32.0,3.0
3888970996,10.0,0.0
3906069838,3.0,0.0
3902365620,4.0,0.0
3886472048,4.0,0.0
3906231374,4.0,0.0
3900981605,5.0,0.0
3904987241,8.0,0.0
3905212390,3.0,0.0
3900985074,39.0,1.0
3894871114,5.0,0.0
3884440397,6.0,0.0
3887839078,246.0,11.0
3885807314,5.0,0.0
3887861057,4.0,0.0
3902755331,48.0,5.0
3884440517,48.0,9.0
3889205320,4.0,0.0
3887868902,4.0,0.0
3891800518,6.0,0.0
3884990579,9.0,0.0
3905287915,2.0,0.0
3885855735,8.0,0.0
3903435487,25.0,4.0
3905295835,2.0,0.0
3906231377,0.0,0.0
3905254163,2.0,0.0
3901945217,5.0,0.0
3904960748,5.0,0.0
3903825847,3.0,0.0
3901958381,2.0,0.0
3901376040,33.0,6.0
3904381721,5.0,0.0
3903469659,4.0,0.0
3895524772,4.0,0.0
3894273962,3.0,0.0
3905312036,3.0,0.0
3901951063,3.0,0.0
3903851047,4.0,0.0
3905367304,3.0,0.0
3905315124,3.0,0.0
3902756217,8.0,0.0
3905288255,5.0,0.0
3902741081,17.0,0.0
3891081228,2.0,0.0
3844019967,2.0,0.0
3904934344,17.0,3.0
3901987954,4.0,0.0
3887101750,21.0,0.0
3891071919,3.0,0.0
3904424958,20.0,0.0
3901951205,2.0,0.0
3901988117,5.0,0.0
3894899318,3.0,0.0
3902782576,41.0,1.0
3906228706,4.0,0.0
3901379230,4.0,0.0
3903893639,5.0,0.0
3905206598,5.0,0.0
3904096015,2.0,0.0
3906201058,5.0,0.0
3889117129,5.0,0.0
3889114475,4.0,0.0
3905366870,4.0,0.0
3887700842,7.0,0.0
3904413070,18.0,2.0
3886896956,16.0,2.0
3884895789,2.0,0.0
3904057269,2.0,0.0
3901342664,5.0,0.0
3887473506,5.0,0.0
3905213114,4.0,0.0
3887919145,4.0,0.0
3864701312,2.0,0.0
3902354400,2.0,0.0
3898172313,18.0,1.0
3905342099,2.0,0.0
3904953625,25.0,0.0
3904405826,6.0,0.0
3901395868,0.0,0.0
3906082157,4.0,0.0
3905828148,2.0,0.0
3904995390,3.0,0.0
3898164321,104.0,9.0
3903870893,4.0,0.0
3905395136,2.0,0.0
3887840178,2.0,0.0
3901958441,4.0,0.0
3905346585,3.0,0.0
3906098505,3.0,0.0
3904411050,9.0,0.0
3905337577,4.0,0.0
3905856437,3.0,0.0
3891268780,4.0,0.0
3903876221,4.0,0.0
3887595619,6.0,0.0
3905297682,6.0,0.0
3903494861,2.0,0.0
3903814042,3.0,0.0
3898169674,22.0,4.0
3904940745,6.0,0.0
3906230248,4.0,0.0
3902829972,3.0,0.0
3887707709,10.0,0.0
3901373765,4.0,0.0
3885859406,5.0,0.0
3906074364,6.0,0.0
3886841165,3.0,0.0
3906249782,5.0,0.0
3902352471,6.0,0.0
3901963383,4.0,0.0
3889110047,6.0,0.0
3904578900,14.0,0.0
3887701348,15.0,3.0
3902737555,4.0,0.0
3901355855,12.0,0.0
3901958228,4.0,0.0
3890893474,14.0,1.0
3889430362,6.0,0.0
3901954658,5.0,0.0
3903453569,8.0,1.0
3902352079,2.0,0.0
3906093581,4.0,0.0
3905332852,4.0,0.0
3901959810,3.0,0.0
3902309272,2.0,0.0
3895599119,4.0,0.0
3889127500,6.0,0.0
3902344581,2.0,0.0
3886880461,39.0,4.0
3884914637,6.0,0.0
3902945494,15.0,4.0
3885807884,6.0,0.0
3895599737,3.0,0.0
3902345831,4.0,0.0
3901964488,3.0,0.0
3905824610,4.0,0.0
3904357884,6.0,0.0
3887914003,5.0,0.0
3887986454,4.0,0.0
3899527091,7.0,0.0
3900955228,38.0,7.0
3888417079,4.0,0.0
3898156687,8.0,3.0
3901636810,58.0,9.0
3905608583,2.0,0.0
3903480321,8.0,0.0
3903814097,4.0,0.0
3901370374,5.0,0.0
3901371243,4.0,0.0
3905837059,2.0,0.0
3901953546,6.0,0.0
3905218053,12.0,0.0
3891076747,2.0,0.0
3901659881,5.0,0.0
3902945493,6.0,0.0
3904361822,2.0,0.0
3904722929,4.0,0.0
3904953372,5.0,1.0
3902784177,41.0,3.0
3904707447,4.0,0.0
3887857605,7.0,0.0
3905246663,1.0,0.0
3902750935,6.0,0.0
3903874127,5.0,0.0
3906224550,2.0,0.0
3904973018,5.0,0.0
3902308328,2.0,0.0
3901986466,4.0,0.0
3890896746,2.0,0.0
3905640795,3.0,0.0
3895803148,17.0,3.0
3903435324,2.0,0.0
3887841148,1.0,0.0
3905881495,3.0,0.0
3904409733,19.0,1.0
3905330828,5.0,0.0
3905297192,4.0,0.0
3894282750,5.0,0.0
3884899279,2.0,0.0
3905328595,4.0,0.0
3905360693,4.0,0.0
3906090973,11.0,3.0
3893698414,6.0,0.0
3904948171,12.0,2.0
3901364205,3.0,0.0
3901984681,8.0,1.0
3889436384,3.0,0.0
3901638427,4.0,0.0
3903821958,6.0,0.0
3903871805,4.0,0.0
3905631876,2.0,0.0
3906251999,5.0,0.0
3889771351,166.0,88.0
3898164469,16.0,0.0
3905816176,2.0,0.0
3905371615,5.0,0.0
3905658339,2.0,0.0
3885106335,0.0,0.0
3901687689,6.0,0.0
3905288213,4.0,0.0
3901163015,5.0,0.0
3885106346,2.0,0.0
3902755326,4.0,0.0
3903471057,15.0,1.0
3902797531,5.0,0.0
3904384370,20.0,1.0
3901950890,3.0,0.0
3898160146,28.0,1.0
3891093267,4.0,0.0
3888820884,4.0,0.0
3906255261,5.0,0.0
3905335523,4.0,0.0
3906253093,4.0,0.0
3895805723,3.0,0.0
3886460380,34.0,7.0
3901936877,5.0,0.0
3887855712,6.0,0.0
3903459082,4.0,0.0
3905342044,4.0,0.0
3889176264,4.0,0.0
3905374030,3.0,0.0
3885810875,5.0,0.0
3904987659,3.0,0.0
3902735947,7.0,0.0
3904422410,6.0,0.0
3901395298,21.0,1.0
3898175070,48.0,5.0
3906254751,5.0,0.0
3903846007,3.0,0.0
3898170552,49.0,3.0
3903836805,5.0,0.0
3901935425,3.0,0.0
3891071332,3.0,0.0
3888944891,4.0,0.0
3884857507,4.0,0.0
3891284446,8.0,0.0
3902834420,16.0,1.0
3904940014,7.0,0.0
3904081153,6.0,0.0
3905373388,4.0,0.0
3894209769,4.0,0.0
3894416279,4.0,0.0
3902920370,24.0,7.0
3901358966,3.0,0.0
3902737961,8.0,1.0
3903844337,4.0,0.0
3905879754,3.0,0.0
3891255282,4.0,0.0
3894566356,5.0,0.0
3903471560,5.0,0.0
3906249442,4.0,0.0
3905857180,3.0,0.0
3905352475,4.0,0.0
3901454902,10.0,2.0
3886488100,14.0,0.0
3900082265,8.0,0.0
3888944319,4.0,0.0
3903829232,2.0,0.0
3905328872,4.0,0.0
3905305118,9.0,0.0
3900084114,17.0,0.0
3886452361,36.0,4.0
3901960756,3.0,0.0
3902348928,2.0,0.0
3887885953,6.0,0.0
3905334896,4.0,0.0
3902673950,33.0,0.0
3902948925,12.0,1.0
3891036614,3.0,0.0
3895818091,4.0,0.0
3903489992,5.0,0.0
3902841701,2.0,0.0
3894898279,0.0,0.0
3905305228,4.0,0.0
3901953897,5.0,0.0
3901390918,22.0,1.0
3900939944,5.0,0.0
3904719463,2.0,0.0
3888975102,5.0,0.0
3905325735,2.0,0.0
3901352749,4.0,0.0
3885812679,4.0,0.0
3903874396,5.0,0.0
3904385546,4.0,0.0
3904364922,15.0,5.0
3891278715,3.0,0.0
3902865842,4.0,0.0
3902780914,11.0,1.0
3904944737,4.0,0.0
3904504837,3.0,1.0
3905295944,2.0,0.0
3906253175,4.0,0.0
3904995853,7.0,0.0
3905277726,5.0,0.0
3901940257,2.0,0.0
3903874106,4.0,0.0
3902748632,3.0,0.0
3902396608,10.0,0.0
3905299403,4.0,0.0
3884443181,9.0,1.0
3900940898,10.0,3.0
3884822369,5.0,0.0
3902750028,8.0,0.0
3905289601,3.0,0.0
3903470729,19.0,2.0
3904928254,145.0,42.0
3901998411,5.0,0.0
3903876896,4.0,0.0
3895527289,4.0,0.0
3903473890,5.0,0.0
3895272601,3.0,0.0
3901656812,15.0,1.0
3894551200,4.0,0.0
3905255656,4.0,0.0
3901606041,17.0,2.0
3901673242,113.0,20.0
3902920265,6.0,0.0
3905693156,4.0,0.0
3903816383,2.0,0.0
3884832672,6.0,0.0
3899546005,12.0,0.0
3894869291,4.0,0.0
3901967312,4.0,0.0
3888972090,23.0,0.0
3901959618,7.0,0.0
3901942042,2.0,0.0
3904992474,7.0,0.0
3905368924,4.0,0.0
3902739938,4.0,0.0
3903876171,5.0,0.0
3903807553,2.0,0.0
3894618899,5.0,0.0
3901489253,18.0,1.0
3903472905,5.0,1.0
3888444670,4.0,0.0
3886481678,12.0,0.0
3905872982,3.0,0.0
3889487780,1.0,0.0
3884832790,5.0,0.0
3884428980,8.0,0.0
3889452364,4.0,0.0
3905331947,3.0,0.0
3904384903,7.0,0.0
3905298548,3.0,0.0
3887712103,5.0,0.0
3894900572,3.0,0.0
3895220176,4.0,0.0
3894297335,5.0,0.0
3906258527,2.0,0.0
3903806821,4.0,1.0
3902748633,6.0,0.0
3884917940,5.0,0.0
3905876974,0.0,0.0
3887575173,6.0,0.0
3899526404,4.0,1.0
3904572334,6.0,0.0
3887860423,5.0,0.0
3888943472,5.0,0.0
3904418387,4.0,0.0
3886868039,7.0,0.0
3905207360,3.0,0.0
3902783755,5.0,0.0
3904984719,3.0,0.0
3888029011,2.0,0.0
3901603198,7.0,1.0
3901801149,41.0,10.0
3904396330,7.0,0.0
3901939637,3.0,0.0
3891267046,7.0,1.0
3889446871,4.0,0.0
3891271515,6.0,0.0
3901346821,4.0,0.0
3904403817,6.0,0.0
3894681034,1.0,0.0
3905371910,5.0,0.0
3904945287,4.0,0.0
3902861952,2.0,0.0
3891271641,4.0,0.0
3902912666,5.0,0.0
3884915766,91.0,19.0
3905257305,0.0,0.0
3901954599,3.0,0.0
3895229001,0.0,0.0
3901945179,3.0,0.0
3905879756,1.0,0.0
3900075473,6.0,0.0
3905374313,3.0,0.0
3902785697,22.0,5.0
3905304457,7.0,0.0
3906224874,4.0,0.0
3898162081,6.0,0.0
3894676583,1.0,0.0
3901677783,20.0,0.0
3906083771,7.0,1.0
3894560343,3.0,0.0
3902951380,5.0,0.0
3902734885,4.0,0.0
3905301583,2.0,0.0
3903846376,4.0,0.0
3900963453,6.0,0.0
3888808011,163.0,67.0
3884803147,9.0,1.0
3891007074,3.0,0.0
3894549223,4.0,0.0
3905297937,4.0,0.0
3902865966,1.0,0.0
3882279550,2.0,0.0
3902732885,5.0,0.0
3904362237,5.0,0.0
3900080492,3.0,0.0
3906231107,3.0,0.0
3902809610,11.0,0.0
3902752057,10.0,0.0
3901372234,46.0,8.0
3891013609,2.0,0.0
3902783524,41.0,1.0
3903441687,15.0,2.0
3905397117,2.0,0.0
3904412999,5.0,0.0
3889179015,6.0,0.0
3901372764,4.0,0.0
3884497908,13.0,1.0
3903431777,7.0,0.0
3887904939,5.0,0.0
3886848115,7.0,0.0
3901944299,2.0,0.0
3902786483,14.0,0.0
3905827571,2.0,0.0
3894560792,3.0,0.0
3901987302,3.0,0.0
3905289402,5.0,0.0
3889748146,6.0,0.0
3906230667,3.0,0.0
3887880255,22.0,6.0
3891083082,3.0,0.0
3904995393,3.0,0.0
3895594807,2.0,0.0
3895555616,7.0,0.0
3904069826,5.0,0.0
3894209659,15.0,4.0
3905303434,4.0,0.0
3906230149,3.0,0.0
3904384988,7.0,0.0
3904711919,3.0,0.0
3901343906,4.0,0.0
3898156606,7.0,4.0
3905881017,3.0,0.0
3901941025,7.0,0.0
3902860964,2.0,0.0
3906254739,5.0,0.0
3894295270,4.0,0.0
3906074879,2.0,0.0
3905247588,4.0,0.0
3887998118,5.0,0.0
3903867909,1.0,0.0
3900941730,14.0,0.0
3903847509,2.0,0.0
3904778756,2.0,0.0
3903872382,4.0,0.0
3904577129,35.0,7.0
3904053952,3.0,0.0
3904964412,4.0,0.0
3900952075,3.0,0.0
3906076813,4.0,0.0
3895543351,5.0,0.0
3900961203,4.0,0.0
3903877804,4.0,0.0
3903847661,4.0,0.0
3895549323,4.0,0.0
3886215311,131.0,19.0
3905212055,4.0,0.0
3903826627,4.0,0.0
3886841246,2.0,0.0
3895570609,5.0,0.0
3886892718,16.0,4.0
3894680248,1.0,0.0
3891072517,4.0,0.0
3886893650,16.0,1.0
3906231674,2.0,0.0
3903472569,4.0,0.0
3891273825,5.0,0.0
3904405909,6.0,0.0
3894400126,4.0,0.0
3898172898,7.0,0.0
3904393667,5.0,0.0
3905287313,5.0,0.0
3904392603,5.0,0.0
3898167036,21.0,7.0
3902939226,5.0,0.0
3902836641,16.0,1.0
3887870885,5.0,0.0
3900964434,7.0,0.0
3901982681,0.0,0.0
3898167021,20.0,0.0
3889735880,6.0,0.0
3904086353,3.0,0.0
3904418826,5.0,0.0
3887580691,4.0,0.0
3901990073,3.0,0.0
3904366452,13.0,1.0
3895599271,6.0,0.0
3887864947,6.0,0.0
3904965018,15.0,1.0
3903476354,8.0,0.0
3901950316,2.0,0.0
3905876617,3.0,0.0
3904517018,4.0,0.0
3906258467,5.0,0.0
3904368373,6.0,0.0
3895514865,4.0,0.0
3894545838,4.0,0.0
3901341761,4.0,0.0
3905331363,4.0,0.0
3901349347,3.0,0.0
3901699117,5.0,0.0
3891297670,5.0,0.0
3885809518,4.0,0.0
3904986981,5.0,0.0
3901349295,10.0,1.0
3906099212,23.0,0.0
3900963393,9.0,1.0
3902357961,0.0,0.0
3901698121,7.0,0.0
3901377370,32.0,2.0
3900958564,6.0,0.0
3901952726,5.0,0.0
3902848057,1.0,0.0
3835324900,47.0,6.0
3904066063,1.0,0.0
3905887086,3.0,0.0
3904997864,4.0,0.0
3891250526,1.0,0.0
3903819043,4.0,0.0
3884438490,4.0,0.0
3894545530,4.0,0.0
3903452939,70.0,14.0
3884807487,6.0,0.0
3899536615,44.0,10.0
3887494717,8.0,0.0
3903477569,8.0,0.0
3903886801,5.0,0.0
3899528051,27.0,5.0
3905283695,3.0,0.0
3898168372,65.0,7.0
3905395460,5.0,0.0
3891076275,2.0,0.0
3905821586,2.0,0.0
3894603889,6.0,1.0
3903805110,4.0,0.0
3895813073,6.0,0.0
3902755723,4.0,0.0
3889417410,5.0,0.0
3903471515,4.0,0.0
3906090012,18.0,0.0
3901980673,3.0,0.0
3894211013,6.0,0.0
3905695048,5.0,0.0
3905884888,3.0,0.0
3895596704,4.0,0.0
3902746623,5.0,0.0
3901964618,3.0,0.0
3903826028,3.0,0.0
3903845879,4.0,0.0
3888411465,3.0,0.0
3894285757,3.0,0.0
3895234647,4.0,0.0
3886888563,29.0,6.0
3900948807,4.0,0.0
3902341891,3.0,0.0
3905338130,4.0,0.0
3905341062,2.0,0.0
3902316707,4.0,0.0
3900964031,18.0,4.0
3886884074,42.0,0.0
3903805726,2.0,0.0
3900984460,6.0,0.0
3904951415,19.0,1.0
3902312445,3.0,0.0
3906248768,4.0,0.0
3902836757,2.0,0.0
3902803346,30.0,12.0
3884437456,9.0,1.0
3889416431,5.0,0.0
3894565022,5.0,0.0
3901961306,9.0,2.0
3887876202,5.0,0.0
3895491368,4.0,0.0
3887839570,4.0,0.0
3885101748,2.0,0.0
3901353063,9.0,1.0
3895593836,5.0,0.0
3901993802,3.0,0.0
3904426909,4.0,0.0
3885807313,4.0,0.0
3902735397,7.0,0.0
3904364398,48.0,4.0
3895526464,4.0,0.0
3905801100,3.0,0.0
3903459792,21.0,2.0
3891807167,5.0,0.0
3902752677,6.0,0.0
3888031737,5.0,0.0
3884434981,10.0,0.0
3902316711,4.0,0.0
3895274534,4.0,0.0
3898165247,4.0,0.0
3889282733,7.0,0.0
3900093259,7.0,0.0
3906223481,5.0,0.0
3903846305,3.0,0.0
3900966257,10.0,0.0
3901553735,18.0,0.0
3904725128,3.0,0.0
3902911727,2.0,0.0
3884913832,10.0,1.0
3891263976,4.0,0.0
3904392638,78.0,23.0
3901169816,6.0,0.0
3904721986,4.0,0.0
3906226358,4.0,0.0
3905286353,2.0,0.0
3904986695,12.0,1.0
3901625829,35.0,16.0
3884819754,5.0,0.0
3905311205,4.0,0.0
3887940423,2.0,0.0
3888939840,9.0,2.0
3898161361,9.0,1.0
3902832708,5.0,0.0
3900970763,16.0,2.0
3904586505,22.0,9.0
3885111492,3.0,0.0
3905292682,5.0,0.0
3901939964,5.0,0.0
3901376462,10.0,1.0
3901365267,10.0,0.0
3895487647,3.0,0.0
3895867431,2.0,0.0
3905337171,3.0,0.0
3886839108,5.0,0.0
3905663721,4.0,0.0
3905358985,3.0,0.0
3905211090,2.0,0.0
3884444593,32.0,2.0
3889119985,4.0,0.0
3905334798,4.0,0.0
3886466156,4.0,0.0
3902953063,6.0,0.0
3906250574,4.0,0.0
3901901578,8.0,0.0
3884918380,3.0,0.0
3899517409,245.0,58.0
3891020611,4.0,0.0
3887487697,12.0,0.0
3904720717,2.0,0.0
3903471522,5.0,0.0
3886884293,41.0,15.0
3906082852,27.0,1.0
3894203599,3.0,0.0
3905207762,3.0,0.0
3906257190,2.0,0.0
3902867202,2.0,0.0
3898171698,40.0,11.0
3901677734,10.0,0.0
3884440092,3.0,0.0
3902755315,455.0,75.0
3895598798,3.0,0.0
3904981880,5.0,0.0
3906075906,4.0,0.0
3903817672,3.0,0.0
3906095668,24.0,2.0
3901463973,31.0,0.0
3903847429,3.0,0.0
3891077593,4.0,0.0
3894212402,4.0,0.0
3901679286,4.0,0.0
3884862095,7.0,0.0
3891089749,3.0,0.0
3901361578,25.0,8.0
3904419734,4.0,0.0
3898157827,9.0,0.0
3902368646,1.0,0.0
3905395339,4.0,0.0
3902807472,8.0,0.0
3905884193,3.0,0.0
3903873682,3.0,0.0
3895813797,3.0,0.0
3901940826,4.0,0.0
3887582456,9.0,0.0
3901395314,2.0,0.0
3905238398,2.0,0.0
3904411674,18.0,8.0
3899534676,37.0,12.0
3891069500,5.0,0.0
3884914271,6.0,0.0
3901986053,3.0,0.0
3886842318,4.0,0.0
3891073361,6.0,0.0
3905338779,4.0,0.0
3901374957,31.0,6.0
3884436258,4.0,0.0
3889767506,17.0,3.0
3884821957,11.0,2.0
3904366304,5.0,0.0
3900965069,6.0,0.0
3906259376,4.0,0.0
3904413620,19.0,5.0
3901373894,38.0,4.0
3887490335,28.0,7.0
3885104032,2.0,0.0
3902369567,3.0,0.0
3889415070,4.0,0.0
3894919970,2.0,0.0
3886218051,27.0,3.0
3900944120,21.0,1.0
3901987523,3.0,0.0
3905393593,3.0,0.0
3903875187,4.0,0.0
3902845333,5.0,1.0
3905343108,2.0,0.0
3903845884,5.0,0.0
3884434020,126.0,37.0
3848960304,12.0,0.0
3889709507,10.0,0.0
3904085734,4.0,0.0
3895524006,1.0,0.0
3906248338,4.0,0.0
3901937637,0.0,0.0
3905293216,4.0,0.0
3889427272,5.0,0.0
3894924915,0.0,0.0
3903832056,66.0,11.0
3895540457,1.0,0.0
3898175323,197.0,80.0
3898157607,643.0,268.0
3885107908,2.0,0.0
3904706371,2.0,0.0
3894950743,0.0,0.0
3901180080,5.0,0.0
3902952138,10.0,0.0
3903451024,43.0,11.0
3886449938,6.0,0.0
3898157745,34.0,1.0
3905299802,3.0,0.0
3901906850,1.0,0.0
3902919046,3.0,0.0
3887993579,4.0,0.0
3900954890,72.0,29.0
3662420217,0.0,0.0
3905854901,3.0,0.0
3901678013,5.0,0.0
3887858370,5.0,0.0
3895866492,1.0,0.0
3906251255,4.0,0.0
3905298285,2.0,0.0
3901932084,3.0,0.0
3901695728,20.0,1.0
3904577326,10.0,0.0
3901168755,15.0,3.0
3887869622,4.0,0.0
3902735463,9.0,0.0
3905371092,3.0,0.0
3902859897,3.0,0.0
3906228620,4.0,0.0
3905367052,4.0,0.0
3885811816,7.0,0.0
3904049992,4.0,0.0
3904389659,4.0,0.0
3888029021,2.0,0.0
3903433560,6.0,0.0
3887473220,8.0,1.0
3787839455,14.0,2.0
3904946376,5.0,0.0
3886887454,133.0,35.0
3902862923,7.0,1.0
3905325938,4.0,0.0
3898183034,170.0,29.0
3886452609,3.0,0.0
3903827231,4.0,0.0
3902866612,4.0,0.0
3902871024,2.0,0.0
3889462322,4.0,0.0
3905295575,3.0,0.0
3904368857,11.0,0.0
3901961570,2.0,0.0
3903820668,4.0,0.0
3902317672,2.0,0.0
3895541003,1.0,0.0
3891071625,1.0,0.0
3905683919,4.0,0.0
3904722442,3.0,0.0
3901989101,4.0,0.0
3885829518,4.0,0.0
3904715934,4.0,0.0
3894927468,4.0,0.0
3891266797,6.0,0.0
3901685711,194.0,50.0
3884934115,31.0,9.0
3904056038,4.0,0.0
3902347493,3.0,0.0
3901985278,4.0,0.0
3894298985,1.0,0.0
3885840300,5.0,0.0
3895546244,17.0,5.0
3902329000,4.0,0.0
3755323506,21.0,2.0
3903810032,2.0,0.0
3900941609,5.0,0.0
3884857008,15.0,2.0
3900941608,30.0,0.0
3888431953,6.0,0.0
3902356405,3.0,0.0
3904364415,30.0,3.0
3888451953,3.0,0.0
3887479477,3.0,0.0
3895563848,8.0,0.0
3902848481,3.0,0.0
3902349190,5.0,0.0
3906089954,3.0,0.0
3904959849,9.0,0.0
3906095543,6.0,0.0
3901982631,1.0,0.0
3904991723,5.0,0.0
3886838590,3.0,0.0
3900094264,11.0,0.0
3902867524,4.0,0.0
3903843269,7.0,0.0
3904366109,2372.0,107.0
3904413297,11.0,0.0
3900938943,10.0,0.0
3906249279,2.0,0.0
3895276028,4.0,0.0
3906221675,2.0,0.0
3900983482,5.0,0.0
3902926891,9.0,0.0
3900983348,4.0,0.0
3902808861,4.0,0.0
3894551547,4.0,0.0
3904396393,5.0,0.0
3899525265,47.0,0.0
3894991744,2.0,0.0
3901395290,5.0,2.0
3894287437,3.0,0.0
3895830232,3.0,0.0
3895813076,3.0,0.0
3891254073,4.0,0.0
3902349403,2.0,0.0
3905665584,4.0,0.0
3884804043,185.0,40.0
3902781487,28.0,6.0
3906265319,1.0,0.0
3905832220,3.0,0.0
3904390655,8.0,0.0
3905296555,2.0,0.0
3905868310,4.0,0.0
3902348604,0.0,0.0
3902358750,1.0,0.0
3901670718,11.0,0.0
3904569842,39.0,15.0
3905376620,6.0,0.0
3902782966,7.0,0.0
3889776148,48.0,10.0
3905347657,4.0,0.0
3901390911,7.0,0.0
3901350929,5.0,0.0
3902361034,3.0,0.0
3894545932,2.0,0.0
3902755327,4.0,0.0
3902347334,2.0,0.0
3903809532,4.0,0.0
3885858454,4.0,0.0
3904975082,20.0,5.0
3902955020,60.0,12.0
3904982958,4.0,0.0
3905328986,5.0,0.0
3901698530,6.0,0.0
3901354797,17.0,5.0
3895248757,1.0,0.0
3900964362,10.0,0.0
3904409642,3.0,0.0
3895865513,1.0,0.0
3902863821,2.0,0.0
3899527481,81.0,3.0
3902786393,7.0,0.0
3901378583,34.0,10.0
3901677445,4.0,0.0
3902833350,13.0,0.0
3901942309,2.0,0.0
3902864961,4.0,0.0
3902753543,31.0,2.0
3894297080,3.0,0.0
3905609678,1.0,0.0
3884822297,4.0,0.0
3903482440,6.0,0.0
3901649537,8.0,1.0
3903898031,4.0,0.0
3887835848,5.0,0.0
3904429456,10.0,1.0
3904392090,41.0,9.0
3895547176,4.0,0.0
3901377654,8.0,0.0
3891269687,4.0,0.0
3888029744,2.0,0.0
3904392457,4.0,0.0
3905839953,3.0,0.0
3904368093,32.0,2.0
3887892618,5.0,0.0
3887855710,7.0,0.0
3891041079,5.0,0.0
3905860161,3.0,0.0
3904713082,2.0,0.0
3904581349,7.0,0.0
3895516483,4.0,0.0
3886444682,4.0,0.0
3901989370,4.0,0.0
3887572840,4.0,0.0
3901372826,11.0,1.0
3902756684,8.0,1.0
3905870277,2.0,0.0
3884856544,7.0,0.0
3902763238,78.0,9.0
3891255634,10.0,4.0
3901949270,3.0,0.0
3905366004,3.0,0.0
3888935756,2.0,0.0
3904072605,3.0,0.0
3891836461,2.0,0.0
3895801443,2.0,0.0
3891072357,2.0,0.0
3904400902,6.0,1.0
3904989442,6.0,0.0
3905320208,3.0,0.0
3898162530,212.0,56.0
3904926451,8.0,0.0
3901178344,31.0,4.0
3898155802,33.0,1.0
3905337165,4.0,0.0
3901984289,3.0,0.0
3904092287,1.0,0.0
3902830702,10.0,0.0
3905311207,3.0,0.0
3902915476,11.0,0.0
3904428222,5.0,0.0
3904096779,4.0,0.0
3904951238,6.0,1.0
3902320485,4.0,0.0
3905364725,5.0,0.0
3887102731,2.0,0.0
3905363932,3.0,0.0
3901992291,7.0,2.0
3904042142,2.0,0.0
3902864548,3.0,0.0
3903887593,4.0,0.0
3903481129,25.0,0.0
3906085385,10.0,1.0
3902841678,3.0,0.0
3904423505,4.0,0.0
3906225154,4.0,0.0
3901982646,3.0,1.0
3901630201,4.0,0.0
3903867969,4.0,0.0
3901398801,5.0,0.0
3887845001,5.0,0.0
3901987330,4.0,0.0
3906258268,3.0,0.0
3902753181,5.0,0.0
3904726119,4.0,0.0
3900954425,19.0,1.0
3891015596,1.0,0.0
3904984858,5.0,0.0
3887997138,4.0,0.0
3904949761,41.0,2.0
3905357624,2.0,0.0
3904997211,4.0,0.0
3904960008,4.0,0.0
3887837922,4.0,0.0
3904703923,1.0,0.0
3904070609,4.0,0.0
3889295387,4.0,0.0
3904413072,6.0,0.0
3895204792,2.0,0.0
3887915705,4.0,0.0
3895598136,4.0,0.0
3906255282,3.0,0.0
3885822304,7.0,0.0
3903870900,4.0,0.0
3904359718,3.0,0.0
3895543115,2.0,0.0
3903485478,3.0,0.0
3888946378,5.0,0.0
3906233326,4.0,0.0
3900947511,5.0,0.0
3901957757,19.0,1.0
3900070472,5.0,0.0
3890895154,5.0,0.0
3903462698,24.0,13.0
3906233513,4.0,0.0
3905300792,5.0,0.0
3906099184,7.0,0.0
3905377475,4.0,0.0
3905667452,5.0,0.0
3904513101,1.0,0.0
3906084962,14.0,1.0
3894888768,2.0,0.0
3904988837,11.0,3.0
3904099310,4.0,1.0
3903816549,3.0,0.0
3903481171,5.0,0.0
3906091904,15.0,3.0
3904424984,5.0,0.0
3900077629,4.0,0.0
3902802246,5.0,0.0
3906250452,3.0,0.0
3901640232,15.0,2.0
3905852585,1.0,0.0
3895270915,3.0,0.0
3900941793,3.0,0.0
3887104565,10.0,1.0
3894283569,3.0,0.0
3903877135,4.0,0.0
3905869894,2.0,0.0
3898164173,23.0,1.0
3886820978,4.0,0.0
3886456906,14.0,2.0
3903473471,4.0,0.0
3905348626,4.0,0.0
3905234788,47.0,19.0
3901674074,10.0,0.0
3906232046,4.0,0.0
3901937917,4.0,0.0
3906226816,2.0,0.0
3903823752,5.0,0.0
3903809737,2.0,0.0
3905352117,4.0,0.0
3901696072,73.0,2.0
3889705630,17.0,0.0
3904510280,3.0,0.0
3902865233,3.0,0.0
3904509114,1.0,0.0
3905329575,4.0,0.0
3894214619,3.0,0.0
3900950648,29.0,3.0
3903814523,4.0,0.0
3884896493,1.0,0.0
3905293486,1.0,0.0
3884816812,9.0,1.0
3894890456,2.0,0.0
3884442424,5.0,0.0
3887496817,22.0,7.0
3894556426,3.0,0.0
3904391524,5.0,0.0
3902903527,2.0,1.0
3905258355,0.0,0.0
3884939469,302.0,44.0
3902369135,2.0,0.0
3884448485,98.0,40.0
3905207302,13.0,3.0
3889707900,11.0,2.0
3899531620,24.0,5.0
3884440143,3.0,0.0
3902742575,4.0,0.0
3902831539,39.0,6.0
3886836922,5.0,0.0
3898159310,71.0,32.0
3887870710,5.0,0.0
3905380051,4.0,0.0
3901634149,5.0,0.0
3902744018,9.0,2.0
3905239403,14.0,0.0
3884899422,2.0,0.0
3906220965,5.0,0.0
3904568031,3.0,0.0
3904420645,26.0,6.0
3903475880,6.0,0.0
3900943283,4.0,0.0
3904961107,4.0,0.0
3900079074,26.0,1.0
3891815276,1.0,0.0
3884440307,8.0,0.0
3901958358,2.0,0.0
3888945057,2.0,0.0
3901949079,2.0,0.0
3900075971,4.0,0.0
3905246685,4.0,0.0
3901397106,4.0,0.0
3902750766,4.0,0.0
3886461842,6.0,0.0
3904952412,19.0,4.0
3902800492,6.0,0.0
3901664326,6.0,0.0
3902356394,2.0,0.0
3901638896,4.0,0.0
3889419940,3.0,0.0
3889717689,6.0,0.0
3895808811,3.0,0.0
3905366542,4.0,0.0
3894924243,1.0,0.0
3894877672,2.0,0.0
3895539788,4.0,0.0
3901963364,4.0,0.0
3904393156,13.0,2.0
3903459065,4.0,0.0
3903469971,5.0,0.0
3905302706,4.0,0.0
3902860953,3.0,0.0
3905269925,2.0,0.0
3905283615,3.0,0.0
3900977333,41.0,0.0
3901938998,3.0,0.0
3891244876,1.0,0.0
3902756588,5.0,0.0
3904952707,6.0,0.0
3886446308,2.0,0.0
3901393068,120.0,30.0
3904406095,6.0,0.0
3900960597,55.0,0.0
3902883087,2.0,0.0
3901937901,2.0,0.0
3902790421,15.0,4.0
3905252142,3.0,0.0
3888953776,6.0,0.0
3901388739,37.0,4.0
3905852507,2.0,0.0
3903817420,2.0,0.0
3891288838,3.0,0.0
3904575426,9.0,0.0
3885100981,2.0,0.0
3904927042,7.0,0.0
3895216572,4.0,0.0
3890895287,7.0,2.0
3891084510,17.0,6.0
3889285842,5.0,0.0
3895808696,3.0,0.0
3904087641,1.0,0.0
3895541213,3.0,0.0
3906075907,5.0,0.0
3891070956,1.0,0.0
3901356452,51.0,1.0
3898162222,4.0,0.0
3887579312,3.0,0.0
3887573937,62.0,4.0
3903805644,4.0,0.0
3902352369,1.0,0.0
3906227614,3.0,0.0
3891006465,3.0,0.0
3891016623,2.0,0.0
3887586849,6.0,0.0
3895806379,5.0,0.0
3885821519,4.0,0.0
3903453784,28.0,3.0
3905238306,48.0,9.0
3889717528,10.0,0.0
3895557580,5.0,0.0
3904711041,3.0,0.0
3884818895,6.0,0.0
3904395183,4.0,0.0
3886476731,4.0,0.0
3903840811,2.0,0.0
3886886015,66.0,17.0
3906229726,4.0,0.0
3888808580,59.0,20.0
3894543933,4.0,0.0
3906259199,4.0,0.0
3886894644,52.0,2.0
3899523205,9.0,1.0
3885823563,6.0,0.0
3903466857,53.0,17.0
3904365662,44.0,0.0
3884855214,4.0,0.0
3901375854,6.0,0.0
3884437510,7.0,0.0
3887838190,5.0,0.0
3764329709,1.0,0.0
3903823513,2.0,0.0
3884435534,23.0,3.0
3895594497,5.0,0.0
3903849057,5.0,0.0
3905820379,0.0,0.0
3904946018,5.0,0.0
3887574625,5.0,0.0
3887884511,7.0,0.0
3901620051,52.0,0.0
3895826428,2.0,0.0
3887499066,7.0,0.0
3895827706,3.0,0.0
3888803724,7.0,0.0
3904367434,8.0,1.0
3901664804,52.0,18.0
3901947304,3.0,0.0
3903811877,3.0,0.0
3906252977,3.0,0.0
3901173057,4.0,0.0
3905393716,3.0,0.0
3887701518,7.0,1.0
3901938293,3.0,0.0
3884434148,15.0,3.0
3887479173,23.0,4.0
3901996396,4.0,0.0
3902865825,3.0,0.0
3902914629,6.0,0.0
3884989876,23.0,1.0
3901938883,4.0,0.0
3899526360,9.0,1.0
3905299732,5.0,0.0
3901954769,4.0,0.0
3903430565,12.0,0.0
3903843361,5.0,0.0
3889484819,6.0,0.0
3904391329,140.0,38.0
3905299812,1.0,0.0
3902863646,4.0,0.0
3904056932,4.0,0.0
3904366662,14.0,0.0
3891272477,6.0,1.0
3894660083,5.0,0.0
3906261765,2.0,0.0
3900942592,5.0,0.0
3888938719,4.0,0.0
3904947344,9.0,0.0
3886841498,4.0,0.0
3900988031,7.0,0.0
3889442585,4.0,0.0
3903823747,5.0,0.0
3901377433,27.0,2.0
3904390697,16.0,1.0
3901373712,16.0,5.0
3898174069,9.0,0.0
3903805612,4.0,1.0
3901176407,4.0,0.0
3904424978,5.0,0.0
3903838896,5.0,0.0
3884805949,8.0,0.0
3889759537,7.0,0.0
3902743182,33.0,1.0
3886949144,11.0,1.0
3905324567,5.0,0.0
3906255406,3.0,0.0
3904388393,14.0,0.0
3905282337,2.0,0.0
3887497886,80.0,6.0
3885811902,6.0,0.0
3903891087,3.0,0.0
3888037093,5.0,0.0
3906254713,1.0,0.0
3905692232,4.0,0.0
3888028978,3.0,0.0
3889256170,4.0,0.0
3903885290,4.0,0.0
3895538986,6.0,0.0
3901393934,6.0,0.0
3905667985,3.0,0.0
3886873795,4.0,0.0
3905307214,2.0,0.0
3906081231,50.0,17.0
3888026549,2.0,0.0
3884432577,5.0,0.0
3904365715,5.0,0.0
3885101852,2.0,0.0
3891003813,2.0,0.0
3902341309,2.0,0.0
3901982994,5.0,0.0
3903884648,5.0,0.0
3902919024,6.0,0.0
3895485790,5.0,0.0
3887577262,4.0,0.0
3905291501,6.0,0.0
3887494432,29.0,3.0
3901937347,1.0,0.0
3891080275,3.0,0.0
3884437686,16.0,1.0
3900081340,4.0,0.0
3889772906,7.0,0.0
3891012935,2.0,0.0
3901377547,5.0,0.0
3904715848,2.0,0.0
3906224895,4.0,0.0
3901960828,14.0,0.0
3905327581,2.0,0.0
3899543184,23.0,3.0
3887724094,9.0,0.0
3901950035,3.0,0.0
3906256382,3.0,0.0
3901369648,8.0,0.0
3901965004,2.0,0.0
3884847279,5.0,0.0
3905376344,5.0,0.0
3887478459,7.0,0.0
3904994062,10.0,0.0
3901963637,9.0,1.0
3888002408,4.0,0.0
3900960283,7.0,0.0
3904388247,421.0,81.0
3900951294,4.0,0.0
3904510281,2.0,0.0
3887851777,11.0,1.0
3898164931,27.0,3.0
3891078531,3.0,0.0
3901938506,4.0,0.0
3888998577,5.0,0.0
3900981799,5.0,0.0
3885805695,11.0,0.0
3901176193,4.0,0.0
3903826417,3.0,0.0
3902351889,3.0,0.0
3906256532,4.0,0.0
3905846996,1.0,0.0
3884840989,5.0,0.0
3902742171,4.0,0.0
3898183167,102.0,26.0
3904079869,4.0,0.0
3906089989,6.0,0.0
3900939856,5.0,0.0
3906224265,4.0,0.0
3901950306,5.0,0.0
3895526133,4.0,0.0
3888955618,5.0,0.0
3900067214,5.0,0.0
3895529087,4.0,0.0
3904923061,6.0,0.0
3903823079,3.0,0.0
3905608591,2.0,0.0
3901938739,4.0,0.0
3884435954,8.0,4.0
3905690140,4.0,0.0
3902782921,52.0,14.0
3886200603,7.0,0.0
3904425264,7.0,0.0
3904415914,89.0,19.0
3904987266,4.0,0.0
3854137450,22.0,1.0
3901364174,20.0,0.0
3905370187,4.0,0.0
3904391030,9.0,0.0
3905343992,2.0,0.0
3900942524,14.0,0.0
3884926211,6.0,0.0
3901961591,4.0,0.0
3906237986,4.0,0.0
3903810836,4.0,0.0
3902924086,6.0,0.0
3901388256,3.0,0.0
3884429852,4.0,0.0
3900966083,5.0,0.0
3901454826,22.0,0.0
3885114225,4.0,0.0
3904510164,3.0,0.0
3901379202,6.0,0.0
3901984300,4.0,0.0
3901957457,29.0,6.0
3906228964,3.0,0.0
3900943147,4.0,0.0
3904934909,9.0,0.0
3905298038,3.0,0.0
3905820435,2.0,0.0
3901356199,59.0,10.0
3899521364,7.0,0.0
3905393441,4.0,0.0
3901960702,5.0,0.0
3906260154,4.0,0.0
3889209883,2.0,0.0
3903841872,3.0,0.0
3889742996,4.0,0.0
3904504879,3.0,0.0
3895275348,4.0,0.0
1586552873,2.0,0.0
3885103601,2.0,0.0
3900961459,6.0,0.0
3904368280,20.0,0.0
3894413737,6.0,0.0
3903472581,4.0,0.0
3894660339,3.0,0.0
3903849191,6.0,0.0
3889277893,4.0,0.0
3901673726,7.0,0.0
3901938262,0.0,0.0
3895803717,4.0,0.0
3904953934,5.0,0.0
3891071631,4.0,0.0
3902865869,4.0,0.0
3905829073,4.0,0.0
3891073557,0.0,0.0
3889749113,18.0,5.0
3902869113,4.0,0.0
3891283841,4.0,0.0
3902808373,11.0,2.0
3903475374,4.0,0.0
3887871326,7.0,0.0
3905341047,4.0,0.0
3902862995,4.0,0.0
3884893121,7.0,0.0
3906252903,4.0,0.0
3904431636,25.0,2.0
3902355809,4.0,0.0
3905208568,4.0,0.0
3894400094,2.0,0.0
3902326929,4.0,0.0
3904387663,258.0,34.0
3901391872,5.0,0.0
3901654486,76.0,3.0
3904377786,7.0,0.0
3884818257,6.0,0.0
3904069310,4.0,0.0
3887713604,10.0,1.0
3905873694,0.0,0.0
3888024824,2.0,0.0
3900960520,8.0,0.0
3886892068,35.0,0.0
3906250569,4.0,0.0
3885809468,4.0,0.0
3905882432,2.0,0.0
3886836887,4.0,0.0
3889748174,5.0,0.0
3900952341,5.0,0.0
3899532745,42.0,13.0
3904380763,9.0,0.0
3887498520,5.0,0.0
3901378179,22.0,9.0
3905879176,2.0,0.0
3890876705,3.0,1.0
3905292352,4.0,0.0
3905285225,4.0,0.0
3887703098,5.0,0.0
3906227856,1.0,0.0
3904379945,3.0,0.0
3902332069,4.0,0.0
3903847194,3.0,0.0
3901943593,4.0,0.0
3901476719,6.0,0.0
3905367765,4.0,0.0
3901696461,463.0,124.0
3905840265,6.0,0.0
3904084746,4.0,0.0
3902845210,1.0,0.0
3901957830,3.0,0.0
3885838138,6.0,0.0
3888489751,42.0,3.0
3903473031,28.0,3.0
3904942771,4.0,0.0
3894897642,4.0,1.0
3898169557,71.0,21.0
3901668997,9.0,0.0
3905305834,3.0,0.0
3891079369,3.0,0.0
3885865461,4.0,0.0
3898179121,4.0,0.0
3903836711,4.0,0.0
3905290874,4.0,0.0
3901668733,11.0,1.0
3903441937,801.0,354.0
3901177791,19.0,3.0
3898165459,54.0,19.0
3904581969,28.0,3.0
3906259166,4.0,0.0
3887473146,6.0,0.0
3902865518,1.0,0.0
3884935214,55.0,3.0
3894203817,5.0,0.0
3902340793,3.0,0.0
3888026564,3.0,0.0
3900074466,26.0,8.0
3887887879,9.0,0.0
3904916812,4.0,0.0
3904399370,13.0,0.0
3884435265,11.0,0.0
3889283255,3.0,0.0
3894905735,2.0,0.0
3906258042,4.0,0.0
3901985464,5.0,0.0
3902735172,5.0,0.0
3906093236,23.0,6.0
3902371340,3.0,0.0
3887879080,5.0,0.0
3900940909,2.0,0.0
3889100684,4.0,0.0
3904938457,11.0,0.0
3900083486,6.0,0.0
3902780039,9.0,0.0
3886897665,13.0,0.0
3901982357,1.0,0.0
3903847292,4.0,0.0
3894277203,2.0,0.0
3884932385,6.0,0.0
3905663999,5.0,0.0
3885808398,8.0,0.0
3905397645,3.0,0.0
3906221992,5.0,0.0
3889126606,4.0,0.0
3895595514,6.0,0.0
3903467850,3.0,0.0
3887842016,3.0,0.0
3890898200,3.0,0.0
3901347421,36.0,16.0
3884868815,4.0,0.0
3899527837,5.0,0.0
3905334555,4.0,0.0
3885114064,4.0,0.0
3905396570,4.0,0.0
3901355368,162.0,34.0
3901349300,4.0,0.0
3903455860,11.0,0.0
3902802993,5.0,0.0
3905333641,6.0,1.0
3904418336,5.0,0.0
3903813030,4.0,0.0
3904724759,2.0,0.0
3905335178,4.0,0.0
3902863987,2.0,0.0
3901181648,12.0,1.0
3901939973,4.0,0.0
3900958917,5.0,0.0
3905293512,3.0,0.0
3906228915,3.0,0.0
3900965101,3.0,0.0
3902370668,4.0,0.0
3906220980,3.0,0.0
3901976924,2.0,0.0
3904365456,57.0,7.0
3905633521,4.0,0.0
3901177422,5.0,0.0
3901693880,11.0,0.0
3902349760,3.0,0.0
3894211004,5.0,0.0
3891098097,9.0,1.0
3895271764,2.0,0.0
3903842890,4.0,0.0
3901662560,10.0,0.0
3905646851,2.0,0.0
3904420268,4.0,0.0
3904387380,65.0,16.0
3901177503,10.0,1.0
3905295741,3.0,0.0
3905865293,3.0,0.0
3903469978,4.0,0.0
3904430436,4.0,0.0
3903472866,9.0,1.0
3889756715,27.0,10.0
3887704942,40.0,9.0
3904425790,7.0,1.0
3902738635,6.0,0.0
3905863865,3.0,0.0
3904094267,2.0,0.0
3901939030,1.0,0.0
3894577592,6.0,0.0
3905301571,8.0,0.0
3905854409,5.0,0.0
3904396237,7.0,0.0
3906201051,6.0,0.0
3884438357,9.0,3.0
3894220009,0.0,0.0
3903844419,5.0,0.0
3905371509,2.0,0.0
3902363091,3.0,0.0
3895531567,4.0,0.0
3901395018,5.0,0.0
3887885656,6.0,0.0
3904391762,16.0,2.0
3900072803,4.0,0.0
3902369728,1.0,0.0
3900953063,10.0,1.0
3901668879,8.0,0.0
3905284701,5.0,0.0
3901376596,19.0,2.0
3902304260,1.0,0.0
3885809673,5.0,0.0
3903826562,4.0,0.0
3905367305,4.0,0.0
3905300322,5.0,0.0
3895800453,2.0,0.0
3888944113,5.0,0.0
3905255117,2.0,0.0
3904965007,3.0,0.0
3901351125,13.0,1.0
3905326681,2.0,0.0
3902806593,20.0,5.0
3898175460,8.0,0.0
3895597875,0.0,0.0
3905293213,20.0,3.0
3885839059,7.0,0.0
3900945480,14.0,1.0
3904388612,5.0,0.0
3901936678,3.0,0.0
3901942991,3.0,0.0
3905377008,3.0,0.0
3903477017,2.0,0.0
3901955955,4.0,0.0
3889771110,18.0,3.0
3901657166,24.0,7.0
3906092702,11.0,0.0
3902342627,2.0,0.0
3889704155,4.0,0.0
3900959714,10.0,0.0
3906221806,4.0,0.0
3895556580,5.0,0.0
3891289532,3.0,0.0
3905884344,2.0,0.0
3902348741,4.0,0.0
3904988916,6.0,0.0
3905241545,4.0,0.0
3902750134,6.0,0.0
3905297430,4.0,0.0
3904403320,69.0,11.0
3889739178,5.0,0.0
3901671608,17.0,5.0
3886456194,5.0,0.0
3900950029,8.0,0.0
3902863803,4.0,0.0
3901938685,1.0,0.0
3891276367,4.0,0.0
3905852627,10.0,3.0
3902867551,4.0,0.0
3904413642,4.0,0.0
3904991099,5.0,0.0
3902354410,30.0,0.0
3888026562,1.0,0.0
3895216826,2.0,0.0
3905850505,3.0,0.0
3887873017,7.0,0.0
3887861055,12.0,0.0
3905252509,2.0,0.0
3891276175,3.0,0.0
3904065180,4.0,0.0
3901394579,7.0,0.0
3894283673,4.0,0.0
3895538874,5.0,0.0
3904710092,4.0,0.0
3894873308,4.0,0.0
3903473826,8.0,0.0
3887935718,5.0,0.0
3904418832,7.0,0.0
3901348080,6.0,0.0
3904390363,4.0,0.0
3886832824,4.0,0.0
3895591728,5.0,0.0
3894558969,8.0,0.0
3906230533,4.0,0.0
3900069563,11.0,0.0
3902828885,33.0,3.0
3886444841,5.0,0.0
3900959904,22.0,1.0
3895805471,6.0,0.0
3884429663,4.0,0.0
3902874414,3.0,0.0
3902808330,4.0,0.0
3904719459,4.0,0.0
3903832637,4.0,0.0
3894924920,4.0,0.0
3905300123,3.0,0.0
3894630725,3.0,0.0
3902363160,0.0,0.0
3895816146,5.0,0.0
3904986375,5.0,0.0
3901944523,3.0,0.0
3905303804,3.0,0.0
3885866323,5.0,0.0
3904586136,4.0,0.0
3888944268,6.0,0.0
3901992459,21.0,2.0
3887711431,45.0,1.0
3905854559,2.0,0.0
3905205612,3.0,0.0
3900977761,4.0,0.0
3903841736,4.0,0.0
3905663742,4.0,0.0
3901942096,2.0,0.0
3904398749,20.0,2.0
3906222600,3.0,0.0
3887578605,28.0,3.0
3894942948,2.0,0.0
3887491220,5.0,0.0
3906226393,2.0,0.0
3902325205,4.0,0.0
3903843140,4.0,0.0
3901182461,4.0,0.0
3902829506,12.0,2.0
3901345508,3.0,0.0
3905871211,4.0,0.0
3904583378,4.0,0.0
3901965290,4.0,0.0
3902787335,23.0,5.0
3905886173,1.0,0.0
3901936918,3.0,0.0
3891070768,3.0,0.0
3901966258,5.0,0.0
3888000707,7.0,0.0
3905636618,4.0,0.0
3904385426,5.0,0.0
3903886298,5.0,0.0
3905288097,6.0,0.0
3901927034,1.0,0.0
3903494723,4.0,0.0
3905329537,4.0,0.0
3884843763,11.0,0.0
3904727426,3.0,0.0
3905379185,4.0,0.0
3901966322,5.0,0.0
3905874938,2.0,0.0
3900098086,44.0,9.0
3904704805,3.0,0.0
3902361285,2.0,0.0
3904720112,5.0,0.0
3904062829,5.0,0.0
3904700948,3.0,0.0
3906236303,4.0,0.0
3888000362,9.0,0.0
3895552082,6.0,0.0
3906253798,2.0,0.0
3905297336,3.0,0.0
3904416949,5.0,0.0
3900955095,21.0,4.0
3894891702,4.0,1.0
3901365198,7.0,0.0
3901964479,4.0,0.0
3887723240,13.0,0.0
3903430577,4.0,0.0
3904938832,3.0,0.0
3906255209,4.0,0.0
3901984718,5.0,0.0
3887589805,4.0,0.0
3904420138,8.0,0.0
3887881251,10.0,0.0
3886448028,4.0,0.0
3901690922,13.0,1.0
3887714036,20.0,2.0
3894200755,7.0,0.0
3905371114,5.0,0.0
3894562468,4.0,0.0
3900942616,17.0,1.0
3903491154,10.0,0.0
3900977811,33.0,3.0
3890889819,8.0,2.0
3886447020,2.0,0.0
3894626775,6.0,0.0
3905337508,4.0,0.0
3901378444,6.0,0.0
3901996670,4.0,0.0
3905375135,4.0,0.0
3906094223,62.0,6.0
3902747647,8.0,0.0
3895804191,5.0,0.0
3899523580,17.0,0.0
3903431195,4.0,0.0
3902846325,0.0,0.0
3901376421,23.0,6.0
3902834165,40.0,10.0
3905855152,2.0,0.0
3899532350,3.0,0.0
3889753962,6.0,0.0
3905871776,3.0,0.0
3887496317,10.0,0.0
3903476216,104.0,8.0
3902901804,7.0,0.0
3906250794,4.0,0.0
3887884060,6.0,0.0
3901623082,20.0,0.0
3901637392,64.0,6.0
3905332639,2.0,0.0
3901458025,112.0,9.0
3902945252,9.0,1.0
3903482570,18.0,10.0
3898171587,63.0,16.0
3898156471,15.0,2.0
3905399284,4.0,0.0
3904725280,4.0,0.0
3904385266,6.0,0.0
3905329147,2.0,0.0
3901353398,29.0,2.0
3904963187,2.0,0.0
3888807073,75.0,10.0
3904969596,4.0,0.0
3902867489,2.0,0.0
3905847067,1.0,0.0
3885816386,4.0,0.0
3895514861,4.0,0.0
3887875140,6.0,0.0
3885112525,2.0,0.0
3885806700,9.0,0.0
3900959313,27.0,0.0
3888032441,1.0,0.0
3901999769,4.0,0.0
3905331742,2.0,0.0
3884910761,4.0,0.0
3901939368,7.0,1.0
3900959938,60.0,4.0
3903472231,7.0,0.0
3888010221,8.0,0.0
3906089911,3.0,0.0
3895866009,1.0,0.0
3905683945,4.0,0.0
3887589865,4.0,0.0
3904394075,2.0,0.0
3905623077,2.0,0.0
3904384651,35.0,1.0
3904390173,7.0,0.0
3902747450,33.0,2.0
3904376996,4.0,0.0
3895490594,1.0,0.0
3887493973,28.0,1.0
3902867608,4.0,0.0
3903457103,3.0,0.0
3901939597,3.0,0.0
3884438894,26.0,1.0
3905228075,2.0,0.0
3905644966,2.0,0.0
3905860625,1.0,0.0
3901174894,7.0,0.0
3902353819,4.0,0.0
3904980851,7.0,0.0
3894610659,8.0,0.0
3886447854,4.0,0.0
3902954784,15.0,0.0
3902869232,4.0,0.0
3901631901,11.0,0.0
3887869634,4.0,0.0
3894544716,4.0,0.0
3904362150,2.0,0.0
3904955252,12.0,2.0
3904985895,7.0,0.0
3886893763,12.0,2.0
3903878213,4.0,0.0
3905372271,4.0,0.0
3890893438,19.0,0.0
3885109641,2.0,0.0
3900081442,23.0,3.0
3887905200,7.0,0.0
3901482268,8.0,0.0
3904396245,4.0,0.0
3904709551,4.0,0.0
3888967744,4.0,0.0
3889415367,0.0,0.0
3901694202,10.0,0.0
3888801827,25.0,1.0
3901978822,1.0,0.0
3904374223,20.0,0.0
3905307808,3.0,0.0
3904950838,11.0,0.0
3905289413,3.0,0.0
3884439562,24.0,5.0
3902877555,2.0,0.0
3903425834,5.0,0.0
3904393259,10.0,0.0
3901675025,6.0,0.0
3904367848,8.0,1.0
3903469487,6.0,0.0
3905211266,5.0,0.0
3901391086,16.0,0.0
3898171948,22.0,0.0
3891271607,3.0,0.0
3895559592,9.0,0.0
3895848086,2.0,0.0
3901672668,196.0,50.0
3905290863,4.0,0.0
3903469923,3.0,0.0
3890892483,1.0,0.0
3901942134,1.0,0.0
3905298036,3.0,0.0
3889111058,7.0,0.0
3905333661,2.0,0.0
3887835948,4.0,0.0
3890895315,0.0,0.0
3895537883,4.0,0.0
3900947017,9.0,2.0
3886217111,7.0,1.0
3894968510,4.0,0.0
3887498728,16.0,1.0
3898165934,28.0,2.0
3887882060,10.0,0.0
3904944018,10.0,0.0
3884805175,11.0,0.0
3903843102,6.0,0.0
3902756460,2.0,0.0
3888495844,5.0,0.0
3884852849,5.0,0.0
3906253316,5.0,0.0
3869413340,57.0,14.0
3894583759,4.0,0.0
3887493234,6.0,0.0
3904951009,9.0,1.0
3889499727,3.0,0.0
3884438768,11.0,0.0
3904999672,26.0,1.0
3902754577,4.0,0.0
3902744937,9.0,1.0
3901362966,2.0,0.0
3902944216,5.0,0.0
3904365734,6.0,0.0
3901942135,7.0,0.0
3901987405,5.0,0.0
3901689943,2.0,0.0
3903814039,4.0,0.0
3888960154,4.0,0.0
3898176352,15.0,0.0
3906252831,5.0,0.0
3904380816,4.0,0.0
3901959877,3.0,0.0
3905207307,1408.0,61.0
3898166727,156.0,9.0
3906238093,4.0,0.0
3902811539,8.0,1.0
3905823746,2.0,0.0
3905874009,3.0,1.0
3905866844,3.0,0.0
3905851273,4.0,0.0
3902699544,10.0,0.0
3888949394,4.0,0.0
3894574061,5.0,0.0
3905299446,4.0,0.0
3886463722,5.0,0.0
3895557285,3.0,0.0
3902866341,2.0,0.0
3886897039,26.0,2.0
3901986713,4.0,0.0
3906225593,4.0,0.0
3901959668,9.0,1.0
3904078215,5.0,0.0
3904990239,21.0,0.0
3903839414,4.0,0.0
3904365483,6.0,0.0
3901351909,9.0,1.0
3905356758,4.0,0.0
3904574866,4.0,0.0
3901160488,4.0,0.0
3905321122,2.0,0.0
3895221265,3.0,0.0
3904410343,64.0,10.0
3904995862,14.0,2.0
3905311203,1.0,0.0
3887993602,4.0,0.0
3901939264,6.0,1.0
3888025714,2.0,0.0
3904404498,9.0,0.0
3906080350,8.0,0.0
3904725023,4.0,0.0
3905330854,4.0,0.0
3901455593,23.0,1.0
3905380158,5.0,0.0
3884853512,6.0,0.0
3902752877,5.0,0.0
3887892038,16.0,2.0
3885805690,4.0,0.0
3904503098,3.0,0.0
3905662907,4.0,0.0
3905333899,4.0,0.0
3905339606,2.0,0.0
3902396607,1.0,0.0
3901692989,9.0,2.0
3894283124,1.0,0.0
3884811972,7.0,0.0
3906252358,4.0,0.0
3905324768,2.0,0.0
3898172297,118.0,0.0
3901358612,19.0,3.0
3885826692,9.0,0.0
3887467939,2.0,0.0
3905363192,4.0,0.0
3901672200,25.0,2.0
3902866718,1.0,0.0
3905329136,2.0,0.0
3905344070,4.0,0.0
3906097162,2.0,0.0
3901942861,3.0,0.0
3905374009,4.0,0.0
3888999807,4.0,0.0
3901990811,3.0,0.0
3895535252,3.0,0.0
3904431426,7.0,0.0
3888015109,5.0,0.0
3895250495,1.0,0.0
3905841614,2.0,0.0
3906222769,2.0,0.0
3902843828,1.0,0.0
3901963384,4.0,0.0
3902841941,2.0,0.0
3887862154,7.0,0.0
3904382359,7.0,0.0
3901985720,4.0,0.0
3885854666,5.0,0.0
3902747497,13.0,1.0
3905332656,3.0,0.0
3904990962,3.0,0.0
3903449123,4.0,0.0
3904957058,13.0,0.0
3906256510,3.0,0.0
3902362338,4.0,0.0
3891092574,6.0,0.0
3902751248,4.0,0.0
3884444613,5.0,0.0
3900073698,4.0,0.0
3902862857,4.0,0.0
3894400253,4.0,0.0
3901350370,4.0,0.0
3894847770,5.0,0.0
3904092366,2.0,0.0
3898162140,3.0,0.0
3894548753,1.0,0.0
3894952136,4.0,0.0
3901377116,10.0,1.0
3887831945,9.0,1.0
3888940723,4.0,0.0
3895251446,9.0,0.0
3884433568,94.0,10.0
3894659432,3.0,0.0
3902916652,5.0,0.0
3902838684,3.0,0.0
3901374647,71.0,14.0
3906238234,2.0,0.0
3904720672,4.0,0.0
3905844673,2.0,0.0
3905841229,3.0,0.0
3889732520,5.0,0.0
3901348442,6.0,0.0
3905355984,4.0,0.0
3898177281,154.0,57.0
3888011135,6.0,0.0
3886884629,29.0,1.0
3901966502,4.0,0.0
3902737344,3.0,0.0
3903442981,5.0,0.0
3885102484,2.0,0.0
3898165150,21.0,2.0
3887865314,5.0,0.0
3905327521,4.0,0.0
3906262691,1.0,0.0
3906259222,4.0,0.0
3889122912,4.0,0.0
3902745902,12.0,4.0
3904388626,5.0,0.0
3888418019,4.0,0.0
3894548180,3.0,0.0
3901344575,26.0,6.0
3895562146,89.0,16.0
3895524460,4.0,0.0
3904728010,5.0,0.0
3903832746,4.0,0.0
3902751594,3.0,0.0
3895829649,3.0,0.0
3895520817,4.0,0.0
3885852097,7.0,0.0
3898169067,169.0,0.0
3904925980,2.0,0.0
3905336609,3.0,0.0
3906247495,4.0,0.0
3904073157,4.0,0.0
3903800252,5.0,0.0
3905299252,4.0,0.0
3277232283,59.0,18.0
3901942519,4.0,0.0
3904725184,2.0,0.0
3904714963,4.0,0.0
3904388997,6.0,0.0
3887571722,5.0,0.0
3905330657,4.0,0.0
3905309503,4.0,0.0
3894611728,7.0,0.0
3905208333,5.0,0.0
3902835331,4.0,0.0
3902352902,1.0,0.0
3875732985,3.0,0.0
3895565080,4.0,0.0
3902948188,9.0,2.0
3901946288,1.0,0.0
3887494779,11.0,0.0
3894998506,3.0,0.0
3901673478,3.0,0.0
3888027029,5.0,0.0
3905886175,3.0,0.0
3885827745,5.0,0.0
3901935901,2.0,0.0
3901670143,19.0,0.0
3904409774,6.0,1.0
3886858359,5.0,0.0
3906224260,3.0,0.0
3884440730,10.0,1.0
3901682199,10.0,1.0
3904384725,7.0,0.0
3889499009,5.0,0.0
3902362600,1.0,0.0
3905295033,3.0,0.0
3889288412,5.0,0.0
3887991085,4.0,0.0
3894559458,4.0,0.0
3889241236,3.0,0.0
3905219666,5.0,0.0
3900962438,5.0,0.0
3889744567,5.0,0.0
3900977840,5.0,0.0
3905884219,5.0,0.0
3901354720,26.0,2.0
3904720066,4.0,0.0
3900943345,4.0,0.0
3902355417,0.0,0.0
3885840833,8.0,0.0
3894896010,7.0,0.0
3902365343,4.0,0.0
3905335528,5.0,0.0
3889495475,5.0,0.0
3900954290,7.0,0.0
3904967730,77.0,17.0
3904946433,4.0,0.0
3904561781,3.0,0.0
3891286421,4.0,0.0
3886455015,6.0,0.0
3895803024,3.0,0.0
3903895582,4.0,0.0
3904369079,5.0,0.0
3894994722,2.0,0.0
3887721010,109.0,34.0
3901373974,22.0,1.0
3899523765,60.0,16.0
3902941884,36.0,6.0
3902344741,5.0,0.0
3895593831,2.0,0.0
3885860170,4.0,0.0
3885819870,4.0,0.0
3902942962,206.0,42.0
3891068900,5.0,0.0
3904935517,8.0,3.0
3902347948,2.0,0.0
3904366031,1.0,0.0
3900947858,6.0,0.0
3904506111,5.0,0.0
3906228423,3.0,0.0
3901486363,2.0,0.0
3895560602,4.0,0.0
3904965679,27.0,6.0
3903833114,3.0,0.0
3885864703,4.0,0.0
3904711015,4.0,0.0
3887471349,4.0,0.0
3885856472,5.0,0.0
3903815068,3.0,0.0
3905667457,4.0,0.0
3905367987,4.0,0.0
3902932747,2.0,0.0
3884917416,4.0,0.0
3902743717,4.0,0.0
3887996332,5.0,0.0
3902942113,55.0,10.0
3895805383,3.0,0.0
3884439643,112.0,14.0
3901163001,5.0,0.0
3902877796,3.0,1.0
3900943285,5.0,0.0
3901291919,13.0,1.0
3891831820,2.0,0.0
3898158809,368.0,61.0
3904987323,5.0,0.0
3902359721,4.0,0.0
3905651315,1.0,0.0
3886841493,4.0,0.0
3902760376,19.0,1.0
3885834747,4.0,0.0
3901166848,213.0,0.0
3888004929,5.0,0.0
3891070796,4.0,0.0
3891000121,2.0,0.0
3905374323,7.0,0.0
3904384858,11.0,0.0
3905607969,2.0,0.0
3905302932,4.0,0.0
3884925055,30.0,9.0
3903802655,0.0,0.0
3901978810,4.0,0.0
3902745990,22.0,4.0
3904360804,56.0,22.0
3905886010,3.0,0.0
3901375723,2.0,0.0
3894209637,3.0,0.0
3887571620,4.0,0.0
3887481238,3.0,0.0
3903895551,5.0,0.0
3902752843,29.0,4.0
3902829502,6.0,0.0
3901964001,4.0,0.0
3901389363,63.0,16.0
3905331729,5.0,0.0
3901949243,5.0,0.0
3887874058,17.0,0.0
3905368977,5.0,0.0
3895493250,2.0,0.0
3903839896,4.0,0.0
3901943820,6.0,0.0
3887892743,7.0,0.0
3905374607,3.0,0.0
3887497192,4.0,0.0
3888023908,2.0,0.0
3890891669,3.0,0.0
3906233463,3.0,0.0
3904391813,11.0,1.0
3888826127,33.0,4.0
3905212062,4.0,0.0
3903826150,5.0,0.0
3903471482,3.0,0.0
3905257317,5.0,0.0
3905334285,4.0,0.0
3902848392,4.0,0.0
3903810129,2.0,0.0
3902318513,4.0,0.0
3905866143,1.0,0.0
3901647782,13.0,0.0
3891083189,1.0,0.0
3894978520,4.0,0.0
3904077558,6.0,0.0
3900961201,5.0,0.0
3895202218,6.0,0.0
3905364619,4.0,0.0
3902750307,19.0,6.0
3901935752,1.0,0.0
3905394542,3.0,0.0
3900943626,31.0,1.0
3901352391,13.0,1.0
3895221495,3.0,0.0
3904512019,1.0,0.0
3884834581,5.0,0.0
3902318822,4.0,0.0
3885850622,4.0,0.0
3895273662,3.0,0.0
3902790165,4.0,0.0
3884922027,4.0,0.0
3904724157,4.0,0.0
3884432550,5.0,0.0
3901942610,4.0,0.0
3889154249,2.0,0.0
3902316722,4.0,0.0
3895489514,2.0,0.0
3905373498,5.0,0.0
3901693968,6.0,0.0
3891270932,4.0,0.0
3902314481,4.0,0.0
3903871938,3.0,0.0
3905684688,5.0,0.0
3905262622,3.0,0.0
3904386116,25.0,0.0
3888935676,4.0,0.0
3904713779,3.0,0.0
3905868994,1.0,0.0
3906230384,1.0,0.0
3905622774,2.0,0.0
3901948239,5.0,1.0
3905674200,3.0,0.0
3905816560,2.0,0.0
3905284746,1.0,0.0
3901629888,7.0,0.0
3904515350,1.0,0.0
3904993533,7.0,0.0
3903448200,4.0,0.0
3903838435,3.0,0.0
3887720337,18.0,1.0
3905695654,4.0,0.0
3898162775,74.0,2.0
3885804788,10.0,0.0
3901355164,10.0,0.0
3903844138,4.0,0.0
3898172325,24.0,1.0
3884830867,8.0,0.0
3905304452,3.0,0.0
3901371251,6.0,0.0
3903830273,3.0,0.0
3891267806,4.0,0.0
3891076396,2.0,0.0
3905330366,4.0,0.0
3901344586,3.0,0.0
3885823703,6.0,0.0
3902841738,4.0,0.0
3885826623,7.0,1.0
3884942293,29.0,4.0
3894584027,5.0,0.0
3889752586,7.0,0.0
3888826254,6.0,0.0
3901473971,138.0,49.0
3904430034,5.0,0.0
3887852697,9.0,1.0
3902738639,21.0,0.0
3904962541,35.0,6.0
3906237214,4.0,0.0
3904055398,2.0,0.0
3904429053,4.0,0.0
3894547269,4.0,0.0
3901966459,3.0,0.0
3902926933,14.0,2.0
3904944114,6.0,0.0
3898176417,12.0,1.0
3887707913,21.0,2.0
3904724202,4.0,0.0
3904956667,5.0,0.0
3905625542,1.0,0.0
3886896776,96.0,41.0
3887868788,10.0,0.0
3905290097,3.0,0.0
3902319883,4.0,0.0
3905200082,2.0,0.0
3905801073,4.0,0.0
3901356606,38.0,6.0
3905237837,6.0,2.0
3901350351,33.0,5.0
3901644243,23.0,2.0
3901944226,3.0,0.0
3906224350,3.0,0.0
3895209965,1.0,0.0
3905657491,3.0,0.0
3902833681,30.0,6.0
3884846843,6.0,0.0
3905345759,3.0,0.0
3904385533,15.0,1.0
3905657944,3.0,0.0
3905374034,5.0,0.0
3902866208,6.0,0.0
3894286516,2.0,0.0
3905839943,2.0,0.0
3905254305,0.0,0.0
3902878413,4.0,0.0
3901682203,7.0,0.0
3884936212,5.0,0.0
3901372262,4.0,0.0
3902829720,27.0,2.0
3888028893,5.0,0.0
3886478600,6.0,1.0
3901395383,2.0,0.0
3904567128,3.0,0.0
3904379995,5.0,0.0
3901363186,9.0,0.0
3905300826,3.0,1.0
3905615118,3.0,0.0
3895202118,3.0,0.0
3904956957,14.0,3.0
3884856205,4.0,0.0
3891252203,4.0,0.0
3904573454,36.0,4.0
3898156552,15.0,0.0
3886450784,19.0,1.0
3903843110,7.0,0.0
3905392891,4.0,0.0
3903458148,3.0,0.0
3889285441,5.0,0.0
3884896591,2.0,0.0
3901374540,2.0,0.0
3906074343,2.0,0.0
3905339132,5.0,0.0
3904389487,18.0,3.0
3905298835,6.0,0.0
3904921710,12.0,1.0
3901989883,4.0,0.0
3903471376,3.0,0.0
3884432321,8.0,2.0
3895851152,1.0,0.0
3905370948,5.0,0.0
3898172247,18.0,0.0
3884431494,4.0,0.0
3905861098,3.0,0.0
3904374180,4.0,0.0
3905374580,8.0,0.0
3895556601,5.0,0.0
3902757811,44.0,2.0
3905851380,4.0,0.0
3901690160,46.0,11.0
3906258314,5.0,0.0
3885112280,2.0,0.0
3902919690,8.0,0.0
3891082052,3.0,0.0
3886486582,5.0,0.0
3906092667,10.0,0.0
3901672189,8.0,1.0
3898159502,9.0,0.0
3902758574,4.0,0.0
3856243244,9.0,2.0
3887496603,4.0,0.0
3906225770,3.0,0.0
3895492266,1.0,0.0
3904965886,40.0,11.0
3902336542,2.0,0.0
3904726371,3.0,0.0
3894213026,5.0,0.0
3904396368,52.0,4.0
3898159400,24.0,6.0
3888948705,6.0,0.0
3906230312,3.0,0.0
3904723709,2.0,0.0
3905876323,3.0,0.0
3904928628,3.0,0.0
3904952606,10.0,1.0
3887708952,35.0,9.0
3884923050,4.0,0.0
3906092802,4.0,0.0
3898172434,64.0,13.0
3901396068,1.0,0.0
3902833659,51.0,14.0
3899934194,6.0,0.0
3895536273,3.0,0.0
3901938742,1.0,0.0
3894400226,2.0,0.0
3901940967,2.0,0.0
3888023952,2.0,0.0
3905847730,3.0,0.0
3903879836,3.0,0.0
3900941792,4.0,0.0
3903810645,4.0,0.0
3894284788,6.0,1.0
3902737779,13.0,0.0
3904991177,6.0,0.0
3902836833,2.0,0.0
3889700771,5.0,0.0
3901696570,5.0,0.0
3903825848,3.0,0.0
3885100797,2.0,0.0
3891266979,9.0,0.0
3904098526,2.0,0.0
3901169582,60.0,19.0
3905269963,2.0,0.0
3905306704,7.0,0.0
3901368207,9.0,0.0
3884837128,5.0,0.0
3901939884,4.0,0.0
3904418982,4.0,0.0
3905307848,4.0,0.0
3902743958,11.0,0.0
3901465075,30.0,7.0
3901660970,4.0,0.0
3902352145,2.0,0.0
3888938733,4.0,0.0
3888975615,4.0,0.0
3900941723,20.0,1.0
3898160959,106.0,44.0
3905290159,4.0,0.0
3898178206,69.0,6.0
3906249690,4.0,0.0
3905693880,4.0,0.0
3902914328,3.0,0.0
3904721893,4.0,0.0
3904388040,5.0,0.0
3894287450,2.0,0.0
3906251233,5.0,0.0
3902750384,4.0,0.0
3904706231,2.0,0.0
3906094093,6.0,1.0
3900978838,7.0,1.0
3901672165,6.0,0.0
3888979079,30.0,9.0
3901986300,9.0,1.0
3885853857,4.0,0.0
3905339034,5.0,0.0
3889716760,15.0,0.0
3887857459,6.0,0.0
3894561533,3.0,0.0
3905878393,2.0,0.0
3902936931,12.0,0.0
3905248890,4.0,0.0
3903897989,3.0,0.0
3894875325,3.0,0.0
3901937716,6.0,0.0
3900088467,271.0,43.0
3901996000,4.0,0.0
3905297895,5.0,0.0
3899537466,10.0,0.0
3904728642,4.0,0.0
3887582011,4.0,0.0
3902875176,6.0,0.0
3904723988,4.0,0.0
3902876846,2.0,0.0
3884851532,5.0,0.0
3904724687,4.0,0.0
3902354845,7.0,0.0
3904366302,534.0,101.0
3895801271,1.0,0.0
3904368605,10.0,3.0
3903876087,4.0,0.0
3902779936,4.0,0.0
3904422530,5.0,0.0
3904509918,2.0,0.0
3904367091,5.0,0.0
3895212031,0.0,0.0
3891281763,8.0,0.0
3906260682,4.0,0.0
3900954831,25.0,11.0
3904420320,6.0,0.0
3887490752,5.0,0.0
3898157552,5.0,2.0
3887905897,13.0,0.0
3900956959,2.0,0.0
3901952937,5.0,0.0
3904507836,2.0,0.0
3906096222,4.0,0.0
3903427732,6.0,1.0
3884875819,4.0,0.0
3905689671,0.0,0.0
3904385871,6.0,0.0
3901979599,5.0,0.0
3887859678,11.0,0.0
3901647420,16.0,7.0
3900946060,6.0,0.0
3905204516,5.0,0.0
3905288182,4.0,0.0
3901344640,11.0,1.0
3904390397,6.0,0.0
3905270262,3.0,0.0
3887836932,4.0,0.0
3894560872,11.0,1.0
3900951626,12.0,2.0
3901395281,4.0,0.0
3905664141,2.0,0.0
3905335512,5.0,0.0
3902806971,1.0,0.0
3904997454,1.0,0.0
3894580402,4.0,0.0
3901363947,11.0,1.0
3906252317,4.0,0.0
3887584684,26.0,2.0
3889412428,5.0,0.0
3895596607,3.0,0.0
3894897018,5.0,0.0
3894208022,5.0,0.0
3904922808,8.0,0.0
3906093878,2.0,0.0
3905656028,3.0,0.0
3902325150,2.0,0.0
3889586525,26.0,7.0
3905264980,5.0,0.0
3905297549,3.0,0.0
3903811259,4.0,0.0
3894286598,3.0,0.0
3902861514,0.0,0.0
3887700540,51.0,2.0
3902956145,8.0,0.0
3905816984,3.0,0.0
3904432273,4.0,0.0
3901674523,4.0,0.0
3894994008,3.0,0.0
3885853980,4.0,0.0
3900967005,29.0,7.0
3901958239,3.0,0.0
3884925610,12.0,1.0
3888010001,4.0,0.0
3906229131,2.0,0.0
3903879068,6.0,0.0
3903450023,11.0,2.0
3901680220,28.0,1.0
3895510266,3.0,0.0
3904361526,5.0,0.0
3902809929,5.0,0.0
3894567095,4.0,0.0
3885813230,5.0,0.0
3889288237,4.0,0.0
3884437152,172.0,26.0
3894613440,28.0,12.0
3906257372,2.0,0.0
3902940581,60.0,11.0
3904948869,16.0,0.0
3905225936,13.0,4.0
3903461297,4.0,1.0
3887719163,7.0,2.0
3903469840,7.0,1.0
3885103239,1.0,0.0
3903818218,2.0,0.0
3889733287,39.0,8.0
3884436896,7.0,0.0
3902772892,11.0,1.0
3904506036,2.0,0.0
3901985586,4.0,0.0
3902814753,8.0,0.0
3884899750,2.0,0.0
3901674724,8.0,0.0
3888489238,22.0,0.0
3906263017,4.0,0.0
3904950307,3.0,0.0
3904941284,6.0,0.0
3884921208,7.0,1.0
3885864385,5.0,0.0
3900953690,6.0,0.0
3895557576,5.0,0.0
3903473443,32.0,5.0
3891069283,2.0,0.0
3902353485,1.0,0.0
3887578044,4.0,0.0
3886482407,13.0,2.0
3899528363,5.0,0.0
3905663050,3.0,0.0
3902735798,6.0,0.0
3895487880,1.0,0.0
3901688054,7.0,0.0
3905302521,2.0,0.0
3894550752,4.0,0.0
3901375677,8.0,1.0
3904428739,6.0,0.0
3899531746,14.0,0.0
3902347953,3.0,0.0
3894293970,1.0,0.0
3894902801,2.0,0.0
3884927854,6.0,0.0
3901983483,2.0,0.0
3884920409,9.0,1.0
3902811232,15.0,0.0
3906095952,8.0,1.0
3901167724,3.0,0.0
3906253837,3.0,0.0
3906090888,9.0,0.0
3899516980,49.0,8.0
3902741399,18.0,4.0
3905201339,3.0,0.0
3894296607,4.0,0.0
3905375181,4.0,0.0
3903479141,4.0,0.0
3902867178,4.0,0.0
3905300191,4.0,0.0
3899512916,3.0,0.0
3902355237,2.0,0.0
3850259262,2433.0,360.0
3905828614,4.0,0.0
3901390894,3.0,0.0
3906253811,4.0,0.0
3904987239,7.0,0.0
3901377229,5.0,0.0
3905378714,6.0,0.0
3905253275,3.0,0.0
3886213451,38.0,1.0
3905854361,3.0,0.0
3905285772,4.0,0.0
3887916032,15.0,2.0
3904366303,4.0,0.0
3891010220,2.0,0.0
3884823612,6.0,0.0
3894898325,3.0,0.0
3901377450,8.0,0.0
3887890745,7.0,0.0
3902835373,5.0,0.0
3904387419,5.0,0.0
3887886811,6.0,0.0
3903466816,3.0,0.0
3884928463,4.0,0.0
3900074788,76.0,7.0
3904970455,25.0,4.0
3889116099,5.0,0.0
3901698044,7.0,1.0
3889104206,5.0,0.0
3906225670,2.0,0.0
3906097564,11.0,0.0
3901673425,4.0,0.0
3903887784,4.0,0.0
3891011858,9.0,2.0
3904724401,5.0,0.0
3905849843,2.0,0.0
3904705390,2.0,0.0
3906227300,2.0,0.0
3901936740,2.0,0.0
3902755923,4.0,0.0
3902831702,4.0,0.0
3904730170,4.0,0.0
3894402137,7.0,0.0
3902740426,9.0,0.0
3889416410,4.0,0.0
3900951137,4.0,0.0
3904567515,8.0,0.0
3903848064,4.0,0.0
3904372043,4.0,0.0
3905838010,2.0,0.0
3885820636,9.0,0.0
3888953086,6.0,0.0
3889750599,9.0,1.0
3901995156,27.0,7.0
3888027197,2.0,0.0
3888959290,4.0,0.0
3887478823,11.0,0.0
3888998892,7.0,0.0
3888027196,2.0,0.0
3906262053,6.0,0.0
3901379236,5.0,0.0
3904368542,52.0,13.0
3906225822,3.0,0.0
3901683864,52.0,7.0
3904422886,5.0,0.0
3898160407,34.0,10.0
3906247358,0.0,0.0
3904363305,3.0,0.0
3902738281,6.0,0.0
3905818466,0.0,0.0
3905336567,4.0,0.0
3894903399,2.0,0.0
3904357994,4.0,0.0
3895556805,11.0,1.0
3906244923,3.0,0.0
3900946950,12.0,1.0
3901454540,4.0,0.0
3884810267,3.0,0.0
3900080547,4.0,0.0
3898155753,7.0,0.0
3894887819,6.0,0.0
3904076556,2.0,0.0
3895807514,2.0,0.0
3903477581,46.0,4.0
3895537804,4.0,0.0
3895211852,3.0,0.0
3903830935,1.0,0.0
3901675872,11.0,1.0
3904391411,5.0,0.0
3906256424,2.0,0.0
3886469666,5.0,0.0
3901948065,6.0,0.0
3898165862,258.0,111.0
3906252519,4.0,0.0
3901354551,51.0,12.0
3887707650,9.0,0.0
3902363430,1.0,0.0
3903878661,19.0,0.0
3905308632,3.0,0.0
3902785641,5.0,0.0
3894998233,1.0,0.0
3901179226,12.0,2.0
3900944127,1.0,0.0
3904389475,6.0,1.0
3899542238,15.0,1.0
3885113236,2.0,0.0
3884918547,23.0,1.0
3906253919,4.0,0.0
3901978651,4.0,0.0
3900964194,7.0,0.0
3888967226,7.0,0.0
3894918887,1.0,0.0
3903826260,4.0,0.0
3887498280,5.0,0.0
3902811257,12.0,1.0
3902751646,7.0,2.0
3901615603,4.0,0.0
3889294457,2.0,0.0
3774103540,2.0,0.0
3905869928,1.0,0.0
3891095195,2.0,0.0
3888495691,27.0,5.0
3900981757,4.0,0.0
3889116278,4.0,0.0
3900082230,8.0,0.0
3899525340,4.0,0.0
3888027143,2.0,0.0
3904958509,15.0,1.0
3901682398,16.0,2.0
3906071607,7.0,1.0
3905658782,4.0,0.0
3906260046,3.0,0.0
3905627302,1.0,0.0
3899539684,12.0,3.0
3889166026,2.0,0.0
3888976407,4.0,0.0
3905880567,4.0,0.0
3889708997,21.0,4.0
3906251130,2.0,0.0
3904924559,10.0,0.0
3904431344,3.0,0.0
1014822088,7.0,2.0
3904930964,28.0,6.0
3888977402,4.0,0.0
3904714725,4.0,0.0
3901957995,3.0,0.0
3903824603,5.0,0.0
3901670521,38.0,7.0
3898170618,3.0,0.0
3894208291,3.0,0.0
3890892501,2.0,0.0
3895244760,3.0,0.0
3901353652,152.0,36.0
3895800451,1.0,0.0
3898175685,70.0,20.0
3884874426,3.0,0.0
3902839987,2.0,0.0
3905333109,7.0,2.0
3902879712,2.0,0.0
3888027150,2.0,0.0
3905307202,3.0,0.0
3900065643,58.0,22.0
3902773678,3.0,0.0
