3901335560,0.0,0.0
3905247916,0.0,0.0
3906220675,0.0,0.0
3885100607,0.0,0.0
3904987490,0.0,0.0
3902369031,0.0,0.0
3902840683,0.0,0.0
3884818891,0.0,0.0
3889114267,130000.0,160000.0
3902943173,0.0,0.0
3901984740,0.0,0.0
3904056310,0.0,0.0
3901958747,88900.0,108000.0
3901951411,50000.0,65000.0
3902832381,0.0,0.0
3889707929,0.0,0.0
3902744935,0.0,0.0
3888946537,0.0,0.0
3905843096,0.0,0.0
3887496942,0.0,0.0
3899541620,70000.0,75000.0
3887996525,0.0,0.0
3901351967,0.0,0.0
3906225781,0.0,0.0
3905844856,0.0,0.0
3905868469,80.0,95.0
3906226555,0.0,0.0
3904953979,0.0,0.0
3904704411,0.0,0.0
3891069685,0.0,0.0
3905874823,35.0,35.0
3887873880,0.0,0.0
3888412421,100000.0,150000.0
3884814759,0.0,0.0
3884497787,0.0,0.0
3904409648,0.0,0.0
3902756214,0.0,0.0
3904996323,0.0,0.0
3900079741,0.0,0.0
3895569526,18.29,27.67
3904923994,0.0,0.0
3904514031,100000.0,120000.0
3905371907,0.0,0.0
3906250980,0.0,0.0
3905860187,75.0,80.0
3891267987,0.0,0.0
3904099139,0.0,0.0
3901346531,0.0,0.0
3906077247,0.0,0.0
3906227269,0.0,0.0
3903875365,0.0,0.0
3903460106,128000.0,176000.0
3891016225,120000.0,130000.0
3906250839,0.0,0.0
3904089651,0.0,0.0
3902352258,0.0,0.0
3904939830,0.0,0.0
3902790185,0.0,0.0
3898164712,0.0,0.0
3894297093,0.0,0.0
3891070346,0.0,0.0
3901937605,21.0,28.0
3902747592,0.0,0.0
3901989094,0.0,0.0
3888954704,0.0,0.0
3906257540,0.0,0.0
3902366184,0.0,0.0
3901183148,0.0,0.0
3901942034,25.0,30.0
3903475808,0.0,0.0
3888496444,0.0,0.0
3902868047,0.0,0.0
3905340069,0.0,0.0
3901371446,0.0,0.0
3904506949,0.0,0.0
3900079337,0.0,0.0
3900074954,104000.0,157000.0
3905257175,130000.0,700000.0
3901640746,0.0,0.0
3904389372,0.0,0.0
3894298601,0.0,0.0
3895486964,90000.0,125000.0
3888008601,0.0,0.0
3901800006,0.0,0.0
3901359062,120000.0,180000.0
3904724495,0.0,0.0
3891072714,150.0,225.0
3905608554,0.0,0.0
3887882156,65001.0,91381.0
3889451621,0.0,0.0
3906220883,0.0,0.0
3887886394,0.0,0.0
3887836569,0.0,0.0
3885829199,0.0,0.0
3895810556,0.0,0.0
3902781637,50000.0,70000.0
3902356981,0.0,0.0
3903448599,0.0,0.0
3889283240,0.0,0.0
3905313008,0.0,0.0
3905883322,0.0,0.0
3891860116,0.0,0.0
3901682173,0.0,0.0
3904094725,85.0,85.0
3906073505,0.0,0.0
3901633120,0.0,0.0
3904384840,24.43,33.61
3904384606,120000.0,125000.0
3901965306,0.0,0.0
3884432812,0.0,0.0
3894883044,0.0,0.0
3889109690,0.0,0.0
3904060080,0.0,0.0
3894885530,0.0,0.0
3900078623,0.0,0.0
3884933059,0.0,0.0
3891266914,0.0,0.0
3902863902,0.0,0.0
3884430256,0.0,0.0
3902318501,0.0,0.0
3904581622,0.0,0.0
3901937390,29.0,29.0
3905309404,0.0,0.0
3904420614,0.0,0.0
3895252444,50.0,65.0
3904363829,0.0,0.0
3903879813,0.0,0.0
3901374215,27.02,54.13
3889291169,0.0,0.0
3887833724,40.0,46.0
3902784671,120.0,145000.0
3891033736,135000.0,135000.0
3901965405,0.0,0.0
3889737948,0.0,0.0
3859514569,124000.0,170000.0
3891091367,0.0,0.0
3902341816,0.0,0.0
3904428249,0.0,0.0
3902864839,0.0,0.0
3904965988,0.0,0.0
3895524222,0.0,0.0
3906075912,0.0,0.0
3902363578,0.0,0.0
3901675606,0.0,0.0
3905292555,0.0,0.0
3891078346,0.0,0.0
3902354496,0.0,0.0
3901994290,320000.0,380000.0
3902833230,0.0,0.0
3905842049,0.0,0.0
3902842984,0.0,0.0
3904960747,0.0,0.0
3894561587,0.0,0.0
3906262038,0.0,0.0
3901936778,0.0,0.0
3889744909,0.0,0.0
3904720957,136000.0,200000.0
3902829423,0.0,0.0
3905392386,0.0,0.0
3904722587,0.0,0.0
3904397108,0.0,0.0
3884893729,0.0,0.0
3887724170,0.0,0.0
3902869062,0.0,0.0
3884803257,0.0,0.0
3904423465,0.0,0.0
3900983468,0.0,0.0
3898168520,130000.0,180000.0
3906229207,0.0,0.0
3905310347,0.0,0.0
3905839508,0.0,0.0
3901366121,0.0,0.0
3887472633,0.0,0.0
3902912724,0.0,0.0
3904994372,0.0,0.0
3904953432,0.0,0.0
3894933046,0.0,0.0
3903818741,0.0,0.0
3902875962,26.0,28.0
3898180206,0.0,0.0
3891251273,0.0,0.0
3887855572,0.0,0.0
3906092719,0.0,0.0
3901354670,0.0,0.0
3903845619,0.0,0.0
3895834221,60600.0,97200.0
3904395109,0.0,0.0
3902363361,0.0,0.0
3906097151,0.0,0.0
3888951992,0.0,0.0
3889741982,0.0,0.0
3901939447,0.0,0.0
3905844964,0.0,0.0
3895216750,0.0,0.0
3889444307,0.0,0.0
3901960027,0.0,0.0
3900959944,0.0,0.0
3894869499,0.0,0.0
3904994977,40764.0,85000.0
3905818893,0.0,0.0
3895599238,0.0,0.0
3894872515,0.0,0.0
3905286461,0.0,0.0
3889772007,0.0,0.0
3901978814,0.0,0.0
3905240328,0.0,0.0
3889711843,0.0,0.0
3904926235,0.0,0.0
3884443249,20.0,27.0
3903468507,0.0,0.0
3902751958,65000.0,150000.0
3900085849,0.0,0.0
3901937866,0.0,0.0
3905279936,0.0,0.0
3887574626,0.0,0.0
3901690148,0.0,0.0
3905328761,0.0,0.0
3901950783,0.0,0.0
3901950102,13.75,17.0
3884808462,0.0,0.0
3888429960,22.53,36.89
3903813758,0.0,0.0
3902812059,97500.0,115000.0
3886470182,0.0,0.0
3894551747,0.0,0.0
3895803694,0.0,0.0
3901940914,0.0,0.0
3886848311,18.0,24.0
3894628585,0.0,0.0
3904515085,0.0,0.0
3891268104,0.0,0.0
3894877080,0.0,0.0
3887940695,0.0,0.0
3887104554,0.0,0.0
3901181403,90000.0,130000.0
3894290062,0.0,0.0
3886837530,0.0,0.0
3905336608,0.0,0.0
3905332129,61450.0,88320.0
3887592869,0.0,0.0
3904424985,0.0,0.0
3895524644,0.0,0.0
3905306912,0.0,0.0
3905294508,26.1,39.16
3887596418,23.0,25.0
3898162837,0.0,0.0
3904381910,16.0,18.0
3889494484,0.0,0.0
3891073938,17.25,20.5
3884806603,0.0,0.0
3894676584,0.0,0.0
3900077978,0.0,0.0
3905240430,0.0,0.0
3889742921,0.0,0.0
3902913603,40.0,45.0
3905863355,0.0,0.0
3905294351,160000.0,180000.0
3903484378,100000.0,180000.0
3887493907,0.0,0.0
3887834295,0.0,0.0
3902354449,0.0,0.0
3902317597,0.0,0.0
3891079321,80000.0,115000.0
3894978649,50000.0,55000.0
3904097940,0.0,0.0
3901948080,0.0,0.0
3900960754,0.0,0.0
3889700327,0.0,0.0
3902759261,90000.0,130000.0
3890895156,104000.0,143000.0
3884899294,0.0,0.0
3904941470,0.0,0.0
3902340836,63000.0,66000.0
3901698661,0.0,0.0
3872781436,0.0,0.0
3894664659,0.0,0.0
3887100856,80000.0,90000.0
3906224922,52000.0,65000.0
3895551425,0.0,0.0
3889417446,0.0,0.0
3901375093,16.6,25.36
3895845875,0.0,0.0
3887482156,0.0,0.0
3904388427,0.0,0.0
3895560610,0.0,0.0
3887492823,0.0,0.0
3902821873,0.0,0.0
3901942128,30.0,35.0
3895491386,0.0,0.0
3906259190,0.0,0.0
3891268645,0.0,0.0
3904941277,0.0,0.0
3885827579,0.0,0.0
3884811337,0.0,0.0
3902919181,0.0,0.0
3889162488,0.0,0.0
3887891330,0.0,0.0
3901994470,0.0,0.0
3899527093,0.0,0.0
3894874285,0.0,0.0
3888027768,0.0,0.0
3904011054,99160.0,189530.0
3903848488,0.0,0.0
3895201289,0.0,0.0
3904421009,0.0,0.0
3884443358,0.0,0.0
3905202067,0.0,0.0
3901960311,0.0,0.0
3903465145,0.0,0.0
3901375124,130000.0,174709.0
3904959049,0.0,0.0
3887931131,0.0,0.0
3904723778,0.0,0.0
3904396946,50000.0,55000.0
3899527092,28.03,35.03
3905327539,0.0,0.0
3898170667,0.0,0.0
3906227125,0.0,0.0
3901680241,0.0,0.0
3905693877,0.0,0.0
3902737665,0.0,0.0
3878348967,0.0,0.0
3905283771,0.0,0.0
3905304484,0.0,0.0
3902735290,0.0,0.0
3900083327,0.0,0.0
3888973777,0.0,0.0
3904964569,0.0,0.0
3894550383,0.0,0.0
3904373195,25.91,41.24
3885866873,24.0,30.0
3905369937,60.08,62.48
3903464497,0.0,0.0
3902743076,0.0,0.0
3904949788,82400.0,110000.0
3884993723,0.0,0.0
3905238728,70000.0,200000.0
3904991255,0.0,0.0
3905869464,140000.0,160000.0
3904392520,34.49,34.49
3902945283,0.0,0.0
3888931913,0.0,0.0
3888939713,0.0,0.0
3891016680,0.0,0.0
3895513836,0.0,0.0
3904417885,0.0,0.0
3905240179,0.0,0.0
3894629364,89990.0,172000.0
3891070590,0.0,0.0
3905293967,0.0,0.0
3903467952,0.0,0.0
3888000731,0.0,0.0
3900092740,0.0,0.0
3901350313,0.0,0.0
3884437267,0.0,0.0
3905217730,0.0,0.0
3904358971,0.0,0.0
3887499512,0.0,0.0
3901986490,0.0,0.0
3902859729,0.0,0.0
3904958135,0.0,0.0
3906252580,0.0,0.0
3906259591,0.0,0.0
3901697608,0.0,0.0
3699945651,0.0,0.0
3891251200,0.0,0.0
3905367212,0.0,0.0
3901693931,0.0,0.0
3887934049,0.0,0.0
3900975198,21.0,23.0
3885101262,0.0,0.0
3904381528,0.0,0.0
3902879443,0.0,0.0
3884824859,0.0,0.0
3894567032,0.0,0.0
3902369127,0.0,0.0
3905888062,0.0,0.0
3905245918,0.0,0.0
3905671480,0.0,0.0
3904365365,0.0,0.0
3905834907,0.0,0.0
3901631002,0.0,0.0
3903470978,0.0,0.0
3906249545,0.0,0.0
3889714811,70.0,72.0
3904399805,0.0,0.0
3894677377,0.0,0.0
3901646116,0.0,0.0
3904367234,0.0,0.0
3901936490,0.0,0.0
3888953923,0.0,0.0
3894545504,0.0,0.0
3905381056,0.0,0.0
3903475153,0.0,0.0
3904396139,0.0,0.0
3906231563,0.0,0.0
3901167847,0.0,0.0
3895542262,0.0,0.0
3901941087,22.0,25.0
3904364886,0.0,0.0
3904387455,0.0,0.0
3894877390,0.0,0.0
3903813237,0.0,0.0
3895808164,0.0,0.0
3895808700,0.0,0.0
3900963520,67725.0,75000.0
3898158839,17.0,20.0
3901372232,25.0,30.0
3887576270,0.0,0.0
3889123024,122250.0,163000.0
3904952418,0.0,0.0
3902353558,100000.0,140000.0
3889489429,0.0,0.0
3902747106,0.0,0.0
3906258113,0.0,0.0
3901989080,0.0,0.0
3895595857,0.0,0.0
3901391094,0.0,0.0
3905292245,99000.0,155000.0
3888447154,0.0,0.0
3886839068,0.0,0.0
3904719638,69800.0,96200.0
3903492450,0.0,0.0
3903808234,0.0,0.0
3903455407,0.0,0.0
3901696602,0.0,0.0
3903834955,124760.0,187140.0
3890894461,0.0,0.0
3886463753,0.0,0.0
3906236441,0.0,0.0
3905386825,0.0,0.0
3901347789,0.0,0.0
3902912813,0.0,0.0
3895525771,0.0,0.0
3904718575,0.0,0.0
3887898839,0.0,0.0
3895222089,0.0,0.0
3905211500,60000.0,65000.0
3906251525,0.0,0.0
3902743321,94400.0,198300.0
3905829610,28.0,35.0
3901176179,37000.0,45000.0
3894678353,0.0,0.0
3905250227,0.0,0.0
3905393686,0.0,0.0
3905686677,198000.0,266000.0
3884899914,0.0,0.0
3903453896,0.0,0.0
3902943197,0.0,0.0
3898178357,0.0,0.0
3900947565,0.0,0.0
3905847705,0.0,0.0
3901991070,140000.0,155000.0
3904940164,0.0,0.0
3904393325,0.0,0.0
3889417402,0.0,0.0
3904393370,0.0,0.0
3904970200,0.0,0.0
3902861620,0.0,0.0
3901350728,0.0,0.0
3889752544,24.0,28.0
3884823624,0.0,0.0
3903472987,61110.0,116800.0
3789402808,0.0,0.0
3891287228,0.0,0.0
3904394115,0.0,0.0
3905332347,0.0,0.0
3903812791,0.0,0.0
3894214600,0.0,0.0
3903454820,0.0,0.0
3899535031,0.0,0.0
3887884812,0.0,0.0
3900939829,0.0,0.0
3905310379,111000.0,167000.0
3906226249,0.0,0.0
3904370178,0.0,0.0
3901948283,0.0,0.0
3904389723,0.0,0.0
3886453718,0.0,0.0
3884442527,0.0,0.0
3901347289,0.0,0.0
3903829722,0.0,0.0
3904985596,0.0,0.0
3903814421,75000.0,95000.0
3905235733,0.0,0.0
3901634086,0.0,0.0
3906251192,0.0,0.0
3905656027,0.0,0.0
3898165386,0.0,0.0
3905814528,0.0,0.0
3887700475,0.0,0.0
3898169827,0.0,0.0
3887474122,0.0,0.0
3905859816,0.0,0.0
3900979524,0.0,0.0
3891282750,0.0,0.0
3889440953,0.0,0.0
3888013056,0.0,0.0
3905335505,20.5,25.5
3884800884,16.0,18.0
3889282271,0.0,0.0
3904724342,90000.0,130000.0
3901660650,0.0,0.0
3902910763,0.0,0.0
3901356388,0.0,0.0
3904990444,0.0,0.0
3902398690,17.0,34.0
3898174088,0.0,0.0
3906246855,0.0,0.0
3901173634,0.0,0.0
3905338148,0.0,0.0
3902783923,0.0,0.0
3884932296,0.0,0.0
3904088535,0.0,0.0
3905255350,0.0,0.0
3902846274,0.0,0.0
3885811763,0.0,0.0
3884442638,60.0,70.0
3886825826,0.0,0.0
3901938566,0.0,0.0
3885378281,0.0,0.0
3905304030,0.0,0.0
3889714345,0.0,0.0
3903892699,46800.0,80850.0
3900961355,226200.0,377000.0
3903815632,0.0,0.0
3903453951,0.0,0.0
3900941805,75000.0,82000.0
3905294761,0.0,0.0
3899537276,60.0,77.0
3895521959,0.0,0.0
3904393276,0.0,0.0
3905304928,76600.0,142400.0
3903827029,0.0,0.0
3902359059,120000.0,125000.0
3905370687,0.0,0.0
3905374480,0.0,0.0
3904703938,69215.0,88265.0
3901641800,0.0,0.0
3904985681,0.0,0.0
3905289118,0.0,0.0
3889776027,0.0,0.0
3904416905,0.0,0.0
3905822803,110000.0,140000.0
3906257215,186300.0,372700.0
3905299418,0.0,0.0
3895524679,0.0,0.0
3886461843,20.0,21.5
3903843298,0.0,0.0
3905395540,0.0,0.0
3901959788,96250.0,158125.0
3904990398,0.0,0.0
3901391548,0.0,0.0
3894204917,0.0,0.0
3895493802,0.0,0.0
3901948573,93200.0,120560.0
3902357194,0.0,0.0
3889719550,0.0,0.0
3894289303,0.0,0.0
3901949185,0.0,0.0
3899538932,0.0,0.0
3895216047,0.0,0.0
3905329831,66200.0,109300.0
3902359134,0.0,0.0
3904389022,0.0,0.0
3894286400,0.0,0.0
3901941159,0.0,0.0
3905270692,0.0,0.0
3889498218,0.0,0.0
3905330615,0.0,0.0
3904022072,0.0,0.0
3895803422,0.0,0.0
3902779943,48000.0,75000.0
3906253983,0.0,0.0
3884898958,18.0,21.0
3888024793,0.0,0.0
3887859356,0.0,0.0
3904367229,0.0,0.0
3906259402,0.0,0.0
3901388381,24.0,26.44
3905338699,0.0,0.0
3885109998,0.0,0.0
3891805647,65000.0,80000.0
3906233138,0.0,0.0
3902868031,0.0,0.0
3905394689,0.0,0.0
3904393417,0.0,0.0
3902843428,0.0,0.0
3904572821,0.0,0.0
3905304732,0.0,0.0
3887878497,0.0,0.0
3906252836,0.0,0.0
3905692452,0.0,0.0
3904952461,0.0,0.0
3904719633,76800.0,105800.0
3905230505,22.0,25.0
3900940787,0.0,0.0
3904933486,0.0,0.0
3887843070,0.0,0.0
3902867228,0.0,0.0
3885824928,0.0,0.0
3887100195,0.0,0.0
3904706024,0.0,0.0
3906233050,0.0,0.0
3894548333,0.0,0.0
3884442203,0.0,0.0
3887998081,0.0,0.0
3891810835,0.0,0.0
3905651541,0.0,0.0
3902748718,0.0,0.0
3888488368,0.0,0.0
3891087670,0.0,0.0
3902921231,0.0,0.0
3905339066,0.0,0.0
3901952003,0.0,0.0
3901940525,0.0,0.0
3898173048,0.0,0.0
3904411256,0.0,0.0
3905337361,0.0,0.0
3903890263,0.0,0.0
3904367205,0.0,0.0
3905828880,40.0,48.0
3887873234,0.0,0.0
3902752576,44200.0,60900.0
3894679353,0.0,0.0
3903838882,104800.0,144300.0
3902364891,65000.0,65000.0
3903811309,0.0,0.0
3888940734,120000.0,204000.0
3885103690,0.0,0.0
3906253821,94225.0,122490.0
3903472817,85000.0,120000.0
3903879532,185500.0,210000.0
3904369676,0.0,0.0
3904073153,0.0,0.0
3899539346,0.0,0.0
3901959119,0.0,0.0
3898160133,25.0,30.0
3889443479,0.0,0.0
3902866667,0.0,0.0
3902786202,0.0,0.0
3903449417,0.0,0.0
3887572572,0.0,0.0
3904710487,0.0,0.0
3900986036,0.0,0.0
3905655960,108300.0,245400.0
3884442989,0.0,0.0
3901358002,0.0,0.0
3884943143,67000.0,75000.0
3905373826,96000.0,160000.0
3894298063,65.0,70.0
3902757287,0.0,0.0
3888942448,0.0,0.0
3902342727,18.0,18.0
3905375130,0.0,0.0
3894996849,0.0,0.0
3887883004,0.0,0.0
3902759273,60000.0,70000.0
3894892615,0.0,0.0
3891067970,0.0,0.0
3901664849,0.0,0.0
3901345968,0.0,0.0
3901625828,60.0,75.0
3884899839,0.0,0.0
3901661644,0.0,0.0
3904092817,0.0,0.0
3905240578,0.0,0.0
3903479113,0.0,0.0
3895271718,50819.0,54884.0
3884834779,150000.0,200000.0
3903836269,0.0,0.0
3902919446,0.0,0.0
3901373976,0.0,0.0
3905368581,24.0,28.15
3904095561,0.0,0.0
3887577703,0.0,0.0
3887871159,0.0,0.0
3905365569,0.0,0.0
3884810065,55.0,60.0
3903475356,0.0,0.0
3905332628,0.0,0.0
3886442777,0.0,0.0
3903865722,0.0,0.0
3905300311,0.0,0.0
3906233470,0.0,0.0
3884929733,0.0,0.0
3888999731,0.0,0.0
3901936931,65.0,75.0
3901997705,69000.0,187000.0
3904382831,0.0,0.0
3900979766,0.0,0.0
3906097174,80000.0,85000.0
3904999945,0.0,0.0
3901357027,136023.0,213556.0
3884830851,0.0,0.0
3884918481,0.0,0.0
3903849116,0.0,0.0
3894565414,0.0,0.0
3899539107,165000.0,210000.0
3894543866,0.0,0.0
3890895185,0.0,0.0
3904917868,0.0,0.0
3904951315,0.0,0.0
3891018915,19.0,20.0
3885111681,0.0,0.0
3904953790,27.0,31.67
3905816160,0.0,0.0
3903469837,0.0,0.0
3902753780,0.0,0.0
3895539927,0.0,0.0
3901997628,57500.0,117100.0
3905838998,0.0,0.0
3905330158,0.0,0.0
3900967065,0.0,0.0
3905874929,0.0,0.0
3904386273,0.0,0.0
3905334076,93400.0,149200.0
3886839277,110000.0,140000.0
3887862136,0.0,0.0
3905600097,0.0,0.0
3906253669,0.0,0.0
3906254310,0.0,0.0
3901943823,100000.0,100000.0
3902843354,0.0,0.0
3884842800,0.0,0.0
3898156776,0.0,0.0
3902369493,0.0,0.0
3901697666,0.0,0.0
3904717782,0.0,0.0
3894565071,69000.0,137000.0
3904924480,130000.0,150000.0
3884935237,0.0,0.0
3884898622,210000.0,230000.0
3904582691,0.0,0.0
3905237946,85000.0,100000.0
3902844857,0.0,0.0
3902355815,0.0,0.0
3904928589,0.0,0.0
3905881686,160000.0,185000.0
3904390124,0.0,0.0
3901172188,0.0,0.0
3901698745,0.0,0.0
3894215087,0.0,0.0
3906255627,256400.0,417500.0
3905213162,130000.0,150000.0
3886896218,25.0,30.0
3904725080,125000.0,185000.0
3904947280,0.0,0.0
3887579363,91100.0,200600.0
3905203798,0.0,0.0
3898174493,0.0,0.0
3899533572,120000.0,130000.0
3889742723,0.0,0.0
3902842841,0.0,0.0
3903462124,164000.0,205000.0
3903475234,0.0,0.0
3900984432,0.0,0.0
3891069826,0.0,0.0
3904950441,70000.0,95000.0
3902821917,0.0,0.0
3888474589,0.0,0.0
3885822234,0.0,0.0
3900965341,200000.0,220000.0
3894284376,0.0,0.0
3904381914,0.0,0.0
3903802520,0.0,0.0
3885829553,0.0,0.0
3902758233,0.0,0.0
3902751855,0.0,0.0
3905235800,0.0,0.0
3904418844,0.0,0.0
3903445854,0.0,0.0
3905254166,0.0,0.0
3884004631,0.0,0.0
3904931770,0.0,0.0
3902755922,105000.0,140000.0
3902347170,0.0,0.0
3884829691,315000.0,350000.0
3903476647,65000.0,85000.0
3901349258,0.0,0.0
3904414331,15.0,19.0
3891089761,0.0,0.0
3906254848,109120.0,163680.0
3905204397,0.0,0.0
3887719397,0.0,0.0
3885869331,0.0,0.0
3884441127,0.0,0.0
3894547785,0.0,0.0
3904049998,0.0,0.0
3900977762,0.0,0.0
3904988129,60.19,63.74
3884892909,0.0,0.0
3904505485,0.0,0.0
3900940684,0.0,0.0
3902751976,0.0,0.0
3903449152,0.0,0.0
3895551513,100000.0,120000.0
3905855439,0.0,0.0
3898161471,0.0,0.0
3904364112,0.0,0.0
3905289221,0.0,0.0
3889291268,0.0,0.0
3905819114,0.0,0.0
3902755251,0.0,0.0
3905336028,111800.0,150000.0
3906253780,0.0,0.0
3905271422,0.0,0.0
3903445777,0.0,0.0
3904962921,80000.0,105000.0
3905292957,0.0,0.0
3902334024,0.0,0.0
3904364458,0.0,0.0
3905329505,115000.0,147500.0
3886889075,90000.0,120000.0
3902759207,85000.0,110000.0
3904394377,0.0,0.0
3902752765,0.0,0.0
3904057627,0.0,0.0
3906235067,0.0,0.0
3903880721,0.0,0.0
3900981838,0.0,0.0
3905242858,0.0,0.0
3901937706,0.0,0.0
3885812440,0.0,0.0
3903446512,0.0,0.0
3902844189,70000.0,85000.0
3901942730,0.0,0.0
3886461406,0.0,0.0
3905305910,50.0,54.0
3900077854,0.0,0.0
3891288391,0.0,0.0
3885112109,0.0,0.0
3887876724,73000.0,82000.0
3888827472,90000.0,100000.0
3901950083,0.0,0.0
3905689659,0.0,0.0
3894585777,0.0,0.0
3895808250,0.0,0.0
3903871967,0.0,0.0
3902320830,0.0,0.0
3792245483,0.0,0.0
3903884848,0.0,0.0
3906230477,0.0,0.0
3903459620,20.0,28.0
3895541182,0.0,0.0
3904934912,0.0,0.0
3904414914,0.0,0.0
3905692466,0.0,0.0
3901389312,0.0,0.0
3889111666,0.0,0.0
3895523849,0.0,0.0
3886453725,0.0,0.0
3902851858,70000.0,85000.0
3903881658,0.0,0.0
3904392799,0.0,0.0
3895520039,0.0,0.0
3905307745,0.0,0.0
3902955090,0.0,0.0
3891073654,0.0,0.0
3902925182,170000.0,210000.0
3901961311,0.0,0.0
3903896510,0.0,0.0
3889208304,0.0,0.0
3904431155,0.0,0.0
3906214795,0.0,0.0
3901624941,50000.0,55000.0
3901904494,180000.0,225000.0
3885833280,0.0,0.0
3902754566,0.0,0.0
3904724372,0.0,0.0
3886467252,0.0,0.0
3901667849,54240.0,67800.0
3905336500,0.0,0.0
3905305726,0.0,0.0
3901683656,50000.0,65000.0
3906248701,0.0,0.0
3905870919,0.0,0.0
3901950061,175000.0,195000.0
3903839904,0.0,0.0
3888005875,0.0,0.0
3903428569,0.0,0.0
3902919570,0.0,0.0
3905250613,0.0,0.0
3887475347,0.0,0.0
3884430592,6760.0,8398.0
3904430446,30000.0,109200.0
3894878268,0.0,0.0
3905666662,0.0,0.0
3887490541,0.0,0.0
3894901780,90000.0,100000.0
3905688797,0.0,0.0
3902325192,0.0,0.0
3905346594,160000.0,180000.0
3891800099,0.0,0.0
3888024791,0.0,0.0
3886881207,90000.0,95000.0
3904381776,0.0,0.0
3894884702,0.0,0.0
3902358060,160000.0,225000.0
3894284544,0.0,0.0
3904418938,70000.0,80000.0
3901934830,110000.0,160000.0
3884867489,0.0,0.0
3904510209,0.0,0.0
3889756201,0.0,0.0
3901983842,225000.0,300000.0
3887499529,0.0,0.0
3894905078,80.0,90.0
3891838120,0.0,0.0
3905846931,60000.0,63000.0
3905293914,155500.0,194500.0
3905662846,49.04,78.46
3886891821,120000.0,140000.0
3903815027,0.0,0.0
3906255336,0.0,0.0
3885832805,0.0,0.0
3886463540,21.0,28.0
3885869333,0.0,0.0
3895229447,0.0,0.0
3887718727,65000.0,85000.0
3885102139,0.0,0.0
3889490012,50000.0,60000.0
3905693815,0.0,0.0
3904708375,0.0,0.0
3895249459,185000.0,215000.0
3901613137,80000.0,100000.0
3902829524,0.0,0.0
3901159887,0.0,0.0
3900075168,100000.0,110000.0
3903825425,0.0,0.0
3887705186,0.0,0.0
3903430176,0.0,0.0
3895812037,0.0,0.0
3904722811,32.5,52.0
3906235417,0.0,0.0
3891070664,0.0,0.0
3885113232,0.0,0.0
3884437755,150000.0,300000.0
3905857318,0.0,0.0
3899535105,26.0,27.0
3905314416,110000.0,120000.0
3885870157,0.0,0.0
3889718952,0.0,0.0
3905397088,18.0,20.0
3902878632,0.0,0.0
3901356396,0.0,0.0
3887915315,0.0,0.0
3904379762,0.0,0.0
3884811164,0.0,0.0
3904389281,0.0,0.0
3887862545,0.0,0.0
3904362870,0.0,0.0
3901378079,0.0,0.0
3894873397,0.0,0.0
3895544338,0.0,0.0
3902747251,0.0,0.0
3903824576,0.0,0.0
3904942737,150000.0,200000.0
3901342855,0.0,0.0
3901378558,25.0,30.0
3902751602,0.0,0.0
3905646091,0.0,0.0
3901954922,48843.0,59040.0
3905205888,0.0,0.0
3903874985,0.0,0.0
3901990575,110400.0,138000.0
3904415936,0.0,0.0
3902359962,94300.0,198600.0
3891076806,0.0,0.0
3903887008,0.0,0.0
3895596955,57000.0,62000.0
3887871177,0.0,0.0
3901356382,0.0,0.0
3903875381,0.0,0.0
3899530376,60000.0,75000.0
3889243852,0.0,0.0
3886893724,0.0,0.0
3905299416,0.0,0.0
3889208572,0.0,0.0
3888022971,0.0,0.0
3905876699,0.0,0.0
3895555175,0.0,0.0
3901650120,0.0,0.0
3894873107,0.0,0.0
3903497698,0.0,0.0
3906228870,0.0,0.0
3884442235,0.0,0.0
3905367854,0.0,0.0
3906256165,75.0,85.0
3901397105,0.0,0.0
3904938279,163000.0,254300.0
3888934761,0.0,0.0
3901684833,0.0,0.0
3901938443,0.0,0.0
3898167029,240000.0,250000.0
3903472505,0.0,0.0
3906238094,0.0,0.0
3901949888,80000.0,90000.0
3906081493,131100.0,218500.0
3894275923,0.0,0.0
3898172196,0.0,0.0
3905843932,0.0,0.0
3905330284,0.0,0.0
3904364345,0.0,0.0
3905850891,0.0,0.0
3898163439,45000.0,55000.0
3904706890,0.0,0.0
3887888880,0.0,0.0
3902951358,95285.0,135000.0
3906096660,25.0,28.0
3904392798,0.0,0.0
3901348288,0.0,0.0
3895546498,0.0,0.0
3895216725,0.0,0.0
3895272651,0.0,0.0
3905829581,0.0,0.0
3889103278,0.0,0.0
3904702516,0.0,0.0
3904927579,13.22,19.86
3904566378,64200.0,154600.0
3894660939,0.0,0.0
3891278706,21.0,24.0
3900960643,0.0,0.0
3900960524,16.95,22.6
3888486839,0.0,0.0
3906236506,0.0,0.0
3903818755,140000.0,190000.0
3898163464,80000.0,90000.0
3904387645,0.0,0.0
3905288475,0.0,0.0
3891079289,0.0,0.0
3899525484,19.0,24.0
3887935817,0.0,0.0
3903874100,0.0,0.0
3901967416,0.0,0.0
3900980214,0.0,0.0
3904366930,123136.0,184704.0
3905364704,0.0,0.0
3905208522,200000.0,250000.0
3904932678,30000.0,74900.0
3905302262,0.0,0.0
3904940431,0.0,0.0
3904067007,75777.0,140408.0
3901939314,0.0,0.0
3905357695,0.0,0.0
3900074985,0.0,0.0
3884804930,0.0,0.0
3900949710,0.0,0.0
3887575578,0.0,0.0
3905324922,0.0,0.0
3887474692,70000.0,90000.0
3905355970,0.0,0.0
3905847740,0.0,0.0
3898158709,61535.0,128547.0
3906222629,0.0,0.0
3905696709,20.0,27.6
3894212373,0.0,0.0
3905660521,0.0,0.0
3905693901,17.35,24.75
3904966858,0.0,0.0
3906093658,80.0,90.0
3898175613,0.0,0.0
3905850001,0.0,0.0
3894582374,0.0,0.0
3885815070,70659.0,116516.0
3885837131,0.0,0.0
3895810529,0.0,0.0
3903876973,0.0,0.0
3888978625,77000.0,84000.0
3904504853,0.0,0.0
3894896611,0.0,0.0
3887883657,0.0,0.0
3887710471,21.0,21.0
3905330335,30803.0,53969.0
3888943255,0.0,0.0
3904942116,140000.0,170000.0
3901677057,0.0,0.0
3894271662,0.0,0.0
3903838952,0.0,0.0
3903485146,0.0,0.0
3905307045,120400.0,287600.0
3888033452,0.0,0.0
3884432497,0.0,0.0
3904954514,0.0,0.0
3901679345,0.0,0.0
3898173121,70000.0,80000.0
3905300363,0.0,0.0
3901956559,0.0,0.0
3902862944,0.0,0.0
3904725192,100000.0,130000.0
3884438476,46.0,50.0
3901946075,65000.0,75000.0
3905300146,0.0,0.0
3905647937,0.0,0.0
3905340366,0.0,0.0
3900982683,0.0,0.0
3901346474,0.0,0.0
3891256630,65000.0,115000.0
3884834444,0.0,0.0
3905209347,0.0,0.0
3679026145,0.0,0.0
3902832605,140000.0,170000.0
3903481726,0.0,0.0
3901352034,0.0,0.0
3905310526,0.0,0.0
3905845989,0.0,0.0
3903816010,20.0,40.0
3901945586,0.0,0.0
3902754506,83300.0,145800.0
3894871071,0.0,0.0
3901934861,19.16,20.48
3900066761,0.0,0.0
3904991870,69496.0,87660.0
3905673074,0.0,0.0
3904991464,0.0,0.0
3904366727,0.0,0.0
3884822372,0.0,0.0
3906085694,0.0,0.0
3904070954,0.0,0.0
3903809243,0.0,0.0
3906235076,102340.0,132440.0
3903456753,18.0,22.0
3905648685,0.0,0.0
3899518277,70000.0,75000.0
3900938733,0.0,0.0
3906097252,0.0,0.0
3887998126,0.0,0.0
3902752979,0.0,0.0
3891011886,0.0,0.0
3903840412,0.0,0.0
3905818398,0.0,0.0
3904721078,0.0,0.0
3902827813,0.0,0.0
3906230661,0.0,0.0
3895554923,0.0,0.0
3901625986,145000.0,160000.0
3902743122,0.0,0.0
3904950534,0.0,0.0
3888938956,0.0,0.0
3891077280,0.0,0.0
3900944090,0.0,0.0
3884855774,0.0,0.0
3905368154,0.0,0.0
3902757697,0.0,0.0
3905869082,135000.0,229000.0
3887896929,0.0,0.0
3904415209,0.0,0.0
3902340797,90000.0,115000.0
3895804749,0.0,0.0
3902736910,0.0,0.0
3885825909,0.0,0.0
3905824801,0.0,0.0
3895803023,0.0,0.0
3900945353,0.0,0.0
3884822364,0.0,0.0
3905202142,0.0,0.0
3904964123,0.0,0.0
3902741163,0.0,0.0
3887838660,0.0,0.0
3891854459,0.0,0.0
3904381997,101600.0,138200.0
3905623093,1907.36,1907.36
3887946622,155000.0,175000.0
3888939845,82000.0,261500.0
3887588762,115000.0,145000.0
3889715792,0.0,0.0
3905294283,0.0,0.0
3901608046,115.0,120.0
3905359544,100000.0,110000.0
3900964711,0.0,0.0
3905614056,0.0,0.0
3904430516,88639.0,111897.0
3884433280,0.0,0.0
3895532017,0.0,0.0
3906082188,0.0,0.0
3891076336,55000.0,90000.0
3904432320,0.0,0.0
3904428807,0.0,0.0
3895542654,0.0,0.0
3906253167,0.0,0.0
3902873352,150000.0,160000.0
3905886054,0.0,0.0
3886460427,0.0,0.0
3901943650,0.0,0.0
3903810817,0.0,0.0
3904071274,95904.0,417709.0
3900975628,0.0,0.0
3904090897,85000.0,100000.0
3905272511,0.0,0.0
3902843966,0.0,0.0
3905233250,0.0,0.0
3905304396,0.0,0.0
3888021967,0.0,0.0
3886455203,0.0,0.0
3887491518,0.0,0.0
3901668707,0.0,0.0
3900977305,0.0,0.0
3901964494,0.0,0.0
3901939300,0.0,0.0
3902353316,0.0,0.0
3887995756,0.0,0.0
3906262675,0.0,0.0
3886830216,0.0,0.0
3894950886,0.0,0.0
3901356430,17.0,18.0
3887701623,0.0,0.0
3902351777,0.0,0.0
3905698199,0.0,0.0
3894557809,0.0,0.0
3903186352,0.0,0.0
3904725019,253000.0,363000.0
3891077217,0.0,0.0
3899526631,0.0,0.0
3902742061,55.0,60.0
3905236931,65000.0,75000.0
3895814277,20.47,28.66
3904719736,0.0,0.0
3903811298,0.0,0.0
3898163380,0.0,0.0
3906230536,107000.0,185000.0
3899534805,13.41,29.06
3885105233,0.0,0.0
3902878411,0.0,0.0
3901948039,0.0,0.0
3885383477,0.0,0.0
3902821938,0.0,0.0
3904373211,0.0,0.0
3904397805,0.0,0.0
3901696216,138900.0,259700.0
3905210157,0.0,0.0
3886837957,0.0,0.0
3905665766,0.0,0.0
3895520935,170000.0,195000.0
3905297616,0.0,0.0
3901699025,0.0,0.0
3902839634,0.0,0.0
3899538732,60.0,69.0
3903828795,0.0,0.0
3904059862,0.0,0.0
3902754589,65000.0,100000.0
3905302360,0.0,0.0
3900981711,0.0,0.0
3885103599,0.0,0.0
3903498199,0.0,0.0
3904942731,0.0,0.0
3888999921,177000.0,251000.0
3888959273,0.0,0.0
3884814729,0.0,0.0
3905359842,0.0,0.0
3901983246,86800.0,124000.0
3905302376,0.0,0.0
3900968478,0.0,0.0
3904365277,0.0,0.0
3886837477,40.0,50.0
3894294471,0.0,0.0
3903446751,0.0,0.0
3901953362,0.0,0.0
3884924864,0.0,0.0
3901641401,0.0,0.0
3905226022,57.0,58.0
3904361599,0.0,0.0
3905239612,0.0,0.0
3887884061,0.0,0.0
3905252527,0.0,0.0
3885858668,0.0,0.0
3903871481,0.0,0.0
3884436907,0.0,0.0
3888959284,0.0,0.0
3890894270,0.0,0.0
3902876847,65000.0,85000.0
3901348553,0.0,0.0
3895222638,225000.0,325000.0
3904386547,165000.0,175000.0
3905823748,55000.0,60000.0
3905298998,0.0,0.0
3905297672,0.0,0.0
3901375706,0.0,0.0
3903831273,17.0,22.0
3901903355,0.0,0.0
3901667723,0.0,0.0
3901387991,0.0,0.0
3901697202,0.0,0.0
3905306192,0.0,0.0
3891075451,0.0,0.0
3905817088,0.0,0.0
3901981141,0.0,0.0
3898173174,0.0,0.0
3898173889,0.0,0.0
3905253489,90000.0,120640.0
3905291096,0.0,0.0
3901964321,25.0,36.0
3905302805,0.0,0.0
3891006821,60632.0,75790.0
3905374421,0.0,0.0
3894908004,0.0,0.0
3906231354,0.0,0.0
3901357222,0.0,0.0
3904052414,0.0,0.0
3903839932,0.0,0.0
3905237799,0.0,0.0
3899532253,0.0,0.0
3905656196,0.0,0.0
3884434253,0.0,0.0
3904569101,92500.0,185000.0
3903845893,126900.0,236000.0
3898175614,0.0,0.0
3902920820,39.65,54.95
3887832903,0.0,0.0
3905394818,0.0,0.0
3900090420,0.0,0.0
3905209022,100000.0,110000.0
3906249397,0.0,0.0
3905625029,2358.0,2358.0
3904380958,0.0,0.0
3900958928,0.0,0.0
3887700775,0.0,0.0
3884917043,65.0,75.0
3889139917,24.0,30.0
3887586389,0.0,0.0
3905858430,0.0,0.0
3901375679,0.0,0.0
3899530530,0.0,0.0
3905213049,0.0,0.0
3891249901,0.0,0.0
3889116267,0.0,0.0
3895514631,0.0,0.0
3904385691,0.0,0.0
3547664337,0.0,0.0
3902831425,150000.0,165000.0
3904961233,0.0,0.0
3905350216,89.66,89.66
3887837476,0.0,0.0
3901939698,0.0,0.0
3904389144,0.0,0.0
3904398485,23.0,27.0
3889297093,0.0,0.0
3906083088,0.0,0.0
3889403735,100000.0,150000.0
3904930358,60.0,60.0
3904595242,0.0,0.0
3904429600,93530.0,117875.0
3894549713,90150.0,150250.0
3884439828,0.0,0.0
3884820626,0.0,0.0
3885807866,0.0,0.0
3902356685,0.0,0.0
3900956944,0.0,0.0
3904388756,0.0,0.0
3887889257,0.0,0.0
3894567472,20.0,22.0
3901394243,0.0,0.0
3904369803,0.0,0.0
3902759058,0.0,0.0
3906223360,0.0,0.0
3901160233,43680.0,62400.0
3906097035,0.0,0.0
3904425744,0.0,0.0
3903432127,0.0,0.0
3906232546,0.0,0.0
3900072637,0.0,0.0
3904416860,20.0,24.0
3903836006,16.0,18.0
3889122545,40200.0,99900.0
3895566192,0.0,0.0
3903445638,0.0,0.0
3903825707,0.0,0.0
3905335154,0.0,0.0
3901947048,0.0,0.0
3895558592,0.0,0.0
3889125731,0.0,0.0
3905615110,0.0,0.0
3902946311,0.0,0.0
3901942267,25.0,35.0
3904928269,0.0,0.0
3895811525,0.0,0.0
3901953744,130000.0,160000.0
3904362680,0.0,0.0
3898173608,0.0,0.0
3902356920,105700.0,161200.0
3898175570,0.0,0.0
3898173765,18.25,21.25
3901677053,0.0,0.0
3903443991,0.0,0.0
3901699027,0.0,0.0
3891268761,0.0,0.0
3902922384,0.0,0.0
3894876827,0.0,0.0
3906095971,0.0,0.0
3905247564,0.0,0.0
3891016598,0.0,0.0
3903840743,40000.0,80000.0
3894412736,0.0,0.0
3884433417,0.0,0.0
3904390353,0.0,0.0
3889731581,0.0,0.0
3904056044,0.0,0.0
3901353198,0.0,0.0
3884926916,0.0,0.0
3897799795,90000.0,120000.0
3905251459,0.0,0.0
3903464468,27.0,31.0
3889239469,0.0,0.0
3885111376,0.0,0.0
3905391947,175000.0,200000.0
3904419243,0.0,0.0
3887713091,0.0,0.0
3895560636,0.0,0.0
3901981789,0.0,0.0
3898156689,40.0,40.0
3888027917,0.0,0.0
3905621552,0.0,0.0
3894548432,0.0,0.0
3902750588,100000.0,125000.0
3902900415,0.0,0.0
3902306340,0.0,0.0
3899523682,0.0,0.0
3906248908,17.0,18.0
3891065973,0.0,0.0
3905241042,0.0,0.0
3894999179,0.0,0.0
3906223393,0.0,0.0
3905297481,0.0,0.0
3901983746,0.0,0.0
3887486544,0.0,0.0
3905839873,0.0,0.0
3904055440,20.0,22.0
3901981493,0.0,0.0
3901988080,0.0,0.0
3905857367,0.0,0.0
3891251852,0.0,0.0
3901943134,5000.0,600000.0
3889417415,0.0,0.0
3886831284,55000.0,65000.0
3887992812,0.0,0.0
3901372037,0.0,0.0
3885857581,56220.35,63740.25
3905298764,23.56,28.33
3891070576,0.0,0.0
3899526205,60000.0,70000.0
3904360832,0.0,0.0
3900961338,22.0,26.0
3885841974,0.0,0.0
3898159217,18.0,22.0
3895827699,0.0,0.0
3906220888,0.0,0.0
3901937894,16.46,25.0
3905874924,0.0,0.0
3901948362,55000.0,60000.0
3905377388,0.0,0.0
3905212198,0.0,0.0
3888031683,14.5,16.0
3884436683,0.0,0.0
3906258379,0.0,0.0
3902750257,0.0,0.0
3904587310,80000.0,100000.0
3902344458,0.0,0.0
3903424985,0.0,0.0
3901941565,0.0,0.0
3902819805,0.0,0.0
3888443765,29.53,30.07
3903471662,0.0,0.0
3903876027,0.0,0.0
3901673048,0.0,0.0
3905243122,0.0,0.0
3903835755,0.0,0.0
3902842532,0.0,0.0
3902828743,0.0,0.0
3905347762,30.0,38.0
3902915218,0.0,0.0
3905350381,0.0,0.0
3904722607,0.0,0.0
3905244169,0.0,0.0
3904944503,75000.0,85000.0
3906071626,50000.0,400000.0
3903822706,0.0,0.0
3887596433,0.0,0.0
3899536357,52624.0,73528.0
3903458030,0.0,0.0
3884843664,0.0,0.0
3905695052,0.0,0.0
3902929847,105600.0,158400.0
3905319003,96000.0,186000.0
3891071849,120000.0,150000.0
3901641390,0.0,0.0
3901374838,50000.0,60000.0
3902829701,20.0,24.0
3887890771,0.0,0.0
3901170493,0.0,0.0
3900080527,0.0,0.0
3901997700,110000.0,180000.0
3884899879,0.0,0.0
3901941808,70.0,90.0
3898174546,0.0,0.0
3905208503,0.0,0.0
3904427752,0.0,0.0
3902920021,0.0,0.0
3887103286,0.0,0.0
3901633112,100000.0,145000.0
3905295633,0.0,0.0
3903820636,140000.0,170000.0
3900945020,0.0,0.0
3903491528,0.0,0.0
3902754223,0.0,0.0
3898161225,0.0,0.0
3895547342,0.0,0.0
3903896893,254000.0,360500.0
3902359408,0.0,0.0
3902863706,0.0,0.0
3899536295,100000.0,300000.0
3891070678,0.0,0.0
3887997482,0.0,0.0
3894567983,43.26,64.86
3903468498,0.0,0.0
3902755770,0.0,0.0
3887498296,0.0,0.0
3906233215,0.0,0.0
3905302318,0.0,0.0
3833894876,70000.0,120000.0
3902761095,48300.0,82800.0
3903496536,0.0,0.0
3902829695,75000.0,120000.0
3905330895,0.0,0.0
3901345536,65000.0,75000.0
3889716827,0.0,0.0
3889102276,0.0,0.0
3901677476,0.0,0.0
3886826452,0.0,0.0
3884939253,0.0,0.0
3894997641,80.0,90.0
3904361463,0.0,0.0
3905352361,0.0,0.0
3901697276,0.0,0.0
3904368504,0.0,0.0
3903836658,0.0,0.0
3905310310,0.0,0.0
3903446058,150000.0,200000.0
3894287104,102091.0,126000.0
3902865992,75000.0,80000.0
3902844456,0.0,0.0
3904388052,0.0,0.0
3887476184,0.0,0.0
3901375511,60000.0,120000.0
3904953296,0.0,0.0
3904724594,0.0,0.0
3885832793,21.19,31.76
3904391640,0.0,0.0
3885840174,0.0,0.0
3905868889,0.0,0.0
3902363858,0.0,0.0
3904408940,0.0,0.0
3905295505,60000.0,70000.0
3898171517,0.0,0.0
3905876696,28.0,31.0
3899521996,0.0,0.0
3884819709,56000.0,64000.0
3905844211,0.0,0.0
3905838977,0.0,0.0
3905363816,0.0,0.0
3906232438,0.0,0.0
3904091630,50000.0,60000.0
3902738485,0.0,0.0
3904965593,125000.0,145000.0
3894282431,0.0,0.0
3902806456,145000.0,155000.0
3902359200,18.0,18.0
3900095424,0.0,0.0
3891270629,22.75,32.75
3886214858,0.0,0.0
3904362564,0.0,0.0
3901950531,25.0,28.0
3904066608,175000.0,205000.0
3904386487,0.0,0.0
3901952236,19.0,22.0
3903444797,0.0,0.0
3904719457,0.0,0.0
3905327980,0.0,0.0
3903473884,0.0,0.0
3904415700,0.0,0.0
3902748892,0.0,0.0
3898168996,0.0,0.0
3905295985,0.0,0.0
3902830395,0.0,0.0
3904376371,0.0,0.0
3905878181,0.0,0.0
3902883079,0.0,0.0
3905850836,0.0,0.0
3901678057,0.0,0.0
3886465317,58000.0,123000.0
3898167134,0.0,0.0
3901964411,0.0,0.0
3889121493,0.0,0.0
3894922461,0.0,0.0
3886877739,85000.0,90000.0
3904725537,0.0,0.0
3905693272,0.0,0.0
3902751109,0.0,0.0
3903830202,17.5,19.25
3905331607,0.0,0.0
3895827697,0.0,0.0
3903846061,0.0,0.0
3903825650,0.0,0.0
3894542974,0.0,0.0
3902755411,0.0,0.0
3906246987,0.0,0.0
3895828496,0.0,0.0
3901365304,0.0,0.0
3902363376,0.0,0.0
3904920920,0.0,0.0
3904988719,40.0,42.0
3885807506,0.0,0.0
3895221892,0.0,0.0
3888821781,0.0,0.0
3906245890,0.0,0.0
3904930435,89.9,117.85
3905667794,0.0,0.0
3894284787,0.0,0.0
3884801688,0.0,0.0
3902341957,0.0,0.0
3891840573,0.0,0.0
3903837938,37200.0,51200.0
3902844225,0.0,0.0
3895208286,0.0,0.0
3891071251,90000.0,100000.0
3904961344,0.0,0.0
3890893424,50.0,65.0
3904722775,54200.0,72700.0
3906201196,0.0,0.0
3895595869,0.0,0.0
3884989743,0.0,0.0
3904390504,132000.0,198000.0
3902359728,50000.0,60000.0
3905247742,0.0,0.0
3895808433,0.0,0.0
3906099182,0.0,0.0
3903807473,0.0,0.0
3887834880,0.0,0.0
3895556923,149400.0,235100.0
3885106385,0.0,0.0
3904951775,0.0,0.0
3898166540,50.0,60.0
3905334517,86840.0,139360.0
3905848494,0.0,0.0
3884813110,0.0,0.0
3888801850,110000.0,150000.0
3895282227,60.0,60.0
3888938727,0.0,0.0
3905328452,0.0,0.0
3901986089,0.0,0.0
3906249368,0.0,0.0
3901988451,0.0,0.0
3890895123,0.0,0.0
3884438493,51000.0,61000.0
3904424361,0.0,0.0
3906258732,40.0,40.0
3904714460,0.0,0.0
3898172017,86658.0,114264.0
3906254707,0.0,0.0
3900964193,0.0,0.0
3901937818,0.0,0.0
3904378930,0.0,0.0
3906069813,0.0,0.0
3902749795,0.0,0.0
3904429488,0.0,0.0
3903815629,0.0,0.0
3904708103,0.0,0.0
3900082289,24.29,28.21
3898166215,0.0,0.0
3889123467,0.0,0.0
3905304718,101500.0,107000.0
3905304215,0.0,0.0
3898158598,0.0,0.0
3900948571,143000.0,205500.0
3906230255,0.0,0.0
3864519762,100000.0,130000.0
3904726520,0.0,0.0
3902832535,0.0,0.0
3901392969,72900.0,106920.0
3905829691,0.0,0.0
3902354399,0.0,0.0
3904361716,73100.0,97400.0
3903843265,0.0,0.0
3891074941,225000.0,250000.0
3887485023,0.0,0.0
3903474884,0.0,0.0
3901949715,0.0,0.0
3905374189,0.0,0.0
3906260035,0.0,0.0
3884435057,0.0,0.0
3903810625,0.0,0.0
3904945286,0.0,0.0
3900077383,0.0,0.0
3903457440,40.0,40.0
3901940900,0.0,0.0
3901699032,0.0,0.0
3904383886,63814.4,95721.6
3900081337,0.0,0.0
3884813081,0.0,0.0
3902881320,50.0,80.0
3901930827,0.0,0.0
3885862587,0.0,0.0
3889114500,0.0,0.0
3895263956,0.0,0.0
3904726099,42600.0,87000.0
3901936380,0.0,0.0
3901353353,90000.0,125000.0
3885857586,0.0,0.0
3898161338,0.0,0.0
3884993214,105100.0,204300.0
3902353878,0.0,0.0
3904418944,0.0,0.0
3905325991,0.0,0.0
3905361345,0.0,0.0
3904361274,0.0,0.0
3887709891,0.0,0.0
3901342597,0.0,0.0
3906226811,0.0,0.0
3903474947,0.0,0.0
3906231123,0.0,0.0
3891075325,0.0,0.0
3905397421,0.0,0.0
3900962188,0.0,0.0
3906252389,0.0,0.0
3901940801,90000.0,150000.0
3905368256,0.0,0.0
3904721853,0.0,0.0
3886463765,0.0,0.0
3884428894,0.0,0.0
3891817708,0.0,0.0
3906236405,0.0,0.0
3901174713,86200.0,165000.0
3889745832,0.0,0.0
3902939942,0.0,0.0
3891256033,0.0,0.0
3895804304,0.0,0.0
3903849462,115000.0,223600.0
3899535073,0.0,0.0
3891246965,70000.0,85000.0
3902829859,0.0,0.0
3888028879,0.0,0.0
3901942820,0.0,0.0
3894547236,0.0,0.0
3901165995,0.0,0.0
3884808725,0.0,0.0
3905308482,0.0,0.0
3894297633,0.0,0.0
3903182940,0.0,0.0
3894290070,0.0,0.0
3902783948,0.0,0.0
3900076153,0.0,0.0
3901984736,0.0,0.0
3885810271,0.0,0.0
3905363747,0.0,0.0
3904390708,0.0,0.0
3905301004,0.0,0.0
3901632308,110000.0,175000.0
3904067547,0.0,0.0
3902351133,0.0,0.0
3905341299,78800.0,131600.0
3901954569,0.0,0.0
3902931404,0.0,0.0
3906254571,0.0,0.0
3902836953,26.0,32.0
3880380418,25.0,40.0
3902763168,0.0,0.0
3905880810,25.0,31.0
3884822260,0.0,0.0
3906254910,0.0,0.0
3895218002,0.0,0.0
3902354073,120000.0,145000.0
3904064479,0.0,0.0
3903883574,0.0,0.0
3887720536,0.0,0.0
3900080230,0.0,0.0
3895513645,58500.0,70000.0
3894212059,0.0,0.0
3904719153,0.0,0.0
3884440653,0.0,0.0
3905306811,0.0,0.0
3901983301,0.0,0.0
3905241180,0.0,0.0
3885855624,0.0,0.0
3904957711,0.0,0.0
3885857716,0.0,0.0
3905290837,0.0,0.0
3891250165,0.0,0.0
3887570772,100000.0,125000.0
3894873664,0.0,0.0
3885101961,0.0,0.0
3902759778,0.0,0.0
3903842251,52500.0,72300.0
3906220959,32.0,33.0
3902344827,0.0,0.0
3895543393,0.0,0.0
3906256023,98000.0,151000.0
3884800424,25.0,30.0
3901947388,0.0,0.0
3889172709,0.0,0.0
3906257286,0.0,0.0
3903824520,0.0,0.0
3906235037,0.0,0.0
3884807751,175000.0,195000.0
3900948373,0.0,0.0
3904386218,0.0,0.0
3891017362,0.0,0.0
3904953340,0.0,0.0
3902848184,0.0,0.0
3895554928,0.0,0.0
3904095543,60000.0,85000.0
3906226416,0.0,0.0
3899523267,0.0,0.0
3902831423,56000.0,67000.0
3888944503,0.0,0.0
3887933390,0.0,0.0
3903494557,0.0,0.0
3902755616,0.0,0.0
3905363419,0.0,0.0
3886885021,0.0,0.0
3905340015,0.0,0.0
3904722801,0.0,0.0
3902863336,0.0,0.0
3902322794,111500.0,167300.0
3895491607,0.0,0.0
3905289407,0.0,0.0
3901962761,0.0,0.0
3891264684,0.0,0.0
3901992922,56000.0,82000.0
3902344347,40.0,80.0
3902320489,0.0,0.0
3903881247,0.0,0.0
3887896103,0.0,0.0
3906223265,0.0,0.0
3894886783,0.0,0.0
3904431346,0.0,0.0
3895221139,16.5,18.0
3898172826,100000.0,140000.0
3888027114,0.0,0.0
3898166631,49.96,74.24
3904511022,0.0,0.0
3901939252,0.0,0.0
3895494174,0.0,0.0
3902757383,0.0,0.0
3895546230,0.0,0.0
3891066679,0.0,0.0
3902353983,23.34,28.45
3903807663,0.0,0.0
3905372728,0.0,0.0
3906230107,0.0,0.0
3895515586,0.0,0.0
3887883678,0.0,0.0
3901944034,0.0,0.0
3887862132,0.0,0.0
3905334477,0.0,0.0
3884443704,94957.0,111715.0
3905865173,0.0,0.0
3898166700,0.0,0.0
3887909411,0.0,0.0
3895562433,0.0,0.0
3904972378,0.0,0.0
3905346035,0.0,0.0
3901377608,0.0,0.0
3905825166,0.0,0.0
3898163215,0.0,0.0
3902751894,0.0,0.0
3902863215,70000.0,88000.0
3903805862,200000.0,250000.0
3895207495,0.0,0.0
3902846250,91000.0,144000.0
3905375219,0.0,0.0
3884444120,0.0,0.0
3901171408,180000.0,200000.0
3906091970,0.0,0.0
3903846140,0.0,0.0
3887877769,0.0,0.0
3898167847,0.0,0.0
3898171324,80000.0,100000.0
3901942343,0.0,0.0
3905326814,150000.0,180000.0
3905296952,0.0,0.0
3905304908,141900.0,212900.0
3888947457,0.0,0.0
3884894273,0.0,0.0
3884449483,0.0,0.0
3900087592,0.0,0.0
3902332283,0.0,0.0
3906220834,0.0,0.0
3889701790,0.0,0.0
3887721401,0.0,0.0
3905337569,0.0,0.0
3884814762,0.0,0.0
3885112261,0.0,0.0
3900961608,0.0,0.0
3900943394,0.0,0.0
3895488700,0.0,0.0
3898172076,0.0,0.0
3902858835,0.0,0.0
3903839853,0.0,0.0
3906247860,0.0,0.0
3891041847,0.0,0.0
3902918564,17.0,19.0
3886461289,0.0,0.0
3901957864,0.0,0.0
3905339596,0.0,0.0
3887573211,110000.0,180000.0
3905301714,20.0,25.0
3889115142,24.0,25.0
3885863708,0.0,0.0
3905333139,89500.0,134300.0
3895271686,0.0,0.0
3903844495,127680.0,235410.0
3902761014,0.0,0.0
3903450317,0.0,0.0
3905311296,0.0,0.0
3901360298,0.0,0.0
3901955849,0.0,0.0
3902753442,0.0,0.0
3904995395,0.0,0.0
3902359050,70.64,73.14
3905251224,0.0,0.0
3902756350,0.0,0.0
3904502114,0.0,0.0
3905333087,0.0,0.0
3895217130,0.0,0.0
3903442967,0.0,0.0
3902862110,0.0,0.0
3889721317,17.76,23.09
3903810824,120000.0,135000.0
3889148835,0.0,0.0
3901977527,0.0,0.0
3904991273,0.0,0.0
3904388781,0.0,0.0
3886451772,0.0,0.0
3891013812,0.0,0.0
3889148839,0.0,0.0
3894543916,0.0,0.0
3904408733,100.0,120.0
3902734833,0.0,0.0
3889442823,0.0,0.0
3899543129,40000.0,60000.0
3905239253,0.0,0.0
3889110202,0.0,0.0
3891280054,0.0,0.0
3885106003,0.0,0.0
3904503892,0.0,0.0
3904387768,0.0,0.0
3884431598,0.0,0.0
3904406406,0.0,0.0
3902754105,0.0,0.0
3902371380,120000.0,150000.0
3905296703,0.0,0.0
3894889444,103.0,155.0
3901944650,120.0,160.0
3903810260,90.0,110.0
3901345928,30.0,35.0
3903802564,130000.0,150000.0
3901940806,0.0,0.0
3904708377,0.0,0.0
3887838642,0.0,0.0
3894616701,0.0,0.0
3901983858,0.0,0.0
3904360920,120000.0,150000.0
3901986087,0.0,0.0
3901942525,0.0,0.0
3900959650,0.0,0.0
3902369543,55000.0,65000.0
3906228314,28.5,29.65
3891088798,0.0,0.0
3887839208,0.0,0.0
3906257515,175200.0,225400.0
3902756391,145670.0,197050.0
3905255626,0.0,0.0
3903448317,0.0,0.0
3905345067,70000.0,85000.0
3901961019,104300.0,148500.0
3887883878,0.0,0.0
3888935529,0.0,0.0
3904414910,0.0,0.0
3889445611,0.0,0.0
3884924121,0.0,0.0
3904392131,70000.0,80000.0
3905306710,75000.0,220000.0
3904579456,0.0,0.0
3887890773,0.0,0.0
3889282831,0.0,0.0
3901945214,0.0,0.0
3901979723,0.0,0.0
3895566635,0.0,0.0
3902941522,0.0,0.0
3901958467,0.0,0.0
3902364167,0.0,0.0
3884438462,0.0,0.0
3903847543,0.0,0.0
3904956288,21.63,26.44
3901642113,0.0,0.0
3898171313,0.0,0.0
3905668781,0.0,0.0
3900987195,0.0,0.0
3794986432,0.0,0.0
3900082189,221170.0,286220.0
3902355607,0.0,0.0
3906227468,18.0,20.0
3905872661,0.0,0.0
3902937058,0.0,0.0
3901945072,0.0,0.0
3898156784,0.0,0.0
3884437730,20.0,25.0
3905288882,0.0,0.0
3889116270,0.0,0.0
3903869469,0.0,0.0
3898156667,0.0,0.0
3903466546,176951.0,207817.0
3901379157,0.0,0.0
3904429186,0.0,0.0
3901164734,0.0,0.0
3889411623,0.0,0.0
3887468976,0.0,0.0
3904409663,0.0,0.0
3904727072,80000.0,120000.0
3906224916,18.0,20.0
3901393501,0.0,0.0
3901945186,80000.0,95000.0
3905394245,0.0,0.0
3906222940,0.0,0.0
3903838921,72000.0,74000.0
3891071892,0.0,0.0
3903466920,0.0,0.0
3888031890,0.0,0.0
3904387725,0.0,0.0
3901979218,0.0,0.0
3885103388,0.0,0.0
3901378485,0.0,0.0
3904396072,0.0,0.0
3904962666,0.0,0.0
3905848673,0.0,0.0
3895800681,0.0,0.0
3902866546,0.0,0.0
3894211595,0.0,0.0
3906223822,0.0,0.0
3905369156,0.0,0.0
3905370083,0.0,0.0
3902806239,0.0,0.0
3902344775,60.0,65.0
3901360429,0.0,0.0
3901919658,0.0,0.0
3895219797,18.81,27.79
3906247768,0.0,0.0
3905344943,48000.0,54000.0
3902761490,0.0,0.0
3905671283,164800.0,259400.0
3905336690,0.0,0.0
3904990249,0.0,0.0
3905335767,0.0,0.0
3906080271,0.0,0.0
3898170896,40.0,55.0
3900962182,0.0,0.0
3905330390,120000.0,140000.0
3906250691,0.0,0.0
3902339288,0.0,0.0
3906250761,0.0,0.0
3889417423,0.0,0.0
3902827028,75000.0,100000.0
3894671037,208000.0,286000.0
3902747706,0.0,0.0
3885107174,0.0,0.0
3895805304,267400.0,310000.0
3902355283,22.0,27.0
3904997692,0.0,0.0
3886843057,0.0,0.0
3900072544,0.0,0.0
3894881209,0.0,0.0
3901394625,35000.0,50000.0
3901942346,0.0,0.0
3900940836,23.0,24.0
3901372266,0.0,0.0
3885860892,0.0,0.0
3901455502,60000.0,150000.0
3901356370,0.0,0.0
3904409117,0.0,0.0
3904394336,0.0,0.0
3904987813,0.0,0.0
3898166761,19.0,26.0
3894914966,42500.0,60000.0
3894870474,13.5,14.5
3904941620,85000.0,95000.0
3905873936,0.0,0.0
3898160223,0.0,0.0
3902345422,0.0,0.0
3894891810,0.0,0.0
3900982725,0.0,0.0
3902845201,0.0,0.0
3901390779,0.0,0.0
3895566927,0.0,0.0
3904568870,125000.0,135000.0
3900987104,0.0,0.0
3887879374,0.0,0.0
3905339068,0.0,0.0
3889714841,0.0,0.0
3888811323,115000.0,130000.0
3888932991,0.0,0.0
3903449919,0.0,0.0
3901689959,0.0,0.0
3894899597,22.0,27.0
3901641538,0.0,0.0
3902831396,0.0,0.0
3905327685,156000.0,246000.0
3888803597,0.0,0.0
3904584467,0.0,0.0
3904068836,0.0,0.0
3906070800,0.0,0.0
3901942350,0.0,0.0
3904385747,0.0,0.0
3889747299,0.0,0.0
3884438827,152000.0,242000.0
3901978341,24.0,30.0
3902317123,50000.0,60000.0
3458210342,0.0,0.0
3889453027,16.0,21.4
3904728063,0.0,0.0
3894210672,0.0,0.0
3901954917,0.0,0.0
3904418310,0.0,0.0
3902367496,0.0,0.0
3511440340,25.0,30.0
3902366178,0.0,0.0
3888024801,0.0,0.0
3901979184,322000.0,365000.0
3905302346,0.0,0.0
3906265232,0.0,0.0
3906227834,0.0,0.0
3904382333,0.0,0.0
3884939329,0.0,0.0
3884921389,0.0,0.0
3888004706,0.0,0.0
3890894201,0.0,0.0
3891072639,75.0,85.0
3894287443,0.0,0.0
3895252401,1.0,100000.0
3899533476,0.0,0.0
3895528161,0.0,0.0
3901955321,0.0,0.0
3903838989,0.0,0.0
3901496929,125000.0,150000.0
3902355141,0.0,0.0
3905876025,0.0,0.0
3894548321,0.0,0.0
3895215103,41715.0,49000.0
3904419244,0.0,0.0
3905803686,0.0,0.0
3889239433,0.0,0.0
3903463486,0.0,0.0
3898157476,125000.0,160000.0
3891068947,0.0,0.0
3886840539,0.0,0.0
3901945450,15.75,20.0
3887704142,0.0,0.0
3884806509,85.0,90.0
3898167024,0.0,0.0
3905303509,0.0,0.0
3884920783,0.0,0.0
3906226770,0.0,0.0
3905394275,140000.0,170000.0
3894562457,0.0,0.0
3903429488,0.0,0.0
3905865837,0.0,0.0
3887476336,0.0,0.0
3902323722,0.0,0.0
3894281015,21.0,24.0
3901472360,0.0,0.0
3902358260,0.0,0.0
3904564800,0.0,0.0
3887495209,0.0,0.0
3903885473,70000.0,80000.0
3889721467,0.0,0.0
3904501448,170000.0,200000.0
3887581359,0.0,0.0
3905874325,0.0,0.0
3904986925,0.0,0.0
3905332120,0.0,0.0
3903887004,0.0,0.0
3905203489,0.0,0.0
3902362733,0.0,0.0
3902736538,0.0,0.0
3889705284,53890.0,74617.0
3903811113,0.0,0.0
3903443825,0.0,0.0
3902371357,93500.0,110000.0
3902831397,0.0,0.0
3904984613,0.0,0.0
3903444387,0.0,0.0
3889706880,0.0,0.0
3902946054,0.0,0.0
3902948256,0.0,0.0
3900080550,0.0,0.0
3905249934,0.0,0.0
3891249553,85.0,95.0
3900960569,0.0,0.0
3889156130,0.0,0.0
3901398923,160000.0,185000.0
3904058989,0.0,0.0
3888029607,0.0,0.0
3904383936,0.0,0.0
3905381802,0.0,0.0
3901944600,65.0,70.0
3901697529,0.0,0.0
3901181189,0.0,0.0
3905335221,0.0,0.0
3890894450,0.0,0.0
3895217129,0.0,0.0
3905335094,94168.0,120845.0
3894579677,0.0,0.0
3888006987,0.0,0.0
3884431629,0.0,0.0
3905392673,0.0,0.0
3900953060,85000.0,100000.0
3902951791,0.0,0.0
3900977235,16.4,22.0
3904950551,0.0,0.0
3884933545,0.0,0.0
3886441927,0.0,0.0
3895515746,101566.0,116792.0
3898167971,0.0,0.0
3901379545,20.0,25.0
3894552146,0.0,0.0
3900978792,0.0,0.0
3905372329,0.0,0.0
3903890061,39.98,59.49
3906228547,0.0,0.0
3891070663,0.0,0.0
3901391189,0.0,0.0
3895541648,0.0,0.0
3888033428,0.0,0.0
3894903523,106000.0,143000.0
3885863424,0.0,0.0
3903836151,0.0,0.0
3895528144,0.0,0.0
3889779595,0.0,0.0
3891270633,108000.0,230000.0
3894926621,0.0,0.0
3894569023,80000.0,110000.0
3904359759,0.0,0.0
3894564390,0.0,0.0
3903476891,0.0,0.0
3891093047,0.0,0.0
3901984029,0.0,0.0
3895812299,5445.0,6276.0
3891073518,0.0,0.0
3905363959,0.0,0.0
3906069835,0.0,0.0
3905849939,0.0,0.0
3887479740,0.0,0.0
3904715713,0.0,0.0
3901173733,0.0,0.0
3898168846,15.0,20.0
3894611313,95000.0,123500.0
3891818095,0.0,0.0
3905661416,0.0,0.0
3905251106,0.0,0.0
3894208786,129840.0,194760.0
3905327545,0.0,0.0
3889160039,0.0,0.0
3884831622,0.0,0.0
3903875417,0.0,0.0
3901170474,0.0,0.0
3903472737,0.0,0.0
3900080524,0.0,0.0
3901694732,0.0,0.0
3900096452,0.0,0.0
3884894749,0.0,0.0
3898172126,0.0,0.0
3901378445,0.0,0.0
3904365184,0.0,0.0
3902757069,0.0,0.0
3905276827,0.0,0.0
3889282977,0.0,0.0
3901965801,0.0,0.0
3888000699,0.0,0.0
3904365721,0.0,0.0
3891282373,0.0,0.0
3901980612,0.0,0.0
3902321377,0.0,0.0
3899531572,0.0,0.0
3900943294,0.0,0.0
3902360009,24.0,30.0
3904974167,106000.0,238000.0
3895841459,0.0,0.0
3894878010,0.0,0.0
3894675633,0.0,0.0
3904715859,0.0,0.0
3902878353,0.0,0.0
3904941170,0.0,0.0
3904580127,0.0,0.0
3905284601,0.0,0.0
3901679357,115000.0,125000.0
3884915177,45.0,51.0
3900957663,96000.0,200000.0
3904408473,0.0,0.0
3900087920,110000.0,165000.0
3905207996,75000.0,95000.0
3902311112,0.0,0.0
3901633102,0.0,0.0
3894996749,0.0,0.0
3902913831,30.0,32.0
3885823893,0.0,0.0
3902751952,0.0,0.0
3885851126,84000.0,114000.0
3904721059,0.0,0.0
3901984623,0.0,0.0
3888035108,120000.0,130000.0
3900966232,0.0,0.0
3903877152,0.0,0.0
3905371846,0.0,0.0
3901168703,0.0,0.0
3904920744,0.0,0.0
3901955345,58.9,102.39
3903825483,18.0,21.6
3895277427,0.0,0.0
3904969494,0.0,0.0
3884808730,0.0,0.0
3904945234,55000.0,95000.0
3905308636,75300.0,139000.0
3894562491,17.0,21.75
3902866676,65.0,70.0
3903847178,0.0,0.0
3887875266,0.0,0.0
3904392703,0.0,0.0
3905831299,0.0,0.0
3901667916,135000.0,170000.0
3903481015,0.0,0.0
3901682366,0.0,0.0
3902867197,0.0,0.0
3905393721,0.0,0.0
3903453845,0.0,0.0
3891008087,0.0,0.0
3905333647,0.0,0.0
3906251423,0.0,0.0
3891071517,0.0,0.0
3902943727,0.0,0.0
3891810847,68000.0,74000.0
3906253755,94000.0,143000.0
3904366420,0.0,0.0
3901985163,0.0,0.0
3885111701,0.0,0.0
3901942875,0.0,0.0
3904710007,0.0,0.0
3891816908,0.0,0.0
3884438389,0.0,0.0
3905254410,0.0,0.0
3900975990,0.0,0.0
3904086114,123100.0,229000.0
3884935342,0.0,0.0
3901675534,0.0,0.0
3902365732,0.0,0.0
3884434778,60590.0,90885.0
3885810223,0.0,0.0
3905287539,0.0,0.0
3887474517,50.0,55.0
3904712636,18.91,25.53
3900943715,32.0,39.0
3905880707,0.0,0.0
3891245999,140000.0,200000.0
3901672390,0.0,0.0
3888452850,0.0,0.0
3886838586,0.0,0.0
3898160908,0.0,0.0
3903827451,38.0,42.0
3895494172,20.0,23.0
3886486522,70000.0,82000.0
3905882431,0.0,0.0
3901944998,120000.0,140000.0
3904924549,0.0,0.0
3904406752,0.0,0.0
3887474177,70000.0,100000.0
3903885028,0.0,0.0
3904365387,0.0,0.0
3887909422,0.0,0.0
3894614628,0.0,0.0
3904999946,0.0,0.0
3904085733,0.0,0.0
3895542196,0.0,0.0
3905350064,0.0,0.0
3901977993,0.0,0.0
3895810656,0.0,0.0
3887701179,0.0,0.0
3902862901,142800.0,195000.0
3888022997,0.0,0.0
3885821385,0.0,0.0
3887712919,22.0,22.0
3887878759,0.0,0.0
3887907124,0.0,0.0
3886451987,5684.0,7114.0
3901357522,0.0,0.0
3905680547,0.0,0.0
3901935945,85000.0,95000.0
3904400889,0.0,0.0
3906220932,0.0,0.0
3904372004,0.0,0.0
3885804875,0.0,0.0
3887897611,0.0,0.0
3905878951,0.0,0.0
3885846885,13.65,18.16
3905327422,40.0,45.0
3891267962,0.0,0.0
3895805689,0.0,0.0
3884851658,0.0,0.0
3884436924,0.0,0.0
3905628852,0.0,0.0
3901351179,0.0,0.0
3905326685,0.0,0.0
3905368238,0.0,0.0
3902749818,0.0,0.0
3895594806,0.0,0.0
3884431507,59000.0,70000.0
3902800410,0.0,0.0
3906230559,59600.0,86450.0
3894941768,0.0,0.0
3898156782,0.0,0.0
3894533187,0.0,0.0
3895203068,0.0,0.0
3903447946,35.51,54.87
3887998116,0.0,0.0
3687125020,0.0,0.0
3905302215,0.0,0.0
3901941985,0.0,0.0
3901992458,0.0,0.0
3905299310,0.0,0.0
3904954776,0.0,0.0
3905345736,0.0,0.0
3905294892,0.0,0.0
3904378956,88400.0,110700.0
3894572063,50000.0,550000.0
3895595511,150000.0,180000.0
3904091249,90000.0,100000.0
3895542251,0.0,0.0
3904073438,0.0,0.0
3901651785,85000.0,125000.0
3884437433,0.0,0.0
3901368993,115000.0,119000.0
3906089341,0.0,0.0
3901484323,0.0,0.0
3889289291,0.0,0.0
3905369743,0.0,0.0
3902368514,75.0,85.0
3894567350,0.0,0.0
3884991627,93500.0,185000.0
3905667588,20.0,25.14
3889771181,0.0,0.0
3884435186,0.0,0.0
2147609712,0.0,0.0
3889425951,0.0,0.0
3903840440,0.0,0.0
3895547109,50.0,60.0
3887494800,0.0,0.0
3889477401,21.0,29.0
3901396404,50000.0,70000.0
3903870699,59000.0,90000.0
3889472187,0.0,0.0
3899529897,0.0,0.0
3901693418,65000.0,160000.0
3901698621,0.0,0.0
3887842011,0.0,0.0
3901348814,0.0,0.0
3901943108,0.0,0.0
3898174037,0.0,0.0
3905378057,0.0,0.0
3904949296,0.0,0.0
3899525111,0.0,0.0
3887871025,0.0,0.0
3905874306,31.0,38.0
3887999695,0.0,0.0
3904379663,0.0,0.0
3902746952,0.0,0.0
3905394719,0.0,0.0
3884867299,0.0,0.0
3903881563,0.0,0.0
3901366561,0.0,0.0
3886848085,0.0,0.0
3904957814,0.0,0.0
3902865613,150000.0,200000.0
3905317482,80000.0,100000.0
3906095958,0.0,0.0
3901667990,0.0,0.0
3905329501,14.0,14.0
3888005735,0.0,0.0
3905819298,0.0,0.0
3905206234,48.0,66.0
3904931961,120000.0,135000.0
3885102433,0.0,0.0
3903456669,150000.0,175000.0
3901943742,0.0,0.0
3895594816,0.0,0.0
3901976823,0.0,0.0
3905331726,0.0,0.0
3887587855,100000.0,175000.0
3905842543,0.0,0.0
3885870164,0.0,0.0
3891077252,0.0,0.0
3905271751,0.0,0.0
3904724933,0.0,0.0
3888025758,0.0,0.0
3900960580,0.0,0.0
3906225917,0.0,0.0
3894545521,0.0,0.0
3891271651,40000.0,80000.0
3904389540,100000.0,1000001.0
3901392081,0.0,0.0
3891808115,0.0,0.0
3887489324,0.0,0.0
3891076409,0.0,0.0
3887705990,0.0,0.0
3885827659,60000.0,150000.0
3901695367,0.0,0.0
3902322968,0.0,0.0
3905830192,65000.0,70000.0
3889720611,0.0,0.0
3885865475,0.0,0.0
3901936513,0.0,0.0
3901345859,0.0,0.0
3901345891,60.0,75.0
3887702406,167928.92,301837.91
3895598320,72000.0,84000.0
3902750580,0.0,0.0
3894561107,90000.0,140000.0
3904706397,0.0,0.0
3901936355,0.0,0.0
3905845985,20.0,21.0
3904970171,55300.0,107800.0
3905339212,17.17,22.32
3905607723,0.0,0.0
3895815426,25000.0,50000.0
3901945130,0.0,0.0
3901981173,105000.0,130000.0
3888020348,0.0,0.0
3904394014,0.0,0.0
3902365035,0.0,0.0
3891071634,130000.0,160000.0
3901980502,0.0,0.0
3904954992,31.0,37.0
3900961626,0.0,0.0
3884914703,20.0,25.0
3904961093,84037.0,110000.0
3904933184,50.0,54.0
3901672074,0.0,0.0
3884919292,0.0,0.0
3887853960,0.0,0.0
3904057428,0.0,0.0
3894412823,0.0,0.0
3904069101,0.0,0.0
3886216020,0.0,0.0
3900967019,175000.0,210000.0
3906255158,0.0,0.0
3904388597,49.82,74.74
3888954708,0.0,0.0
3902787231,0.0,0.0
3888025697,0.0,0.0
3902756829,0.0,0.0
3901982026,80000.0,95000.0
3902344386,0.0,0.0
3887878826,0.0,0.0
3901391195,0.0,0.0
3885858036,0.0,0.0
3891082220,0.0,0.0
3905291352,0.0,0.0
3901346935,64000.0,118320.0
3900072460,0.0,0.0
3885111458,0.0,0.0
3900944549,0.0,0.0
3891019682,0.0,0.0
3906231335,0.0,0.0
3901984335,0.0,0.0
3904359917,0.0,0.0
3906250429,85000.0,90000.0
3887476809,0.0,0.0
3904501831,0.0,0.0
3887713280,61153.0,80021.0
3887496291,27.0,29.0
3899522711,90000.0,105000.0
3903891949,0.0,0.0
3905326927,0.0,0.0
3904503158,0.0,0.0
3903814159,0.0,0.0
3886883359,0.0,0.0
3888972919,0.0,0.0
3902360797,0.0,0.0
3902865878,18.0,19.0
3887718474,0.0,0.0
3889720466,42.31,63.47
3904566830,0.0,0.0
3905314792,0.0,0.0
3895524751,0.0,0.0
3904992645,0.0,0.0
3901976568,90000.0,120000.0
3903465373,0.0,0.0
3905370125,0.0,0.0
3902947294,0.0,0.0
3905255131,143300.0,187700.0
3891252189,13.5,19.0
3894543920,0.0,0.0
3901356605,0.0,0.0
3880176089,0.0,0.0
3901630280,60000.0,150000.0
3891077558,0.0,0.0
3901941624,0.0,0.0
3894882264,0.0,0.0
3895809333,0.0,0.0
3905247486,0.0,0.0
3902862526,0.0,0.0
3888025698,0.0,0.0
3902913489,0.0,0.0
3888000713,0.0,0.0
3885861425,0.0,0.0
3906096213,0.0,0.0
3894555997,0.0,0.0
3898169293,0.0,0.0
3891027917,0.0,0.0
3904392478,0.0,0.0
3895594808,0.0,0.0
3900959733,0.0,0.0
3884442151,90000.0,135000.0
3902760416,0.0,0.0
3898169787,0.0,0.0
3887870884,0.0,0.0
3905208364,0.0,0.0
3894957728,0.0,0.0
3905839602,0.0,0.0
3904406737,80000.0,85000.0
3905323994,0.0,0.0
3906256029,0.0,0.0
3901351288,110000.0,130000.0
3895521584,0.0,0.0
3904094974,169400.0,266200.0
3904357866,0.0,0.0
3901343659,75.0,85.0
3901345958,0.0,0.0
3905203277,0.0,0.0
3901662953,0.0,0.0
3898160667,0.0,0.0
3905310321,0.0,0.0
3905363545,0.0,0.0
3894567339,0.0,0.0
3889750545,0.0,0.0
3899520176,0.0,0.0
3884434305,0.0,0.0
3902938935,0.0,0.0
3904972425,0.0,0.0
3889453588,0.0,0.0
3904417933,85000.0,120000.0
3902359183,0.0,0.0
3902759692,0.0,0.0
3906091917,100.0,135.0
3902357249,0.0,0.0
3898160943,70000.0,75000.0
3905816860,0.0,0.0
3904390368,0.0,0.0
3904986891,0.0,0.0
3895271679,0.0,0.0
3901392259,80000.0,85000.0
3904428574,60000.0,70000.0
3901347571,0.0,0.0
3901167602,0.0,0.0
3904707273,20.0,25.0
3895570410,19.78,21.73
3884895985,70000.0,75000.0
3895599270,0.0,0.0
3884435854,0.0,0.0
3905856091,0.0,0.0
3906254496,0.0,0.0
3905341063,0.0,0.0
3905818531,0.0,0.0
3901954675,0.0,0.0
3904956350,87000.0,230000.0
3905313233,0.0,0.0
3905240354,95000.0,110000.0
3894564155,0.0,0.0
3901955876,253800.0,300000.0
3898163079,55808.0,116582.0
3904428551,45010.0,65264.0
3904392063,0.0,0.0
3901357943,0.0,0.0
3888979219,0.0,0.0
3906247540,0.0,0.0
3884435681,0.0,0.0
3905310386,0.0,0.0
3901677723,0.0,0.0
3887907757,300000.0,400000.0
3906099226,0.0,0.0
3904400613,0.0,0.0
3891251523,0.0,0.0
3888027130,0.0,0.0
3906254726,75900.0,116000.0
3904369261,0.0,0.0
3901938381,0.0,0.0
3902839674,0.0,0.0
3901389731,0.0,0.0
3905204634,0.0,0.0
3905656195,0.0,0.0
3906091750,0.0,0.0
3901388602,75000.0,85000.0
3904960371,0.0,0.0
3905881612,0.0,0.0
3904068869,0.0,0.0
3895269284,0.0,0.0
3905611304,0.0,0.0
3903476468,58.0,62.48
3891093300,0.0,0.0
3904367283,0.0,0.0
3901373702,0.0,0.0
3905238869,0.0,0.0
3905330565,0.0,0.0
3905664725,0.0,0.0
3902947884,0.0,0.0
3901956551,16.0,19.0
3904990686,0.0,0.0
3885101334,0.0,0.0
3884827386,0.0,0.0
3903497399,80800.0,121200.0
3891246931,25.0,25.0
3894888973,0.0,0.0
3901942967,0.0,0.0
3905333185,111048.0,143336.0
3898176327,0.0,0.0
3887105459,0.0,0.0
3889715346,0.0,0.0
3889488825,0.0,0.0
3901694257,0.0,0.0
3894533362,0.0,0.0
3904385842,0.0,0.0
3898166952,0.0,0.0
3904361736,0.0,0.0
3899534475,40.0,40.0
3891076949,0.0,0.0
3904710263,78700.0,165300.0
3901168684,35000.0,40000.0
3894612614,140700.0,190400.0
3901393077,0.0,0.0
3903472757,51857.0,63169.0
3902746649,0.0,0.0
3904362475,0.0,0.0
3885851345,0.0,0.0
3888993529,40.0,44.0
3890895616,0.0,0.0
3901976386,0.0,0.0
3901694885,0.0,0.0
3903846170,0.0,0.0
3902789482,124450.0,183918.0
3904096451,100000.0,105000.0
3898160983,0.0,0.0
3901940460,0.0,0.0
3901990337,0.0,0.0
3887493742,0.0,0.0
3905209328,0.0,0.0
3903475258,0.0,0.0
3895839644,0.0,0.0
3894567314,0.0,0.0
3904514243,0.0,0.0
3894874027,0.0,0.0
3906090992,20.0,24.0
3898173161,120000.0,185000.0
3889702854,0.0,0.0
3884880475,0.0,0.0
3905693847,0.0,0.0
3889495472,0.0,0.0
3906072618,30.0,33.0
3889126518,0.0,0.0
3901979920,0.0,0.0
3905873545,0.0,0.0
3905308725,0.0,0.0
3899527095,0.0,0.0
3906096199,140000.0,180000.0
3895207749,0.0,0.0
3906247604,100000.0,150000.0
3904388363,0.0,0.0
3884425580,0.0,0.0
3902876607,0.0,0.0
3902740865,0.0,0.0
3901956557,0.0,0.0
3899537964,65000.0,80000.0
3905644981,0.0,0.0
3906224302,0.0,0.0
3902734451,0.0,0.0
3901679303,0.0,0.0
3905377065,0.0,0.0
3900966028,0.0,0.0
3891277662,0.0,0.0
3901983542,0.0,0.0
3905374465,0.0,0.0
3887872386,0.0,0.0
3905293354,0.0,0.0
3906227798,0.0,0.0
3904716517,0.0,0.0
3904503289,0.0,0.0
3905368202,0.0,0.0
3891255174,0.0,0.0
3901668603,0.0,0.0
3906248652,0.0,0.0
3900958203,0.0,0.0
3905824742,0.0,0.0
3901990052,0.0,0.0
3906229256,22.0,27.4
3902867427,100000.0,150000.0
3884443818,50000.0,65000.0
3903823721,0.0,0.0
3895815394,0.0,0.0
3894893665,22.0,25.0
3904949777,0.0,0.0
3887915007,0.0,0.0
3905875307,0.0,0.0
3901695283,15.0,17.25
3901389270,0.0,0.0
3901694949,93101.0,165006.0
3902855139,0.0,0.0
3905871160,0.0,0.0
3901698255,0.0,0.0
3889484364,18.26,22.26
3901379546,0.0,0.0
3905289410,0.0,0.0
3898155797,130.0,150.0
3894277628,0.0,0.0
3904390385,0.0,0.0
3900072233,35.0,40.0
3894216382,90000.0,130000.0
3898164159,0.0,0.0
3894218302,0.0,0.0
3904726723,0.0,0.0
3891093071,42800.0,73600.0
3902350743,0.0,0.0
3891278470,0.0,0.0
3904389582,0.0,0.0
3903878014,121846.0,160000.0
3902348757,0.0,0.0
3905801167,0.0,0.0
3905333290,20.0,24.0
3901937905,0.0,0.0
3885812217,0.0,0.0
3902754968,0.0,0.0
3902943732,0.0,0.0
3905397477,0.0,0.0
3904399930,0.0,0.0
3904992740,50000.0,67500.0
3903881487,0.0,0.0
3887882381,18.0,33.5
3906255683,0.0,0.0
3887868799,0.0,0.0
3894996733,50000.0,52000.0
3903471527,0.0,0.0
3898158901,0.0,0.0
3901954135,0.0,0.0
3891276321,0.0,0.0
3902845044,0.0,0.0
3901139606,0.0,0.0
3889485844,0.0,0.0
3904380998,0.0,0.0
3904387323,52500.0,70000.0
3886832801,0.0,0.0
3889126796,16.16,21.01
3906236420,0.0,0.0
3884915772,0.0,0.0
3903879087,0.0,0.0
3891250854,0.0,0.0
3904720665,0.0,0.0
3905329299,0.0,0.0
3906249800,50.0,55.0
3904506938,0.0,0.0
3905851424,0.0,0.0
3889424146,0.0,0.0
3895809121,0.0,0.0
3894938321,0.0,0.0
3901997613,0.0,0.0
3901964371,0.0,0.0
3902316836,0.0,0.0
3905669416,15.0,16.0
3903881531,0.0,0.0
3890896255,0.0,0.0
3887700479,0.0,0.0
3902349750,30.0,41.89
3902343477,0.0,0.0
3887835724,0.0,0.0
3904563633,0.0,0.0
3905338327,0.0,0.0
3898161354,0.0,0.0
3904992207,0.0,0.0
3901177193,50.0,50.0
3901392151,75000.0,85000.0
3885844674,0.0,0.0
3902783333,0.0,0.0
3891082049,0.0,0.0
3903805731,0.0,0.0
3903838955,0.0,0.0
3903474709,0.0,0.0
3889490159,0.0,0.0
3888030787,0.0,0.0
3889739306,0.0,0.0
3898159418,0.0,0.0
3904057429,24.2,49.95
3901635569,0.0,0.0
3901989066,0.0,0.0
3906252382,0.0,0.0
3894905577,0.0,0.0
3905314126,0.0,0.0
3902747249,0.0,0.0
3886881398,0.0,0.0
3903830542,0.0,0.0
3902361636,80600.0,175400.0
3902925275,0.0,0.0
3891255108,0.0,0.0
3887836979,0.0,0.0
3904575428,0.0,0.0
3886213531,0.0,0.0
3895844926,0.0,0.0
3901939831,0.0,0.0
3899532160,0.0,0.0
3514667133,0.0,0.0
3906255414,0.0,0.0
3906247864,0.0,0.0
3905295449,0.0,0.0
3906079018,0.0,0.0
3903450108,0.0,0.0
3906083123,65000.0,75000.0
3901171097,104645.0,130806.0
3905329814,0.0,0.0
3905833561,0.0,0.0
3888035026,0.0,0.0
3888006812,0.0,0.0
3888964506,0.0,0.0
3904975048,0.0,0.0
3903809481,0.0,0.0
3904398777,0.0,0.0
3902360091,0.0,0.0
3901647510,0.0,0.0
3889434548,55000.0,65000.0
3885836996,0.0,0.0
3901967292,0.0,0.0
3905617945,0.0,0.0
3904363364,65000.0,81200.0
3904709049,0.0,0.0
3898162623,0.0,0.0
3900070190,0.0,0.0
3885104451,0.0,0.0
3903842155,0.0,0.0
3906225767,0.0,0.0
3902928653,0.0,0.0
3901943601,0.0,0.0
3899517717,95000.0,120000.0
3904060802,0.0,0.0
3884891473,0.0,0.0
3889434759,0.0,0.0
3889149589,0.0,0.0
3903842534,0.0,0.0
3898160535,0.0,0.0
3901965327,0.0,0.0
3891252548,110000.0,120000.0
3889437509,0.0,0.0
3891280413,0.0,0.0
3884432683,0.0,0.0
3901937395,0.0,0.0
3901359166,0.0,0.0
3904998436,35000.0,37000.0
3905608578,0.0,0.0
3904501720,0.0,0.0
3888001295,0.0,0.0
3905345005,0.0,0.0
3900089527,63000.0,71000.0
3906259433,0.0,0.0
3900944194,0.0,0.0
3901949561,0.0,0.0
3903839262,0.0,0.0
3900067646,90000.0,140000.0
3885831267,0.0,0.0
3905249469,0.0,0.0
3899519511,0.0,0.0
3899525628,0.0,0.0
3903473529,0.0,0.0
3889113335,0.0,0.0
3894681049,0.0,0.0
3904089081,123700.0,240500.0
3902786746,0.0,0.0
3887915130,0.0,0.0
3887841149,0.0,0.0
3904936266,0.0,0.0
3905658788,0.0,0.0
3904954875,150000.0,190000.0
3888419758,0.0,0.0
3901375465,85000.0,105000.0
3884921130,0.0,0.0
3902831585,0.0,0.0
3904724333,135000.0,202500.0
3888932866,0.0,0.0
3903872918,0.0,0.0
3890894304,0.0,0.0
3894209784,0.0,0.0
3901161317,0.0,0.0
3889702659,0.0,0.0
3902865223,2448.0,2448.0
3887713456,0.0,0.0
3905331222,0.0,0.0
3888805484,0.0,0.0
3889418965,0.0,0.0
3891266158,0.0,0.0
3891834629,0.0,0.0
3905802710,0.0,0.0
3903875931,0.0,0.0
3887482162,0.0,0.0
3901982608,120000.0,150000.0
3900956664,75.0,78.0
3904420134,0.0,0.0
3906257304,0.0,0.0
3905846637,0.0,0.0
3891808462,0.0,0.0
3902362661,0.0,0.0
3902760661,0.0,0.0
3905611334,0.0,0.0
3902758503,116900.0,233800.0
3900976512,0.0,0.0
3905851715,0.0,0.0
3906239201,0.0,0.0
3902740502,0.0,0.0
3904574964,0.0,0.0
3887889285,0.0,0.0
3901965037,18.0,22.0
3905338085,0.0,0.0
3901991681,0.0,0.0
3889769846,0.0,0.0
3900943120,0.0,0.0
3905338213,64000.0,98178.07
3899531129,53400.0,71900.0
3904372046,0.0,0.0
3891071869,0.0,0.0
3903479127,0.0,0.0
3904418373,0.0,0.0
3905250969,24.5,26.67
3898168557,0.0,0.0
3905396315,125600.0,195040.0
3905813552,0.0,0.0
3904956011,0.0,0.0
3887715616,0.0,0.0
3891810254,0.0,0.0
3906099392,0.0,0.0
3906226978,0.0,0.0
3905397281,0.0,0.0
3887574671,95000.0,135000.0
3901371789,31.0,39.0
3902742857,0.0,0.0
3901977316,45.0,52.5
3889112783,0.0,0.0
3905675308,150000.0,200000.0
3905308749,0.0,0.0
3905336663,0.0,0.0
3901941145,0.0,0.0
3886897649,38.0,58.0
3902756218,29.52,45.5
3885830010,0.0,0.0
3904390754,0.0,0.0
3889191478,2891.0,2891.0
3895815389,0.0,0.0
3884826501,0.0,0.0
3904362829,0.0,0.0
3903431017,0.0,0.0
3899532601,100000.0,115000.0
3905295712,0.0,0.0
3904994221,0.0,0.0
3904716339,45.0,50.0
3901800038,0.0,0.0
3905843105,0.0,0.0
3902866621,0.0,0.0
3888974834,0.0,0.0
3905244150,24.0,26.0
3905323966,0.0,0.0
3887948213,69900.0,100500.0
3900984252,0.0,0.0
3899525569,0.0,0.0
3904946412,0.0,0.0
3906223387,0.0,0.0
3901953986,0.0,0.0
3895566723,19.04,26.11
3902760274,0.0,0.0
3901699369,0.0,0.0
3905353136,0.0,0.0
3900076704,0.0,0.0
3895546169,0.0,0.0
3894212407,0.0,0.0
3906077911,28.0,41.0
3901693694,0.0,0.0
3844838697,36000.0,120000.0
3905203941,0.0,0.0
3900087175,0.0,0.0
3895490955,0.0,0.0
3903831514,0.0,0.0
3889742925,0.0,0.0
3898178337,0.0,0.0
3889110988,0.0,0.0
3891284819,0.0,0.0
3902757114,14.0,16.0
3890889845,0.0,0.0
3902372126,0.0,0.0
3905692453,0.0,0.0
3895208315,110000.0,150000.0
3905693729,0.0,0.0
3903826785,0.0,0.0
3902931504,0.0,0.0
3902324092,73000.0,95000.0
3901960301,95000.0,115000.0
3887472551,0.0,0.0
3905251138,0.0,0.0
3889101425,16.0,20.0
3887882169,0.0,0.0
3905876158,0.0,0.0
3894591622,0.0,0.0
3902938702,0.0,0.0
3903457260,0.0,0.0
3906088681,0.0,0.0
3887836566,0.0,0.0
3901961211,19.0,20.0
3885831580,0.0,0.0
3889415860,0.0,0.0
3906250629,101000.0,150000.0
3891073885,0.0,0.0
3889735426,0.0,0.0
3887589873,90000.0,115000.0
3894271252,92300.0,181400.0
3905301890,27.3,40.9
3902925501,500000.0,1000000.0
3900959492,0.0,0.0
3884831771,0.0,0.0
3905369159,0.0,0.0
3891015183,38450.0,55755.0
3905846614,0.0,0.0
3902939013,0.0,0.0
3905399239,0.0,0.0
3904962856,0.0,0.0
3885102661,0.0,0.0
3906079019,0.0,0.0
3903872725,0.0,0.0
3905296405,0.0,0.0
3905379461,0.0,0.0
3902865744,135000.0,165000.0
3891254127,0.0,0.0
3902346883,0.0,0.0
3906226820,0.0,0.0
3884437325,0.0,0.0
3902862930,0.0,0.0
3903475767,0.0,0.0
3902757380,0.0,0.0
3887911678,130200.0,176100.0
3887945598,110000.0,160000.0
3906222679,0.0,0.0
3904374851,0.0,0.0
3905390693,0.0,0.0
3902877523,90000.0,110000.0
3906099383,48400.0,90200.0
3899518867,0.0,0.0
3902845301,0.0,0.0
3904416726,0.0,0.0
3888995070,50.0,59.0
3905283719,95000.0,115000.0
3901623088,0.0,0.0
3906221602,0.0,0.0
3895560712,0.0,0.0
3894227460,0.0,0.0
3905864245,90000.0,110000.0
3904388720,0.0,0.0
3884807780,0.0,0.0
3900944313,20.0,24.0
3884857363,0.0,0.0
3894288370,0.0,0.0
3905811952,0.0,0.0
3894543942,0.0,0.0
3889415659,0.0,0.0
3894612799,188000.0,268000.0
3899931505,60.0,72.0
3901676944,0.0,0.0
3885109761,70000.0,73000.0
3904395506,27.0,30.0
3894562492,17.0,20.25
3900952520,0.0,0.0
3906220992,0.0,0.0
3904722890,0.0,0.0
3894558518,90000.0,115000.0
3904911266,0.0,0.0
3901957418,22.36,38.07
3887993978,0.0,0.0
3904423313,0.0,0.0
3885824571,0.0,0.0
3904386696,0.0,0.0
3898161370,0.0,0.0
3905835458,0.0,0.0
3900947166,0.0,0.0
3904368290,0.0,0.0
3885828631,0.0,0.0
3887886766,0.0,0.0
3904928566,0.0,0.0
3894286708,0.0,0.0
3894219997,0.0,0.0
3905210114,0.0,0.0
3895517141,0.0,0.0
3904998602,0.0,0.0
3884897887,0.0,0.0
3900063969,0.0,0.0
3884914113,0.0,0.0
3887882151,0.0,0.0
3903842173,30.0,43.0
3887909770,0.0,0.0
3905271775,0.0,0.0
3905885162,25.0,35.0
3905695401,0.0,0.0
3889417418,0.0,0.0
3903837646,0.0,0.0
3902751590,0.0,0.0
3895207340,0.0,0.0
3905287022,0.0,0.0
3904419263,0.0,0.0
3895215556,0.0,0.0
3901960651,0.0,0.0
3894939779,55300.0,66367.0
3888956508,0.0,0.0
3890899730,70000.0,100000.0
3905311265,0.0,0.0
3900961391,0.0,0.0
3889121324,0.0,0.0
3895802758,0.0,0.0
3905335482,20.0,29.0
3902734984,0.0,0.0
3904704740,0.0,0.0
3894944422,65.0,71.0
3906073684,0.0,0.0
3901178330,0.0,0.0
3887593923,0.0,0.0
3905288841,0.0,0.0
3886894536,0.0,0.0
3904951118,0.0,0.0
3902760633,0.0,0.0
3894960077,0.0,0.0
3904515002,0.0,0.0
3901955923,0.0,0.0
3894878960,0.0,0.0
3885815226,0.0,0.0
3902807391,90000.0,120000.0
3904399635,25.0,35.0
3902845191,70000.0,100000.0
3899526014,39.0,54.0
3905347585,0.0,0.0
3906233265,136000.0,153000.0
3887717792,0.0,0.0
3902755170,0.0,0.0
3905327504,23.0,25.0
3900975619,0.0,0.0
3905378377,0.0,0.0
3886885739,0.0,0.0
3903456852,112000.0,133000.0
3904419292,0.0,0.0
3901943046,21.0,23.0
3904707077,0.0,0.0
2457183642,0.0,0.0
3904393377,0.0,0.0
3905324520,0.0,0.0
3894295313,0.0,0.0
3904390653,0.0,0.0
3906251582,55000.0,89500.0
3901983124,0.0,0.0
3901979882,0.0,0.0
3906259167,70000.0,120000.0
3895265918,0.0,0.0
3901980050,0.0,0.0
3886441952,0.0,0.0
3900096445,65000.0,80000.0
3851131508,0.0,0.0
3903824818,0.0,0.0
3905687972,0.0,0.0
3905379104,0.0,0.0
3904565981,0.0,0.0
3885103436,0.0,0.0
3884440332,0.0,0.0
3900082233,0.0,0.0
3902864379,0.0,0.0
3904369338,0.0,0.0
3904426695,0.0,0.0
3903837981,0.0,0.0
3888031713,100000.0,160000.0
3901953547,143000.0,286000.0
3889756753,0.0,0.0
3895537889,0.0,0.0
3902758178,0.0,0.0
3905341055,0.0,0.0
3904052983,0.0,0.0
3898174244,0.0,0.0
3898164270,0.0,0.0
3901995500,0.0,0.0
3904950319,0.0,0.0
3895594967,0.0,0.0
3889716108,40000.0,50000.0
3905296103,173000.0,280000.0
3903821515,0.0,0.0
3891271646,0.0,0.0
3899538823,0.0,0.0
3905833435,0.0,0.0
3901357129,0.0,0.0
3905302126,0.0,0.0
3901377534,0.0,0.0
3899536215,0.0,0.0
3885112328,0.0,0.0
3904928125,2500.0,3500.0
3895547788,0.0,0.0
3901388756,0.0,0.0
3903495850,0.0,0.0
3901965351,0.0,0.0
3901346702,0.0,0.0
3899538921,0.0,0.0
3901942173,0.0,0.0
3903450112,0.0,0.0
3901956571,0.0,0.0
3906250650,0.0,0.0
3901654321,80000.0,90000.0
3901950078,0.0,0.0
3837482218,0.0,0.0
3904374068,18.87,23.11
3894894829,0.0,0.0
3904095141,0.0,0.0
3889737448,0.0,0.0
3903471614,0.0,0.0
3900958903,0.0,0.0
3894400361,0.0,0.0
3905251020,0.0,0.0
3894211550,60000.0,175000.0
3887579112,0.0,0.0
3889257053,0.0,0.0
3904953558,75000.0,90000.0
3887929211,0.0,0.0
3904706000,0.0,0.0
3903876266,0.0,0.0
3885826289,16.0,17.5
3904369126,0.0,0.0
3887854779,0.0,0.0
3902808410,0.0,0.0
3902751717,0.0,0.0
3901394473,160000.0,185000.0
3904390405,0.0,0.0
3902879369,90000.0,90000.0
3902869222,0.0,0.0
3902833764,190000.0,230000.0
3905837532,0.0,0.0
3888932996,0.0,0.0
3895564509,0.0,0.0
3905341374,0.0,0.0
3901950293,0.0,0.0
3902803963,0.0,0.0
3898168834,0.0,0.0
3894561711,0.0,0.0
3887496220,0.0,0.0
3894927720,0.0,0.0
3891045250,60.0,100.0
3899542044,80000.0,114000.0
3904932106,0.0,0.0
3894872380,0.0,0.0
3902938677,0.0,0.0
3899540313,41000.0,55000.0
3904725178,0.0,0.0
3903846756,0.0,0.0
3894281440,0.0,0.0
3900937869,0.0,0.0
3888023857,0.0,0.0
3887858543,54063.0,115850.0
3887700477,0.0,0.0
3885106156,0.0,0.0
3895219135,0.0,0.0
3900079378,0.0,0.0
3901937364,0.0,0.0
3905340538,0.0,0.0
3895214581,185000.0,200000.0
3901368747,0.0,0.0
3901647224,0.0,0.0
3886463208,0.0,0.0
3904422451,0.0,0.0
3894605650,31900.0,43900.0
3887596324,0.0,0.0
3905689665,0.0,0.0
3904390476,0.0,0.0
3901987409,0.0,0.0
3904505627,17.0,18.0
3884912967,0.0,0.0
3901950033,90000.0,125000.0
3901340864,45000.0,70000.0
3900981825,0.0,0.0
3904511134,150000.0,165000.0
3894906124,0.0,0.0
3900073173,0.0,0.0
3803659249,0.0,0.0
3904985549,0.0,0.0
3889146785,0.0,0.0
3905202045,0.0,0.0
3906227104,0.0,0.0
3904963209,40000.0,45000.0
3902936258,0.0,0.0
3901173908,0.0,0.0
3902826405,50000.0,70000.0
3902862499,0.0,0.0
3905306637,0.0,0.0
3905289189,35.0,45.0
3902863936,0.0,0.0
3904960848,0.0,0.0
3901952932,0.0,0.0
3903478320,0.0,0.0
3905348456,17.0,20.0
3902743229,0.0,0.0
3888027971,50000.0,70000.0
3905399173,17.25,19.0
3904084737,123700.0,240500.0
3903457225,0.0,0.0
3906258619,0.0,0.0
3887491742,0.0,0.0
3887711206,0.0,0.0
3903877539,0.0,0.0
3904425904,0.0,0.0
3905209055,0.0,0.0
3901944146,0.0,0.0
3906253822,0.0,0.0
3885839866,39.0,63.95
3895561973,0.0,0.0
3899533604,0.0,0.0
3905326736,0.0,0.0
3901358586,0.0,0.0
3905277964,0.0,0.0
3905335507,25.5,36.0
3884930490,0.0,0.0
3904390080,325000.0,350000.0
3895596590,18.7,20.7
3905859489,130000.0,150000.0
3905874940,0.0,0.0
3884441501,0.0,0.0
3901683857,0.0,0.0
3905398469,0.0,0.0
3898159871,0.0,0.0
3905299983,0.0,0.0
3887708073,0.0,0.0
3895491707,0.0,0.0
3903473885,0.0,0.0
3885813273,0.0,0.0
3884431568,0.0,0.0
3900959836,0.0,0.0
3886835916,0.0,0.0
3887571671,100000.0,140000.0
3904729114,0.0,0.0
3904953971,0.0,0.0
3886883707,15.0,15.0
3887499080,0.0,0.0
3865441576,5000.0,10000.0
3885824700,0.0,0.0
3903428389,150000.0,180000.0
3894541775,0.0,0.0
3903851116,22.14,35.37
3905887015,166940.0,236500.0
3891259585,0.0,0.0
3885808330,0.0,0.0
3906255263,0.0,0.0
3903811287,249645.0,323070.0
3904415181,80000.0,100000.0
3905293044,0.0,0.0
3905352201,0.0,0.0
3887891186,97600.0,118000.0
3905345999,0.0,0.0
3895209379,0.0,0.0
3901351142,40.85,61.28
3905336637,15.0,16.0
3904365421,0.0,0.0
3904066221,95000.0,125000.0
3898166674,0.0,0.0
3894297817,0.0,0.0
3885115023,0.0,0.0
3902311873,38130.0,50480.0
3891013611,0.0,0.0
3902304198,0.0,0.0
3891033112,14.2,23.0
3906088924,0.0,0.0
3885809843,0.0,0.0
3905205568,58500.0,65000.0
3887473147,0.0,0.0
3884806427,0.0,0.0
3902749444,0.0,0.0
3887711690,0.0,0.0
3887909622,110000.0,115000.0
3902830712,0.0,0.0
3895518064,0.0,0.0
3904359979,0.0,0.0
3889101763,0.0,0.0
3902786588,0.0,0.0
3906256189,0.0,0.0
3904725279,0.0,0.0
3900947002,0.0,0.0
3904717419,54000.0,68000.0
3899522601,0.0,0.0
3888954719,18.0,25.2
3885116067,0.0,0.0
3905696304,155000.0,185000.0
3902351387,0.0,0.0
3890891860,0.0,0.0
3884431165,0.0,0.0
3889239795,0.0,0.0
3889120661,0.0,0.0
3905848930,0.0,0.0
3904994215,0.0,0.0
3884833058,68000.0,102000.0
3905367788,0.0,0.0
3894288299,0.0,0.0
3902864873,0.0,0.0
3903887450,70000.0,85000.0
3891013959,0.0,0.0
3905836675,0.0,0.0
3905310155,0.0,0.0
3902953073,0.0,0.0
3904365333,0.0,0.0
3905243013,60.0,75.0
3894604087,0.0,0.0
3905366356,0.0,0.0
3888026502,0.0,0.0
3901388702,0.0,0.0
3902859819,0.0,0.0
3884438789,0.0,0.0
3894517855,0.0,0.0
3901635985,0.0,0.0
3901622146,0.0,0.0
3898174208,195000.0,230000.0
3901985460,0.0,0.0
3903456851,0.0,0.0
3903806630,0.0,0.0
3901620096,0.0,0.0
3895848280,0.0,0.0
3905213749,0.0,0.0
3904385745,0.0,0.0
3888971405,0.0,0.0
3905312758,97470.0,165680.0
3902753966,0.0,0.0
3901668526,0.0,0.0
3904072473,0.0,0.0
3906221613,60000.0,90000.0
3904989851,0.0,0.0
3884856059,0.0,0.0
3901978992,0.0,0.0
3900949741,0.0,0.0
3902759344,66500.0,139080.0
3905249687,0.0,0.0
3901184071,0.0,0.0
3902754583,0.0,0.0
3905252157,0.0,0.0
3905839015,0.0,0.0
3903452724,220000.0,250000.0
3894555573,0.0,0.0
3903888880,0.0,0.0
3905862980,18.0,22.0
3905332220,94168.0,120844.0
3905664930,54000.0,89600.0
3889122600,0.0,0.0
3905313229,0.0,0.0
3884432529,66200.0,105200.0
3904942237,0.0,0.0
3901940822,0.0,0.0
3903479041,0.0,0.0
3901365293,22.29,29.92
3888406250,0.0,0.0
3901374652,0.0,0.0
3900988044,0.0,0.0
3903450836,0.0,0.0
3901694226,0.0,0.0
3798658570,0.0,0.0
3903816633,18.0,20.0
3884991624,0.0,0.0
3888487650,185000.0,200000.0
3902812744,90000.0,122000.0
3886882794,0.0,0.0
3903882000,17.25,28.25
3884894455,0.0,0.0
3905333384,16.82,38.47
3900072176,105000.0,150000.0
3904073120,0.0,0.0
3899521739,0.0,0.0
3904409814,0.0,0.0
3904995076,0.0,0.0
3904057486,0.0,0.0
3894565355,0.0,0.0
3902745425,0.0,0.0
3884839963,0.0,0.0
3900988130,0.0,0.0
3900097176,55000.0,88000.0
3905249528,0.0,0.0
3902862759,0.0,0.0
3894872129,0.0,0.0
3903814369,0.0,0.0
3884822256,0.0,0.0
3904388741,0.0,0.0
3905873964,75.0,85.0
3889487882,0.0,0.0
3901364905,0.0,0.0
3885831420,80000.0,150000.0
3902805325,0.0,0.0
3905298446,0.0,0.0
3904988195,15600.0,21593.0
3902804991,0.0,0.0
3888404098,0.0,0.0
3888027257,0.0,0.0
3904390596,0.0,0.0
3902355080,17.5,18.55
3905207523,16.0,30.0
3895593551,0.0,0.0
3884440104,104000.0,139588.0
3887494605,0.0,0.0
3901936688,0.0,0.0
3885108052,0.0,0.0
3901351092,0.0,0.0
3901342730,70000.0,95000.0
3891279056,85000.0,92000.0
3884808459,0.0,0.0
3901941445,0.0,0.0
3906227955,110000.0,120000.0
3895543417,0.0,0.0
3904399911,0.0,0.0
3904962405,80000.0,100000.0
3900982869,18800.0,100000.0
3903825899,0.0,0.0
3905295229,0.0,0.0
3904430424,0.0,0.0
3905295708,0.0,0.0
3894946065,0.0,0.0
3887934138,0.0,0.0
3901678279,0.0,0.0
3898176213,79300.0,121000.0
3895273666,0.0,0.0
3901942022,0.0,0.0
3901966218,76960.0,102648.0
3889157118,0.0,0.0
3904941478,0.0,0.0
3904729247,0.0,0.0
3902730932,100000.0,120000.0
3905393296,0.0,0.0
3889718382,0.0,0.0
3895489677,0.0,0.0
3901340915,0.0,0.0
3902914840,120000.0,160000.0
3891076871,0.0,0.0
3903474867,0.0,0.0
3888963522,26.0,30.0
3906232268,0.0,0.0
3894287123,0.0,0.0
3889283245,0.0,0.0
3891090727,0.0,0.0
3905667587,23.13,45.24
3902353264,60000.0,100000.0
3904366169,102400.0,162600.0
3906222569,0.0,0.0
3901936746,0.0,0.0
3888024774,0.0,0.0
3901648102,0.0,0.0
3901368982,50000.0,70000.0
3898169824,0.0,0.0
3888028787,0.0,0.0
3904088434,0.0,0.0
3905869116,50000.0,60000.0
3905353020,80000.0,95000.0
3905370561,0.0,0.0
3889745580,0.0,0.0
3904395194,0.0,0.0
3905328650,48300.0,90500.0
3891820207,0.0,0.0
3904361422,0.0,0.0
3902789217,0.0,0.0
3901633629,0.0,0.0
3900090753,0.0,0.0
3901687906,104000.0,150000.0
3905829299,0.0,0.0
3903460339,0.0,0.0
3905392551,0.0,0.0
3904578561,0.0,0.0
3885102428,0.0,0.0
3904057287,0.0,0.0
3906224969,0.0,0.0
3889413798,0.0,0.0
3894291324,70.0,80.0
3901391461,23.0,31.0
3904412117,0.0,0.0
3884930335,55000.0,65000.0
3884917464,0.0,0.0
3901350300,60000.0,90000.0
3884836254,0.0,0.0
3901352256,0.0,0.0
3900081557,0.0,0.0
3888028840,0.0,0.0
3903466290,0.0,0.0
3905289790,140000.0,200000.0
3895540576,0.0,0.0
3902356107,250000.0,350000.0
3900098056,0.0,0.0
3898176450,18.0,22.0
3905369148,0.0,0.0
3905200567,0.0,0.0
3901979268,140000.0,175000.0
3904928129,300000.0,400000.0
3904962261,0.0,0.0
3906233252,20.0,28.19
3184403524,0.0,0.0
3904058977,32.0,35.0
3887870499,0.0,0.0
3905364769,0.0,0.0
3904924155,60.0,65.0
3905845140,0.0,0.0
3903449592,18.0,21.0
3904093974,0.0,0.0
3899526088,0.0,0.0
3905699072,0.0,0.0
3895528120,0.0,0.0
3887840164,0.0,0.0
3905336075,0.0,0.0
3900079657,0.0,0.0
3906221998,0.0,0.0
3901941110,0.0,0.0
3903807467,0.0,0.0
3887717638,85000.0,95000.0
3905326762,0.0,0.0
3904384985,21.0,23.0
3904929121,0.0,0.0
3884923486,0.0,0.0
3887868736,0.0,0.0
3904949340,0.0,0.0
3905624882,2204.9,2204.9
3885852004,0.0,0.0
3903432401,65.0,75.0
3900940678,0.0,0.0
3891292480,0.0,0.0
3905247885,0.0,0.0
3905358652,52800.0,98400.0
3901372758,0.0,0.0
3894918029,110000.0,125000.0
3894557230,0.0,0.0
3905287251,56340.0,105420.0
3901349298,0.0,0.0
3903845174,0.0,0.0
3886453543,0.0,0.0
3902829551,140000.0,180000.0
3902782960,0.0,0.0
3889112428,0.0,0.0
3902819061,0.0,0.0
3903838889,69800.0,96200.0
3895520829,100000.0,192000.0
3884807795,0.0,0.0
3901942018,0.0,0.0
3900084011,0.0,0.0
3901387941,0.0,0.0
3891273734,0.0,0.0
3887872044,0.0,0.0
3905332900,0.0,0.0
3901939092,0.0,0.0
3904993697,0.0,0.0
3901647687,0.0,0.0
3901349901,0.0,0.0
3889414997,0.0,0.0
3901941918,0.0,0.0
3901697864,180000.0,240000.0
3884446615,38.0,42.0
3905827277,0.0,0.0
3904420743,0.0,0.0
3886214472,50000.0,80000.0
3889441096,0.0,0.0
3902799201,112360.0,137110.0
3901988515,0.0,0.0
3901943311,0.0,0.0
3899531195,130000.0,150000.0
3904585599,140000.0,160000.0
3904722917,13.0,15.0
3901627740,0.0,0.0
3894872469,0.0,0.0
3905328370,0.0,0.0
3903445874,0.0,0.0
3906261848,0.0,0.0
3887888322,0.0,0.0
3891075526,0.0,0.0
3906080450,0.0,0.0
3888937324,0.0,0.0
3884855541,0.0,0.0
3901640390,0.0,0.0
3887930267,0.0,0.0
3903475369,42.5,71.25
3887916591,0.0,0.0
3905285607,23.06,37.85
3904729100,0.0,0.0
3894567135,0.0,0.0
3904061915,121000.0,228000.0
3904099498,0.0,0.0
3895218549,0.0,0.0
3905296990,0.0,0.0
3903474905,0.0,0.0
3904706305,0.0,0.0
3902787425,0.0,0.0
3905209569,45000.0,55000.0
3899534955,19.0,24.0
3902867434,0.0,0.0
3884434858,0.0,0.0
3899530882,0.0,0.0
3905303234,0.0,0.0
3905864712,0.0,0.0
3906227433,0.0,0.0
3889295570,0.0,0.0
3902788492,0.0,0.0
3906093959,0.0,0.0
3891020500,80000.0,100000.0
3902864879,0.0,0.0
3902918674,54000.0,77000.0
3901391448,91249.6,120910.4
3900079420,0.0,0.0
3902830582,0.0,0.0
3901955560,55000.0,65000.0
3904386849,0.0,0.0
3902750857,0.0,0.0
3888023955,0.0,0.0
3906231524,0.0,0.0
3891252447,0.0,0.0
3901959154,0.0,0.0
3901672375,31.52,44.56
3887985844,0.0,0.0
3901938193,0.0,0.0
3887863127,0.0,0.0
3900960291,0.0,0.0
3904928864,0.0,0.0
3905375244,203000.0,337800.0
3904370412,0.0,0.0
3895516497,0.0,0.0
3886895281,45.0,53.0
3905368195,0.0,0.0
3906258667,0.0,0.0
3899519788,0.0,0.0
3904935852,38293.0,56996.0
3903836720,0.0,0.0
3901978764,0.0,0.0
3901692714,45.0,48.0
3904567613,0.0,0.0
3904720955,0.0,0.0
3895569518,0.0,0.0
3900987067,0.0,0.0
3905671220,125000.0,205000.0
3901672743,0.0,0.0
3904386754,0.0,0.0
3906200102,80.0,90.0
3900077267,65000.0,95000.0
3888032591,45000.0,48000.0
3886824598,0.0,0.0
3902762053,0.0,0.0
3895490371,0.0,0.0
3884808089,0.0,0.0
3901607912,105.0,109.0
3904993694,0.0,0.0
3884498718,125000.0,135000.0
3889412913,0.0,0.0
3901956899,0.0,0.0
3904966730,0.0,0.0
3903808138,200000.0,250000.0
3901640114,0.0,0.0
3898169794,55.0,65.0
3904396022,0.0,0.0
3902300081,90000.0,120000.0
3905345770,0.0,0.0
3906224521,0.0,0.0
3887714578,0.0,0.0
3903480129,0.0,0.0
3904396156,0.0,0.0
3905647709,0.0,0.0
3905234168,0.0,0.0
3905849101,0.0,0.0
3894900783,0.0,0.0
3905365421,0.0,0.0
3894567144,0.0,0.0
3905283691,0.0,0.0
3904418774,60000.0,80000.0
3901373561,0.0,0.0
3904393384,0.0,0.0
3888029847,100000.0,160000.0
3895806470,0.0,0.0
3902826291,0.0,0.0
3895559162,0.0,0.0
3902753396,0.0,0.0
3906221937,0.0,0.0
3903432109,0.0,0.0
3902757076,0.0,0.0
3902322750,0.0,0.0
3889753211,0.0,0.0
3905335722,0.0,0.0
3903462753,0.0,0.0
3885106329,110000.0,125000.0
3902359019,0.0,0.0
3889241209,0.0,0.0
3901390183,65000.0,175000.0
3905374560,0.0,0.0
3905816414,0.0,0.0
3901157647,0.0,0.0
3905304930,18.0,25.0
3887709224,0.0,0.0
3903843302,80000.0,85000.0
3906098409,0.0,0.0
3906068135,0.0,0.0
3901982514,120000.0,178000.0
3889122468,0.0,0.0
3886452577,16.0,20.5
3891075352,0.0,0.0
3886841483,0.0,0.0
3891074534,90000.0,120000.0
3895863897,0.0,0.0
3898161230,0.0,0.0
3889750404,0.0,0.0
3904729573,130000.0,155000.0
3894991495,0.0,0.0
3905302263,0.0,0.0
3899524416,0.0,0.0
3894562386,0.0,0.0
3906257415,0.0,0.0
3904426048,0.0,0.0
3891017639,0.0,0.0
3906261076,0.0,0.0
3904963795,0.0,0.0
3901391513,0.0,0.0
3904425900,20.0,20.0
3901944490,150000.0,300000.0
3901390163,23.0,29.0
3902833506,0.0,0.0
3891290026,0.0,0.0
3900986140,0.0,0.0
3904983924,0.0,0.0
3895804419,0.0,0.0
3906097267,0.0,0.0
3905375306,100502.72,178632.44
3902841736,0.0,0.0
3905302212,0.0,0.0
3904710437,0.0,0.0
3902744489,0.0,0.0
3906075280,0.0,0.0
3895274655,0.0,0.0
3902869114,23.0,25.0
3903841745,0.0,0.0
3904725286,0.0,0.0
3906228410,0.0,0.0
3905394344,0.0,0.0
3895269288,0.0,0.0
3905334505,0.0,0.0
3884865472,0.0,0.0
3901944324,0.0,0.0
3904407995,135000.0,140000.0
3902832747,0.0,0.0
3905345962,50000.0,70000.0
3903456303,60000.0,100000.0
3887719210,0.0,0.0
3887984775,55000.0,70000.0
3904358794,0.0,0.0
3894899446,70000.0,100000.0
3902756584,110100.0,250000.0
3891077214,0.0,0.0
3905300347,0.0,0.0
3905882588,0.0,0.0
3895222483,160000.0,240000.0
3901675592,50.0,55.0
3901367663,0.0,0.0
3904391489,0.0,0.0
3902740968,0.0,0.0
3887891159,0.0,0.0
3898170614,0.0,0.0
3880169314,0.0,0.0
3904974390,0.0,0.0
3888970443,0.0,0.0
3895489623,0.0,0.0
3904080110,90000.0,120000.0
3895553904,0.0,0.0
3894237291,0.0,0.0
3898159960,0.0,0.0
3901988109,0.0,0.0
3902879440,0.0,0.0
3894552058,0.0,0.0
3902351289,0.0,0.0
3894203915,0.0,0.0
3902754651,0.0,0.0
3902911326,0.0,0.0
3902358002,0.0,0.0
3904572433,190000.0,210000.0
3905305961,0.0,0.0
3902829910,40.0,65.0
3903870863,0.0,0.0
3902866668,0.0,0.0
3894892548,57000.0,70000.0
3901356482,0.0,0.0
3902942810,20.67,28.94
3898155947,68405.0,70685.0
3902746995,0.0,0.0
3905282674,74000.0,94100.0
3884919104,0.0,0.0
3895530892,79700.0,147900.0
3902757775,75000.0,85000.0
3901606769,0.0,0.0
3902744940,41.0,88.0
3906237232,0.0,0.0
3906094735,100000.0,120000.0
3904430647,90000.0,110000.0
3903480423,34.0,38.0
3899528561,0.0,0.0
3906251832,0.0,0.0
3901693878,0.0,0.0
3891256398,40000.0,60000.0
3904702972,0.0,0.0
3904414295,0.0,0.0
3904428318,0.0,0.0
3905334191,17.5,18.5
3901374417,0.0,0.0
3888027831,0.0,0.0
3885834735,0.0,0.0
3891000309,0.0,0.0
3905300472,0.0,0.0
3904962292,0.0,0.0
3887836698,35.0,35.0
3887710592,175000.0,275000.0
3904382748,125000.0,190000.0
3905295651,0.0,0.0
3903444724,21.0,30.0
3895209082,0.0,0.0
3905306408,0.0,0.0
3905209620,0.0,0.0
3887581836,0.0,0.0
3891256343,0.0,0.0
3887985665,0.0,0.0
3902354233,0.0,0.0
3900960348,20.0,24.0
3895847520,0.0,0.0
3891075232,0.0,0.0
3904506023,0.0,0.0
3894947250,0.0,0.0
3905293893,0.0,0.0
3901961538,0.0,0.0
3902785462,0.0,0.0
3905889399,0.0,0.0
3902759300,0.0,0.0
3902948190,0.0,0.0
3901161331,0.0,0.0
3902344442,0.0,0.0
3891274490,0.0,0.0
3901992222,0.0,0.0
3904990710,0.0,0.0
3884438813,23.0,26.0
3889100769,0.0,0.0
3905844526,0.0,0.0
3884444231,0.0,0.0
3902809037,0.0,0.0
3905857177,0.0,0.0
3889744478,0.0,0.0
3899533185,0.0,0.0
3895273656,0.0,0.0
3886463704,0.0,0.0
3905608535,0.0,0.0
3904414530,0.0,0.0
3884827908,0.0,0.0
3905829008,0.0,0.0
3895547276,0.0,0.0
3903471847,0.0,0.0
3902928902,22.0,25.0
3905331403,0.0,0.0
3904369602,0.0,0.0
3885842914,0.0,0.0
3906231784,0.0,0.0
3905341445,0.0,0.0
3903444225,0.0,0.0
3905289433,60.0,65.0
3888943536,22.0,24.0
3886897166,0.0,0.0
3901983128,0.0,0.0
3902937152,0.0,0.0
3904368738,0.0,0.0
3902744980,0.0,0.0
3901378319,0.0,0.0
3887499124,0.0,0.0
3898166107,22.0,24.0
3884849127,0.0,0.0
3905346542,0.0,0.0
3904418047,0.0,0.0
3905309353,0.0,0.0
3895236069,0.0,0.0
3895802755,0.0,0.0
3904411350,0.0,0.0
3902946105,0.0,0.0
3884434112,16.0,46.0
3887864881,0.0,0.0
3888938974,0.0,0.0
3901365429,18.0,22.5
3895518190,0.0,0.0
3888827018,0.0,0.0
3885808489,0.0,0.0
3902735990,0.0,0.0
3906224654,140000.0,160000.0
3904701729,0.0,0.0
3902941937,0.0,0.0
3885857105,32000.0,90000.0
3904415945,0.0,0.0
3906254764,0.0,0.0
3902754460,0.0,0.0
3901936774,0.0,0.0
3898139221,0.0,0.0
3902750041,0.0,0.0
3905871448,0.0,0.0
3884913664,0.0,0.0
3901939188,58.5,63.5
3887855247,0.0,0.0
3902751645,33.87,33.87
3889440224,17.5,18.2
3887907792,0.0,0.0
3898178303,50.0,55.0
3905291931,0.0,0.0
3901356023,0.0,0.0
3906252016,0.0,0.0
3901347350,0.0,0.0
3905864152,0.0,0.0
3894966641,0.0,0.0
3904727667,0.0,0.0
3905871365,0.0,0.0
921716,17.0,20.0
3903845902,81100.0,179500.0
3895535906,0.0,0.0
3906223764,0.0,0.0
3887574848,122000.0,152500.0
3902841694,0.0,0.0
3905371084,0.0,0.0
3894562476,0.0,0.0
3887908822,0.0,0.0
3900945805,67.0,73.0
3904712217,0.0,0.0
3901955830,34532.0,51798.0
3898175313,154000.0,185000.0
3902803337,0.0,0.0
3900963305,45.0,50.0
3886881503,0.0,0.0
3894566423,0.0,0.0
3889101477,0.0,0.0
3903810134,0.0,0.0
3875765946,30.0,40.0
3901458309,0.0,0.0
3901376472,70000.0,80000.0
3901348637,0.0,0.0
3904394261,0.0,0.0
3887103514,0.0,0.0
3905379090,0.0,0.0
3895562323,0.0,0.0
3885828625,0.0,0.0
3900957956,72.0,116.0
3902946113,0.0,0.0
3901979719,55.0,70.0
3902922295,0.0,0.0
3902865442,100000.0,120000.0
3903841096,0.0,0.0
3891076151,0.0,0.0
3901959681,77000.0,163000.0
3904406788,0.0,0.0
3905310131,75300.0,143100.0
3904407411,0.0,0.0
3905800870,0.0,0.0
3904416659,0.0,0.0
3903838920,0.0,0.0
3904378343,0.0,0.0
3900073735,0.0,0.0
3894874596,0.0,0.0
3906063669,0.0,0.0
3902864223,32000.0,33000.0
3900959919,3000.0,4500.0
3904418987,0.0,0.0
3902760233,0.0,0.0
3901948125,0.0,0.0
3901601026,16.0,17.0
3891253183,0.0,0.0
3884807486,0.0,0.0
3901374079,0.0,0.0
3902949447,0.0,0.0
3905276674,65000.0,85000.0
3894590099,93440.0,134320.0
3901364349,0.0,0.0
3905202977,0.0,0.0
3904387911,65000.0,85000.0
3906095758,25.0,30.0
3901346604,0.0,0.0
3904996383,0.0,0.0
3901351952,0.0,0.0
3902881316,0.0,0.0
3899523423,0.0,0.0
3901978375,66560.0,115000.0
3887100224,0.0,0.0
3902314151,0.0,0.0
3904955161,135000.0,190000.0
3903469440,0.0,0.0
3906258204,15.0,15.5
3895206412,41.0,48.0
3895805310,0.0,0.0
3901957435,45.0,50.0
3902329002,0.0,0.0
3902362906,42.0,52.0
3900964432,25.0,30.0
3904999249,0.0,0.0
3901962500,0.0,0.0
3901349600,45.0,70.0
3906076141,0.0,0.0
3902792155,0.0,0.0
3905813935,109083.0,145444.0
3902789363,0.0,0.0
3895514852,0.0,0.0
3905843343,0.0,0.0
3904419274,0.0,0.0
3904953371,0.0,0.0
3904752292,0.0,0.0
3904386750,0.0,0.0
3905885240,0.0,0.0
3905682900,0.0,0.0
3887716398,69934.0,88721.0
3904507847,0.0,0.0
3906221885,250000.0,425000.0
3906098112,55000.0,72000.0
3894946919,191200.0,318600.0
3901374583,0.0,0.0
3885822168,0.0,0.0
3905349422,0.0,0.0
3894920995,0.0,0.0
3891260807,60000.0,65000.0
3905339255,0.0,0.0
3901945474,0.0,0.0
3901630925,0.0,0.0
3887495897,0.0,0.0
3889772080,110000.0,182000.0
3906231036,0.0,0.0
3902353559,65000.0,75000.0
3902940976,0.0,0.0
3884912327,0.0,0.0
3886825768,0.0,0.0
3903836668,0.0,0.0
3906226477,0.0,0.0
3898161736,0.0,0.0
3902366315,65.0,80.0
3888998970,100000.0,125000.0
3904719590,54999.88,79000.0
3889417724,0.0,0.0
3903830326,20.0,22.0
3905868661,0.0,0.0
3902361552,0.0,0.0
3906246207,0.0,0.0
3900984162,0.0,0.0
3891275761,0.0,0.0
3905327860,0.0,0.0
3888962717,16.99,23.12
3887496084,0.0,0.0
3902758139,0.0,0.0
3884920368,0.0,0.0
3904374115,0.0,0.0
3905346963,0.0,0.0
3886450509,0.0,0.0
3885100882,0.0,0.0
3891264109,0.0,0.0
3901943436,0.0,0.0
3901345535,0.0,0.0
3885832003,0.0,0.0
3902914638,0.0,0.0
3902351966,0.0,0.0
3884498694,39.9,53.0
3905289364,0.0,0.0
3901936413,0.0,0.0
3901940281,0.0,0.0
3885809291,0.0,0.0
3904054604,0.0,0.0
3901941858,0.0,0.0
3903830269,0.0,0.0
3895271765,0.0,0.0
3895209148,0.0,0.0
3901942881,0.0,0.0
3903483149,0.0,0.0
3902356201,0.0,0.0
3887985766,62400.0,69300.0
3901960317,66560.0,70000.0
3904949934,0.0,0.0
3902926801,0.0,0.0
3887493767,105000.0,148500.0
3902343171,100.0,105.0
3885862588,0.0,0.0
3901946055,0.0,0.0
3901379572,40000.0,55000.0
3894205348,18.38,26.72
3887840140,13824.0,831891.0
3895598366,0.0,0.0
3905394202,75000.0,100000.0
3902765160,0.0,0.0
3894205058,15.0,16.8
3899540583,0.0,0.0
3901942481,0.0,0.0
3904429502,0.0,0.0
3906079420,0.0,0.0
3886825581,0.0,0.0
3903847548,0.0,0.0
3904074436,0.0,0.0
3895210864,110000.0,115000.0
3903875867,16.25,20.75
3884908921,0.0,0.0
3905377046,0.0,0.0
3901941451,0.0,0.0
3901940568,0.0,0.0
3886453772,0.0,0.0
3891805744,80000.0,80000.0
3889477790,0.0,0.0
3904385971,0.0,0.0
3888031773,0.0,0.0
3905300946,0.0,0.0
3888937910,0.0,0.0
3891251151,0.0,0.0
3906228421,0.0,0.0
3905331309,85840.0,109523.0
3905283332,0.0,0.0
3905286624,0.0,0.0
3891281106,0.0,0.0
3905355022,0.0,0.0
3901976979,0.0,0.0
3901627475,0.0,0.0
3898172581,0.0,0.0
3900074179,0.0,0.0
3889245602,0.0,0.0
3894977245,0.0,0.0
3905668124,75000.0,90000.0
3904372016,0.0,0.0
3906093747,55000.0,75000.0
3884888553,0.0,0.0
3895564211,0.0,0.0
3900978234,0.0,0.0
3904396293,0.0,0.0
3894208260,0.0,0.0
3901349302,0.0,0.0
3887486130,16.5,20.0
3902729855,47096.47,93839.67
3901645087,95000.0,115000.0
3904961805,0.0,0.0
3884818347,90000.0,105000.0
3894299426,0.0,0.0
3894607592,0.0,0.0
3888957465,0.0,0.0
3905301150,0.0,0.0
3904951404,0.0,0.0
3901673159,0.0,0.0
3901389688,0.0,0.0
3887871226,0.0,0.0
3900940798,0.0,0.0
3891282484,105000.0,221000.0
3904709905,0.0,0.0
3901954912,0.0,0.0
3904928083,0.0,0.0
3905819459,0.0,0.0
3901635865,0.0,0.0
3895801827,0.0,0.0
3900973960,0.0,0.0
3894280286,0.0,0.0
3901997816,0.0,0.0
3905397119,0.0,0.0
3813645405,0.0,0.0
3900068586,45000.0,55000.0
3898166823,0.0,0.0
3888967242,0.0,0.0
3901689892,0.0,0.0
3891252537,0.0,0.0
3905391526,0.0,0.0
3902787108,70000.0,91520.0
3904424817,0.0,0.0
3904371298,0.0,0.0
3904954934,0.0,0.0
3900074442,0.0,0.0
3905624802,2301.0,2301.0
3901976746,0.0,0.0
3895866041,2010.0,2010.0
3906236557,0.0,0.0
3901944474,0.0,0.0
3905357694,0.0,0.0
3887899806,0.0,0.0
3901359689,0.0,0.0
3904725532,122820.0,227217.0
3901353791,0.0,0.0
3897779966,0.0,0.0
3902945060,0.0,0.0
3888004978,0.0,0.0
3903869503,0.0,0.0
3902753842,0.0,0.0
3906224266,0.0,0.0
3884924079,0.0,0.0
3901168001,0.0,0.0
3884435283,0.0,0.0
3895830481,0.0,0.0
3904394059,0.0,0.0
3900082939,0.0,0.0
3899529963,0.0,0.0
3887712525,0.0,0.0
3906252946,0.0,0.0
3905298790,0.0,0.0
3894878599,0.0,0.0
3904942730,0.0,0.0
3904969207,0.0,0.0
3900978338,0.0,0.0
3900073701,0.0,0.0
3889720469,0.0,0.0
3891250880,0.0,0.0
3898157509,0.0,0.0
3891834822,37.0,42.0
3905251190,0.0,0.0
3901352558,0.0,0.0
3902322696,0.0,0.0
3902934349,0.0,0.0
3900073689,0.0,0.0
3895528375,0.0,0.0
3904726660,0.0,0.0
3895488638,0.0,0.0
3901938557,0.0,0.0
3903479211,135000.0,150000.0
3902360310,0.0,0.0
3904990124,17.0,19.0
3901697063,0.0,0.0
3902824936,0.0,0.0
3905378381,0.0,0.0
3902746965,74600.0,111900.0
3891076554,60000.0,100000.0
3887495356,0.0,0.0
3891268765,0.0,0.0
3889288224,0.0,0.0
3901976700,0.0,0.0
3899533841,0.0,0.0
3902832567,0.0,0.0
3905830665,0.0,0.0
3901393135,0.0,0.0
3884816490,0.0,0.0
3901389256,0.0,0.0
3903849060,0.0,0.0
3895218149,60.0,64.0
3902859935,71810.0,117060.0
3894586029,0.0,0.0
3904993115,0.0,0.0
3901393504,0.0,0.0
3891842118,0.0,0.0
3898169734,0.0,0.0
3884834369,32.0,35.0
3906252902,0.0,0.0
3887703003,0.0,0.0
3884804274,0.0,0.0
3886457569,0.0,0.0
3901349314,70000.0,80000.0
3903883576,0.0,0.0
3885866402,0.0,0.0
3905338681,35.0,38.59
3885827475,90000.0,130000.0
3884434743,0.0,0.0
3901348096,0.0,0.0
3901951333,60000.0,95000.0
3905609653,0.0,0.0
3905376363,125000.0,150000.0
3906220804,56400.0,77500.0
3898161351,30.0,45.0
3887497595,0.0,0.0
3905372659,0.0,0.0
3901173110,71700.0,107700.0
3887855575,0.0,0.0
3905873619,45000.0,50000.0
3904367702,0.0,0.0
3903869532,0.0,0.0
3888972888,120000.0,160000.0
3885835070,0.0,0.0
3884444072,0.0,0.0
3888948679,0.0,0.0
3901393585,0.0,0.0
3902348814,0.0,0.0
3902753365,0.0,0.0
3900084843,0.0,0.0
3902948158,0.0,0.0
3905397478,0.0,0.0
3889112059,0.0,0.0
3903475437,0.0,0.0
3885811743,43680.0,62400.0
3900964412,50.0,52.0
3905299805,0.0,0.0
3770151266,0.0,0.0
3884829125,0.0,0.0
3901991113,0.0,0.0
3901937445,0.0,0.0
3894400060,0.0,0.0
3898163577,0.0,0.0
3906256138,0.0,0.0
3886884439,0.0,0.0
3902860597,0.0,0.0
3904368419,0.0,0.0
3904381407,0.0,0.0
3904393232,0.0,0.0
3904936850,22.0,27.0
3900074872,0.0,0.0
3888010407,0.0,0.0
3905804422,0.0,0.0
3901698052,0.0,0.0
3905681890,21.0,29.0
3904959979,45000.0,50000.0
3905813943,0.0,0.0
3898176044,0.0,0.0
3898162536,0.0,0.0
3899526148,0.0,0.0
3905363404,0.0,0.0
3901941465,0.0,0.0
3902753648,95000.0,105000.0
3887571655,80000.0,100000.0
3902865586,82909.0,108806.0
3884856372,0.0,0.0
3898162999,0.0,0.0
3902756718,0.0,0.0
3884911741,0.0,0.0
3902862801,0.0,0.0
3904753253,0.0,0.0
3905864846,0.0,0.0
3905295166,65000.0,75000.0
3889191542,2066.28,2066.28
3906253607,0.0,0.0
3885860924,0.0,0.0
3906253131,0.0,0.0
3905803622,0.0,0.0
3902865612,0.0,0.0
3884918354,0.0,0.0
3905294993,0.0,0.0
3891075420,0.0,0.0
3891834744,0.0,0.0
3898166119,57.0,94.0
3902356305,0.0,0.0
3902757009,0.0,0.0
3904931291,0.0,0.0
3888020859,0.0,0.0
3901397487,80000.0,120000.0
3903882129,0.0,0.0
3884834448,35.0,44.0
3905823107,0.0,0.0
3901334964,0.0,0.0
3904388622,0.0,0.0
3901944596,0.0,0.0
3905881438,0.0,0.0
3902802257,0.0,0.0
3888961656,0.0,0.0
3905242103,115000.0,135000.0
3886488846,0.0,0.0
3904087478,150000.0,175000.0
3884854216,0.0,0.0
3887493837,0.0,0.0
3904955822,0.0,0.0
3905349489,0.0,0.0
3901376473,0.0,0.0
3903825681,0.0,0.0
3904949350,0.0,0.0
3894556602,0.0,0.0
3904364647,0.0,0.0
3904418093,0.0,0.0
3901938999,0.0,0.0
3887709890,0.0,0.0
3889724598,80000.0,150000.0
3903824635,0.0,0.0
3905822298,0.0,0.0
3887862476,0.0,0.0
3889232275,0.0,0.0
3895546174,0.0,0.0
3901940989,0.0,0.0
3905298205,120000.0,170000.0
3884439401,0.0,0.0
3904052518,0.0,0.0
3902865688,0.0,0.0
3905866390,0.0,0.0
3885814531,0.0,0.0
3904387566,96000.0,114500.0
3895545318,0.0,0.0
3901690525,0.0,0.0
3902931700,0.0,0.0
3885104430,0.0,0.0
3894874996,84137.02,115679.96
3894560359,0.0,0.0
3894906952,40000.0,75000.0
3904367798,0.0,0.0
3902915635,0.0,0.0
3905342070,0.0,0.0
3902812759,65000.0,85000.0
3894553119,0.0,0.0
3891067775,0.0,0.0
3904085783,0.0,0.0
3887880974,35000.0,775000.0
3903496959,0.0,0.0
3904933813,0.0,0.0
3884440238,0.0,0.0
3900982090,140000.0,150000.0
3904366094,0.0,0.0
3895546502,0.0,0.0
3905372769,90000.0,118000.0
3904384593,0.0,0.0
3887715200,0.0,0.0
3905856193,0.0,0.0
3906234626,0.0,0.0
3905291042,0.0,0.0
3889485739,0.0,0.0
3903495844,0.0,0.0
3887715235,0.0,0.0
3901945437,0.0,0.0
3905289116,0.0,0.0
3904385618,0.0,0.0
3891048858,0.0,0.0
3904949937,0.0,0.0
3901376532,0.0,0.0
3905382527,0.0,0.0
3904421525,0.0,0.0
3890897538,0.0,0.0
3900960444,0.0,0.0
3900957138,35.0,40.0
3886456898,0.0,0.0
3903823464,200000.0,250000.0
3901976377,0.0,0.0
3904361797,140000.0,250000.0
3898176223,0.0,0.0
3885824748,0.0,0.0
3884919161,0.0,0.0
3902913475,73000.0,83000.0
3884441318,0.0,0.0
3902864692,0.0,0.0
3901351146,29.91,37.39
3905235940,0.0,0.0
3905252780,0.0,0.0
3895535829,0.0,0.0
3889489708,0.0,0.0
3901499095,42.0,56.42
3902752848,0.0,0.0
3905297631,0.0,0.0
3902740872,0.0,0.0
3901966015,0.0,0.0
3901691226,80000.0,105000.0
3902763244,0.0,0.0
3886464216,0.0,0.0
3884992118,24.1,25.1
3895537137,0.0,0.0
3902753343,0.0,0.0
3904719461,15.0,21.6
3905832349,0.0,0.0
3905349387,0.0,0.0
3889729486,0.0,0.0
3886887026,0.0,0.0
3905308330,0.0,0.0
3904384942,0.0,0.0
3895517992,0.0,0.0
3901368754,0.0,0.0
3905652415,0.0,0.0
3905253300,0.0,0.0
3886453024,0.0,0.0
3886830186,17.25,26.75
3901965475,0.0,0.0
3901991803,0.0,0.0
3889281895,0.0,0.0
3887906737,0.0,0.0
3905349537,0.0,0.0
3904937249,0.0,0.0
3902946096,0.0,0.0
3904414222,218000.0,242000.0
3905299686,0.0,0.0
3904723218,33.89,70.1
3904391527,0.0,0.0
3902865765,0.0,0.0
3901367096,0.0,0.0
3904052742,0.0,0.0
3905874927,0.0,0.0
3891252350,0.0,0.0
3905326956,0.0,0.0
3905330907,0.0,0.0
3904931773,0.0,0.0
3886831256,0.0,0.0
3904403572,0.0,0.0
3904382750,0.0,0.0
3894593701,85000.0,95000.0
3901949604,72000.0,106000.0
3895524716,0.0,0.0
3887705178,0.0,0.0
3902860672,0.0,0.0
3884436884,0.0,0.0
3887721306,0.0,0.0
3903828539,0.0,0.0
3899527483,120000.0,150000.0
3898159176,0.0,0.0
3902748889,0.0,0.0
3895593839,0.0,0.0
3884440656,0.0,0.0
3902322410,0.0,0.0
3905353443,0.0,0.0
3902365612,0.0,0.0
3903881293,37500.0,49500.0
3894577186,25.0,27.0
3902833762,0.0,0.0
3885808874,0.0,0.0
3898160286,74760.0,112440.0
3904386832,0.0,0.0
3894281835,0.0,0.0
3885817094,20.0,23.0
3902755382,0.0,0.0
3904364511,98496.0,134784.0
3904410414,0.0,0.0
3902318497,0.0,0.0
3904362930,0.0,0.0
3895528146,20.0,30.0
3884847130,0.0,0.0
3889439284,0.0,0.0
3902367121,212000.0,297000.0
3901967208,0.0,0.0
3884899830,0.0,0.0
3905332985,0.0,0.0
3887572580,100000.0,105000.0
3905208037,163000.0,199000.0
3905870863,0.0,0.0
3900070642,60000.0,90000.0
3889116047,110635.01,184391.69
3906224871,33.65,54.93
3901982835,69713.0,92950.0
3904397000,0.0,0.0
3886214453,20.0,25.0
3904933414,0.0,0.0
3905333973,0.0,0.0
3891264839,80000.0,90000.0
3884443258,0.0,0.0
3889709704,0.0,0.0
3898175062,120000.0,150000.0
3887988465,0.0,0.0
3901962779,140000.0,160000.0
3901355183,0.0,0.0
3891075376,0.0,0.0
3904723185,0.0,0.0
3905392433,0.0,0.0
3900982505,0.0,0.0
3902371216,75.0,80.0
3903838897,0.0,0.0
3905839740,0.0,0.0
3902759102,48657.12,60821.4
3904721368,0.0,0.0
3895543179,0.0,0.0
3905299409,0.0,0.0
3889779102,49.75,92.4
3904707144,0.0,0.0
3905826273,0.0,0.0
3888478400,52000.0,79000.0
3904371264,0.0,0.0
3904969072,95000.0,135000.0
3905832689,25.0,27.0
3902881293,0.0,0.0
3901675863,0.0,0.0
3902841731,0.0,0.0
3888006798,0.0,0.0
3894290352,0.0,0.0
3901340287,78400.0,130600.0
3904401868,0.0,0.0
3902348215,0.0,0.0
3905874156,0.0,0.0
3901180686,0.0,0.0
3905865236,0.0,0.0
3898179030,0.0,0.0
3904962444,0.0,0.0
3904387998,0.0,0.0
3905375039,0.0,0.0
3902880392,20.0,30.0
3887869601,0.0,0.0
3904388115,0.0,0.0
3900941706,0.0,0.0
3884820686,0.0,0.0
3887884141,0.0,0.0
3905205930,0.0,0.0
3905301648,0.0,0.0
3903896466,0.0,0.0
3902752889,0.0,0.0
3904416925,19.8,21.2
3901983348,0.0,0.0
3900942825,0.0,0.0
3902352157,60.0,65.0
3906262039,0.0,0.0
3904365552,0.0,0.0
3905367055,0.0,0.0
3905351129,0.0,0.0
3888411793,30.0,45.0
3904062817,25.0,50.0
3889121850,3085.0,4190.0
3891076691,0.0,0.0
3889153447,0.0,0.0
3903828467,0.0,0.0
3906230291,0.0,0.0
3884933467,0.0,0.0
3899524395,0.0,0.0
3881822529,0.0,0.0
3903825677,0.0,0.0
3894298243,0.0,0.0
3888943235,0.0,0.0
3905388977,10.75,11.5
3901965373,75000.0,90000.0
3903867926,0.0,0.0
3902868145,0.0,0.0
3903813171,0.0,0.0
3901948342,18.0,21.0
3904997194,0.0,0.0
3904395511,0.0,0.0
3906229379,0.0,0.0
3904570564,0.0,0.0
3903843071,0.0,0.0
3900080227,24.81,37.5
3902876503,0.0,0.0
3887479346,0.0,0.0
3901389445,0.0,0.0
3904965727,0.0,0.0
3885830028,0.0,0.0
3904722352,0.0,0.0
3902880406,0.0,0.0
3905847849,26.0,30.0
3894947261,35.0,40.0
3898170762,0.0,0.0
3905857544,75000.0,150000.0
3887466670,0.0,0.0
3905331984,0.0,0.0
3886875534,0.0,0.0
3885846269,0.0,0.0
3905338305,0.0,0.0
3904968233,0.0,0.0
3904500935,0.0,0.0
3904964641,0.0,0.0
3889260857,0.0,0.0
3884434946,0.0,0.0
3885804884,0.0,0.0
3902351302,70000.0,100000.0
3884804420,0.0,0.0
3903835463,0.0,0.0
3905398027,0.0,0.0
3898160150,45.0,50.0
3906250451,0.0,0.0
3900090571,61000.0,65000.0
3902831705,0.0,0.0
3902845086,155000.0,175000.0
3901958462,0.0,0.0
3905832576,16.0,18.0
3901676831,0.0,0.0
3894549047,0.0,0.0
3894564166,0.0,0.0
3905334134,0.0,0.0
3906069458,24.0,25.0
3884802254,0.0,0.0
3888026302,0.0,0.0
3904574613,90000.0,120000.0
3898161131,0.0,0.0
3905235783,46.0,49.0
3903472970,0.0,0.0
3904023028,119600.0,178880.0
3900091241,0.0,0.0
3901991079,72900.0,105000.0
3902350671,0.0,0.0
3884827405,0.0,0.0
3905243823,0.0,0.0
3902753742,0.0,0.0
3903451067,0.0,0.0
3887883818,0.0,0.0
3901998211,96000.0,200000.0
3905820232,0.0,0.0
3900086881,0.0,0.0
3894880327,65000.0,67000.0
3903475260,125000.0,150000.0
3902357304,0.0,0.0
3898161464,0.0,0.0
3900957819,0.0,0.0
3891019418,0.0,0.0
3905340107,0.0,0.0
3904416924,15.0,16.2
3906248680,0.0,0.0
3885829177,15.0,18.0
3887477342,0.0,0.0
3902834588,0.0,0.0
3905313188,0.0,0.0
3906087694,0.0,0.0
3901684681,0.0,0.0
3903430131,0.0,0.0
3886837949,0.0,0.0
3886442830,0.0,0.0
3895863821,0.0,0.0
3905298643,22.68,32.88
3905305207,0.0,0.0
3905377031,72000.0,82000.0
3898165280,0.0,0.0
3901942266,0.0,0.0
3906073398,0.0,0.0
3901680152,80000.0,90000.0
3905212005,0.0,0.0
3884444012,0.0,0.0
3905202835,0.0,0.0
3905683905,0.0,0.0
3905256287,0.0,0.0
3889440239,0.0,0.0
3889440228,0.0,0.0
3906231336,0.0,0.0
3905378048,0.0,0.0
3891262961,18.0,20.0
3895271734,0.0,0.0
3904421505,0.0,0.0
3904419853,0.0,0.0
3898167204,0.0,0.0
3895815053,34.48,61.27
3901379394,0.0,0.0
3902788606,0.0,0.0
3903828596,0.0,0.0
3906257335,0.0,0.0
3902312008,0.0,0.0
3904956559,0.0,0.0
3885833914,0.0,0.0
3901342649,103200.0,123896.0
3902745753,0.0,0.0
3904053883,0.0,0.0
3894283850,0.0,0.0
3905351127,0.0,0.0
3901978271,110000.0,125000.0
3894874592,0.0,0.0
3898161830,0.0,0.0
3895593858,0.0,0.0
3903874307,0.0,0.0
3902909845,0.0,0.0
3887495433,0.0,0.0
3901372369,0.0,0.0
3904718963,0.0,0.0
3905331923,0.0,0.0
3903824923,0.0,0.0
3890893956,0.0,0.0
3905300433,0.0,0.0
3904394286,153700.0,187900.0
3905832626,50.0,51.0
3901392732,65.0,75.0
3906238098,0.0,0.0
3901389226,60000.0,80000.0
3895505705,0.0,0.0
3904939168,100000.0,142000.0
3891269618,0.0,0.0
3887874313,0.0,0.0
3902786576,0.0,0.0
3905844728,0.0,0.0
3900957849,0.0,0.0
3900945316,0.0,0.0
3887881599,0.0,0.0
3902733882,0.0,0.0
658723396,0.0,0.0
3898163681,0.0,0.0
3902845145,0.0,0.0
3901978509,95000.0,130000.0
3903895666,51600.0,106000.0
3904397970,0.0,0.0
3886442655,0.0,0.0
3904385470,0.0,0.0
3891084024,0.0,0.0
3905695656,15.9,21.6
3901947070,0.0,0.0
3888033728,0.0,0.0
3904062224,0.0,0.0
3894567141,0.0,0.0
3884440541,160100.0,213400.0
3904074161,0.0,0.0
3902756482,0.0,0.0
3902755267,0.0,0.0
3895559727,0.0,0.0
3886880822,50000.0,70000.0
3894868506,0.0,0.0
3891040375,0.0,0.0
3902867511,80000.0,90000.0
3903844164,17.7,18.7
3905843294,0.0,0.0
3906093407,22.02,27.52
3901800662,0.0,0.0
3891073980,0.0,0.0
3906079474,30.0,35.0
3904392387,18.46,30.7
3885864491,0.0,0.0
3887940693,0.0,0.0
3906253680,0.0,0.0
3889118984,0.0,0.0
3887839177,0.0,0.0
3900975657,30.0,35.0
3904427749,0.0,0.0
3901629261,0.0,0.0
3887100751,0.0,0.0
3904388842,0.0,0.0
3900980590,0.0,0.0
3904725216,0.0,0.0
3902843486,0.0,0.0
3901669968,0.0,0.0
3887491939,0.0,0.0
3891076756,0.0,0.0
3905280856,0.0,0.0
3906227416,0.0,0.0
3900981039,0.0,0.0
3902917050,70.0,80.0
3904392214,0.0,0.0
3901954212,109000.0,135310.0
3903456759,0.0,0.0
3900982861,0.0,0.0
3902865798,0.0,0.0
3886896224,19.0,20.0
3898167110,0.0,0.0
3889778614,60000.0,80000.0
3901954512,130000.0,180000.0
3888827486,0.0,0.0
3890893389,120000.0,140000.0
3885813066,0.0,0.0
3905639076,0.0,0.0
3900958919,0.0,0.0
3901984680,0.0,0.0
3905850669,0.0,0.0
3901361094,0.0,0.0
3903815675,50.0,50.0
3904410718,0.0,0.0
3902867389,0.0,0.0
3903837561,0.0,0.0
3906226160,0.0,0.0
3886450573,96000.0,144000.0
3903457200,0.0,0.0
3903474898,0.0,0.0
3891035797,0.0,0.0
3901357063,0.0,0.0
3889749249,0.0,0.0
3888939033,0.0,0.0
3905821129,105000.0,135000.0
3895801437,0.0,0.0
3890892081,18.0,25.0
3901351622,0.0,0.0
3903846326,0.0,0.0
3905288314,0.0,0.0
3902750395,0.0,0.0
3905863701,0.0,0.0
3902355651,0.0,0.0
3905267894,0.0,0.0
3905298475,113000.0,173000.0
3905825377,0.0,0.0
3898178224,0.0,0.0
3906096545,0.0,0.0
3905828823,0.0,0.0
3902365933,0.0,0.0
3884444399,0.0,0.0
3900960716,75000.0,110000.0
3904431331,0.0,0.0
3906250568,0.0,0.0
3904418567,0.0,0.0
3891280202,15.45,20.5
3905673613,0.0,0.0
3905327908,0.0,0.0
3899532174,0.0,0.0
3904366901,16.04,25.83
3904988248,16.0,20.0
3906089481,0.0,0.0
3899542562,60000.0,70000.0
3905310400,0.0,0.0
3904581350,0.0,0.0
3903471599,0.0,0.0
3884854386,151200.0,247100.0
3902826290,0.0,0.0
3889497210,0.0,0.0
3906263303,0.0,0.0
3904941820,0.0,0.0
3904966468,0.0,0.0
3902317973,0.0,0.0
3906259551,0.0,0.0
3904383679,125000.0,190000.0
3903844355,0.0,0.0
3904721836,0.0,0.0
3895598363,0.0,0.0
3884836362,0.0,0.0
3905292452,0.0,0.0
3901370375,0.0,0.0
3889473337,0.0,0.0
3904703529,23.41,30.69
3901389450,0.0,0.0
3887492705,120000.0,180000.0
3905607970,0.0,0.0
3888976371,0.0,0.0
3885840895,16.0,21.4
3902356346,0.0,0.0
3901953530,0.0,0.0
3884992172,0.0,0.0
3887714735,0.0,0.0
3898163604,0.0,0.0
3905324924,0.0,0.0
3894557345,0.0,0.0
3903813069,0.0,0.0
3904595954,0.0,0.0
3902882170,0.0,0.0
3904081791,0.0,0.0
3903872872,0.0,0.0
3886880730,0.0,0.0
3885863503,14.0,16.0
3905656921,90000.0,120000.0
3906236815,0.0,0.0
3902828671,0.0,0.0
3886836913,0.0,0.0
3899528863,0.0,0.0
3904702847,0.0,0.0
3900961667,100000.0,125000.0
3889741967,0.0,0.0
3904935552,0.0,0.0
3905357625,0.0,0.0
3903449157,0.0,0.0
3903852011,0.0,0.0
3901698571,0.0,0.0
3901639441,0.0,0.0
3906257390,109500.0,214100.0
3887866960,0.0,0.0
3905362397,50000.0,60000.0
3889719294,170000.0,190000.0
3884437291,60000.0,80000.0
3888933849,0.0,0.0
3901681111,0.0,0.0
3884440664,0.0,0.0
3894603760,0.0,0.0
3903848547,0.0,0.0
3905870130,0.0,0.0
3902362395,0.0,0.0
3905309307,0.0,0.0
3900965396,0.0,0.0
3904396068,0.0,0.0
3903840754,0.0,0.0
3888963781,0.0,0.0
3898178045,0.0,0.0
3905855915,0.0,0.0
3905873893,0.0,0.0
3905338202,0.0,0.0
3889429010,22.77,27.77
3905293767,80000.0,85000.0
3904724738,0.0,0.0
3888948329,0.0,0.0
3902355038,0.0,0.0
3905325909,0.0,0.0
3891082091,0.0,0.0
3902882321,0.0,0.0
3884859455,0.0,0.0
3905869822,0.0,0.0
3905328984,0.0,0.0
3904064483,0.0,0.0
3884917805,0.0,0.0
3901962127,24.0,29.0
3904934247,0.0,0.0
3901941956,0.0,0.0
3905367319,0.0,0.0
3903819412,0.0,0.0
3902348039,0.0,0.0
3900956248,43.0,48.0
3906259133,0.0,0.0
3902801433,60000.0,70000.0
3902337613,0.0,0.0
3891073920,142000.0,170000.0
3901957533,0.0,0.0
3904367415,125700.0,230000.0
3906228095,0.0,0.0
3902949101,0.0,0.0
3905363544,0.0,0.0
3885852603,30.0,36.0
3887572686,21.9,30.4
3902808886,0.0,0.0
3887892616,0.0,0.0
3887575318,0.0,0.0
3905873943,0.0,0.0
3885810266,0.0,0.0
3905657910,0.0,0.0
3901944135,0.0,0.0
3906250635,0.0,0.0
3894296711,150000.0,175000.0
3904708156,0.0,0.0
3887883663,22.5,95.0
3901391066,45000.0,55000.0
3905648863,0.0,0.0
3902813743,85000.0,100000.0
3904725428,0.0,0.0
3899527152,0.0,0.0
3889110826,0.0,0.0
3884438208,0.0,0.0
3906222751,0.0,0.0
3898164318,22.0,27.0
3899544285,0.0,0.0
3902818320,65000.0,70000.0
3905399277,0.0,0.0
3904710939,0.0,0.0
3889756800,100000.0,125000.0
3904356518,0.0,0.0
3903815048,0.0,0.0
3899517312,0.0,0.0
3902835509,67.0,67.0
3905334274,0.0,0.0
3906092552,70000.0,90000.0
3902353737,0.0,0.0
3904091394,0.0,0.0
3900094084,0.0,0.0
3901171047,0.0,0.0
3901397056,0.0,0.0
3898157763,0.0,0.0
3884817950,0.0,0.0
3890894358,100000.0,120000.0
3901957309,0.0,0.0
3905612334,0.0,0.0
3899522567,65000.0,75000.0
3894545526,0.0,0.0
3895800064,40000.0,60000.0
3900977311,62400.0,95000.0
3888491242,0.0,0.0
3888937799,0.0,0.0
3902751735,0.0,0.0
3901643269,28.0,32.0
3905834733,0.0,0.0
3894620739,86200.0,140000.0
3887894070,0.0,0.0
3894872265,0.0,0.0
3904956188,73000.0,80000.0
3904726452,0.0,0.0
3899521916,34.21,41.04
3905818080,0.0,0.0
3905245827,0.0,0.0
3894292850,0.0,0.0
3885107203,0.0,0.0
3894213299,0.0,0.0
3904057315,10.8,13.65
3905244137,0.0,0.0
3894923115,50000.0,70000.0
3902830748,0.0,0.0
3895524230,0.0,0.0
3901342648,0.0,0.0
3888029033,0.0,0.0
3884438190,0.0,0.0
3894873374,0.0,0.0
3891285618,0.0,0.0
3886880750,0.0,0.0
3902346002,0.0,0.0
3904706308,0.0,0.0
3906257281,0.0,0.0
3888000710,0.0,0.0
3905287116,0.0,0.0
3905361585,0.0,0.0
3901947460,0.0,0.0
3895812160,0.0,0.0
3889411916,0.0,0.0
3904946022,0.0,0.0
3902737912,0.0,0.0
3888937998,147000.0,210000.0
3885846598,0.0,0.0
3904923829,0.0,0.0
3885830370,0.0,0.0
3900077853,0.0,0.0
3894604347,37200.0,51200.0
3900982122,0.0,0.0
3901952855,65000.0,70000.0
3902867009,0.0,0.0
3901359110,0.0,0.0
3905868502,0.0,0.0
3902833375,0.0,0.0
3894591077,0.0,0.0
3888960785,0.0,0.0
3902780724,0.0,0.0
3900941625,0.0,0.0
3894870221,0.0,0.0
3895221512,0.0,0.0
3902327717,0.0,0.0
3901379320,0.0,0.0
3901696052,34.98,52.47
3905292884,0.0,0.0
3905663114,15.0,22.51
3902771228,28.5,30.0
3904386508,0.0,0.0
3887723190,0.0,0.0
3901942323,0.0,0.0
3900964269,0.0,0.0
3902319543,0.0,0.0
3905313017,0.0,0.0
3905203960,3640.0,5916.0
3905213470,0.0,0.0
3895271687,0.0,0.0
3901992920,90990.0,160220.0
3902914807,70.0,85.0
3904386698,17.0,19.0
3904945501,0.0,0.0
3891072228,0.0,0.0
3895558703,0.0,0.0
3885115013,0.0,0.0
3895544206,0.0,0.0
3901953541,0.0,0.0
3889746822,0.0,0.0
3901455647,0.0,0.0
3903842823,0.0,0.0
3889713693,0.0,0.0
3887499521,0.0,0.0
3887917545,0.0,0.0
3901348306,120000.0,135000.0
3905696598,0.0,0.0
3904998277,0.0,0.0
3884440889,0.0,0.0
3904416903,0.0,0.0
3901949682,0.0,0.0
3884824105,0.0,0.0
3894856161,0.0,0.0
3904942538,0.0,0.0
3905800109,17.35,24.75
3906220833,0.0,0.0
3887597744,70.0,74.0
3886894784,0.0,0.0
3886830841,0.0,0.0
3884906708,57000.0,77900.0
3889417429,0.0,0.0
3895544599,20.4,25.5
3905297599,0.0,0.0
3902805438,0.0,0.0
3901393095,22.07,29.86
3905829893,0.0,0.0
3901646553,0.0,0.0
3905214821,26.0,33.0
3900982316,0.0,0.0
3902387889,0.0,0.0
3904722026,0.0,0.0
3905370569,0.0,0.0
3894878195,20.0,25.0
3901674451,0.0,0.0
3904575757,0.0,0.0
3901941439,0.0,0.0
3894551376,0.0,0.0
3902322967,0.0,0.0
3901981470,0.0,0.0
3906265301,0.0,0.0
3898173204,0.0,0.0
3894929722,0.0,0.0
3901363317,0.0,0.0
3902742881,58.1,75.53
3900975690,95000.0,125000.0
3903459592,20.0,26.25
3901373715,0.0,0.0
3904972225,0.0,0.0
3905378106,0.0,0.0
3889176368,0.0,0.0
3906251112,0.0,0.0
3903885464,0.0,0.0
3905292875,0.0,0.0
3905335113,0.0,0.0
3904059853,0.0,0.0
3902781838,0.0,0.0
3889114175,0.0,0.0
3905238396,10000.0,12000.0
3904706401,0.0,0.0
3891069764,40.0,70.0
3903831079,110000.0,120000.0
3905624228,0.0,0.0
3906261219,0.0,0.0
3903823458,23.73,36.78
3898161417,0.0,0.0
3901372732,0.0,0.0
3901942937,0.0,0.0
3905871057,0.0,0.0
3904927018,130000.0,700000.0
3891086928,0.0,0.0
3889751517,0.0,0.0
3904924146,0.0,0.0
3903499903,150000.0,250000.0
3903439928,106000.0,124500.0
3899541036,0.0,0.0
3901943502,0.0,0.0
3900980183,25.0,30.0
3906079224,0.0,0.0
3895551074,0.0,0.0
3905373459,0.0,0.0
3888437062,0.0,0.0
3902868080,0.0,0.0
3900098084,29.0,50.5
3900946986,0.0,0.0
3904416173,0.0,0.0
3889759008,110000.0,165000.0
3889705028,0.0,0.0
3905685721,97000.0,139000.0
3905291884,0.0,0.0
3901993048,0.0,0.0
3904087483,22.0,28.0
3901944789,0.0,0.0
3904094788,0.0,0.0
3901980121,0.0,0.0
3902950175,0.0,0.0
3894564494,0.0,0.0
3886822730,30.0,45.0
3889425361,0.0,0.0
3906226606,0.0,0.0
3886819062,0.0,0.0
3902845831,0.0,0.0
3905224263,260000.0,420000.0
3884808780,0.0,0.0
3905671224,0.0,0.0
3903809630,0.0,0.0
3884925951,0.0,0.0
3895593852,0.0,0.0
3903899777,0.0,0.0
3887707122,0.0,0.0
3885812023,75000.0,124000.0
3905391529,0.0,0.0
3887705175,0.0,0.0
3904708028,0.0,0.0
3894966968,0.0,0.0
3904395103,90000.0,95000.0
3901954422,0.0,0.0
3902734960,0.0,0.0
3887860243,0.0,0.0
3901369441,0.0,0.0
3906074404,0.0,0.0
3887483182,0.0,0.0
3885807746,0.0,0.0
3902743955,0.0,0.0
3906220793,0.0,0.0
3902948259,100000.0,130000.0
3904419445,0.0,0.0
3904063212,0.0,0.0
3901989102,0.0,0.0
3895494182,30.0,40.0
3888025696,0.0,0.0
3904577555,0.0,0.0
3901634981,90000.0,110000.0
3900975638,0.0,0.0
3902860600,55000.0,60000.0
3902345403,0.0,0.0
3884817954,0.0,0.0
3885812398,0.0,0.0
3902816665,0.0,0.0
3904422845,0.0,0.0
3900946617,0.0,0.0
3889717531,0.0,0.0
3905241207,0.0,0.0
3885830305,0.0,0.0
3905303449,0.0,0.0
3904932528,0.0,0.0
3904995898,0.0,0.0
3898173182,100000.0,110000.0
3902835567,100000.0,130000.0
3903453711,0.0,0.0
3905333676,43.0,60.0
3904514186,0.0,0.0
3895815388,0.0,0.0
3905303579,0.0,0.0
3904078606,0.0,0.0
3905373629,0.0,0.0
3904500659,0.0,0.0
3904940543,0.0,0.0
3901182061,0.0,0.0
3905327744,0.0,0.0
3905323884,0.0,0.0
3904384553,15.34,17.5
3905326963,65000.0,85000.0
3887909168,95000.0,105000.0
3905287223,0.0,0.0
3904932153,60000.0,70000.0
3904943401,0.0,0.0
3894640755,0.0,0.0
3900959592,0.0,0.0
3884825460,0.0,0.0
3886820920,0.0,0.0
3901988087,0.0,0.0
3901963488,28.0,32.0
3901673717,0.0,0.0
3903466265,0.0,0.0
3901692961,18.0,19.0
3901962136,0.0,0.0
3904969080,70000.0,200000.0
3904944359,22.0,28.0
3885852865,16.0,23.06
3905874847,80000.0,110000.0
3901994904,82000.0,105600.0
3901947235,120000.0,150000.0
3902805225,0.0,0.0
3905662932,62000.0,80000.0
3889706861,90000.0,110000.0
3889114488,0.0,0.0
3901631726,0.0,0.0
3905353280,0.0,0.0
3888481091,0.0,0.0
3904940291,0.0,0.0
3903824814,0.0,0.0
3900074939,0.0,0.0
3901687442,0.0,0.0
3902355196,0.0,0.0
3901951286,0.0,0.0
3891077588,170000.0,280000.0
3903466262,0.0,0.0
3901670133,0.0,0.0
3901944499,20.0,25.0
3899529464,0.0,0.0
3904927914,65000.0,75000.0
3904989953,0.0,0.0
3885821887,45000.0,55000.0
3903881530,89376.0,153216.0
3901632785,0.0,0.0
3905673312,0.0,0.0
3894951186,18.0,24.0
3904568131,118400.0,220200.0
3885852817,80000.0,110000.0
3901695001,0.0,0.0
3901941895,0.0,0.0
3905367322,0.0,0.0
3905334894,0.0,0.0
3900983039,0.0,0.0
3894289144,0.0,0.0
3895811133,0.0,0.0
3901390287,0.0,0.0
3904403634,16.0,18.0
3903474085,122198.0,191900.0
3906094203,0.0,0.0
3903817965,0.0,0.0
3901349969,130000.0,170000.0
3904060730,0.0,0.0
3888029010,0.0,0.0
3902745795,148000.0,215000.0
3905671034,0.0,0.0
3904967270,100000.0,160000.0
3884448112,0.0,0.0
3889720090,0.0,0.0
3898163517,150000.0,200000.0
3904935089,0.0,0.0
3903820977,0.0,0.0
3819767400,75000.0,90000.0
3902746422,0.0,0.0
3906227600,165000.0,200000.0
3895524116,0.0,0.0
3885809569,0.0,0.0
3888007703,0.0,0.0
3898159465,40.0,45.3
3898162228,0.0,0.0
3903426697,0.0,0.0
3902760050,72032.0,91381.0
3906225387,17.0,35.0
3901992264,0.0,0.0
3901694555,139800.0,319400.0
3887716355,0.0,0.0
3904970701,0.0,0.0
3903471022,0.0,0.0
3889289427,0.0,0.0
3888947812,0.0,0.0
3902807905,0.0,0.0
3905664904,0.0,0.0
3901940430,0.0,0.0
3884800557,82500.0,111374.0
3902360033,0.0,0.0
3884897030,51358.0,128000.0
3906247311,0.0,0.0
3905303316,0.0,0.0
3889105946,0.0,0.0
3906234200,60000.0,80000.0
3895825856,0.0,0.0
3904997798,0.0,0.0
3894963115,77000.0,78500.0
3905363053,0.0,0.0
3904406484,0.0,0.0
3891280213,0.0,0.0
3885835656,26.26,40.5
3884820805,55245.0,82867.0
3905273630,0.0,0.0
3887906584,0.0,0.0
3894947629,85000.0,85000.0
3901377592,0.0,0.0
3905370690,0.0,0.0
3895592800,0.0,0.0
3902758039,0.0,0.0
3903428865,0.0,0.0
3901977720,0.0,0.0
3902750826,0.0,0.0
3905396316,135700.0,218500.0
3899525623,0.0,0.0
3906225851,0.0,0.0
3886840509,0.0,0.0
3900090186,0.0,0.0
3904362263,0.0,0.0
3891009369,0.0,0.0
3906094760,0.0,0.0
3901949187,0.0,0.0
3905328798,0.0,0.0
3885114290,0.0,0.0
3905326804,0.0,0.0
3900981061,0.0,0.0
3888029694,0.0,0.0
3905392943,0.0,0.0
3895808249,0.0,0.0
3894277656,0.0,0.0
3898156632,0.0,0.0
3887485157,38.0,40.0
3904074487,0.0,0.0
3902742279,0.0,0.0
3886852889,40000.0,91000.0
3905330282,34.35,54.38
3902353821,0.0,0.0
3904708335,0.0,0.0
3900072796,0.0,0.0
3903804778,0.0,0.0
3901362004,0.0,0.0
3904705848,0.0,0.0
3904934865,49363.0,82656.0
3901349092,0.0,0.0
3885103423,0.0,0.0
3905237670,0.0,0.0
3906093767,180000.0,220000.0
3426467577,0.0,0.0
3884803174,0.0,0.0
3894268698,120.0,150.0
3902356177,0.0,0.0
3891014197,0.0,0.0
3904933371,95000.0,106000.0
3905222673,0.0,0.0
3901941124,0.0,0.0
3905337144,0.0,0.0
3888818724,0.0,0.0
3906235401,0.0,0.0
3887473513,29.19,43.79
3887704931,0.0,0.0
3906230145,80.0,90.0
3900962406,0.0,0.0
3903837041,0.0,0.0
3904393339,0.0,0.0
3898161875,0.0,0.0
3903802428,0.0,0.0
3901479583,0.0,0.0
3902831440,0.0,0.0
3902938891,0.0,0.0
3905336599,43.57,68.61
3894558614,0.0,0.0
3903869900,0.0,0.0
3901688549,0.0,0.0
3898169034,142000.0,210000.0
3901179090,0.0,0.0
3901944593,0.0,0.0
3904960980,0.0,0.0
3903808964,0.0,0.0
3903833040,0.0,0.0
3904393058,0.0,0.0
3901678662,0.0,0.0
3886210747,0.0,0.0
3884933191,0.0,0.0
3905864715,0.0,0.0
3899532297,0.0,0.0
3905340007,0.0,0.0
3895526573,0.0,0.0
3900981606,88980.0,118630.0
3904588259,0.0,0.0
3894617183,0.0,0.0
3902832496,0.0,0.0
3887719280,0.0,0.0
3902944522,0.0,0.0
3905644251,0.0,0.0
3885839915,16.0,21.4
3902733888,0.0,0.0
3898170646,0.0,0.0
3903459540,65000.0,85000.0
3895563431,0.0,0.0
3886457144,0.0,0.0
3905272027,0.0,0.0
3905661392,0.0,0.0
3887715191,0.0,0.0
3889413805,0.0,0.0
3901391616,0.0,0.0
3886840063,0.0,0.0
3903880008,0.0,0.0
3900937854,0.0,0.0
3901680724,54000.0,60000.0
3901949282,0.0,0.0
3898169829,0.0,0.0
3900069509,0.0,0.0
3889109114,129000.0,228000.0
3888944480,130000.0,160000.0
3904419756,0.0,0.0
3889284895,0.0,0.0
3889443735,0.0,0.0
3899541376,0.0,0.0
3901986376,0.0,0.0
3901185123,125000.0,166500.0
3887700229,65000.0,70000.0
3906092754,117000.0,166000.0
3904981960,0.0,0.0
3895210489,0.0,0.0
3885838583,25.0,28.0
3898169114,0.0,0.0
3895275822,0.0,0.0
3905857712,83000.0,97000.0
3901975907,0.0,0.0
3891004956,0.0,0.0
3904407491,85000.0,90000.0
3891077788,65000.0,75000.0
3905859155,0.0,0.0
3905331671,92290.0,156860.0
3890898979,0.0,0.0
3901167556,0.0,0.0
3902918086,0.0,0.0
3889731302,0.0,0.0
3884440311,0.0,0.0
3898176225,225000.0,260000.0
3887716280,0.0,0.0
3902869109,60000.0,70000.0
3905833198,0.0,0.0
3895864569,0.0,0.0
3904719618,0.0,0.0
3895599499,0.0,0.0
3887578489,36300.0,72600.0
3901936829,0.0,0.0
3895535536,25.0,32.0
3904711443,0.0,0.0
3888002418,0.0,0.0
3894943423,12000.0,12000.0
3903842658,14.5,22.5
3904925790,0.0,0.0
3902356684,0.0,0.0
3884912807,19.0,21.99
3904988362,135000.0,150000.0
3901983530,0.0,0.0
3887915624,0.0,0.0
3903459542,17.25,18.9
3906233828,0.0,0.0
3905370739,0.0,0.0
3902746700,15.0,21.07
3901378325,17.0,20.0
3902744881,0.0,0.0
3887835951,0.0,0.0
3905855021,0.0,0.0
3894908986,0.0,0.0
3900064449,0.0,0.0
3904367874,0.0,0.0
3895210266,150000.0,200000.0
3904069297,125000.0,155000.0
3906247421,0.0,0.0
3905245823,0.0,0.0
3901943118,0.0,0.0
3884913800,0.0,0.0
3894970392,0.0,0.0
3887890223,0.0,0.0
3906094633,100000.0,120000.0
3902833348,90000.0,150000.0
3905885978,0.0,0.0
3906220760,0.0,0.0
3900964475,0.0,0.0
3887457893,0.0,0.0
3904415396,0.0,0.0
3905344002,0.0,0.0
3902752750,129000.0,194000.0
3900949687,100000.0,1220000.0
3906230739,0.0,0.0
3894682038,0.0,0.0
3894207941,120000.0,140000.0
3898163581,0.0,0.0
3904393057,0.0,0.0
3900953914,83165.0,132947.0
3904426749,0.0,0.0
3884436039,0.0,0.0
3901664902,0.0,0.0
3895801022,0.0,0.0
3905693010,0.0,0.0
3884821508,0.0,0.0
3904725260,0.0,0.0
3904365248,0.0,0.0
3901390094,220000.0,280000.0
3901941977,0.0,0.0
3904423548,0.0,0.0
3902354977,17.3,29.19
3901946040,18.0,20.0
3900966236,0.0,0.0
3905824328,90000.0,115000.0
3898165256,30.0,35.0
3901174653,68000.0,96000.0
3894554212,0.0,0.0
3901939678,0.0,0.0
3891268797,27.31,39.32
3901691289,0.0,0.0
3904573983,25.0,30.0
3903840994,0.0,0.0
3904087600,0.0,0.0
3901937806,0.0,0.0
3894610113,26.14,43.57
3900075663,185000.0,195000.0
3889415670,0.0,0.0
3902344441,0.0,0.0
3902353320,0.0,0.0
3901348271,60000.0,150000.0
3902926988,0.0,0.0
3903848414,0.0,0.0
3905372620,0.0,0.0
3905651369,0.0,0.0
3901943868,0.0,0.0
3906245798,0.0,0.0
3905886161,0.0,0.0
3905827250,0.0,0.0
3902756633,0.0,0.0
3904411557,19.0,24.75
3904429497,0.0,0.0
3894876574,0.0,0.0
3898170726,0.0,0.0
3905295297,0.0,0.0
3901690501,0.0,0.0
3888960029,0.0,0.0
3889414779,0.0,0.0
3884435336,56.17,58.5
3901950152,0.0,0.0
3905205114,50.0,51.0
3904513117,150000.0,160000.0
3900960528,0.0,0.0
3891072376,0.0,0.0
3904717397,0.0,0.0
3905293940,0.0,0.0
3900989033,0.0,0.0
3901352252,0.0,0.0
3899934195,0.0,0.0
3901944656,0.0,0.0
3901989078,0.0,0.0
3905308724,0.0,0.0
3904724047,0.0,0.0
3903476557,180000.0,230000.0
3901625858,0.0,0.0
3904390057,0.0,0.0
3902740290,0.0,0.0
3903818935,1200.0,1200.0
3901978910,0.0,0.0
3889110014,110000.0,160000.0
3901639347,0.0,0.0
3902738458,0.0,0.0
3888002407,0.0,0.0
3904380992,0.0,0.0
3886871721,0.0,0.0
3901349303,0.0,0.0
3904410762,0.0,0.0
3906093709,85000.0,90000.0
3904958668,0.0,0.0
3904927630,0.0,0.0
3904586316,0.0,0.0
3903810067,80000.0,95000.0
3902356397,0.0,0.0
3900963220,35.0,45.0
3906096237,60000.0,70000.0
3904359922,105000.0,130000.0
3891058703,0.0,0.0
3903813185,0.0,0.0
3906246970,0.0,0.0
3905697439,0.0,0.0
3906253143,0.0,0.0
3887717490,0.0,0.0
3901966532,0.0,0.0
3895557443,0.0,0.0
3895839959,0.0,0.0
3901348076,0.0,0.0
3884829103,0.0,0.0
3888002457,0.0,0.0
3904951446,0.0,0.0
3905372554,0.0,0.0
3903862895,0.0,0.0
3888400185,0.0,0.0
3901173604,35.0,37.0
3888034105,0.0,0.0
3898181140,105000.0,120000.0
3905270115,19.19,27.0
3903471772,0.0,0.0
3886455822,0.0,0.0
3905661922,0.0,0.0
3904939046,0.0,0.0
3902357507,75000.0,90000.0
3902826890,30.0,35.0
3905294101,0.0,0.0
3895523946,0.0,0.0
3891288833,0.0,0.0
3903473983,0.0,0.0
3905669467,0.0,0.0
3895813199,0.0,0.0
3903456324,0.0,0.0
3891071357,0.0,0.0
3904422584,0.0,0.0
3902369481,0.0,0.0
3905330539,49490.0,99475.0
3900951939,43.0,48.0
3905879958,0.0,0.0
3903829970,0.0,0.0
3889437480,0.0,0.0
3905206348,0.0,0.0
3898173739,0.0,0.0
3905829685,0.0,0.0
3905846503,0.0,0.0
3905252387,0.0,0.0
3901945168,0.0,0.0
3902940471,0.0,0.0
3901636181,0.0,0.0
3901695753,0.0,0.0
3899522561,100000.0,120000.0
3887880831,23.0,35.0
3901938333,0.0,0.0
3898157612,0.0,0.0
3884826482,15.0,22.5
3901977759,85000.0,92000.0
3902365242,101600.0,139700.0
3901946648,0.0,0.0
3903441738,30.0,40.0
3903807801,0.0,0.0
3904388628,0.0,0.0
3906222610,0.0,0.0
3903435338,0.0,0.0
3901640979,0.0,0.0
3894617071,0.0,0.0
3902354942,120000.0,140000.0
3906253198,18.0,18.0
3891075871,40.0,47.0
3905371086,0.0,0.0
3902352543,0.0,0.0
3904973349,180000.0,200000.0
3905303344,0.0,0.0
3885314268,0.0,0.0
3886464693,28.75,44.83
3905330513,0.0,0.0
3905883338,0.0,0.0
3884440612,0.0,0.0
3903868736,0.0,0.0
3906230560,0.0,0.0
3902341440,0.0,0.0
3901956833,0.0,0.0
3902751459,0.0,0.0
3887700418,0.0,0.0
3898158404,140000.0,140000.0
3906255294,18.5,25.9
3895541857,0.0,0.0
3900962606,0.0,0.0
3900966152,15.2,19.0
3904367649,0.0,0.0
3905828734,160000.0,190000.0
3905870844,0.0,0.0
3865391975,23.0,24.0
3888007779,15.0,16.0
3902358396,0.0,0.0
3905393500,0.0,0.0
3904961686,0.0,0.0
3904955598,0.0,0.0
3902808409,0.0,0.0
3905325926,0.0,0.0
3901675202,0.0,0.0
3901375070,0.0,0.0
3885847159,0.0,0.0
3899530745,170000.0,200000.0
3904387478,0.0,0.0
3887889072,0.0,0.0
3868493438,0.0,0.0
3898169832,0.0,0.0
3905331380,17.0,20.0
3895557909,83100.0,130900.0
3887914002,0.0,0.0
3903476060,0.0,0.0
3891082021,0.0,0.0
3901956489,120000.0,150000.0
3905390809,0.0,0.0
3902319546,0.0,0.0
3894560635,0.0,0.0
3889113574,0.0,0.0
3884932654,0.0,0.0
3904365541,107992.31,191008.7
3888938160,0.0,0.0
3767035869,45.0,50.0
3903879070,0.0,0.0
3904059316,0.0,0.0
3905252406,65.0,70.0
3902751812,0.0,0.0
3885106111,0.0,0.0
3905201494,0.0,0.0
3889759815,0.0,0.0
3891802231,149200.0,248600.0
3901981812,32.0,35.0
3904379547,0.0,0.0
3904992222,37220.0,58000.0
3902864872,0.0,0.0
3895238861,115000.0,125000.0
3901938661,58000.0,68000.0
3888972870,70000.0,105000.0
3906253709,113900.0,154100.0
3900070451,0.0,0.0
3891075547,0.0,0.0
3901989366,0.0,0.0
3903477401,17.0,19.25
3904715823,0.0,0.0
3899525341,0.0,0.0
3889749261,0.0,0.0
3895846217,0.0,0.0
3899528374,22.0,23.0
3891070657,0.0,0.0
3906261046,22.8,33.67
3895561822,0.0,0.0
3895541690,0.0,0.0
3901342722,0.0,0.0
3903446465,0.0,0.0
3904925630,0.0,0.0
3899528125,0.0,0.0
3898168023,0.0,0.0
3904948236,50.0,70.0
3900939903,0.0,0.0
3891076423,0.0,0.0
3901985484,50.0,55.0
3898157650,22.0,24.0
3891076083,0.0,0.0
3891075902,0.0,0.0
3901176191,50000.0,55000.0
3902352593,0.0,0.0
3902954355,0.0,0.0
3888973818,85000.0,130000.0
3898161243,0.0,0.0
3884942165,0.0,0.0
3904384951,0.0,0.0
3903468594,0.0,0.0
3905290727,150000.0,190000.0
3901958919,127050.0,208725.0
3904388074,0.0,0.0
3904417939,0.0,0.0
3899531595,0.0,0.0
3885821897,0.0,0.0
3898162715,0.0,0.0
3895525009,0.0,0.0
3901357193,0.0,0.0
3886832859,170000.0,200000.0
3887860389,144000.0,216150.0
3903836652,0.0,0.0
3898155686,0.0,0.0
3905324928,0.0,0.0
3904395070,25.38,38.08
3902866556,97400.0,199500.0
3898163029,60000.0,75000.0
3885865823,23.1,27.91
3903822799,0.0,0.0
3904502192,0.0,0.0
3884815524,0.0,0.0
3904962111,150000.0,180000.0
3906227767,0.0,0.0
3887838631,0.0,0.0
3904387565,0.0,0.0
3902944268,0.0,0.0
3902839809,140000.0,150000.0
3886445573,0.0,0.0
3902749599,26.0,28.0
3906259720,0.0,0.0
3902751181,0.0,0.0
3902344376,0.0,0.0
3901930434,25.0,28.0
3901354022,0.0,0.0
3886480224,0.0,0.0
3903871482,0.0,0.0
3885830897,0.0,0.0
3902820630,0.0,0.0
3891074209,0.0,0.0
3885852955,0.0,0.0
3904968281,110000.0,126500.0
3891076591,0.0,0.0
3884931432,3609.0,4518.0
3902922169,0.0,0.0
3900950936,0.0,0.0
3904965290,295000.0,315000.0
3901645544,0.0,0.0
3903880460,0.0,0.0
3903869823,0.0,0.0
3898175026,0.0,0.0
3904940844,0.0,0.0
3904421029,0.0,0.0
3905867683,40000.0,100000.0
3884915084,0.0,0.0
3891260460,0.0,0.0
3895801019,0.0,0.0
3891012793,0.0,0.0
3903484011,0.0,0.0
3902869248,95000.0,120000.0
3904384386,0.0,0.0
3891080342,0.0,0.0
3904370319,122000.0,133000.0
3887840180,0.0,0.0
3899544054,0.0,0.0
3889754360,0.0,0.0
3903882734,100000.0,130000.0
3901390515,0.0,0.0
3886451773,0.0,0.0
3885112377,45000.0,95000.0
3902781643,0.0,0.0
3905316039,0.0,0.0
3898172387,55.0,60.0
3903815459,0.0,0.0
3902844389,64.0,79.0
3891291206,45.12,64.51
3903810045,0.0,0.0
3902753695,0.0,0.0
3894881363,65.0,85.0
3902942333,0.0,0.0
3891833364,0.0,0.0
3891077144,0.0,0.0
3889415883,0.0,0.0
3904514242,0.0,0.0
3903810429,0.0,0.0
3891079540,50.0,53.0
3888029018,0.0,0.0
3894866908,0.0,0.0
3902316715,0.0,0.0
3895505631,110000.0,140000.0
3905819757,90000.0,130000.0
3905397479,0.0,0.0
3904362699,0.0,0.0
3901963344,0.0,0.0
3891079049,0.0,0.0
3894675617,0.0,0.0
3901939119,70000.0,80000.0
3904368002,0.0,0.0
3904576699,7.25,19.24
3905301404,0.0,0.0
3901350246,87.0,93.0
3905293892,85000.0,120000.0
3886481207,0.0,0.0
3902934945,103300.0,189400.0
3904423388,0.0,0.0
3904950380,0.0,0.0
3905252401,0.0,0.0
3891090731,0.0,0.0
3904365298,70200.0,93500.0
3906224368,28.0,31.0
3900962140,78840.0,167130.0
3894258320,0.0,0.0
3902759517,0.0,0.0
3888035137,16.0,17.0
3884439445,0.0,0.0
3905365452,0.0,0.0
3903835074,0.0,0.0
3904365968,0.0,0.0
3905333510,0.0,0.0
3905692892,55000.0,65000.0
3900983355,0.0,0.0
3904943239,0.0,0.0
3904362880,0.0,0.0
3902947837,0.0,0.0
3895596619,56000.0,70000.0
3901989836,22.0,25.0
3905362341,67000.0,90000.0
3902837897,83800.0,125800.0
3895804466,0.0,0.0
3905805350,0.0,0.0
3887577051,0.0,0.0
3899532312,0.0,0.0
3901638347,0.0,0.0
3906223166,0.0,0.0
3894289244,0.0,0.0
3901943193,0.0,0.0
3899529621,0.0,0.0
3905254164,0.0,0.0
3905332967,0.0,0.0
3905208753,130000.0,180000.0
3903875921,0.0,0.0
3885868395,0.0,0.0
3887852701,18.0,22.0
3904580473,0.0,0.0
3905664043,0.0,0.0
3905290357,0.0,0.0
3894294845,0.0,0.0
3903808841,0.0,0.0
3904392004,0.0,0.0
3906247697,0.0,0.0
3902848146,21.73,28.98
3898178362,0.0,0.0
3902745849,32.76,49.14
3905332948,0.0,0.0
3901976757,0.0,0.0
3895545804,0.0,0.0
3902834364,0.0,0.0
3905331463,0.0,0.0
3889110827,0.0,0.0
3894562013,0.0,0.0
3905818148,0.0,0.0
3891029822,140000.0,160000.0
3891248751,0.0,0.0
3906228521,0.0,0.0
3885832536,0.0,0.0
3887499129,0.0,0.0
3886456849,0.0,0.0
3906225790,0.0,0.0
3902758590,0.0,0.0
3904997171,0.0,0.0
3901388828,0.0,0.0
3902354259,0.0,0.0
3902782703,0.0,0.0
3891071743,0.0,0.0
3901942691,0.0,0.0
3899515753,0.0,0.0
3901633114,90000.0,105000.0
3905291553,0.0,0.0
3902752869,0.0,0.0
3901397255,18.6,27.28
3901922123,0.0,0.0
3894565143,0.0,0.0
3898169568,0.0,0.0
3904942173,300000.0,487000.0
3887879975,200000.0,250000.0
3902357446,0.0,0.0
3904362582,152000.0,190000.0
3906230104,0.0,0.0
3894541893,130000.0,150000.0
3903445954,35.0,42.0
3904372039,150000.0,170000.0
3905304698,0.0,0.0
3895597604,23.0,26.0
3901372518,0.0,0.0
3901395028,0.0,0.0
3904393140,80000.0,115000.0
3901696065,82000.0,111000.0
3903427914,56.0,60.0
3904992462,110000.0,150000.0
3904559937,0.0,0.0
3905299166,0.0,0.0
3888827019,0.0,0.0
3899524544,90000.0,100000.0
3900077658,0.0,0.0
3904066449,0.0,0.0
3884934922,0.0,0.0
3885809281,0.0,0.0
3887870393,0.0,0.0
3898163923,0.0,0.0
3905310186,0.0,0.0
3905332081,0.0,0.0
3901647821,57.5,69.67
3885825124,0.0,0.0
3903890912,0.0,0.0
3894299673,0.0,0.0
3898172428,60000.0,70000.0
3905366398,0.0,0.0
3885107883,0.0,0.0
3900961541,0.0,0.0
3885380768,0.0,0.0
3903806627,0.0,0.0
3901943898,0.0,0.0
3904715499,0.0,0.0
3905612004,0.0,0.0
3904390389,0.0,0.0
3901981324,0.0,0.0
3904365749,0.0,0.0
3902762024,0.0,0.0
3895222313,0.0,0.0
3899526255,64.58,80.71
3902863359,0.0,0.0
3905372906,0.0,0.0
3904416918,0.0,0.0
3904364310,0.0,0.0
3904390602,75000.0,95000.0
3902924693,0.0,0.0
3884443338,0.0,0.0
3901380070,0.0,0.0
3901479935,0.0,0.0
3904706144,0.0,0.0
3887481188,0.0,0.0
3901697714,220000.0,260000.0
3898163389,0.0,0.0
3901388340,0.0,0.0
3895535907,0.0,0.0
3902925688,0.0,0.0
3906069749,55.0,60.0
3904581987,0.0,0.0
3901941546,95000.0,105000.0
3895519329,0.0,0.0
3898159886,115000.0,125000.0
3900936989,0.0,0.0
3902783695,0.0,0.0
3895541645,0.0,0.0
3889462179,0.0,0.0
3895274514,93929.0,102656.0
3905339210,0.0,0.0
3894893416,0.0,0.0
3902341554,0.0,0.0
3895591992,0.0,0.0
3905665009,0.0,0.0
3905203666,0.0,0.0
3900965367,0.0,0.0
3900076186,100000.0,150000.0
3906221605,0.0,0.0
3905302269,0.0,0.0
3902341126,74900.0,124800.0
3885827737,0.0,0.0
3904946732,0.0,0.0
3906080275,0.0,0.0
3904410030,0.0,0.0
3902355851,0.0,0.0
3885807624,0.0,0.0
3905249529,0.0,0.0
3902308600,0.0,0.0
3904961289,0.0,0.0
3884899285,0.0,0.0
3889276823,0.0,0.0
3889746426,0.0,0.0
3891274771,0.0,0.0
3899533522,0.0,0.0
3904430032,0.0,0.0
3901944009,0.0,0.0
3902789294,20.0,22.0
3904922421,0.0,0.0
3901694457,0.0,0.0
3901167835,0.0,0.0
3905692785,0.0,0.0
3905852343,150000.0,214000.0
3903468905,0.0,0.0
3889413758,0.0,0.0
3902861752,0.0,0.0
3903878650,0.0,0.0
3904507500,0.0,0.0
3905361605,0.0,0.0
3891075519,90000.0,110000.0
3905667408,49.04,78.46
3901349218,72.27,94.66
3889428458,0.0,0.0
3904050722,0.0,0.0
3901941862,0.0,0.0
3900962499,0.0,0.0
3901933967,115.0,145.0
3895274555,0.0,0.0
3891016408,0.0,0.0
3904598967,80000.0,160000.0
3905298515,0.0,0.0
3905215385,65000.0,75000.0
3906252459,0.0,0.0
3901453826,0.0,0.0
3902840888,0.0,0.0
3904934655,30000.0,74900.0
3887885870,0.0,0.0
3905335231,0.0,0.0
3894904703,45.0,50.0
3894938042,0.0,0.0
3889482465,59900.0,89900.0
3901692960,0.0,0.0
3901951292,45.0,52.0
3901986388,125000.0,140000.0
3889121626,0.0,0.0
3886863612,97000.0,120000.0
3887718772,0.0,0.0
3888010307,26.0,29.0
3906233049,0.0,0.0
3905692358,0.0,0.0
3895492015,0.0,0.0
3904393526,18.2,26.39
3905336479,0.0,0.0
3903443566,0.0,0.0
3890896155,0.0,0.0
3902783234,0.0,0.0
3902809833,0.0,0.0
3904389130,21.0,36.0
3904094598,60.0,63.0
3903845012,0.0,0.0
3895849315,0.0,0.0
3894287518,0.0,0.0
3898158956,74100.0,138804.0
3901970304,0.0,0.0
3895599120,0.0,0.0
3900963381,0.0,0.0
3903832799,0.0,0.0
3901936881,0.0,0.0
3903800396,0.0,0.0
3884894976,0.0,0.0
3905838979,0.0,0.0
3905295243,0.0,0.0
3891085136,0.0,0.0
3898174410,0.0,0.0
3905247974,0.0,0.0
3898158802,0.0,0.0
3891070701,0.0,0.0
3894927416,0.0,0.0
3902361371,0.0,0.0
3898178692,0.0,0.0
3884819770,0.0,0.0
3902761072,0.0,0.0
3906097475,0.0,0.0
3889121579,148000.0,276000.0
3901671462,0.0,0.0
3895519787,0.0,0.0
3903885281,0.0,0.0
3887837931,0.0,0.0
3886206492,0.0,0.0
3905306899,83100.0,130900.0
3891044616,0.0,0.0
3889706035,19.0,22.0
3906248581,26.0,30.0
3900981054,135000.0,195000.0
3885106358,0.0,0.0
3894619245,86962.0,167336.0
3901634590,56000.0,104000.0
3901639451,0.0,0.0
3901940994,0.0,0.0
3906217716,100000.0,120000.0
3891079377,0.0,0.0
3906252925,0.0,0.0
3902860781,0.0,0.0
3898156500,0.0,0.0
3902368069,40000.0,45000.0
3904382939,0.0,0.0
3890897274,45.0,55.0
3898166477,0.0,0.0
3900946976,0.0,0.0
3903827297,0.0,0.0
3885105285,0.0,0.0
3905316843,0.0,0.0
3905241572,20.0,30.0
3904360763,0.0,0.0
3888934626,0.0,0.0
3905659959,0.0,0.0
3884872004,0.0,0.0
3901988301,0.0,0.0
3887997517,0.0,0.0
3905380015,90000.0,110000.0
3905294798,0.0,0.0
3904927146,14.45,16.0
3906260192,0.0,0.0
3885834204,0.0,0.0
3901983610,0.0,0.0
3884897614,0.0,0.0
3888028105,0.0,0.0
3900089195,0.0,0.0
3901373400,65.0,80.0
3906256338,0.0,0.0
3891272341,0.0,0.0
3889493888,7559.0,9937.0
3887482415,0.0,0.0
3884917816,0.0,0.0
3886453565,0.0,0.0
3891068866,0.0,0.0
3905326960,0.0,0.0
3901944351,0.0,0.0
3903824931,0.0,0.0
3902839785,0.0,0.0
3885863425,0.0,0.0
3906252452,0.0,0.0
3901371797,0.0,0.0
3904960850,0.0,0.0
3904422597,64000.0,69000.0
3890892699,0.0,0.0
3900956993,0.0,0.0
3894551303,0.0,0.0
3905312247,115000.0,140000.0
3904992682,0.0,0.0
3901363318,25.0,35.0
3886829547,76960.0,91520.0
3905876218,0.0,0.0
3905233000,70000.0,80000.0
3898173096,0.0,0.0
3895532855,0.0,0.0
3891087926,0.0,0.0
3904060144,0.0,0.0
3902752756,30.0,38.0
3904097988,0.0,0.0
3906259587,15.86,18.0
3904376533,0.0,0.0
3902348999,13.0,15.0
3884931215,0.0,0.0
3902925278,0.0,0.0
3884430719,25.0,35.0
3889731563,0.0,0.0
3903819358,0.0,0.0
3904925749,0.0,0.0
3884832996,0.0,0.0
3898164930,0.0,0.0
3902750332,17.79,21.35
3902863832,0.0,0.0
3904948234,88560.0,129150.0
3902355248,55.0,60.0
3889167531,0.0,0.0
3884820693,0.0,0.0
3901958415,0.0,0.0
3905864341,0.0,0.0
3902358794,0.0,0.0
3905329488,115000.0,147500.0
3887495748,0.0,0.0
3895209973,0.0,0.0
3901995710,37.64,76.49
3903476020,0.0,0.0
3888434378,0.0,0.0
3901695285,0.0,0.0
3891263986,0.0,0.0
3904991519,0.0,0.0
3898169763,16.0,17.0
3904040340,0.0,0.0
3904006296,0.0,0.0
3904077902,0.0,0.0
3903862996,0.0,0.0
3901673163,0.0,0.0
3885105454,0.0,0.0
3895562128,0.0,0.0
3898170750,70000.0,75000.0
3902753785,0.0,0.0
3905332271,0.0,0.0
3905340236,0.0,0.0
3884923225,0.0,0.0
3903899143,104000.0,139750.0
3906227267,0.0,0.0
3894293672,0.0,0.0
3888961831,94800.0,137400.0
3894563086,100000.0,125000.0
3905654821,0.0,0.0
3901379312,0.0,0.0
3905849766,89300.0,129450.0
3891005253,0.0,0.0
3903875295,0.0,0.0
3905298373,0.0,0.0
3884436831,0.0,0.0
3904705767,0.0,0.0
3891804005,85000.0,125000.0
3904395032,0.0,0.0
3904391467,0.0,0.0
3904958459,0.0,0.0
3901986131,0.0,0.0
3905875561,90000.0,120000.0
3902953318,0.0,0.0
3899527488,0.0,0.0
3887898522,0.0,0.0
3887988461,133390.41,194390.41
3901934437,0.0,0.0
3905816739,0.0,0.0
3904369049,0.0,0.0
3902356888,50.0,115.0
3900077885,0.0,0.0
3902364261,35.0,40.0
3905856967,0.0,0.0
3902356312,0.0,0.0
3905364775,0.0,0.0
3902949085,0.0,0.0
3901168465,0.0,0.0
3891001277,110000.0,190000.0
3903449857,20.0,25.0
3904011344,0.0,0.0
3904367278,0.0,0.0
3901392557,0.0,0.0
3905340539,0.0,0.0
3903443459,0.0,0.0
3905367761,0.0,0.0
3884432572,20.0,22.0
3903843472,0.0,0.0
3904955205,0.0,0.0
3903891836,0.0,0.0
3885823327,0.0,0.0
3902756632,61000.0,98000.0
3884818696,0.0,0.0
3902930481,0.0,0.0
3884440796,0.0,0.0
3895555948,75300.0,143100.0
3895491485,170200.0,271800.0
3894210749,90000.0,115000.0
3902923360,0.0,0.0
3898137449,0.0,0.0
3905299492,0.0,0.0
3902919528,0.0,0.0
3899531615,0.0,0.0
3904951773,12.25,22.0
3900942656,0.0,0.0
3894560665,0.0,0.0
3887898828,0.0,0.0
3903840509,0.0,0.0
3886485548,0.0,0.0
3885104213,0.0,0.0
3905349518,0.0,0.0
3904367162,0.0,0.0
3903454796,90000.0,120000.0
3889111922,0.0,0.0
3901980049,0.0,0.0
3895806915,0.0,0.0
3905332324,0.0,0.0
3903443709,0.0,0.0
3899524405,0.0,0.0
3895488768,0.0,0.0
3891264683,0.0,0.0
3903826879,0.0,0.0
3905654755,0.0,0.0
3888030004,0.0,0.0
3894557621,0.0,0.0
3891266994,100000.0,130000.0
3887477794,0.0,0.0
3905249444,0.0,0.0
3901346364,0.0,0.0
3889749133,0.0,0.0
3902834476,0.0,0.0
3900094471,0.0,0.0
3906225866,0.0,0.0
3887841363,0.0,0.0
3898157577,145000.0,160000.0
3904089070,136000.0,247600.0
3905374690,85000.0,90000.0
3904589552,24.92,25.85
3902788330,237660.0,307560.0
3902364363,0.0,0.0
3884813096,0.0,0.0
3901938674,0.0,0.0
3905667655,0.0,0.0
3904099379,130000.0,180000.0
3901990328,0.0,0.0
3885109767,25.0,100.0
3885102348,0.0,0.0
3890890530,0.0,0.0
3901363610,54000.0,60000.0
3904511357,0.0,0.0
3901938740,0.0,0.0
3884442659,0.0,0.0
3904417873,32.01,52.33
3905344236,0.0,0.0
3902831452,0.0,0.0
3904366077,0.0,0.0
3902326843,0.0,0.0
3903852053,111300.0,207000.0
3903452857,0.0,0.0
3887497191,17.0,25.4
3906258143,0.0,0.0
3885812324,0.0,0.0
3902924721,0.0,0.0
3902735329,0.0,0.0
3904985880,17.5,20.0
3904392691,0.0,0.0
3901962466,0.0,0.0
3902349301,0.0,0.0
3904579484,0.0,0.0
3901391519,130000.0,160000.0
3906250481,0.0,0.0
3901468987,70.0,75.0
3900088285,0.0,0.0
3903443557,0.0,0.0
3905294880,60000.0,96000.0
3905214068,0.0,0.0
3888024778,0.0,0.0
3904417890,67600.0,113800.0
3905880938,31.99,53.31
3901938868,0.0,0.0
3904727388,0.0,0.0
3905251881,0.0,0.0
3891285339,0.0,0.0
3899534795,0.0,0.0
3904719782,0.0,0.0
3901669702,0.0,0.0
3887480257,0.0,0.0
3899538966,0.0,0.0
3890890247,0.0,0.0
3901975893,80000.0,100000.0
3905868292,80000.0,100000.0
3905378245,90000.0,110000.0
3884438370,0.0,0.0
3898166517,0.0,0.0
3900073699,0.0,0.0
3905853149,0.0,0.0
3902352296,35.0,42.0
3902754765,0.0,0.0
3899526266,0.0,0.0
3904386989,0.0,0.0
3895561449,0.0,0.0
3901943367,0.0,0.0
3903806405,174000.0,277000.0
3901988880,86500.0,146100.0
3898169113,25.0,35.0
3901695754,0.0,0.0
3899530389,85000.0,140000.0
3904051778,0.0,0.0
3901937219,0.0,0.0
3905337173,0.0,0.0
3888938169,0.0,0.0
3885101674,0.0,0.0
3898161179,0.0,0.0
3902917254,0.0,0.0
3899529896,0.0,0.0
3619548798,150000.0,190000.0
3895560402,0.0,0.0
3900072380,0.0,0.0
3903846056,0.0,0.0
3901389725,35.0,40.0
3905299160,120000.0,175000.0
3905290145,0.0,0.0
3905333079,180000.0,215000.0
3904418297,0.0,0.0
3891293159,110000.0,120000.0
3902730898,0.0,0.0
3904408939,0.0,0.0
3905292386,0.0,0.0
3889741249,0.0,0.0
3884431687,0.0,0.0
3904954540,0.0,0.0
3895843123,0.0,0.0
3905284919,0.0,0.0
3900977246,0.0,0.0
3884436199,66200.0,105200.0
3904931824,130000.0,130000.0
3894547043,0.0,0.0
3904993392,0.0,0.0
3904952670,0.0,0.0
3906095537,0.0,0.0
3903840407,0.0,0.0
3887871513,0.0,0.0
3901936936,0.0,0.0
3887718760,0.0,0.0
3894613718,0.0,0.0
3884829904,0.0,0.0
3905882189,0.0,0.0
3889711234,0.0,0.0
3905294858,20.0,25.0
3905312219,144160.0,186560.0
3901676175,0.0,0.0
3906075205,0.0,0.0
3905694474,0.0,0.0
3894585316,0.0,0.0
3904986765,0.0,0.0
3886883337,0.0,0.0
3903488376,0.0,0.0
3900079443,0.0,0.0
3906247541,0.0,0.0
3901689184,0.0,0.0
3905618741,1794.0,1794.0
3903811732,0.0,0.0
3901947450,0.0,0.0
3904567187,0.0,0.0
3904048672,0.0,0.0
3894944869,0.0,0.0
3902950518,0.0,0.0
3894545719,0.0,0.0
3903875841,21.25,25.0
3888824632,106000.0,138000.0
3904423135,0.0,0.0
3891087996,0.0,0.0
3887856944,0.0,0.0
3885858698,0.0,0.0
3888937935,0.0,0.0
3895598352,0.0,0.0
3904504104,0.0,0.0
3904069293,80.0,120.0
3905295539,0.0,0.0
3891079219,26.97,41.0
3900982789,0.0,0.0
3889237056,0.0,0.0
3905337184,0.0,0.0
3901378542,0.0,0.0
3903457652,0.0,0.0
3901990248,0.0,0.0
3903875950,0.0,0.0
3887889123,0.0,0.0
3902743014,0.0,0.0
3906092880,0.0,0.0
3902741930,0.0,0.0
3635916819,0.0,0.0
3902939031,0.0,0.0
3900963067,0.0,0.0
3901669713,0.0,0.0
3895562168,51900.0,75150.0
3906229349,0.0,0.0
3888025706,0.0,0.0
3905298465,0.0,0.0
3887877848,0.0,0.0
3901640302,0.0,0.0
3905240549,0.0,0.0
3891069788,40.0,42.0
3905314483,0.0,0.0
3898159498,0.0,0.0
3904990661,0.0,0.0
3887869535,0.0,0.0
3889286262,0.0,0.0
3901358535,0.0,0.0
3906259862,0.0,0.0
3888939629,120000.0,180000.0
3904422371,0.0,0.0
3901955527,0.0,0.0
3895807005,0.0,0.0
3904986496,15.0,15.0
3902752154,0.0,0.0
3901943437,62.0,70.0
3888953750,0.0,0.0
3900086029,0.0,0.0
3904994315,0.0,0.0
3904932435,0.0,0.0
3888489415,0.0,0.0
3900959311,0.0,0.0
3901636180,0.0,0.0
3900958994,125367.0,168000.0
3889151211,0.0,0.0
3904059851,0.0,0.0
3905671653,120000.0,170000.0
3903826119,0.0,0.0
3902757292,0.0,0.0
3901945184,59.92,59.92
3905332130,0.0,0.0
3901942735,80000.0,95000.0
3905691510,0.0,0.0
3891264662,0.0,0.0
3895536297,88000.0,123000.0
3905871914,0.0,0.0
3902865776,0.0,0.0
3905845129,0.0,0.0
3905254606,35.0,42.0
3901473928,70000.0,95000.0
3895513045,75000.0,90000.0
3887858270,0.0,0.0
3898160843,0.0,0.0
3901347375,100000.0,150000.0
3884810188,0.0,0.0
3900088340,0.0,0.0
3885809693,0.0,0.0
3900957881,25.75,33.76
3894618124,0.0,0.0
3895592698,0.0,0.0
3905340865,0.0,0.0
3905328913,0.0,0.0
3905305852,97500.0,181300.0
3900966156,0.0,0.0
3902338583,0.0,0.0
3901358876,0.0,0.0
3905255185,0.0,0.0
3902832246,72000.0,83000.0
3901621231,69000.0,108000.0
3905666540,53259.0,79892.0
3901355159,0.0,0.0
3902788625,0.0,0.0
3905325786,110000.0,125000.0
3894627666,158960.0,286130.0
3899521911,27.97,31.29
3904707220,0.0,0.0
3901945465,0.0,0.0
3888028056,0.0,0.0
3884898623,0.0,0.0
3906224299,0.0,0.0
3898167841,0.0,0.0
3905334759,0.0,0.0
3904990119,121500.0,135000.0
3906220977,0.0,0.0
3885107042,0.0,0.0
3884835382,0.0,0.0
3889716065,0.0,0.0
3905394171,0.0,0.0
3904973160,20.0,25.0
3885101313,0.0,0.0
3903432114,0.0,0.0
3905658371,0.0,0.0
3884433770,0.0,0.0
3887573896,0.0,0.0
3904361896,0.0,0.0
3906091591,0.0,0.0
3889126519,0.0,0.0
3889748247,0.0,0.0
3905255091,18.5,20.5
3904368587,70000.0,90000.0
3885101294,0.0,0.0
3895218986,0.0,0.0
3903470250,0.0,0.0
3904386593,0.0,0.0
3901948441,0.0,0.0
3905819008,0.0,0.0
3894207509,0.0,0.0
3904716184,0.0,0.0
3898159407,80000.0,115000.0
3903835059,34.0,36.0
3902924383,0.0,0.0
3895527825,0.0,0.0
3906229814,0.0,0.0
3906098071,0.0,0.0
3901955903,150000.0,200000.0
3887715311,0.0,0.0
3903850236,0.0,0.0
3901949396,0.0,0.0
3905311733,0.0,0.0
3904377351,0.0,0.0
3886449692,49171.0,50440.0
3888010124,0.0,0.0
3905397635,112600.0,165900.0
3884440113,0.0,0.0
3903874760,0.0,0.0
3903808961,0.0,0.0
3901477904,0.0,0.0
3887859037,0.0,0.0
3903874852,0.0,0.0
3886881951,0.0,0.0
3901980555,0.0,0.0
3902738339,15.4,22.1
3904947580,0.0,0.0
3895801438,0.0,0.0
3905308519,0.0,0.0
3905366939,0.0,0.0
3904576221,0.0,0.0
3900977385,0.0,0.0
3905331666,0.0,0.0
3901179367,0.0,0.0
3894859149,22.0,23.5
3904973158,50300.0,100400.0
3888940630,92000.0,138000.0
3904507049,0.0,0.0
3901341943,0.0,0.0
3905369175,0.0,0.0
3901347848,0.0,0.0
3827945924,0.0,0.0
3894225180,0.0,0.0
3904964385,45.0,55.0
3905337422,0.0,0.0
3906089460,0.0,0.0
3905334189,112500.0,163050.0
3905209214,0.0,0.0
3902864517,16.86,23.5
3889725530,0.0,0.0
3901983433,0.0,0.0
3901956985,300000.0,400000.0
3890889832,0.0,0.0
3894203605,36480.0,54720.0
3902342403,0.0,0.0
3885841011,0.0,0.0
3902328004,0.0,0.0
3901455740,0.0,0.0
3905340136,0.0,0.0
3905812864,0.0,0.0
3885391022,0.0,0.0
3904391576,0.0,0.0
3891270569,0.0,0.0
3901987067,0.0,0.0
3904387673,26.0,29.0
3905373817,37.6,55.78
3884427871,0.0,0.0
3895538868,0.0,0.0
3905696613,0.0,0.0
3905256239,45.0,55.0
3906253772,0.0,0.0
3898172186,0.0,0.0
3886440919,15.0,21.6
3888026471,0.0,0.0
3905305089,0.0,0.0
3904996025,0.0,0.0
3904701770,66560.0,95055.0
3905287954,0.0,0.0
3887895158,84500.0,149750.0
3906256202,39.0,55.0
3891073771,0.0,0.0
3904729445,50.0,60.0
3888940788,0.0,0.0
3902782729,0.0,0.0
3894900044,0.0,0.0
3904392670,0.0,0.0
3905239437,0.0,0.0
3886459967,0.0,0.0
3906250734,0.0,0.0
3904387370,0.0,0.0
3901667956,50000.0,65000.0
3905380153,0.0,0.0
3904923513,0.0,0.0
3889769800,0.0,0.0
3888024861,0.0,0.0
3885104130,18.0,27.0
3905295727,23.0,28.0
3904951080,0.0,0.0
3901945262,0.0,0.0
3898172291,0.0,0.0
3899535187,100000.0,130000.0
3901372744,0.0,0.0
3903837946,37200.0,51200.0
3906249336,0.0,0.0
3905333755,0.0,0.0
3900953302,0.0,0.0
3884430666,0.0,0.0
3901355316,50000.0,55000.0
3904082582,0.0,0.0
3903452077,0.0,0.0
3894267879,0.0,0.0
3902343434,0.0,0.0
3887881849,0.0,0.0
3901377050,80000.0,90000.0
3887103519,15.0,21.0
3901675800,25.0,35.0
3904039444,0.0,0.0
3905217461,0.0,0.0
3903476704,30.0,40.0
3901480444,0.0,0.0
3902827993,0.0,0.0
3904090644,0.0,0.0
3903475236,0.0,0.0
3888027124,0.0,0.0
3901937291,38.0,43.0
3901666454,0.0,0.0
3887581483,34.5,50.65
3898158569,0.0,0.0
3902925633,35.0,50.0
3906226682,111100.0,237100.0
3901376192,0.0,0.0
3905394393,0.0,0.0
3904371047,15.15,19.65
3902340782,27.56,44.8
3901697625,0.0,0.0
3895537808,0.0,0.0
3905284685,0.0,0.0
3884920090,0.0,0.0
3887481930,125000.0,125000.0
3904924958,7200.0,20000.0
3900978829,65000.0,75000.0
3903804245,0.0,0.0
3901355737,120000.0,180000.0
3905287506,0.0,0.0
3898173132,0.0,0.0
3905327638,18.0,36.0
3886460887,0.0,0.0
3904403797,0.0,0.0
3887580128,0.0,0.0
3887841105,0.0,0.0
3902939643,0.0,0.0
3894549771,0.0,0.0
3906231763,0.0,0.0
3900959525,0.0,0.0
3901356237,82000.0,97500.0
3905334761,0.0,0.0
3901967104,0.0,0.0
3905828805,0.0,0.0
3904723385,0.0,0.0
3905297902,0.0,0.0
3906233479,0.0,0.0
3905854561,18.2,25.86
3884445603,75000.0,77000.0
3901670669,0.0,0.0
3900953291,59.93,82.27
3906248809,0.0,0.0
3903451207,0.0,0.0
3894679274,0.0,0.0
3900973965,36.35,36.35
3887478687,0.0,0.0
3901962457,0.0,0.0
3904399541,58000.0,80000.0
3884439350,0.0,0.0
3900945112,0.0,0.0
3906225033,0.0,0.0
3906222720,0.0,0.0
3887909397,16.0,19.2
3905210539,0.0,0.0
3904986530,0.0,0.0
3901946153,0.0,0.0
3902351259,22.0,32.0
3901941926,0.0,0.0
3889738321,0.0,0.0
3900982560,51188.0,68250.0
3904371063,0.0,0.0
3904942134,0.0,0.0
3902921693,0.0,0.0
3898172268,0.0,0.0
3903872547,0.0,0.0
3884994027,115000.0,223600.0
3891273119,0.0,0.0
3901353175,0.0,0.0
3887865002,0.0,0.0
3901659883,0.0,0.0
3902359750,0.0,0.0
3885823655,0.0,0.0
3889284492,0.0,0.0
3901984722,0.0,0.0
3900081518,0.0,0.0
3901947133,0.0,0.0
3898163540,0.0,0.0
3894213778,0.0,0.0
3899533474,0.0,0.0
3901979183,0.0,0.0
3889721204,185500.0,278500.0
3894285177,0.0,0.0
3905335712,0.0,0.0
3887551903,0.0,0.0
3901958382,18.0,20.0
3901994732,74100.0,158200.0
3900067552,0.0,0.0
3902320909,0.0,0.0
3894873135,15.0,16.0
3905297688,0.0,0.0
3889288413,0.0,0.0
3887841218,0.0,0.0
3905286627,0.0,0.0
3903831175,0.0,0.0
3884914451,70000.0,90000.0
3900090313,0.0,0.0
3900948837,0.0,0.0
3904990640,18.0,22.0
3894272214,0.0,0.0
3905359771,0.0,0.0
3902791150,0.0,0.0
3904412333,0.0,0.0
3889295317,0.0,0.0
3888019775,0.0,0.0
3888021971,0.0,0.0
3904362210,0.0,0.0
3901941482,0.0,0.0
3888495882,0.0,0.0
3894275438,80000.0,120000.0
3902769211,45.0,55.0
3894933273,0.0,0.0
3902747970,0.0,0.0
3884436665,0.0,0.0
3904941902,0.0,0.0
3901472402,130000.0,160000.0
3901612740,0.0,0.0
3904098416,85000.0,115000.0
3901630990,55000.0,65000.0
3888826040,0.0,0.0
3895526448,0.0,0.0
3899528987,0.0,0.0
3900960664,0.0,0.0
3900977307,0.0,0.0
3891020070,0.0,0.0
3889738622,0.0,0.0
3905251456,0.0,0.0
3885830915,0.0,0.0
3887878570,0.0,0.0
3905863625,0.0,0.0
3886474936,0.0,0.0
3904506248,0.0,0.0
3903806863,22.84,33.01
3904395154,17.0,18.0
3903490931,0.0,0.0
3903845358,51600.0,105000.0
3887889784,22.0,30.19
3905257229,0.0,0.0
3904362340,0.0,0.0
3902862856,0.0,0.0
3887724173,0.0,0.0
3901697547,0.0,0.0
3904709908,0.0,0.0
3891249654,40.0,50.0
3904065019,0.0,0.0
3904729237,0.0,0.0
3887595493,0.0,0.0
3901979547,114000.0,171000.0
3904418315,21.0,23.0
3902364031,0.0,0.0
3904922798,0.0,0.0
3899527635,0.0,0.0
3891073387,0.0,0.0
3886836233,0.0,0.0
3901162401,0.0,0.0
3894870216,0.0,0.0
3903476337,0.0,0.0
3889434829,0.0,0.0
3902849220,0.0,0.0
3894281841,0.0,0.0
3888959292,0.0,0.0
3905851793,0.0,0.0
3889128523,0.0,0.0
3904989553,250000.0,330000.0
3900949694,60000.0,70000.0
3903430372,0.0,0.0
3904712004,0.0,0.0
3902759257,15.5,19.25
3889240459,0.0,0.0
3901366562,0.0,0.0
3905333869,108200.0,235500.0
3894996848,40000.0,55000.0
3889111743,0.0,0.0
3887910762,173000.0,234000.0
3895549515,68500.0,121375.0
3902340777,0.0,0.0
3905325843,0.0,0.0
3903882215,0.0,0.0
3905381062,43.0,60.0
3902908183,0.0,0.0
3898165261,0.0,0.0
3889745743,0.0,0.0
3886468200,0.0,0.0
3889725560,0.0,0.0
3895516844,0.0,0.0
3889731066,0.0,0.0
3886457192,0.0,0.0
3901669311,0.0,0.0
3904071566,0.0,0.0
3903884957,6000.0,7000.0
3894292950,0.0,0.0
3904427295,0.0,0.0
3905851172,0.0,0.0
3906250622,139400.0,169500.0
3889439275,0.0,0.0
3894277549,0.0,0.0
3905850967,0.0,0.0
3903802511,0.0,0.0
3904974155,25.0,32.0
3901976381,50.0,75.0
3888972908,50000.0,80000.0
3904930567,0.0,0.0
3904722385,0.0,0.0
3901362396,0.0,0.0
3904361676,52500.0,86000.0
3902309908,0.0,0.0
3903472503,0.0,0.0
3902772255,0.0,0.0
3903442980,0.0,0.0
3895807250,0.0,0.0
3884440290,0.0,0.0
3903423913,0.0,0.0
3887882925,49400.0,89300.0
3902752592,0.0,0.0
3888944895,0.0,0.0
3901987169,117509.0,188015.0
3901939552,0.0,0.0
3905221514,50.0,50.0
3889705326,0.0,0.0
3903842778,0.0,0.0
3903821412,0.0,0.0
3906223194,0.0,0.0
3894650089,0.0,0.0
3904925291,0.0,0.0
3889714487,0.0,0.0
3905696594,0.0,0.0
3902754645,0.0,0.0
3906236155,0.0,0.0
3905256251,0.0,0.0
3905208139,43400.0,79500.0
3885867883,0.0,0.0
3905368987,196500.0,290820.0
3898175296,0.0,0.0
3901696496,15.0,25.0
3884919514,0.0,0.0
3903874901,0.0,0.0
3904963832,0.0,0.0
3901944010,0.0,0.0
3905298981,0.0,0.0
3906228167,0.0,0.0
3902917722,0.0,0.0
3900079812,0.0,0.0
3902344882,102000.0,127000.0
3902304077,0.0,0.0
3902756373,0.0,0.0
3899930726,0.0,0.0
3901185083,0.0,0.0
3889753436,0.0,0.0
3904385830,0.0,0.0
3887578877,0.0,0.0
3906200147,88500.0,123600.0
3899529771,90300.0,164700.0
3895849271,0.0,0.0
3899539387,80000.0,140000.0
3887836714,0.0,0.0
3902754680,0.0,0.0
3900949706,0.0,0.0
3900942457,0.0,0.0
3906224935,67680.0,101520.0
3891280219,0.0,0.0
3885852896,55000.0,65000.0
3904408578,40000.0,48000.0
3904044068,0.0,0.0
3902786516,0.0,0.0
3887590325,90000.0,105000.0
3902753256,0.0,0.0
3903849287,0.0,0.0
3884431599,0.0,0.0
3902787533,0.0,0.0
3905202829,0.0,0.0
3889772445,0.0,0.0
3885835089,0.0,0.0
3901945573,0.0,0.0
3903812853,0.0,0.0
3902913751,0.0,0.0
3903840974,32.0,48.0
3903471503,0.0,0.0
3903475628,0.0,0.0
3906224262,0.0,0.0
3894892582,0.0,0.0
3901669995,0.0,0.0
3902305054,0.0,0.0
3903476539,0.0,0.0
3895219154,0.0,0.0
3905874769,0.0,0.0
3905692496,0.0,0.0
3891257342,0.0,0.0
3887575321,0.0,0.0
3901982014,0.0,0.0
3895555926,0.0,0.0
3891275514,0.0,0.0
3886452435,0.0,0.0
3887727014,0.0,0.0
3901957104,0.0,0.0
3901990391,0.0,0.0
3903889193,120000.0,165000.0
3905879789,0.0,0.0
3891285379,0.0,0.0
3899520859,75000.0,90000.0
3904504993,0.0,0.0
3904424088,0.0,0.0
3905336563,0.0,0.0
3898178314,0.0,0.0
3898157592,0.0,0.0
3888970996,0.0,0.0
3906069838,0.0,0.0
3902365620,0.0,0.0
3886472048,0.0,0.0
3906231374,0.0,0.0
3900981605,51188.0,68250.0
3904987241,0.0,0.0
3905212390,0.0,0.0
3900985074,75000.0,82000.0
3894871114,0.0,0.0
3884440397,15.0,16.0
3887839078,0.0,0.0
3885807314,0.0,0.0
3887861057,27.59,29.59
3902755331,0.0,0.0
3884440517,0.0,0.0
3889205320,0.0,0.0
3887868902,0.0,0.0
3891800518,34.0,40.0
3884990579,22.24,23.24
3905287915,7098.0,8818.0
3885855735,0.0,0.0
3903435487,0.0,0.0
3905295835,110000.0,140000.0
3906231377,0.0,0.0
3905254163,35.0,38.0
3901945217,0.0,0.0
3904960748,0.0,0.0
3903825847,0.0,0.0
3901958381,60000.0,65000.0
3901376040,50.0,60.0
3904381721,0.0,0.0
3903469659,0.0,0.0
3895524772,0.0,0.0
3894273962,0.0,0.0
3905312036,0.0,0.0
3901951063,0.0,0.0
3903851047,0.0,0.0
3905367304,274356.0,303511.0
3905315124,0.0,0.0
3902756217,0.0,0.0
3905288255,0.0,0.0
3902741081,0.0,0.0
3891081228,135000.0,150000.0
3844019967,0.0,0.0
3904934344,0.0,0.0
3901987954,0.0,0.0
3887101750,49.0,54.0
3891071919,0.0,0.0
3904424958,65001.0,82656.0
3901951205,0.0,0.0
3901988117,0.0,0.0
3894899318,70.0,70.0
3902782576,60.0,125.0
3906228706,0.0,0.0
3901379230,19.0,24.0
3903893639,0.0,0.0
3905206598,0.0,0.0
3904096015,34.0,53.0
3906201058,72500.0,134500.0
3889117129,0.0,0.0
3889114475,0.0,0.0
3905366870,0.0,0.0
3887700842,0.0,0.0
3904413070,114916.0,172374.0
3886896956,85000.0,95000.0
3884895789,0.0,0.0
3904057269,0.0,0.0
3901342664,0.0,0.0
3887473506,0.0,0.0
3905213114,0.0,0.0
3887919145,0.0,0.0
3864701312,50000.0,60000.0
3902354400,0.0,0.0
3898172313,0.0,0.0
3905342099,0.0,0.0
3904953625,33.0,33.88
3904405826,0.0,0.0
3901395868,0.0,0.0
3906082157,0.0,0.0
3905828148,0.0,0.0
3904995390,0.0,0.0
3898164321,0.0,0.0
3903870893,0.0,0.0
3905395136,0.0,0.0
3887840178,0.0,0.0
3901958441,0.0,0.0
3905346585,190000.0,250000.0
3906098505,0.0,0.0
3904411050,0.0,0.0
3905337577,0.0,0.0
3905856437,0.0,0.0
3891268780,0.0,0.0
3903876221,0.0,0.0
3887595619,0.0,0.0
3905297682,0.0,0.0
3903494861,0.0,0.0
3903814042,15.7,23.5
3898169674,45.0,50.0
3904940745,0.0,0.0
3906230248,0.0,0.0
3902829972,0.0,0.0
3887707709,0.0,0.0
3901373765,14.5,15.38
3885859406,75000.0,110000.0
3906074364,0.0,0.0
3886841165,96500.0,144725.0
3906249782,91061.75,151769.58
3902352471,20.0,25.0
3901963383,0.0,0.0
3889110047,0.0,0.0
3904578900,100000.0,130000.0
3887701348,0.0,0.0
3902737555,15.0,18.0
3901355855,0.0,0.0
3901958228,0.0,0.0
3890893474,0.0,0.0
3889430362,10.0,15.0
3901954658,0.0,0.0
3903453569,0.0,0.0
3902352079,0.0,0.0
3906093581,0.0,0.0
3905332852,0.0,0.0
3901959810,0.0,0.0
3902309272,0.0,0.0
3895599119,0.0,0.0
3889127500,0.0,0.0
3902344581,0.0,0.0
3886880461,0.0,0.0
3884914637,0.0,0.0
3902945494,0.0,0.0
3885807884,0.0,0.0
3895599737,0.0,0.0
3902345831,213499.0,313499.0
3901964488,0.0,0.0
3905824610,0.0,0.0
3904357884,17.0,17.5
3887914003,0.0,0.0
3887986454,0.0,0.0
3899527091,29.77,33.34
3900955228,145000.0,175000.0
3888417079,0.0,0.0
3898156687,0.0,0.0
3901636810,0.0,0.0
3905608583,0.0,0.0
3903480321,0.0,0.0
3903814097,0.0,0.0
3901370374,0.0,0.0
3901371243,0.0,0.0
3905837059,0.0,0.0
3901953546,63000.0,63000.0
3905218053,23.0,25.0
3891076747,28.0,32.0
3901659881,0.0,0.0
3902945493,0.0,0.0
3904361822,0.0,0.0
3904722929,15.5,17.5
3904953372,135000.0,190000.0
3902784177,0.0,0.0
3904707447,251629.0,278116.0
3887857605,0.0,0.0
3905246663,55000.0,70000.0
3902750935,0.0,0.0
3903874127,0.0,0.0
3906224550,0.0,0.0
3904973018,0.0,0.0
3902308328,0.0,0.0
3901986466,0.0,0.0
3890896746,0.0,0.0
3905640795,0.0,0.0
3895803148,98000.0,119000.0
3903435324,0.0,0.0
3887841148,0.0,0.0
3905881495,0.0,0.0
3904409733,65000.0,75000.0
3905330828,0.0,0.0
3905297192,0.0,0.0
3894282750,0.0,0.0
3884899279,0.0,0.0
3905328595,0.0,0.0
3905360693,0.0,0.0
3906090973,80000.0,120000.0
3893698414,0.0,0.0
3904948171,0.0,0.0
3901364205,0.0,0.0
3901984681,0.0,0.0
3889436384,125000.0,250000.0
3901638427,0.0,0.0
3903821958,18.75,30.75
3903871805,0.0,0.0
3905631876,0.0,0.0
3906251999,0.0,0.0
3889771351,0.0,0.0
3898164469,0.0,0.0
3905816176,0.0,0.0
3905371615,90000.0,144900.0
3905658339,14.25,37.25
3885106335,0.0,0.0
3901687689,0.0,0.0
3905288213,0.0,0.0
3901163015,0.0,0.0
3885106346,0.0,0.0
3902755326,0.0,0.0
3903471057,100000.0,115000.0
3902797531,0.0,0.0
3904384370,0.0,0.0
3901950890,0.0,0.0
3898160146,0.0,0.0
3891093267,17.0,23.5
3888820884,0.0,0.0
3906255261,0.0,0.0
3905335523,0.0,0.0
3906253093,0.0,0.0
3895805723,0.0,0.0
3886460380,0.0,0.0
3901936877,0.0,0.0
3887855712,0.0,0.0
3903459082,23.0,27.0
3905342044,4651.0,8238.0
3889176264,0.0,0.0
3905374030,0.0,0.0
3885810875,70659.0,116516.0
3904987659,28.0,49.0
3902735947,0.0,0.0
3904422410,0.0,0.0
3901395298,0.0,0.0
3898175070,0.0,0.0
3906254751,0.0,0.0
3903846007,0.0,0.0
3898170552,0.0,0.0
3903836805,0.0,0.0
3901935425,55000.0,65000.0
3891071332,0.0,0.0
3888944891,20.0,27.69
3884857507,0.0,0.0
3891284446,0.0,0.0
3902834420,0.0,0.0
3904940014,0.0,0.0
3904081153,127500.0,150000.0
3905373388,0.0,0.0
3894209769,0.0,0.0
3894416279,0.0,0.0
3902920370,120000.0,125000.0
3901358966,0.0,0.0
3902737961,52300.0,107200.0
3903844337,0.0,0.0
3905879754,0.0,0.0
3891255282,0.0,0.0
3894566356,0.0,0.0
3903471560,0.0,0.0
3906249442,80000.0,88000.0
3905857180,0.0,0.0
3905352475,140000.0,160000.0
3901454902,80000.0,105000.0
3886488100,85000.0,115000.0
3900082265,0.0,0.0
3888944319,0.0,0.0
3903829232,29120.0,32240.0
3905328872,0.0,0.0
3905305118,0.0,0.0
3900084114,0.0,0.0
3886452361,0.0,0.0
3901960756,0.0,0.0
3902348928,0.0,0.0
3887885953,140500.0,160000.0
3905334896,0.0,0.0
3902673950,0.0,0.0
3902948925,0.0,0.0
3891036614,0.0,0.0
3895818091,0.0,0.0
3903489992,0.0,0.0
3902841701,0.0,0.0
3894898279,0.0,0.0
3905305228,0.0,0.0
3901953897,0.0,0.0
3901390918,0.0,0.0
3900939944,0.0,0.0
3904719463,0.0,0.0
3888975102,0.0,0.0
3905325735,0.0,0.0
3901352749,0.0,0.0
3885812679,0.0,0.0
3903874396,0.0,0.0
3904385546,0.0,0.0
3904364922,100000.0,115000.0
3891278715,0.0,0.0
3902865842,0.0,0.0
3902780914,0.0,0.0
3904944737,0.0,0.0
3904504837,0.0,0.0
3905295944,55000.0,70000.0
3906253175,112500.0,191800.0
3904995853,0.0,0.0
3905277726,124000.0,186000.0
3901940257,0.0,0.0
3903874106,0.0,0.0
3902748632,0.0,0.0
3902396608,0.0,0.0
3905299403,0.0,0.0
3884443181,0.0,0.0
3900940898,0.0,0.0
3884822369,0.0,0.0
3902750028,0.0,0.0
3905289601,70000.0,100000.0
3903470729,0.0,0.0
3904928254,42.0,45.0
3901998411,0.0,0.0
3903876896,0.0,0.0
3895527289,0.0,0.0
3903473890,18.5,22.4
3895272601,0.0,0.0
3901656812,0.0,0.0
3894551200,0.0,0.0
3905255656,0.0,0.0
3901606041,39000.0,41000.0
3901673242,0.0,0.0
3902920265,0.0,0.0
3905693156,0.0,0.0
3903816383,0.0,0.0
3884832672,0.0,0.0
3899546005,60000.0,62500.0
3894869291,0.0,0.0
3901967312,0.0,0.0
3888972090,0.0,0.0
3901959618,75.0,95.0
3901942042,0.0,0.0
3904992474,0.0,0.0
3905368924,0.0,0.0
3902739938,0.0,0.0
3903876171,0.0,0.0
3903807553,0.0,0.0
3894618899,0.0,0.0
3901489253,0.0,0.0
3903472905,0.0,0.0
3888444670,0.0,0.0
3886481678,40000.0,65000.0
3905872982,0.0,0.0
3889487780,140000.0,190000.0
3884832790,0.0,0.0
3884428980,0.0,0.0
3889452364,0.0,0.0
3905331947,0.0,0.0
3904384903,0.0,0.0
3905298548,0.0,0.0
3887712103,0.0,0.0
3894900572,0.0,0.0
3895220176,0.0,0.0
3894297335,0.0,0.0
3906258527,0.0,0.0
3903806821,0.0,0.0
3902748633,0.0,0.0
3884917940,0.0,0.0
3905876974,0.0,0.0
3887575173,11.0,13.25
3899526404,0.0,0.0
3904572334,0.0,0.0
3887860423,0.0,0.0
3888943472,0.0,0.0
3904418387,0.0,0.0
3886868039,40.0,70.0
3905207360,0.0,0.0
3902783755,0.0,0.0
3904984719,45000.0,47000.0
3888029011,0.0,0.0
3901603198,0.0,0.0
3901801149,0.0,0.0
3904396330,0.0,0.0
3901939637,55.0,65.0
3891267046,55000.0,81000.0
3889446871,0.0,0.0
3891271515,0.0,0.0
3901346821,100000.0,150000.0
3904403817,0.0,0.0
3894681034,0.0,0.0
3905371910,0.0,0.0
3904945287,0.0,0.0
3902861952,0.0,0.0
3891271641,15.0,22.5
3902912666,0.0,0.0
3884915766,151000.0,253000.0
3905257305,0.0,0.0
3901954599,18.0,20.0
3895229001,0.0,0.0
3901945179,0.0,0.0
3905879756,0.0,0.0
3900075473,0.0,0.0
3905374313,0.0,0.0
3902785697,0.0,0.0
3905304457,0.0,0.0
3906224874,0.0,0.0
3898162081,0.0,0.0
3894676583,0.0,0.0
3901677783,120000.0,150000.0
3906083771,0.0,0.0
3894560343,0.0,0.0
3902951380,0.0,0.0
3902734885,0.0,0.0
3905301583,0.0,0.0
3903846376,0.0,0.0
3900963453,0.0,0.0
3888808011,0.0,0.0
3884803147,90000.0,105000.0
3891007074,0.0,0.0
3894549223,0.0,0.0
3905297937,0.0,0.0
3902865966,0.0,0.0
3882279550,50.0,60.0
3902732885,0.0,0.0
3904362237,0.0,0.0
3900080492,0.0,0.0
3906231107,0.0,0.0
3902809610,0.0,0.0
3902752057,16.59,25.92
3901372234,0.0,0.0
3891013609,0.0,0.0
3902783524,0.0,0.0
3903441687,0.0,0.0
3905397117,0.0,0.0
3904412999,0.0,0.0
3889179015,0.0,0.0
3901372764,0.0,0.0
3884497908,0.0,0.0
3903431777,0.0,0.0
3887904939,90000.0,115000.0
3886848115,0.0,0.0
3901944299,24.0,25.0
3902786483,0.0,0.0
3905827571,0.0,0.0
3894560792,0.0,0.0
3901987302,0.0,0.0
3905289402,0.0,0.0
3889748146,0.0,0.0
3906230667,47.0,75.0
3887880255,110000.0,160000.0
3891083082,40000.0,50000.0
3904995393,0.0,0.0
3895594807,0.0,0.0
3895555616,0.0,0.0
3904069826,0.0,0.0
3894209659,166400.0,249600.0
3905303434,0.0,0.0
3906230149,0.0,0.0
3904384988,0.0,0.0
3904711919,0.0,0.0
3901343906,0.0,0.0
3898156606,75000.0,95000.0
3905881017,0.0,0.0
3901941025,0.0,0.0
3902860964,0.0,0.0
3906254739,0.0,0.0
3894295270,0.0,0.0
3906074879,0.0,0.0
3905247588,16.0,20.7
3887998118,0.0,0.0
3903867909,0.0,0.0
3900941730,0.0,0.0
3903847509,0.0,0.0
3904778756,220000.0,250000.0
3903872382,0.0,0.0
3904577129,0.0,0.0
3904053952,11.05,14.43
3904964412,0.0,0.0
3900952075,0.0,0.0
3906076813,0.0,0.0
3895543351,17.0,18.0
3900961203,0.0,0.0
3903877804,0.0,0.0
3903847661,0.0,0.0
3895549323,27.0,35.0
3886215311,0.0,0.0
3905212055,0.0,0.0
3903826627,0.0,0.0
3886841246,0.0,0.0
3895570609,0.0,0.0
3886892718,0.0,0.0
3894680248,0.0,0.0
3891072517,0.0,0.0
3886893650,0.0,0.0
3906231674,0.0,0.0
3903472569,0.0,0.0
3891273825,18.75,18.75
3904405909,0.0,0.0
3894400126,0.0,0.0
3898172898,0.0,0.0
3904393667,0.0,0.0
3905287313,68000.0,85000.0
3904392603,0.0,0.0
3898167036,120000.0,150000.0
3902939226,0.0,0.0
3902836641,125000.0,160000.0
3887870885,0.0,0.0
3900964434,70696.0,130000.0
3901982681,23.0,27.0
3898167021,18.0,25.0
3889735880,0.0,0.0
3904086353,0.0,0.0
3904418826,0.0,0.0
3887580691,0.0,0.0
3901990073,17.36,27.28
3904366452,0.0,0.0
3895599271,0.0,0.0
3887864947,215000.0,240000.0
3904965018,56028.0,72840.0
3903476354,0.0,0.0
3901950316,16.0,18.0
3905876617,0.0,0.0
3904517018,0.0,0.0
3906258467,0.0,0.0
3904368373,0.0,0.0
3895514865,0.0,0.0
3894545838,0.0,0.0
3901341761,0.0,0.0
3905331363,0.0,0.0
3901349347,0.0,0.0
3901699117,0.0,0.0
3891297670,0.0,0.0
3885809518,0.0,0.0
3904986981,0.0,0.0
3901349295,0.0,0.0
3906099212,0.0,0.0
3900963393,0.0,0.0
3902357961,0.0,0.0
3901698121,0.0,0.0
3901377370,0.0,0.0
3900958564,28.31,31.22
3901952726,0.0,0.0
3902848057,0.0,0.0
3835324900,75000.0,85000.0
3904066063,0.0,0.0
3905887086,20.0,20.0
3904997864,0.0,0.0
3891250526,73163.0,105676.0
3903819043,0.0,0.0
3884438490,0.0,0.0
3894545530,0.0,0.0
3903452939,65.04,66.04
3884807487,0.0,0.0
3899536615,0.0,0.0
3887494717,0.0,0.0
3903477569,0.0,0.0
3903886801,107550.0,133524.0
3899528051,70000.0,80000.0
3905283695,0.0,0.0
3898168372,165000.0,210000.0
3905395460,0.0,0.0
3891076275,0.0,0.0
3905821586,0.0,0.0
3894603889,0.0,0.0
3903805110,0.0,0.0
3895813073,0.0,0.0
3902755723,14.0,16.0
3889417410,0.0,0.0
3903471515,0.0,0.0
3906090012,0.0,0.0
3901980673,0.0,0.0
3894211013,54940.0,98440.0
3905695048,0.0,0.0
3905884888,46.0,110.0
3895596704,0.0,0.0
3902746623,0.0,0.0
3901964618,0.0,0.0
3903826028,0.0,0.0
3903845879,104300.0,202800.0
3888411465,120000.0,175000.0
3894285757,0.0,0.0
3895234647,0.0,0.0
3886888563,0.0,0.0
3900948807,60000.0,110000.0
3902341891,200000.0,250000.0
3905338130,0.0,0.0
3905341062,0.0,0.0
3902316707,0.0,0.0
3900964031,48.0,52.0
3886884074,0.0,0.0
3903805726,0.0,0.0
3900984460,0.0,0.0
3904951415,0.0,0.0
3902312445,0.0,0.0
3906248768,0.0,0.0
3902836757,0.0,0.0
3902803346,0.0,0.0
3884437456,0.0,0.0
3889416431,0.0,0.0
3894565022,72.08,81.62
3901961306,0.0,0.0
3887876202,0.0,0.0
3895491368,0.0,0.0
3887839570,0.0,0.0
3885101748,0.0,0.0
3901353063,48.37,65.3
3895593836,0.0,0.0
3901993802,0.0,0.0
3904426909,0.0,0.0
3885807313,0.0,0.0
3902735397,0.0,0.0
3904364398,55000.0,60000.0
3895526464,0.0,0.0
3905801100,0.0,0.0
3903459792,60.0,65.0
3891807167,115000.0,165000.0
3902752677,0.0,0.0
3888031737,0.0,0.0
3884434981,0.0,0.0
3902316711,0.0,0.0
3895274534,0.0,0.0
3898165247,120000.0,150000.0
3889282733,0.0,0.0
3900093259,0.0,0.0
3906223481,0.0,0.0
3903846305,0.0,0.0
3900966257,0.0,0.0
3901553735,0.0,0.0
3904725128,75600.0,172000.0
3902911727,21.0,23.0
3884913832,100000.0,140000.0
3891263976,0.0,0.0
3904392638,117800.0,210000.0
3901169816,0.0,0.0
3904721986,92500.0,162500.0
3906226358,0.0,0.0
3905286353,0.0,0.0
3904986695,70000.0,140000.0
3901625829,55000.0,65000.0
3884819754,0.0,0.0
3905311205,22.05,27.01
3887940423,90000.0,90000.0
3888939840,0.0,0.0
3898161361,0.0,0.0
3902832708,50.0,70.0
3900970763,30.0,50.0
3904586505,0.0,0.0
3885111492,90000.0,110000.0
3905292682,0.0,0.0
3901939964,0.0,0.0
3901376462,0.0,0.0
3901365267,59000.0,75000.0
3895487647,0.0,0.0
3895867431,0.0,0.0
3905337171,50.0,55.0
3886839108,120000.0,154000.0
3905663721,0.0,0.0
3905358985,0.0,0.0
3905211090,0.0,0.0
3884444593,0.0,0.0
3889119985,87800.0,127900.0
3905334798,0.0,0.0
3886466156,0.0,0.0
3902953063,0.0,0.0
3906250574,0.0,0.0
3901901578,0.0,0.0
3884918380,0.0,0.0
3899517409,50.0,55.0
3891020611,12.96,16.2
3887487697,0.0,0.0
3904720717,0.0,0.0
3903471522,0.0,0.0
3886884293,69525.0,115875.0
3906082852,60000.0,70000.0
3894203599,14.5,16.24
3905207762,0.0,0.0
3906257190,0.0,0.0
3902867202,76211.0,116247.0
3898171698,120000.0,150000.0
3901677734,0.0,0.0
3884440092,45000.0,48000.0
3902755315,102000.0,150000.0
3895598798,0.0,0.0
3904981880,61.39,65.01
3906075906,0.0,0.0
3903817672,0.0,0.0
3906095668,120000.0,130000.0
3901463973,35.0,38.0
3903847429,14.5,22.5
3891077593,122198.0,186854.0
3894212402,0.0,0.0
3901679286,0.0,0.0
3884862095,0.0,0.0
3891089749,0.0,0.0
3901361578,83600.0,155000.0
3904419734,0.0,0.0
3898157827,0.0,0.0
3902368646,40000.0,65000.0
3905395339,0.0,0.0
3902807472,0.0,0.0
3905884193,0.0,0.0
3903873682,0.0,0.0
3895813797,0.0,0.0
3901940826,0.0,0.0
3887582456,0.0,0.0
3901395314,0.0,0.0
3905238398,0.0,0.0
3904411674,0.0,0.0
3899534676,0.0,0.0
3891069500,0.0,0.0
3884914271,0.0,0.0
3901986053,0.0,0.0
3886842318,0.0,0.0
3891073361,0.0,0.0
3905338779,0.0,0.0
3901374957,60.0,80.0
3884436258,0.0,0.0
3889767506,0.0,0.0
3884821957,0.0,0.0
3904366304,0.0,0.0
3900965069,0.0,0.0
3906259376,0.0,0.0
3904413620,0.0,0.0
3901373894,0.0,0.0
3887490335,0.0,0.0
3885104032,0.0,0.0
3902369567,0.0,0.0
3889415070,0.0,0.0
3894919970,0.0,0.0
3886218051,0.0,0.0
3900944120,64000.0,90000.0
3901987523,17.0,21.25
3905393593,0.0,0.0
3903875187,57000.0,85000.0
3902845333,25.0,30.0
3905343108,275000.0,300000.0
3903845884,114300.0,212600.0
3884434020,0.0,0.0
3848960304,150000.0,350000.0
3889709507,0.0,0.0
3904085734,136000.0,222200.0
3895524006,0.0,0.0
3906248338,0.0,0.0
3901937637,68000.0,74000.0
3905293216,0.0,0.0
3889427272,0.0,0.0
3894924915,0.0,0.0
3903832056,0.0,0.0
3895540457,0.0,0.0
3898175323,53.0,63.0
3898157607,50.0,60.0
3885107908,20.0,26.0
3904706371,0.0,0.0
3894950743,0.0,0.0
3901180080,0.0,0.0
3902952138,0.0,0.0
3903451024,70000.0,118000.0
3886449938,0.0,0.0
3898157745,0.0,0.0
3905299802,0.0,0.0
3901906850,0.0,0.0
3902919046,0.0,0.0
3887993579,0.0,0.0
3900954890,139580.0,234500.0
3662420217,0.0,0.0
3905854901,0.0,0.0
3901678013,0.0,0.0
3887858370,0.0,0.0
3895866492,0.0,0.0
3906251255,0.0,0.0
3905298285,0.0,0.0
3901932084,0.0,0.0
3901695728,0.0,0.0
3904577326,55000.0,70000.0
3901168755,140000.0,150000.0
3887869622,0.0,0.0
3902735463,23.41,30.69
3905371092,71760.0,90480.0
3902859897,2255.83,2255.83
3906228620,0.0,0.0
3905367052,0.0,0.0
3885811816,28.0,36.0
3904049992,0.0,0.0
3904389659,0.0,0.0
3888029021,0.0,0.0
3903433560,0.0,0.0
3887473220,33.0,35.0
3787839455,110000.0,125000.0
3904946376,0.0,0.0
3886887454,0.0,0.0
3902862923,0.0,0.0
3905325938,0.0,0.0
3898183034,0.0,0.0
3886452609,0.0,0.0
3903827231,0.0,0.0
3902866612,62000.0,65000.0
3902871024,0.0,0.0
3889462322,0.0,0.0
3905295575,67728.0,100000.0
3904368857,85000.0,125000.0
3901961570,85000.0,95000.0
3903820668,0.0,0.0
3902317672,0.0,0.0
3895541003,0.0,0.0
3891071625,0.0,0.0
3905683919,0.0,0.0
3904722442,0.0,0.0
3901989101,0.0,0.0
3885829518,0.0,0.0
3904715934,0.0,0.0
3894927468,0.0,0.0
3891266797,0.0,0.0
3901685711,0.0,0.0
3884934115,0.0,0.0
3904056038,0.0,0.0
3902347493,0.0,0.0
3901985278,0.0,0.0
3894298985,0.0,0.0
3885840300,40.13,74.2
3895546244,0.0,0.0
3902329000,0.0,0.0
3755323506,25.0,28.0
3903810032,0.0,0.0
3900941609,16.5,17.5
3884857008,72700.0,176000.0
3900941608,0.0,0.0
3888431953,0.0,0.0
3902356405,0.0,0.0
3904364415,0.0,0.0
3888451953,170000.0,300000.0
3887479477,0.0,0.0
3895563848,0.0,0.0
3902848481,0.0,0.0
3902349190,0.0,0.0
3906089954,140000.0,180000.0
3904959849,221170.0,286220.0
3906095543,31.06,36.62
3901982631,0.0,0.0
3904991723,0.0,0.0
3886838590,0.0,0.0
3900094264,0.0,0.0
3902867524,0.0,0.0
3903843269,0.0,0.0
3904366109,0.0,0.0
3904413297,0.0,0.0
3900938943,66560.09,69000.0
3906249279,0.0,0.0
3895276028,50819.0,54884.0
3906221675,0.0,0.0
3900983482,0.0,0.0
3902926891,0.0,0.0
3900983348,0.0,0.0
3902808861,70.0,80.0
3894551547,0.0,0.0
3904396393,35360.0,40160.0
3899525265,0.0,0.0
3894991744,0.0,0.0
3901395290,60.0,72.0
3894287437,0.0,0.0
3895830232,0.0,0.0
3895813076,0.0,0.0
3891254073,10.0,14.0
3902349403,70000.0,120000.0
3905665584,0.0,0.0
3884804043,65.0,80.0
3902781487,75000.0,80000.0
3906265319,0.0,0.0
3905832220,0.0,0.0
3904390655,0.0,0.0
3905296555,0.0,0.0
3905868310,0.0,0.0
3902348604,0.0,0.0
3902358750,0.0,0.0
3901670718,0.0,0.0
3904569842,0.0,0.0
3905376620,17.25,18.5
3902782966,80000.0,85000.0
3889776148,0.0,0.0
3905347657,0.0,0.0
3901390911,85000.0,105000.0
3901350929,0.0,0.0
3902361034,0.0,0.0
3894545932,0.0,0.0
3902755327,20.0,22.0
3902347334,0.0,0.0
3903809532,0.0,0.0
3885858454,35000.0,45000.0
3904975082,60000.0,80000.0
3902955020,0.0,0.0
3904982958,0.0,0.0
3905328986,0.0,0.0
3901698530,0.0,0.0
3901354797,0.0,0.0
3895248757,0.0,0.0
3900964362,0.0,0.0
3904409642,0.0,0.0
3895865513,0.0,0.0
3902863821,0.0,0.0
3899527481,0.0,0.0
3902786393,0.0,0.0
3901378583,0.0,0.0
3901677445,0.0,0.0
3902833350,0.0,0.0
3901942309,60000.0,60000.0
3902864961,0.0,0.0
3902753543,0.0,0.0
3894297080,0.0,0.0
3905609678,0.0,0.0
3884822297,0.0,0.0
3903482440,0.0,0.0
3901649537,70.0,80.0
3903898031,0.0,0.0
3887835848,0.0,0.0
3904429456,0.0,0.0
3904392090,0.0,0.0
3895547176,0.0,0.0
3901377654,46000.0,55000.0
3891269687,0.0,0.0
3888029744,90000.0,500000.0
3904392457,46.14,69.2
3905839953,65000.0,95000.0
3904368093,0.0,0.0
3887892618,0.0,0.0
3887855710,0.0,0.0
3891041079,0.0,0.0
3905860161,147300.0,212060.0
3904713082,0.0,0.0
3904581349,0.0,0.0
3895516483,137000.0,235750.0
3886444682,16.0,23.0
3901989370,25.0,38.0
3887572840,0.0,0.0
3901372826,70000.0,80000.0
3902756684,55152.0,70317.0
3905870277,0.0,0.0
3884856544,56000.0,77000.0
3902763238,0.0,0.0
3891255634,65.0,80.0
3901949270,0.0,0.0
3905366004,0.0,0.0
3888935756,0.0,0.0
3904072605,0.0,0.0
3891836461,0.0,0.0
3895801443,0.0,0.0
3891072357,0.0,0.0
3904400902,35.0,50.0
3904989442,0.0,0.0
3905320208,0.0,0.0
3898162530,2800.0,4000.0
3904926451,22.0,24.0
3901178344,25.0,25.0
3898155802,190000.0,250000.0
3905337165,0.0,0.0
3901984289,0.0,0.0
3904092287,0.0,0.0
3902830702,0.0,0.0
3905311207,0.0,0.0
3902915476,0.0,0.0
3904428222,0.0,0.0
3904096779,0.0,0.0
3904951238,0.0,0.0
3902320485,0.0,0.0
3905364725,70000.0,90000.0
3887102731,70000.0,80000.0
3905363932,0.0,0.0
3901992291,0.0,0.0
3904042142,0.0,0.0
3902864548,0.0,0.0
3903887593,0.0,0.0
3903481129,0.0,0.0
3906085385,100000.0,200000.0
3902841678,0.0,0.0
3904423505,0.0,0.0
3906225154,0.0,0.0
3901982646,0.0,0.0
3901630201,28.0,36.0
3903867969,0.0,0.0
3901398801,0.0,0.0
3887845001,0.0,0.0
3901987330,70000.0,80000.0
3906258268,0.0,0.0
3902753181,0.0,0.0
3904726119,0.0,0.0
3900954425,0.0,0.0
3891015596,0.0,0.0
3904984858,0.0,0.0
3887997138,0.0,0.0
3904949761,0.0,0.0
3905357624,67000.0,90000.0
3904997211,0.0,0.0
3904960008,0.0,0.0
3887837922,0.0,0.0
3904703923,0.0,0.0
3904070609,0.0,0.0
3889295387,0.0,0.0
3904413072,27.0,42.0
3895204792,65000.0,75000.0
3887915705,0.0,0.0
3895598136,0.0,0.0
3906255282,0.0,0.0
3885822304,0.0,0.0
3903870900,0.0,0.0
3904359718,45.54,72.93
3895543115,22.0,50.0
3903485478,0.0,0.0
3888946378,0.0,0.0
3906233326,0.0,0.0
3900947511,0.0,0.0
3901957757,0.0,0.0
3900070472,0.0,0.0
3890895154,0.0,0.0
3903462698,50.0,60.0
3906233513,0.0,0.0
3905300792,0.0,0.0
3906099184,0.0,0.0
3905377475,0.0,0.0
3905667452,85000.0,135000.0
3904513101,0.0,0.0
3906084962,0.0,0.0
3894888768,25.0,30.0
3904988837,0.0,0.0
3904099310,95000.0,105000.0
3903816549,0.0,0.0
3903481171,21.0,24.0
3906091904,0.0,0.0
3904424984,75000.0,95000.0
3900077629,0.0,0.0
3902802246,0.0,0.0
3906250452,0.0,0.0
3901640232,50.0,55.0
3905852585,0.0,0.0
3895270915,0.0,0.0
3900941793,0.0,0.0
3887104565,0.0,0.0
3894283569,0.0,0.0
3903877135,0.0,0.0
3905869894,0.0,0.0
3898164173,75000.0,80000.0
3886820978,0.0,0.0
3886456906,30.0,45.0
3903473471,0.0,0.0
3905348626,0.0,0.0
3905234788,0.0,0.0
3901674074,0.0,0.0
3906232046,0.0,0.0
3901937917,0.0,0.0
3906226816,106000.0,196000.0
3903823752,0.0,0.0
3903809737,85775.8,105000.0
3905352117,0.0,0.0
3901696072,161000.0,350000.0
3889705630,0.0,0.0
3904510280,0.0,0.0
3902865233,19.0,21.0
3904509114,200000.0,220000.0
3905329575,0.0,0.0
3894214619,0.0,0.0
3900950648,50000.0,65000.0
3903814523,0.0,0.0
3884896493,0.0,0.0
3905293486,200.0,300.0
3884816812,0.0,0.0
3894890456,0.0,0.0
3884442424,29.55,36.94
3887496817,70000.0,80000.0
3894556426,0.0,0.0
3904391524,0.0,0.0
3902903527,55000.0,60000.0
3905258355,0.0,0.0
3884939469,0.0,0.0
3902369135,0.0,0.0
3884448485,0.0,0.0
3905207302,0.0,0.0
3889707900,0.0,0.0
3899531620,120000.0,160000.0
3884440143,0.0,0.0
3902742575,0.0,0.0
3902831539,0.0,0.0
3886836922,0.0,0.0
3898159310,60.0,90.0
3887870710,0.0,0.0
3905380051,0.0,0.0
3901634149,0.0,0.0
3902744018,50.0,55.0
3905239403,0.0,0.0
3884899422,0.0,0.0
3906220965,0.0,0.0
3904568031,0.0,0.0
3904420645,176000.0,200000.0
3903475880,135000.0,140000.0
3900943283,0.0,0.0
3904961107,0.0,0.0
3900079074,75000.0,85000.0
3891815276,0.0,0.0
3884440307,50000.0,60000.0
3901958358,27540.63,46034.87
3888945057,0.0,0.0
3901949079,0.0,0.0
3900075971,0.0,0.0
3905246685,0.0,0.0
3901397106,25.0,35.0
3902750766,47700.0,65600.0
3886461842,0.0,0.0
3904952412,115000.0,149000.0
3902800492,0.0,0.0
3901664326,124000.0,186000.0
3902356394,0.0,0.0
3901638896,0.0,0.0
3889419940,0.0,0.0
3889717689,0.0,0.0
3895808811,0.0,0.0
3905366542,0.0,0.0
3894924243,0.0,0.0
3894877672,0.0,0.0
3895539788,0.0,0.0
3901963364,0.0,0.0
3904393156,0.0,0.0
3903459065,35.0,40.0
3903469971,0.0,0.0
3905302706,70000.0,85000.0
3902860953,0.0,0.0
3905269925,114583.0,175000.0
3905283615,0.0,0.0
3900977333,0.0,0.0
3901938998,0.0,0.0
3891244876,0.0,0.0
3902756588,0.0,0.0
3904952707,0.0,0.0
3886446308,0.0,0.0
3901393068,0.0,0.0
3904406095,0.0,0.0
3900960597,0.0,0.0
3902883087,100000.0,140000.0
3901937901,115000.0,150000.0
3902790421,90000.0,125000.0
3905252142,26.0,32.0
3888953776,0.0,0.0
3901388739,0.0,0.0
3905852507,0.0,0.0
3903817420,0.0,0.0
3891288838,18.0,26.82
3904575426,15.0,20.0
3885100981,0.0,0.0
3904927042,0.0,0.0
3895216572,0.0,0.0
3890895287,0.0,0.0
3891084510,90000.0,130000.0
3889285842,0.0,0.0
3895808696,0.0,0.0
3904087641,0.0,0.0
3895541213,0.0,0.0
3906075907,0.0,0.0
3891070956,0.0,0.0
3901356452,0.0,0.0
3898162222,0.0,0.0
3887579312,0.0,0.0
3887573937,0.0,0.0
3903805644,0.0,0.0
3902352369,0.0,0.0
3906227614,0.0,0.0
3891006465,0.0,0.0
3891016623,0.0,0.0
3887586849,25.0,35.0
3895806379,17.0,21.0
3885821519,0.0,0.0
3903453784,0.0,0.0
3905238306,55.0,63.0
3889717528,0.0,0.0
3895557580,0.0,0.0
3904711041,0.0,0.0
3884818895,0.0,0.0
3904395183,0.0,0.0
3886476731,0.0,0.0
3903840811,80.0,85.0
3886886015,0.0,0.0
3906229726,0.0,0.0
3888808580,90000.0,120000.0
3894543933,0.0,0.0
3906259199,0.0,0.0
3886894644,0.0,0.0
3899523205,24.0,27.0
3885823563,0.0,0.0
3903466857,2500.0,7000.0
3904365662,120000.0,140000.0
3884855214,0.0,0.0
3901375854,0.0,0.0
3884437510,0.0,0.0
3887838190,0.0,0.0
3764329709,0.0,0.0
3903823513,0.0,0.0
3884435534,0.0,0.0
3895594497,0.0,0.0
3903849057,0.0,0.0
3905820379,0.0,0.0
3904946018,0.0,0.0
3887574625,225000.0,250000.0
3887884511,0.0,0.0
3901620051,35.0,40.0
3895826428,0.0,0.0
3887499066,110000.0,120000.0
3895827706,0.0,0.0
3888803724,0.0,0.0
3904367434,0.0,0.0
3901664804,70000.0,85000.0
3901947304,0.0,0.0
3903811877,0.0,0.0
3906252977,0.0,0.0
3901173057,120000.0,140000.0
3905393716,0.0,0.0
3887701518,100000.0,130000.0
3901938293,0.0,0.0
3884434148,52000.0,76000.0
3887479173,0.0,0.0
3901996396,0.0,0.0
3902865825,0.0,0.0
3902914629,0.0,0.0
3884989876,0.0,0.0
3901938883,0.0,0.0
3899526360,110000.0,115000.0
3905299732,0.0,0.0
3901954769,0.0,0.0
3903430565,0.0,0.0
3903843361,46800.0,80850.0
3889484819,0.0,0.0
3904391329,0.0,0.0
3905299812,40000.0,55000.0
3902863646,0.0,0.0
3904056932,0.0,0.0
3904366662,0.0,0.0
3891272477,0.0,0.0
3894660083,0.0,0.0
3906261765,110000.0,160000.0
3900942592,150500.0,225500.0
3888938719,0.0,0.0
3904947344,46750.0,63250.0
3886841498,0.0,0.0
3900988031,0.0,0.0
3889442585,0.0,0.0
3903823747,0.0,0.0
3901377433,82000.0,90000.0
3904390697,99000.0,148500.0
3901373712,80000.0,85000.0
3898174069,53000.0,55000.0
3903805612,0.0,0.0
3901176407,0.0,0.0
3904424978,0.0,0.0
3903838896,0.0,0.0
3884805949,0.0,0.0
3889759537,95000.0,105000.0
3902743182,0.0,0.0
3886949144,0.0,0.0
3905324567,0.0,0.0
3906255406,0.0,0.0
3904388393,0.0,0.0
3905282337,98467.0,123094.0
3887497886,0.0,0.0
3885811902,0.0,0.0
3903891087,0.0,0.0
3888037093,0.0,0.0
3906254713,0.0,0.0
3905692232,30.55,45.02
3888028978,65000.0,70000.0
3889256170,0.0,0.0
3903885290,38.22,58.58
3895538986,0.0,0.0
3901393934,0.0,0.0
3905667985,30.0,35.0
3886873795,0.0,0.0
3905307214,75000.0,200000.0
3906081231,0.0,0.0
3888026549,0.0,0.0
3884432577,0.0,0.0
3904365715,0.0,0.0
3885101852,0.0,0.0
3891003813,0.0,0.0
3902341309,0.0,0.0
3901982994,0.0,0.0
3903884648,90000.0,170000.0
3902919024,77500.0,116400.0
3895485790,18.0,18.75
3887577262,0.0,0.0
3905291501,80000.0,92500.0
3887494432,0.0,0.0
3901937347,50000.0,55000.0
3891080275,0.0,0.0
3884437686,0.0,0.0
3900081340,0.0,0.0
3889772906,0.0,0.0
3891012935,0.0,0.0
3901377547,0.0,0.0
3904715848,60400.0,75500.0
3906224895,0.0,0.0
3901960828,80000.0,90000.0
3905327581,70000.0,85000.0
3899543184,0.0,0.0
3887724094,0.0,0.0
3901950035,85000.0,110000.0
3906256382,15.5,16.5
3901369648,0.0,0.0
3901965004,0.0,0.0
3884847279,0.0,0.0
3905376344,0.0,0.0
3887478459,0.0,0.0
3904994062,205398.0,274206.0
3901963637,80000.0,82000.0
3888002408,0.0,0.0
3900960283,0.0,0.0
3904388247,0.0,0.0
3900951294,0.0,0.0
3904510281,0.0,0.0
3887851777,0.0,0.0
3898164931,0.0,0.0
3891078531,0.0,0.0
3901938506,0.0,0.0
3888998577,0.0,0.0
3900981799,0.0,0.0
3885805695,0.0,0.0
3901176193,0.0,0.0
3903826417,38000.0,48000.0
3902351889,0.0,0.0
3906256532,0.0,0.0
3905846996,0.0,0.0
3884840989,0.0,0.0
3902742171,65080.0,126663.0
3898183167,30.0,34.0
3904079869,0.0,0.0
3906089989,130000.0,150000.0
3900939856,0.0,0.0
3906224265,0.0,0.0
3901950306,0.0,0.0
3895526133,113900.0,199800.0
3888955618,0.0,0.0
3900067214,0.0,0.0
3895529087,0.0,0.0
3904923061,25.0,28.0
3903823079,200000.0,300000.0
3905608591,0.0,0.0
3901938739,0.0,0.0
3884435954,45.0,50.0
3905690140,48.32,66.65
3902782921,0.0,0.0
3886200603,0.0,0.0
3904425264,0.0,0.0
3904415914,0.0,0.0
3904987266,70.0,80.0
3854137450,0.0,0.0
3901364174,0.0,0.0
3905370187,0.0,0.0
3904391030,21.0,21.0
3905343992,30.0,32.0
3900942524,0.0,0.0
3884926211,15.67,25.05
3901961591,0.0,0.0
3906237986,0.0,0.0
3903810836,0.0,0.0
3902924086,75000.0,82000.0
3901388256,0.0,0.0
3884429852,24.0,25.0
3900966083,0.0,0.0
3901454826,19.0,24.0
3885114225,0.0,0.0
3904510164,0.0,0.0
3901379202,32.0,38.0
3901984300,17.0,19.0
3901957457,70.0,75.0
3906228964,136000.0,218900.0
3900943147,0.0,0.0
3904934909,0.0,0.0
3905298038,84156.0,106454.0
3905820435,0.0,0.0
3901356199,0.0,0.0
3899521364,0.0,0.0
3905393441,0.0,0.0
3901960702,107300.0,259600.0
3906260154,0.0,0.0
3889209883,0.0,0.0
3903841872,0.0,0.0
3889742996,0.0,0.0
3904504879,167377.0,347630.0
3895275348,0.0,0.0
1586552873,0.0,0.0
3885103601,0.0,0.0
3900961459,0.0,0.0
3904368280,0.0,0.0
3894413737,0.0,0.0
3903472581,0.0,0.0
3894660339,0.0,0.0
3903849191,0.0,0.0
3889277893,0.0,0.0
3901673726,0.0,0.0
3901938262,0.0,0.0
3895803717,0.0,0.0
3904953934,0.0,0.0
3891071631,0.0,0.0
3902865869,0.0,0.0
3905829073,0.0,0.0
3891073557,36000.0,55000.0
3889749113,110000.0,130000.0
3902869113,23.0,25.0
3891283841,0.0,0.0
3902808373,0.0,0.0
3903475374,42034.0,68306.0
3887871326,0.0,0.0
3905341047,0.0,0.0
3902862995,185000.0,230000.0
3884893121,0.0,0.0
3906252903,0.0,0.0
3904431636,100000.0,250000.0
3902355809,0.0,0.0
3905208568,0.0,0.0
3894400094,0.0,0.0
3902326929,0.0,0.0
3904387663,0.0,0.0
3901391872,0.0,0.0
3901654486,166500.0,216500.0
3904377786,0.0,0.0
3884818257,0.0,0.0
3904069310,120000.0,160000.0
3887713604,0.0,0.0
3905873694,0.0,0.0
3888024824,0.0,0.0
3900960520,0.0,0.0
3886892068,0.0,0.0
3906250569,0.0,0.0
3885809468,0.0,0.0
3905882432,90000.0,100000.0
3886836887,0.0,0.0
3889748174,0.0,0.0
3900952341,0.0,0.0
3899532745,73000.0,92000.0
3904380763,0.0,0.0
3887498520,52000.0,68000.0
3901378179,0.0,0.0
3905879176,0.0,0.0
3890876705,0.0,0.0
3905292352,0.0,0.0
3905285225,67000.0,85600.0
3887703098,0.0,0.0
3906227856,0.0,0.0
3904379945,0.0,0.0
3902332069,118000.0,246000.0
3903847194,0.0,0.0
3901943593,70000.0,115000.0
3901476719,100000.0,135000.0
3905367765,0.0,0.0
3901696461,0.0,0.0
3905840265,0.0,0.0
3904084746,160800.0,312800.0
3902845210,0.0,0.0
3901957830,23.27,23.87
3885838138,0.0,0.0
3888489751,0.0,0.0
3903473031,37.5,37.5
3904942771,0.0,0.0
3894897642,0.0,0.0
3898169557,0.0,0.0
3901668997,0.0,0.0
3905305834,0.0,0.0
3891079369,0.0,0.0
3885865461,0.0,0.0
3898179121,0.0,0.0
3903836711,0.0,0.0
3905290874,0.0,0.0
3901668733,0.0,0.0
3903441937,0.0,0.0
3901177791,0.0,0.0
3898165459,0.0,0.0
3904581969,75.0,88.0
3906259166,16.0,18.5
3887473146,0.0,0.0
3902865518,0.0,0.0
3884935214,90000.0,100000.0
3894203817,160000.0,250000.0
3902340793,0.0,0.0
3888026564,0.0,0.0
3900074466,120000.0,130000.0
3887887879,0.0,0.0
3904916812,0.0,0.0
3904399370,124700.0,183800.0
3884435265,0.0,0.0
3889283255,0.0,0.0
3894905735,17.5,18.25
3906258042,61600.0,101600.0
3901985464,0.0,0.0
3902735172,47096.47,86228.13
3906093236,52000.0,58000.0
3902371340,0.0,0.0
3887879080,63000.0,71000.0
3900940909,20.0,60.0
3889100684,0.0,0.0
3904938457,0.0,0.0
3900083486,48377.0,60608.0
3902780039,0.0,0.0
3886897665,50.0,55.0
3901982357,15.0,17.0
3903847292,0.0,0.0
3894277203,115000.0,160000.0
3884932385,0.0,0.0
3905663999,148000.0,190000.0
3885808398,0.0,0.0
3905397645,23.43,35.14
3906221992,0.0,0.0
3889126606,135100.0,173700.0
3895595514,0.0,0.0
3903467850,0.0,0.0
3887842016,0.0,0.0
3890898200,80.0,90.0
3901347421,135000.0,150000.0
3884868815,0.0,0.0
3899527837,53400.0,71900.0
3905334555,0.0,0.0
3885114064,0.0,0.0
3905396570,37000.0,70000.0
3901355368,0.0,0.0
3901349300,65000.0,80000.0
3903455860,0.0,0.0
3902802993,0.0,0.0
3905333641,68640.0,112320.0
3904418336,0.0,0.0
3903813030,0.0,0.0
3904724759,144480.0,216720.0
3905335178,20.0,25.0
3902863987,0.0,0.0
3901181648,0.0,0.0
3901939973,0.0,0.0
3900958917,0.0,0.0
3905293512,0.0,0.0
3906228915,0.0,0.0
3900965101,0.0,0.0
3902370668,0.0,0.0
3906220980,0.0,0.0
3901976924,0.0,0.0
3904365456,0.0,0.0
3905633521,114000.0,141000.0
3901177422,130000.0,250000.0
3901693880,0.0,0.0
3902349760,0.0,0.0
3894211004,0.0,0.0
3891098097,0.0,0.0
3895271764,0.0,0.0
3903842890,0.0,0.0
3901662560,0.0,0.0
3905646851,0.0,0.0
3904420268,0.0,0.0
3904387380,0.0,0.0
3901177503,0.0,0.0
3905295741,0.0,0.0
3905865293,0.0,0.0
3903469978,0.0,0.0
3904430436,0.0,0.0
3903472866,0.0,0.0
3889756715,75000.0,85000.0
3887704942,0.0,0.0
3904425790,0.0,0.0
3902738635,0.0,0.0
3905863865,156071.0,210100.0
3904094267,0.0,0.0
3901939030,26.92,26.92
3894577592,0.0,0.0
3905301571,0.0,0.0
3905854409,0.0,0.0
3904396237,0.0,0.0
3906201051,0.0,0.0
3884438357,0.0,0.0
3894220009,0.0,0.0
3903844419,0.0,0.0
3905371509,59000.0,63000.0
3902363091,0.0,0.0
3895531567,0.0,0.0
3901395018,0.0,0.0
3887885656,0.0,0.0
3904391762,143000.0,215000.0
3900072803,0.0,0.0
3902369728,0.0,0.0
3900953063,0.0,0.0
3901668879,14.0,16.0
3905284701,0.0,0.0
3901376596,100000.0,120000.0
3902304260,0.0,0.0
3885809673,0.0,0.0
3903826562,6150.0,7850.0
3905367305,0.0,0.0
3905300322,0.0,0.0
3895800453,0.0,0.0
3888944113,0.0,0.0
3905255117,0.0,0.0
3904965007,0.0,0.0
3901351125,65000.0,75000.0
3905326681,0.0,0.0
3902806593,0.0,0.0
3898175460,0.0,0.0
3895597875,0.0,0.0
3905293213,35000.0,45000.0
3885839059,0.0,0.0
3900945480,0.0,0.0
3904388612,0.0,0.0
3901936678,0.0,0.0
3901942991,50000.0,55000.0
3905377008,0.0,0.0
3903477017,0.0,0.0
3901955955,0.0,0.0
3889771110,0.0,0.0
3901657166,0.0,0.0
3906092702,150000.0,300000.0
3902342627,0.0,0.0
3889704155,85000.0,165000.0
3900959714,0.0,0.0
3906221806,0.0,0.0
3895556580,0.0,0.0
3891289532,28.75,44.83
3905884344,0.0,0.0
3902348741,0.0,0.0
3904988916,0.0,0.0
3905241545,40000.0,50000.0
3902750134,0.0,0.0
3905297430,0.0,0.0
3904403320,0.0,0.0
3889739178,0.0,0.0
3901671608,0.0,0.0
3886456194,0.0,0.0
3900950029,0.0,0.0
3902863803,0.0,0.0
3901938685,0.0,0.0
3891276367,0.0,0.0
3905852627,60.0,65.0
3902867551,65625.0,94189.0
3904413642,0.0,0.0
3904991099,16.5,17.25
3902354410,0.0,0.0
3888026562,0.0,0.0
3895216826,0.0,0.0
3905850505,0.0,0.0
3887873017,0.0,0.0
3887861055,0.0,0.0
3905252509,0.0,0.0
3891276175,31.0,35.0
3904065180,0.0,0.0
3901394579,0.0,0.0
3894283673,0.0,0.0
3895538874,0.0,0.0
3904710092,0.0,0.0
3894873308,0.0,0.0
3903473826,0.0,0.0
3887935718,0.0,0.0
3904418832,0.0,0.0
3901348080,0.0,0.0
3904390363,0.0,0.0
3886832824,0.0,0.0
3895591728,0.0,0.0
3894558969,0.0,0.0
3906230533,0.0,0.0
3900069563,105213.0,123780.0
3902828885,0.0,0.0
3886444841,0.0,0.0
3900959904,110000.0,250000.0
3895805471,0.0,0.0
3884429663,0.0,0.0
3902874414,0.0,0.0
3902808330,0.0,0.0
3904719459,0.0,0.0
3903832637,0.0,0.0
3894924920,0.0,0.0
3905300123,122300.0,224300.0
3894630725,0.0,0.0
3902363160,0.0,0.0
3895816146,131700.0,201900.0
3904986375,0.0,0.0
3901944523,0.0,0.0
3905303804,0.0,0.0
3885866323,0.0,0.0
3904586136,0.0,0.0
3888944268,0.0,0.0
3901992459,0.0,0.0
3887711431,95000.0,105000.0
3905854559,0.0,0.0
3905205612,100000.0,120000.0
3900977761,0.0,0.0
3903841736,0.0,0.0
3905663742,18.9,51.05
3901942096,17.0,20.0
3904398749,0.0,0.0
3906222600,0.0,0.0
3887578605,0.0,0.0
3894942948,0.0,0.0
3887491220,80000.0,95000.0
3906226393,0.0,0.0
3902325205,0.0,0.0
3903843140,0.0,0.0
3901182461,120000.0,140000.0
3902829506,73000.0,126000.0
3901345508,0.0,0.0
3905871211,18.0,19.0
3904583378,0.0,0.0
3901965290,0.0,0.0
3902787335,0.0,0.0
3905886173,0.0,0.0
3901936918,0.0,0.0
3891070768,0.0,0.0
3901966258,0.0,0.0
3888000707,16.5,17.2
3905636618,0.0,0.0
3904385426,0.0,0.0
3903886298,0.0,0.0
3905288097,120000.0,175000.0
3901927034,85000.0,110000.0
3903494723,0.0,0.0
3905329537,0.0,0.0
3884843763,221104.0,362544.0
3904727426,15.5,17.5
3905379185,0.0,0.0
3901966322,0.0,0.0
3905874938,0.0,0.0
3900098086,0.0,0.0
3904704805,0.0,0.0
3902361285,0.0,0.0
3904720112,0.0,0.0
3904062829,22.0,26.0
3904700948,0.0,0.0
3906236303,0.0,0.0
3888000362,0.0,0.0
3895552082,0.0,0.0
3906253798,0.0,0.0
3905297336,0.0,0.0
3904416949,0.0,0.0
3900955095,75000.0,90000.0
3894891702,80000.0,90000.0
3901365198,68770.0,116193.0
3901964479,0.0,0.0
3887723240,0.0,0.0
3903430577,0.0,0.0
3904938832,0.0,0.0
3906255209,100000.0,200000.0
3901984718,0.0,0.0
3887589805,0.0,0.0
3904420138,0.0,0.0
3887881251,70000.0,73000.0
3886448028,0.0,0.0
3901690922,95000.0,129000.0
3887714036,0.0,0.0
3894200755,0.0,0.0
3905371114,96800.0,131800.0
3894562468,120000.0,150000.0
3900942616,0.0,0.0
3903491154,0.0,0.0
3900977811,0.0,0.0
3890889819,0.0,0.0
3886447020,0.0,0.0
3894626775,0.0,0.0
3905337508,0.0,0.0
3901378444,0.0,0.0
3901996670,23.98,40.83
3905375135,0.0,0.0
3906094223,0.0,0.0
3902747647,0.0,0.0
3895804191,0.0,0.0
3899523580,0.0,0.0
3903431195,0.0,0.0
3902846325,40000.0,45000.0
3901376421,0.0,0.0
3902834165,0.0,0.0
3905855152,0.0,0.0
3899532350,100000.0,120000.0
3889753962,0.0,0.0
3905871776,0.0,0.0
3887496317,0.0,0.0
3903476216,0.0,0.0
3902901804,0.0,0.0
3906250794,60890.34,101483.9
3887884060,0.0,0.0
3901623082,60.0,70.0
3901637392,0.0,0.0
3905332639,0.0,0.0
3901458025,0.0,0.0
3902945252,0.0,0.0
3903482570,0.0,0.0
3898171587,0.0,0.0
3898156471,69.0,70.0
3905399284,0.0,0.0
3904725280,0.0,0.0
3904385266,55000.0,60000.0
3905329147,0.0,0.0
3901353398,0.0,0.0
3904963187,0.0,0.0
3888807073,0.0,0.0
3904969596,0.0,0.0
3902867489,100.0,113.0
3905847067,0.0,0.0
3885816386,0.0,0.0
3895514861,0.0,0.0
3887875140,0.0,0.0
3885112525,0.0,0.0
3885806700,0.0,0.0
3900959313,0.0,0.0
3888032441,0.0,0.0
3901999769,0.0,0.0
3905331742,0.0,0.0
3884910761,0.0,0.0
3901939368,0.0,0.0
3900959938,0.0,0.0
3903472231,97376.0,126585.0
3888010221,0.0,0.0
3906089911,0.0,0.0
3895866009,1564.0,1564.0
3905683945,0.0,0.0
3887589865,0.0,0.0
3904394075,0.0,0.0
3905623077,1644.0,1644.0
3904384651,0.0,0.0
3904390173,0.0,0.0
3902747450,82791.57,93000.0
3904376996,0.0,0.0
3895490594,0.0,0.0
3887493973,0.0,0.0
3902867608,17.02,18.05
3903457103,0.0,0.0
3901939597,65000.0,70000.0
3884438894,0.0,0.0
3905228075,0.0,0.0
3905644966,25.0,27.0
3905860625,0.0,0.0
3901174894,0.0,0.0
3902353819,0.0,0.0
3904980851,0.0,0.0
3894610659,18.0,19.0
3886447854,0.0,0.0
3902954784,40000.0,56000.0
3902869232,0.0,0.0
3901631901,0.0,0.0
3887869634,0.0,0.0
3894544716,0.0,0.0
3904362150,0.0,0.0
3904955252,0.0,0.0
3904985895,100030.0,185770.0
3886893763,0.0,0.0
3903878213,0.0,0.0
3905372271,0.0,0.0
3890893438,0.0,0.0
3885109641,0.0,0.0
3900081442,0.0,0.0
3887905200,15.5,22.32
3901482268,0.0,0.0
3904396245,159249.0,238873.0
3904709551,0.0,0.0
3888967744,0.0,0.0
3889415367,0.0,0.0
3901694202,0.0,0.0
3888801827,150000.0,180000.0
3901978822,0.0,0.0
3904374223,0.0,0.0
3905307808,122800.0,193300.0
3904950838,0.0,0.0
3905289413,0.0,0.0
3884439562,0.0,0.0
3902877555,135000.0,150000.0
3903425834,0.0,0.0
3904393259,0.0,0.0
3901675025,0.0,0.0
3904367848,0.0,0.0
3903469487,0.0,0.0
3905211266,0.0,0.0
3901391086,0.0,0.0
3898171948,70000.0,75000.0
3891271607,60.0,90.0
3895559592,23.85,40.33
3895848086,0.0,0.0
3901672668,45000.0,60000.0
3905290863,27.0,32.0
3903469923,0.0,0.0
3890892483,55000.0,70000.0
3901942134,180000.0,260000.0
3905298036,0.0,0.0
3889111058,60000.0,80000.0
3905333661,0.0,0.0
3887835948,0.0,0.0
3890895315,0.0,0.0
3895537883,0.0,0.0
3900947017,145000.0,175000.0
3886217111,0.0,0.0
3894968510,0.0,0.0
3887498728,0.0,0.0
3898165934,0.0,0.0
3887882060,0.0,0.0
3904944018,0.0,0.0
3884805175,0.0,0.0
3903843102,0.0,0.0
3902756460,0.0,0.0
3888495844,0.0,0.0
3884852849,0.0,0.0
3906253316,0.0,0.0
3869413340,60.0,70.0
3894583759,0.0,0.0
3887493234,0.0,0.0
3904951009,0.0,0.0
3889499727,0.0,0.0
3884438768,0.0,0.0
3904999672,48800.0,83000.0
3902754577,0.0,0.0
3902744937,0.0,0.0
3901362966,0.0,0.0
3902944216,0.0,0.0
3904365734,0.0,0.0
3901942135,55.0,65.0
3901987405,0.0,0.0
3901689943,0.0,0.0
3903814039,0.0,0.0
3888960154,0.0,0.0
3898176352,0.0,0.0
3906252831,0.0,0.0
3904380816,0.0,0.0
3901959877,0.0,0.0
3905207307,75000.0,95000.0
3898166727,0.0,0.0
3906238093,0.0,0.0
3902811539,0.0,0.0
3905823746,0.0,0.0
3905874009,0.0,0.0
3905866844,0.0,0.0
3905851273,0.0,0.0
3902699544,0.0,0.0
3888949394,0.0,0.0
3894574061,0.0,0.0
3905299446,0.0,0.0
3886463722,0.0,0.0
3895557285,0.0,0.0
3902866341,0.0,0.0
3886897039,85000.0,105000.0
3901986713,0.0,0.0
3906225593,0.0,0.0
3901959668,0.0,0.0
3904078215,0.0,0.0
3904990239,95000.0,105000.0
3903839414,85.0,90.0
3904365483,0.0,0.0
3901351909,21.0,25.0
3905356758,0.0,0.0
3904574866,55000.0,65000.0
3901160488,0.0,0.0
3905321122,0.0,0.0
3895221265,0.0,0.0
3904410343,75000.0,95000.0
3904995862,0.0,0.0
3905311203,0.0,0.0
3887993602,0.0,0.0
3901939264,0.0,0.0
3888025714,0.0,0.0
3904404498,0.0,0.0
3906080350,0.0,0.0
3904725023,108000.0,167000.0
3905330854,0.0,0.0
3901455593,0.0,0.0
3905380158,0.0,0.0
3884853512,140000.0,175000.0
3902752877,106000.0,117500.0
3887892038,0.0,0.0
3885805690,0.0,0.0
3904503098,0.0,0.0
3905662907,69444.0,129323.0
3905333899,0.0,0.0
3905339606,0.0,0.0
3902396607,0.0,0.0
3901692989,0.0,0.0
3894283124,50000.0,55000.0
3884811972,225000.0,300000.0
3906252358,0.0,0.0
3905324768,0.0,0.0
3898172297,0.0,0.0
3901358612,220000.0,320000.0
3885826692,0.0,0.0
3887467939,0.0,0.0
3905363192,0.0,0.0
3901672200,0.0,0.0
3902866718,48.2,50.44
3905329136,0.0,0.0
3905344070,0.0,0.0
3906097162,0.0,0.0
3901942861,0.0,0.0
3905374009,0.0,0.0
3888999807,0.0,0.0
3901990811,0.0,0.0
3895535252,60.0,75.0
3904431426,65001.0,117875.0
3888015109,0.0,0.0
3895250495,0.0,0.0
3905841614,0.0,0.0
3906222769,65000.0,75000.0
3902843828,0.0,0.0
3901963384,0.0,0.0
3902841941,0.0,0.0
3887862154,0.0,0.0
3904382359,0.0,0.0
3901985720,0.0,0.0
3885854666,0.0,0.0
3902747497,0.0,0.0
3905332656,0.0,0.0
3904990962,0.0,0.0
3903449123,13.0,13.0
3904957058,0.0,0.0
3906256510,0.0,0.0
3902362338,0.0,0.0
3891092574,100000.0,125000.0
3902751248,0.0,0.0
3884444613,95000.0,120000.0
3900073698,0.0,0.0
3902862857,0.0,0.0
3894400253,0.0,0.0
3901350370,0.0,0.0
3894847770,0.0,0.0
3904092366,50000.0,60000.0
3898162140,40000.0,50000.0
3894548753,50.0,78.0
3894952136,0.0,0.0
3901377116,18.41,28.8
3887831945,48000.0,48000.0
3888940723,5684.0,7114.0
3895251446,0.0,0.0
3884433568,100000.0,120000.0
3894659432,0.0,0.0
3902916652,0.0,0.0
3902838684,0.0,0.0
3901374647,0.0,0.0
3906238234,0.0,0.0
3904720672,44200.0,60900.0
3905844673,0.0,0.0
3905841229,90000.0,110000.0
3889732520,0.0,0.0
3901348442,0.0,0.0
3905355984,0.0,0.0
3898177281,76.0,102.0
3888011135,0.0,0.0
3886884629,50.0,55.0
3901966502,0.0,0.0
3902737344,0.0,0.0
3903442981,0.0,0.0
3885102484,0.0,0.0
3898165150,0.0,0.0
3887865314,19.76,24.0
3905327521,0.0,0.0
3906262691,50.0,75.0
3906259222,153600.0,230300.0
3889122912,0.0,0.0
3902745902,0.0,0.0
3904388626,0.0,0.0
3888418019,0.0,0.0
3894548180,77350.0,147600.0
3901344575,0.0,0.0
3895562146,0.0,0.0
3895524460,18.0,21.0
3904728010,20.0,28.0
3903832746,20.0,24.0
3902751594,0.0,0.0
3895829649,0.0,0.0
3895520817,0.0,0.0
3885852097,0.0,0.0
3898169067,0.0,0.0
3904925980,80000.0,90000.0
3905336609,0.0,0.0
3906247495,0.0,0.0
3904073157,0.0,0.0
3903800252,16.0,16.5
3905299252,90000.0,120000.0
3277232283,55000.0,72000.0
3901942519,0.0,0.0
3904725184,15.81,20.95
3904714963,0.0,0.0
3904388997,15.0,25.0
3887571722,206280.0,247545.0
3905330657,0.0,0.0
3905309503,151900.0,227900.0
3894611728,0.0,0.0
3905208333,0.0,0.0
3902835331,0.0,0.0
3902352902,0.0,0.0
3875732985,0.0,0.0
3895565080,0.0,0.0
3902948188,65001.0,82656.0
3901946288,0.0,0.0
3887494779,16.5,20.95
3894998506,0.0,0.0
3901673478,0.0,0.0
3888027029,0.0,0.0
3905886175,0.0,0.0
3885827745,0.0,0.0
3901935901,0.0,0.0
3901670143,0.0,0.0
3904409774,100000.0,150000.0
3886858359,77000.0,163000.0
3906224260,0.0,0.0
3884440730,20.0,23.0
3901682199,0.0,0.0
3904384725,92000.0,100000.0
3889499009,0.0,0.0
3902362600,0.0,0.0
3905295033,0.0,0.0
3889288412,0.0,0.0
3887991085,0.0,0.0
3894559458,0.0,0.0
3889241236,0.0,0.0
3905219666,0.0,0.0
3900962438,0.0,0.0
3889744567,0.0,0.0
3900977840,46313.0,61750.0
3905884219,0.0,0.0
3901354720,0.0,0.0
3904720066,0.0,0.0
3900943345,0.0,0.0
3902355417,0.0,0.0
3885840833,110240.0,181896.0
3894896010,0.0,0.0
3902365343,0.0,0.0
3905335528,0.0,0.0
3889495475,0.0,0.0
3900954290,0.0,0.0
3904967730,0.0,0.0
3904946433,0.0,0.0
3904561781,0.0,0.0
3891286421,0.0,0.0
3886455015,0.0,0.0
3895803024,0.0,0.0
3903895582,0.0,0.0
3904369079,0.0,0.0
3894994722,0.0,0.0
3887721010,75000.0,90000.0
3901373974,0.0,0.0
3899523765,0.0,0.0
3902941884,0.0,0.0
3902344741,0.0,0.0
3895593831,0.0,0.0
3885860170,0.0,0.0
3885819870,0.0,0.0
3902942962,222500.0,231400.0
3891068900,0.0,0.0
3904935517,0.0,0.0
3902347948,0.0,0.0
3904366031,0.0,0.0
3900947858,0.0,0.0
3904506111,0.0,0.0
3906228423,0.0,0.0
3901486363,0.0,0.0
3895560602,17.7,23.0
3904965679,65000.0,70000.0
3903833114,55000.0,70000.0
3885864703,71490.0,132800.0
3904711015,0.0,0.0
3887471349,0.0,0.0
3885856472,90000.0,120000.0
3903815068,0.0,0.0
3905667457,0.0,0.0
3905367987,0.0,0.0
3902932747,19.0,21.0
3884917416,24.71,32.23
3902743717,0.0,0.0
3887996332,0.0,0.0
3902942113,0.0,0.0
3895805383,0.0,0.0
3884439643,0.0,0.0
3901163001,0.0,0.0
3902877796,170000.0,180000.0
3900943285,0.0,0.0
3901291919,0.0,0.0
3891831820,0.0,0.0
3898158809,50.0,60.0
3904987323,14.65,15.24
3902359721,0.0,0.0
3905651315,0.0,0.0
3886841493,0.0,0.0
3902760376,0.0,0.0
3885834747,0.0,0.0
3901166848,0.0,0.0
3888004929,0.0,0.0
3891070796,0.0,0.0
3891000121,0.0,0.0
3905374323,0.0,0.0
3904384858,0.0,0.0
3905607969,0.0,0.0
3905302932,0.0,0.0
3884925055,110000.0,130000.0
3903802655,0.0,0.0
3901978810,0.0,0.0
3902745990,0.0,0.0
3904360804,110000.0,120000.0
3905886010,100000.0,120000.0
3901375723,0.0,0.0
3894209637,0.0,0.0
3887571620,30.65,36.06
3887481238,0.0,0.0
3903895551,0.0,0.0
3902752843,0.0,0.0
3902829502,0.0,0.0
3901964001,0.0,0.0
3901389363,55.0,64.0
3905331729,19.0,20.0
3901949243,0.0,0.0
3887874058,0.0,0.0
3905368977,0.0,0.0
3895493250,0.0,0.0
3903839896,0.0,0.0
3901943820,0.0,0.0
3887892743,0.0,0.0
3905374607,0.0,0.0
3887497192,0.0,0.0
3888023908,0.0,0.0
3890891669,0.0,0.0
3906233463,0.0,0.0
3904391813,70000.0,75000.0
3888826127,110000.0,120000.0
3905212062,0.0,0.0
3903826150,0.0,0.0
3903471482,0.0,0.0
3905257317,0.0,0.0
3905334285,85000.0,120750.0
3902848392,282100.0,536000.0
3903810129,0.0,0.0
3902318513,0.0,0.0
3905866143,70000.0,100000.0
3901647782,0.0,0.0
3891083189,100000.0,130000.0
3894978520,117488.0,136073.59
3904077558,0.0,0.0
3900961201,0.0,0.0
3895202218,0.0,0.0
3905364619,0.0,0.0
3902750307,75000.0,110000.0
3901935752,25.0,35.0
3905394542,18.0,22.0
3900943626,96000.0,104400.0
3901352391,500.0,15000.0
3895221495,0.0,0.0
3904512019,85000.0,115000.0
3884834581,0.0,0.0
3902318822,90800.0,136175.0
3885850622,15.72,23.58
3895273662,0.0,0.0
3902790165,0.0,0.0
3884922027,0.0,0.0
3904724157,0.0,0.0
3884432550,18.0,21.0
3901942610,0.0,0.0
3889154249,0.0,0.0
3902316722,0.0,0.0
3895489514,250000.0,300000.0
3905373498,0.0,0.0
3901693968,0.0,0.0
3891270932,135000.0,175000.0
3902314481,0.0,0.0
3903871938,0.0,0.0
3905684688,66206.0,114000.0
3905262622,0.0,0.0
3904386116,0.0,0.0
3888935676,0.0,0.0
3904713779,29.0,33.0
3905868994,0.0,0.0
3906230384,0.0,0.0
3905622774,2855.0,2855.0
3901948239,0.0,0.0
3905674200,34.0,36.0
3905816560,0.0,0.0
3905284746,0.0,0.0
3901629888,0.0,0.0
3904515350,0.0,0.0
3904993533,0.0,0.0
3903448200,0.0,0.0
3903838435,0.0,0.0
3887720337,0.0,0.0
3905695654,0.0,0.0
3898162775,130000.0,150000.0
3885804788,0.0,0.0
3901355164,0.0,0.0
3903844138,0.0,0.0
3898172325,0.0,0.0
3884830867,0.0,0.0
3905304452,0.0,0.0
3901371251,0.0,0.0
3903830273,0.0,0.0
3891267806,0.0,0.0
3891076396,70000.0,83000.0
3905330366,70000.0,110000.0
3901344586,0.0,0.0
3885823703,0.0,0.0
3902841738,92500.0,155000.0
3885826623,18.0,24.0
3884942293,120000.0,145000.0
3894584027,33.0,54.02
3889752586,0.0,0.0
3888826254,0.0,0.0
3901473971,0.0,0.0
3904430034,0.0,0.0
3887852697,80000.0,100000.0
3902738639,0.0,0.0
3904962541,0.0,0.0
3906237214,0.0,0.0
3904055398,12.6,17.58
3904429053,0.0,0.0
3894547269,0.0,0.0
3901966459,0.0,0.0
3902926933,0.0,0.0
3904944114,0.0,0.0
3898176417,0.0,0.0
3887707913,0.0,0.0
3904724202,135000.0,175000.0
3904956667,0.0,0.0
3905625542,37.0,52.0
3886896776,0.0,0.0
3887868788,0.0,0.0
3905290097,0.0,0.0
3902319883,0.0,0.0
3905200082,0.0,0.0
3905801073,0.0,0.0
3901356606,50.0,60.0
3905237837,0.0,0.0
3901350351,0.0,0.0
3901644243,0.0,0.0
3901944226,0.0,0.0
3906224350,55.0,60.0
3895209965,140000.0,180000.0
3905657491,0.0,0.0
3902833681,0.0,0.0
3884846843,170000.0,335000.0
3905345759,0.0,0.0
3904385533,19.6,23.09
3905657944,130000.0,150000.0
3905374034,0.0,0.0
3902866208,0.0,0.0
3894286516,80000.0,100000.0
3905839943,0.0,0.0
3905254305,55000.0,58000.0
3902878413,0.0,0.0
3901682203,0.0,0.0
3884936212,15.0,17.68
3901372262,0.0,0.0
3902829720,0.0,0.0
3888028893,0.0,0.0
3886478600,0.0,0.0
3901395383,75.0,101000.0
3904567128,0.0,0.0
3904379995,0.0,0.0
3901363186,0.0,0.0
3905300826,0.0,0.0
3905615118,0.0,0.0
3895202118,80000.0,110000.0
3904956957,15.0,16.25
3884856205,152000.0,228000.0
3891252203,0.0,0.0
3904573454,115000.0,130000.0
3898156552,0.0,0.0
3886450784,90000.0,110000.0
3903843110,0.0,0.0
3905392891,0.0,0.0
3903458148,0.0,0.0
3889285441,0.0,0.0
3884896591,0.0,0.0
3901374540,0.0,0.0
3906074343,0.0,0.0
3905339132,0.0,0.0
3904389487,24.03,26.44
3905298835,0.0,0.0
3904921710,0.0,0.0
3901989883,0.0,0.0
3903471376,0.0,0.0
3884432321,0.0,0.0
3895851152,0.0,0.0
3905370948,17.2,17.9
3898172247,0.0,0.0
3884431494,0.0,0.0
3905861098,0.0,0.0
3904374180,0.0,0.0
3905374580,0.0,0.0
3895556601,0.0,0.0
3902757811,250000.0,275000.0
3905851380,0.0,0.0
3901690160,0.0,0.0
3906258314,0.0,0.0
3885112280,0.0,0.0
3902919690,85000.0,95000.0
3891082052,0.0,0.0
3886486582,0.0,0.0
3906092667,0.0,0.0
3901672189,0.0,0.0
3898159502,50000.0,70000.0
3902758574,0.0,0.0
3856243244,0.0,0.0
3887496603,0.0,0.0
3906225770,0.0,0.0
3895492266,85000.0,95000.0
3904965886,0.0,0.0
3902336542,0.0,0.0
3904726371,225000.0,260000.0
3894213026,0.0,0.0
3904396368,27.73,41.59
3898159400,125000.0,135000.0
3888948705,0.0,0.0
3906230312,0.0,0.0
3904723709,0.0,0.0
3905876323,0.0,0.0
3904928628,0.0,0.0
3904952606,0.0,0.0
3887708952,0.0,0.0
3884923050,0.0,0.0
3906092802,0.0,0.0
3898172434,0.0,0.0
3901396068,0.0,0.0
3902833659,40.0,45.0
3899934194,180000.0,250000.0
3895536273,0.0,0.0
3901938742,0.0,0.0
3894400226,0.0,0.0
3901940967,0.0,0.0
3888023952,0.0,0.0
3905847730,69400.0,86800.0
3903879836,65000.0,101000.0
3900941792,0.0,0.0
3903810645,0.0,0.0
3894284788,0.0,0.0
3902737779,0.0,0.0
3904991177,0.0,0.0
3902836833,167325.0,278875.0
3889700771,0.0,0.0
3901696570,0.0,0.0
3903825848,0.0,0.0
3885100797,0.0,0.0
3891266979,0.0,0.0
3904098526,0.0,0.0
3901169582,0.0,0.0
3905269963,0.0,0.0
3905306704,0.0,0.0
3901368207,0.0,0.0
3884837128,0.0,0.0
3901939884,0.0,0.0
3904418982,33.08,55.13
3905307848,0.0,0.0
3902743958,0.0,0.0
3901465075,0.0,0.0
3901660970,19.63,30.99
3902352145,0.0,0.0
3888938733,63250.0,94000.0
3888975615,100000.0,115000.0
3900941723,0.0,0.0
3898160959,0.0,0.0
3905290159,0.0,0.0
3898178206,125000.0,160000.0
3906249690,192300.0,250000.0
3905693880,0.0,0.0
3902914328,0.0,0.0
3904721893,0.0,0.0
3904388040,0.0,0.0
3894287450,0.0,0.0
3906251233,0.0,0.0
3902750384,17.25,19.4
3904706231,80000.0,100000.0
3906094093,52000.0,57749.0
3900978838,0.0,0.0
3901672165,0.0,0.0
3888979079,0.0,0.0
3901986300,135000.0,300000.0
3885853857,0.0,0.0
3905339034,0.0,0.0
3889716760,0.0,0.0
3887857459,0.0,0.0
3894561533,16.25,17.75
3905878393,0.0,0.0
3902936931,0.0,0.0
3905248890,0.0,0.0
3903897989,0.0,0.0
3894875325,123740.0,296980.0
3901937716,0.0,0.0
3900088467,0.0,0.0
3901996000,0.0,0.0
3905297895,100000.0,110000.0
3899537466,0.0,0.0
3904728642,0.0,0.0
3887582011,42400.0,115900.0
3902875176,65000.0,98000.0
3904723988,0.0,0.0
3902876846,0.0,0.0
3884851532,0.0,0.0
3904724687,62000.0,65000.0
3902354845,0.0,0.0
3904366302,80000.0,80000.0
3895801271,0.0,0.0
3904368605,0.0,0.0
3903876087,0.0,0.0
3902779936,0.0,0.0
3904422530,0.0,0.0
3904509918,0.0,0.0
3904367091,0.0,0.0
3895212031,90000.0,100000.0
3891281763,75590.0,123220.0
3906260682,0.0,0.0
3900954831,0.0,0.0
3904420320,0.0,0.0
3887490752,160000.0,240000.0
3898157552,165000.0,183000.0
3887905897,0.0,0.0
3900956959,0.0,0.0
3901952937,0.0,0.0
3904507836,0.0,0.0
3906096222,0.0,0.0
3903427732,0.0,0.0
3884875819,0.0,0.0
3905689671,0.0,0.0
3904385871,0.0,0.0
3901979599,20.0,21.0
3887859678,0.0,0.0
3901647420,42898.0,79358.0
3900946060,25.0,38.0
3905204516,0.0,0.0
3905288182,0.0,0.0
3901344640,0.0,0.0
3904390397,0.0,0.0
3905270262,15.76,17.63
3887836932,0.0,0.0
3894560872,0.0,0.0
3900951626,48.82,64.44
3901395281,0.0,0.0
3905664141,0.0,0.0
3905335512,0.0,0.0
3902806971,16.0,28.47
3904997454,0.0,0.0
3894580402,0.0,0.0
3901363947,0.0,0.0
3906252317,0.0,0.0
3887584684,0.0,0.0
3889412428,0.0,0.0
3895596607,0.0,0.0
3894897018,45000.0,55000.0
3894208022,35000.0,85000.0
3904922808,0.0,0.0
3906093878,0.0,0.0
3905656028,0.0,0.0
3902325150,0.0,0.0
3889586525,0.0,0.0
3905264980,0.0,0.0
3905297549,0.0,0.0
3903811259,90000.0,142500.0
3894286598,23.02,25.58
3902861514,0.0,0.0
3887700540,35.0,45.0
3902956145,100000.0,130000.0
3905816984,50000.0,400000.0
3904432273,0.0,0.0
3901674523,0.0,0.0
3894994008,0.0,0.0
3885853980,0.0,0.0
3900967005,54000.0,76000.0
3901958239,0.0,0.0
3884925610,0.0,0.0
3888010001,17.0,22.56
3906229131,150000.0,200000.0
3903879068,0.0,0.0
3903450023,0.0,0.0
3901680220,0.0,0.0
3895510266,0.0,0.0
3904361526,0.0,0.0
3902809929,0.0,0.0
3894567095,0.0,0.0
3885813230,0.0,0.0
3889288237,0.0,0.0
3884437152,110000.0,130000.0
3894613440,0.0,0.0
3906257372,0.0,0.0
3902940581,0.0,0.0
3904948869,0.0,0.0
3905225936,110000.0,120000.0
3903461297,0.0,0.0
3887719163,0.0,0.0
3903469840,0.0,0.0
3885103239,0.0,0.0
3903818218,0.0,0.0
3889733287,170000.0,200000.0
3884436896,0.0,0.0
3902772892,0.0,0.0
3904506036,0.0,0.0
3901985586,0.0,0.0
3902814753,23.0,30.0
3884899750,0.0,0.0
3901674724,0.0,0.0
3888489238,0.0,0.0
3906263017,0.0,0.0
3904950307,53.33,83.33
3904941284,0.0,0.0
3884921208,0.0,0.0
3885864385,0.0,0.0
3900953690,43.0,48.0
3895557576,60.0,70.0
3903473443,0.0,0.0
3891069283,45000.0,50000.0
3902353485,58000.0,62000.0
3887578044,0.0,0.0
3886482407,0.0,0.0
3899528363,0.0,0.0
3905663050,110000.0,147000.0
3902735798,0.0,0.0
3895487880,0.0,0.0
3901688054,36154.98,52424.0
3905302521,0.0,0.0
3894550752,0.0,0.0
3901375677,18.0,19.0
3904428739,0.0,0.0
3899531746,0.0,0.0
3902347953,0.0,0.0
3894293970,0.0,0.0
3894902801,0.0,0.0
3884927854,0.0,0.0
3901983483,0.0,0.0
3884920409,0.0,0.0
3902811232,260000.0,330000.0
3906095952,235000.0,315000.0
3901167724,90000.0,115000.0
3906253837,0.0,0.0
3906090888,0.0,0.0
3899516980,0.0,0.0
3902741399,0.0,0.0
3905201339,0.0,0.0
3894296607,0.0,0.0
3905375181,0.0,0.0
3903479141,0.0,0.0
3902867178,0.0,0.0
3905300191,0.0,0.0
3899512916,0.0,0.0
3902355237,0.0,0.0
3850259262,0.0,0.0
3905828614,0.0,0.0
3901390894,0.0,0.0
3906253811,0.0,0.0
3904987239,0.0,0.0
3901377229,19.0,21.0
3905378714,0.0,0.0
3905253275,0.0,0.0
3886213451,0.0,0.0
3905854361,0.0,0.0
3905285772,0.0,0.0
3887916032,101200.0,137000.0
3904366303,0.0,0.0
3891010220,0.0,0.0
3884823612,0.0,0.0
3894898325,0.0,0.0
3901377450,0.0,0.0
3887890745,111100.0,237100.0
3902835373,75000.0,95000.0
3904387419,0.0,0.0
3887886811,0.0,0.0
3903466816,0.0,0.0
3884928463,0.0,0.0
3900074788,70000.0,75000.0
3904970455,25.0,25.0
3889116099,0.0,0.0
3901698044,0.0,0.0
3889104206,0.0,0.0
3906225670,115000.0,165000.0
3906097564,33.0,33.0
3901673425,65000.0,85000.0
3903887784,0.0,0.0
3891011858,0.0,0.0
3904724401,0.0,0.0
3905849843,30.0,40.0
3904705390,0.0,0.0
3906227300,0.0,0.0
3901936740,98500.0,165500.0
3902755923,0.0,0.0
3902831702,0.0,0.0
3904730170,0.0,0.0
3894402137,22.3,33.5
3902740426,0.0,0.0
3889416410,0.0,0.0
3900951137,0.0,0.0
3904567515,70000.0,90000.0
3903848064,0.0,0.0
3904372043,0.0,0.0
3905838010,0.0,0.0
3885820636,0.0,0.0
3888953086,0.0,0.0
3889750599,0.0,0.0
3901995156,65.0,80.0
3888027197,0.0,0.0
3888959290,0.0,0.0
3887478823,0.0,0.0
3888998892,0.0,0.0
3888027196,0.0,0.0
3906262053,0.0,0.0
3901379236,0.0,0.0
3904368542,54.0,64.0
3906225822,0.0,0.0
3901683864,70000.0,90000.0
3904422886,0.0,0.0
3898160407,0.0,0.0
3906247358,100000.0,120000.0
3904363305,0.0,0.0
3902738281,0.0,0.0
3905818466,0.0,0.0
3905336567,22.0,24.79
3894903399,0.0,0.0
3904357994,60000.0,65000.0
3895556805,0.0,0.0
3906244923,0.0,0.0
3900946950,0.0,0.0
3901454540,0.0,0.0
3884810267,17.0,22.0
3900080547,0.0,0.0
3898155753,0.0,0.0
3894887819,0.0,0.0
3904076556,16.0,20.0
3895807514,0.0,0.0
3903477581,140000.0,170000.0
3895537804,0.0,0.0
3895211852,0.0,0.0
3903830935,40.0,40.0
3901675872,0.0,0.0
3904391411,0.0,0.0
3906256424,26.0,28.0
3886469666,0.0,0.0
3901948065,0.0,0.0
3898165862,0.0,0.0
3906252519,18.5,19.48
3901354551,90000.0,105000.0
3887707650,0.0,0.0
3902363430,0.0,0.0
3903878661,0.0,0.0
3905308632,0.0,0.0
3902785641,0.0,0.0
3894998233,0.0,0.0
3901179226,0.0,0.0
3900944127,0.0,0.0
3904389475,0.0,0.0
3899542238,38.0,52.0
3885113236,0.0,0.0
3884918547,0.0,0.0
3906253919,84000.0,97000.0
3901978651,110000.0,150000.0
3900964194,28.0,37.68
3888967226,0.0,0.0
3894918887,0.0,0.0
3903826260,0.0,0.0
3887498280,0.0,0.0
3902811257,200000.0,235000.0
3902751646,0.0,0.0
3901615603,0.0,0.0
3889294457,0.0,0.0
3774103540,0.0,0.0
3905869928,0.0,0.0
3891095195,73032.0,91290.0
3888495691,0.0,0.0
3900981757,0.0,0.0
3889116278,0.0,0.0
3900082230,0.0,0.0
3899525340,0.0,0.0
3888027143,0.0,0.0
3904958509,50000.0,60000.0
3901682398,85000.0,90000.0
3906071607,0.0,0.0
3905658782,0.0,0.0
3906260046,0.0,0.0
3905627302,2761.0,2761.0
3899539684,90000.0,130000.0
3889166026,0.0,0.0
3888976407,0.0,0.0
3905880567,0.0,0.0
3889708997,89100.0,148500.0
3906251130,45.0,50.0
3904924559,0.0,0.0
3904431344,0.0,0.0
1014822088,70000.0,80000.0
3904930964,0.0,0.0
3888977402,0.0,0.0
3904714725,64700.0,110500.0
3901957995,0.0,0.0
3903824603,0.0,0.0
3901670521,0.0,0.0
3898170618,0.0,0.0
3894208291,0.0,0.0
3890892501,0.0,0.0
3895244760,0.0,0.0
3901353652,0.0,0.0
3895800451,0.0,0.0
3898175685,0.0,0.0
3884874426,0.0,0.0
3902839987,37.0,42.5
3905333109,69700.0,123800.0
3902879712,120000.0,140000.0
3888027150,0.0,0.0
3905307202,0.0,0.0
3900065643,0.0,0.0
3902773678,0.0,0.0
